Workbook

Sheet Read_Me
B1: WDFW Coastal Razor Clam: Consolidated Ingress / Egress (Egress Survey) Data
B2: Compiled 09 July 2026 from every ingress/egress source located in the project file set plus the uploaded Access database Razor_Clam_Ingress.accdb. Every number in this workbook is traceable to a named file and sheet; nothing is estimated except where a sheet is explicitly labelled 'Reconstructed'.
B3: What an egress survey is
B4: Staff are posted at each beach access point from three hours before published low water until two hours after, counting cars on and cars off in 15 minute intervals. The cumulative difference (cars on minus cars off) is the number of cars on the beach at any instant. Dividing that by the total cars on for the whole window gives the '% available for beach count' curve. That curve is the expansion table used to derive the correction factor applied to the roving beach count.
B5: Sheets
B6: File_Manifest ...... every file examined, its content hash, its role, and whether it is a duplicate.
B7: Survey_Inventory ... one row per survey record (44 records covering 27 distinct surveys: 6 Long Beach, 7 Twin Harbors, 6 Copalis, 8 Mocrocks, 0 Kalaloch). Filter use_for_pooling = Yes for a clean, non-duplicated set.
B8: Coverage ........... surveys per beach per year, and per beach per condition. Shows the 2012-2021 blackout and the total absence of Kalaloch.
B9: Survey_Counts ...... the raw 15-minute cars-on / cars-off counts in long format, with live formulas for cumulative counts, cars on beach, and % available.
B10: Pct_Available_Matrix the % available curve for every survey, bins down the rows, surveys across the columns.
B11: Published_Tables ... the eight dated evening expansion tables and the five Master_Tables reference tables, as published.
B12: Table_Provenance ... which surveys compose each published and reference table, and the verification result. All thirteen reproduce exactly from the surveys named.
... B28: This workbook does not re-derive the operational correction factors and does not touch the harvest database. It is a source-of-truth compilation.

Sheet File_Manifest
A1: File | B1: Type | C1: Role | D1: md5 (12) | E1: Size (bytes) | F1: Notes / duplicate of
A2: Razor_Clam_Ingress.accdb | B2: Access database | C2: Primary | D2: ed2fb9d05693 | E2: 2490368 | F2: 20 egress events, 2004-2011, all five beaches in the lookup but Kalaloch has none. Tables: Event Data, Cars On, Cars Off, LUT Beach Name, LUT Sampler. [uploaded]
A3: Ingress_form_April_2004.xlsx | B3: Survey workbook | C3: Primary | D3: 5d010e744dda | E3: 47552 | F3: Five surveys, April 2004: Longbeach South (Seaview), Longbeach North (Oysterville), Twin Harbors, Copalis, Mocrocks. Also blank per-approach field sheets.
A4: EGRESS_MASTER.xlsx | B4: Survey workbook | C4: Duplicate | D4: 54d768612b25 | E4: 53172 | F4: Survey sheets are cell-for-cell identical to Ingress_form_April_2004.xlsx. Adds derived 'Copalis Table' and 'Mocrocks Table'. [= Ingress_form_April_2004.xlsx]
A5: Ingress_form_Nov_2006.xls | B5: Survey workbook | C5: Primary | D5: 11c973a04648 | E5: 38912 | F5: Mocrocks, 04-Nov-2006, evening, poor weather.
A6: 20061104Mockrocks.xls | B6: Survey workbook | C6: Duplicate | D6: 11c973a04648 | E6: 38912 | F6: Byte-identical to Ingress_form_Nov_2006.xls. [md5 11c973a04648]
A7: Ingress_form_November_13_2008.xls | B7: Survey workbook | C7: Primary | D7: 9844d0b89276 | E7: 59392 | F7: Copalis and Mocrocks, 13-Nov-2008, evening (low water 1h44m after sunset).
A8: 2008113MocrocksCopalis.xls | B8: Survey workbook | C8: Duplicate | D8: 9f00d5673476 | E8: 59392 | F8: Cell-for-cell identical to Ingress_form_November_13_2008.xls (different byte stream).
A9: Ingress__Copalis__April_02_2022.xlsx | B9: Survey workbook | C9: Primary | D9: 895dde5a36d9 | E9: 27388 | F9: Copalis, Ocean City North approach, 02-Apr-2022.
A10: Ingress__Mocrocks__April_03_2022.xlsx | B10: Survey workbook | C10: Primary | D10: e2d351b1ab45 | E10: 24952 | F10: Mocrocks, Roosevelt App. South, 03-Apr-2022.
A11: Ingress__Copalis__April_24_2023.xlsx | B11: Survey workbook | C11: Primary | D11: 354335c3c28e | E11: 26209 | F11: Copalis, Ocean City North approach, 24-Apr-2023.
A12: Ingress__Mocrocks__April_25_2023.xlsx | B12: Survey workbook | C12: Primary | D12: e90675cd713a | E12: 24969 | F12: Mocrocks, Roosevelt App. South, 25-Apr-2023.
A13: lb98s.xlsx | B13: Legacy summary | C13: Primary | D13: c8448a873688 | E13: 11162 | F13: Long Beach, Oysterville NORTH ONLY, 27-Mar-1998. Quattro Pro conversion.
... A36: AM_vs_PM_tides.xls | B36: Not ingress data | C36: Excluded | D36: 729488f4fa58 | E36: 14848 | F36: Days open on AM vs PM tides by season, 1998-2002. No car counts.

Sheet Survey_Inventory
A1: survey_key | B1: beach | C1: approach / sub-beach | D1: date | E1: day | F1: condition | G1: tide_time | H1: tide_ft | I1: sampler(s) | J1: weather | K1: wind | L1: surf | M1: window_first_bin | N1: window_last_bin | O1: n_bins | P1: total_cars_on | Q1: total_cars_off | R1: cars_left_in_area | S1: implied_discrepancy | T1: peak_pct_available | U1: peak_bin | V1: use_for_pooling | W1: reason_excluded | X1: source_type | Y1: source_file | Z1: source_sheet | AA1: notes | AB1: qc_flag
A2: DB-18 | B2: Copalis | C2: (not recorded) | D2: 38100 | E2: Friday | F2: Daylight | G2: 09:43 | H2: -0.3 | I2: Terry Wilson | J2: Overcast, with showers | K2: SW, 5 - 15 | L2: Low+ | M2: Prior to start | N2: 1:00 - 1:15 | O2: 18 | P2: 374 | Q2: 368 | R2: 12 | S2: =P2-Q2-R2 -> -6 | T2: 0.54545455 | U2: 1:15 - 1:00 | V2: No | W2: Superseded by WB-COP-2004-04-23 (same survey, primary source) | X2: Access DB | Y2: Razor_Clam_Ingress.accdb | Z2: Event Data ID=18
A3: WB-COP-2004-04-23 | B3: Copalis | C3: Ocean City Approach | D3: 38100 | E3: Friday | F3: Daylight | G3: 09:43 | H3: -0.3 | I3: T. Wilson | J3: Overcast with showers | K3: SW 5-15 mph | L3: Low+ | M3: Prior to start | N3: 1:00 - 1:15 | O3: 18 | P3: 374 | Q3: 368 | R3: 12 | S3: =P3-Q3-R3 -> -6 | T3: 0.54545455 | U3: 1:15 - 1:00 | V3: Yes | X3: Survey workbook | Y3: Ingress_form_April_2004.xlsx (=EGRESS_MASTER.xlsx) | Z3: Copalis
A4: DB-17 | B4: Copalis | C4: (not recorded) | D4: 39765 | E4: Thursday | F4: Evening | G4: 18:27 | H4: -1.6 | I4: Clayton Parson | J4: Clear skies, no rain | K4: SW, 0 - 5 | L4: High | M4: Prior to start | N4: 0:45 - 1:00 | O4: 17 | P4: 231 | Q4: 223 | R4: 10 | S4: =P4-Q4-R4 -> -2 | T4: 0.35064935 | U4: 2:00 - 1:45 | V4: No | W4: Superseded by WB-COP-2008-11-13 (same survey, primary source) | X4: Access DB | Y4: Razor_Clam_Ingress.accdb | Z4: Event Data ID=17
A5: WB-COP-2008-11-13 | B5: Copalis | C5: Ocean City Approach | D5: 39765 | E5: Thursday | F5: Evening | G5: 18:27 | H5: -1.6 | I5: C. Parson | J5: Clear skies, no rain. Sunset 4:43 PM | K5: SW 0-5 mph | L5: High | M5: Prior to start | N5: 0:45 - 1:00 | O5: 17 | P5: 231 | Q5: 223 | R5: 10 | S5: =P5-Q5-R5 -> -2 | T5: 0.35064935 | U5: 2:00 - 1:45 | V5: Yes | X5: Survey workbook | Y5: Ingress_form_November_13_2008.xls (=2008113MocrocksCopalis.xls) | Z5: Copalis
A6: DB-20 | B6: Copalis | C6: (not recorded) | D6: 40459 | E6: Friday | F6: Evening | G6: 19:42 | H6: -1.4 | I6: John Deibert | J6: Overcast with occasional sunbreaks | K6: S, 5 - 15 | L6: Moderate, 6 - 8 ft. | M6: Prior to start | N6: 0:45 - 1:00 | O6: 19 | P6: 486 | Q6: 447 | R6: 57 | S6: =P6-Q6-R6 -> -18 | T6: 0.57407407 | U6: 1:45 - 1:30 | V6: Yes | X6: Access DB | Y6: Razor_Clam_Ingress.accdb | Z6: Event Data ID=20
A7: DB-19 | B7: Copalis | C7: (not recorded) | D7: 40655 | E7: Friday | F7: Daylight | G7: 10:33 | H7: -0.8 | I7: Travis Haring | M7: Prior to start | N7: 0:45 - 1:00 | O7: 17 | P7: 393 | Q7: 336 | R7: 60 | S7: =P7-Q7-R7 -> -3 | T7: 0.66157761 | U7: 1:00 - 0:45 | V7: Yes | X7: Access DB | Y7: Razor_Clam_Ingress.accdb | Z7: Event Data ID=19
A8: WB-COP-2022-04-02 | B8: Copalis | C8: Ocean City North | D8: 44653 | E8: Saturday | F8: Daylight | G8: 08:07 | H8: 0 | I8: Blumenthal | J8: Sunrise 6:51 AM | M8: Prior to start | N8: 0:45 - 1:00 | O8: 17 | P8: 426 | Q8: 301 | R8: 132 | S8: =P8-Q8-R8 -> -7 | T8: 0.68779343 | U8: 0:45 - 0:30 | V8: Yes | X8: Survey workbook | Y8: Ingress__Copalis__April_02_2022.xlsx | Z8: Calculation Sheet
A9: WB-COP-2023-04-24 | B9: Copalis | C9: Ocean City North | D9: 45040 | E9: Monday | F9: Daylight | G9: 10:14 | H9: -0.4 | I9: BB / TZ / CF | J9: Sunrise 6:13 AM | M9: Prior to start | N9: 0:45 - 1:00 | O9: 17 | P9: 212 | Q9: 171 | R9: 51 | S9: =P9-Q9-R9 -> -10 | T9: 0.81132075 | U9: 0:45 - 0:30 | V9: Yes | X9: Survey workbook | Y9: Ingress__Copalis__April_24_2023.xlsx | Z9: Calculation Sheet
A10: WB-LB-1990-05-11 | B10: Longbeach | C10: Oysterville approach, NORTH ONLY | D10: 33004 | E10: Friday | F10: Evening | G10: 17:57 | H10: -0.2 | M10: Prior to start | N10: 1:30 - 1:45 | O10: 19 | P10: 2344 | Q10: 2258 | R10: 93 | S10: =P10-Q10-R10 -> -7 | T10: 0.76663823 | U10: 0:45 - 0:30 | V10: No | W10: Counts identical to WB-LB-1998-03-27; date conflict unresolved | X10: Survey workbook (legacy) | Y10: 19900511longbeachnorthonly.xlsx | Z10: Sheet1 | AA10: Counts are identical to lb98s.xlsx (27-MAR-1998). One of the two dates is wrong. DO NOT POOL BOTH. | AB10: Counts byte-identical to lb98s.xlsx (27-MAR-1998). Exactly one of the two dates is correct.
A11: WB-LB-1998-03-27 | B11: Longbeach | C11: Oysterville approach, NORTH ONLY | D11: 35881 | E11: Friday | F11: Evening | G11: 17:57 | H11: -0.2 | J11: Mod-high surf; showers; partly cloudy; SW wind 0-5 mph; cold | K11: SW 0-5 mph | L11: Mod-high | M11: Prior to start | N11: 1:30 - 1:45 | O11: 19 | P11: 2344 | Q11: 2258 | R11: 93 | S11: =P11-Q11-R11 -> -7 | T11: 0.76663823 | U11: 0:45 - 0:30 | V11: Yes | X11: Survey workbook (legacy) | Y11: lb98s.xlsx | Z11: Sheet1 | AA11: Majority of effort was north of the Oysterville approach this season. Byte-identical counts appear in 19900511longbeachnorthonly.xlsx dated 11-MAY-90. | AB11: '% avail' in source divides by accumulated cars-on at the 0:45-1:00 row (2333), not the window total (2344).
A12: DB-08 | B12: Longbeach | C12: (not recorded) | D12: 38099 | E12: Thursday | F12: Daylight | G12: 09:06 | H12: -0.5 | I12: Polo Sanchez | M12: Prior to start | N12: 0:45 - 1:00 | O12: 17 | P12: 929 | Q12: 865 | R12: 62 | S12: =P12-Q12-R12 -> 2 | T12: 0.5780409 | U12: 1:30 - 1:15 | V12: No | W12: Superseded by WB-LB-2004-04-22 (same survey, primary source) | X12: Access DB | Y12: Razor_Clam_Ingress.accdb | Z12: Event Data ID=8
A13: WB-LB-2004-04-22 | B13: Longbeach | C13: Oysterville Approach, north to Leadbetter Point | D13: 38099 | E13: Thursday | F13: Daylight | G13: 09:06 | H13: -0.5 | I13: Sanchez | M13: Prior to start | N13: 0:45 - 1:00 | O13: 17 | P13: 929 | Q13: 865 | R13: 62 | S13: =P13-Q13-R13 -> 2 | T13: 0.5780409 | U13: 1:30 - 1:15 | V13: Yes | X13: Survey workbook | Y13: Ingress_form_April_2004.xlsx (=EGRESS_MASTER.xlsx) | Z13: Longbeach - North
A14: DB-06 | B14: Longbeach | C14: (not recorded) | D14: 38100 | E14: Friday | F14: Daylight | G14: 09:43 | H14: -0.3 | I14: John Deibert | M14: Prior to start | N14: 1:30 - 1:45 | O14: 21 | P14: 85 | Q14: 79 | R14: 3 | S14: =P14-Q14-R14 -> 3 | T14: 0.37647059 | U14: 0:45 - 0:30 | V14: No | W14: Superseded by WB-LB-2004-04-23 (same survey, primary source) | X14: Access DB | Y14: Razor_Clam_Ingress.accdb | Z14: Event Data ID=6 | AB14: Prior-to-start value (3) entered twice: once in 'Prior to start' and once in '3:15 - 3:00'. Inflates total cars-on 82 -> 85 (+3.7%).
A15: WB-LB-2004-04-23 | B15: Longbeach | C15: Seaview Approach, south to Beard's Hollow | D15: 38100 | E15: Friday | F15: Daylight | G15: 09:43 | H15: -0.3 | I15: Deibert | M15: Prior to start | N15: 1:30 - 1:45 | O15: 20 | P15: 82 | Q15: 79 | R15: 3 | S15: =P15-Q15-R15 -> 0 | T15: 0.35365854 | U15: 0:45 - 0:30 | V15: Yes | X15: Survey workbook | Y15: Ingress_form_April_2004.xlsx (=EGRESS_MASTER.xlsx) | Z15: Longbeach - South
A16: DB-09 | B16: Longbeach | C16: (not recorded) | D16: 39823 | E16: Saturday | F16: Evening | G16: 17:58 | H16: -1.1 | I16: Alan Sarich | J16: Light to Heavy rain | K16: S, 5 mph increasing to 30 mph by 7:00 pm | M16: Prior to start | N16: 1:00 - 1:15 | O16: 20 | P16: 972 | Q16: 956 | R16: 14 | S16: =P16-Q16-R16 -> 2 | T16: 0.74794239 | U16: 1:45 - 1:30 | V16: Yes | X16: Access DB | Y16: Razor_Clam_Ingress.accdb | Z16: Event Data ID=9
A17: DB-07 | B17: Longbeach | C17: (not recorded) | D17: 40564 | E17: Friday | F17: Evening | G17: 19:38 | H17: -1.1 | I17: John Deibert | J17: Overcast, Occasional drizzle | K17: S, 0 - 5 | L17: Moderate | M17: Prior to start | N17: 0:45 - 1:00 | O17: 19 | P17: 280 | Q17: 261 | R17: 25 | S17: =P17-Q17-R17 -> -6 | T17: 0.61785714 | U17: 1:30 - 1:15 | V17: Yes | X17: Access DB | Y17: Razor_Clam_Ingress.accdb | Z17: Event Data ID=7
A18: DB-10 | B18: Longbeach | C18: (not recorded) | D18: 40652 | E18: Tuesday | F18: Daylight | G18: 08:07 | H18: -1.8 | I18: John Deibert | J18: Partly cloudy with occasional showers | K18: 5 - 15 | L18: Low | M18: Prior to start | N18: 0:45 - 1:00 | O18: 19 | P18: 503 | Q18: 492 | R18: 13 | S18: =P18-Q18-R18 -> -2 | T18: 0.57057654 | U18: 1:15 - 1:00 | V18: Yes | X18: Access DB | Y18: Razor_Clam_Ingress.accdb | Z18: Event Data ID=10
A19: WB-MOC-1998-04-01 | B19: Mocrocks | C19: Moclips + Trestle + Roosevelt (3 approaches combined) | D19: 35886 | E19: Wednesday | F19: Daylight | G19: 08:42 (header) / 09:39 implied by bins | H19: -0.5 | J19: Low-mod surf; clear, no wind | K19: None | L19: Low-mod | M19: Prior to start | N19: 1:00 - 1:15 | O19: 14 | P19: 1732 | Q19: 1417 | R19: 303 | S19: =P19-Q19-R19 -> 12 | T19: 0.70842956 | U19: 1:00 - 0:45 | V19: Yes | X19: Survey workbook (legacy) | Y19: moc98s.xlsx | Z19: summary | AA19: Header tide time (0842) is inconsistent with the actual-time bins, which imply low water at 0939. Avg catch 14.4; 2.31 people/car. THIS SURVEY IS THE SOURCE OF THE 'KALALOCH' TABLE. | AB19: Header tide time 0842 is inconsistent with the bin labels, which imply low water ~0939. THIS SURVEY IS THE SOLE SOURCE OF THE 'KALALOCH DAYLIGHT TABLE'.
A20: WB-MOC-1998-04-01-MOCLIPS | B20: Mocrocks | C20: MOCLIPS | D20: 35886 | E20: Wednesday | F20: Daylight | G20: 08:42 | H20: -0.5 | M20: Prior to start | N20: 0:30 - 0:45 | O20: 12 | P20: 74 | Q20: 67 | S20: =P20-Q20-R20 -> 7 | T20: 0.59459459 | U20: 0:45 - 0:30 | V20: No | W20: Component approach of the same-day summary survey | X20: Survey workbook (legacy, per-approach) | Y20: moc98s.xlsx | Z20: MOCLIPS | AA20: Component approach of the same-day summary survey. Do not pool with the summary. | AB20: Prior-to-start cars-on under-recorded on the approach sheets; 15-minute bins reconcile exactly to the summary. On-beach goes negative in some bins.
A21: WB-MOC-1998-04-01-ROOSEVELT | B21: Mocrocks | C21: ROOSEVELT | D21: 35886 | E21: Wednesday | F21: Daylight | G21: 08:42 | H21: -0.5 | M21: Prior to start | N21: 0:45 - 1:00 | O21: 13 | P21: 909 | Q21: 1089 | S21: =P21-Q21-R21 -> -180 | T21: 0.60176018 | U21: 1:15 - 1:00 | V21: No | W21: Component approach of the same-day summary survey | X21: Survey workbook (legacy, per-approach) | Y21: moc98s.xlsx | Z21: ROOSEVELT | AA21: Component approach of the same-day summary survey. Do not pool with the summary. | AB21: Prior-to-start cars-on under-recorded on the approach sheets; 15-minute bins reconcile exactly to the summary. On-beach goes negative in some bins.
A22: WB-MOC-1998-04-01-TRESTLE | B22: Mocrocks | C22: TRESTLE | D22: 35886 | E22: Wednesday | F22: Daylight | G22: 08:42 | H22: -0.5 | M22: Prior to start | N22: 0:45 - 1:00 | O22: 13 | P22: 262 | Q22: 261 | S22: =P22-Q22-R22 -> 1 | T22: 0.58396947 | U22: 1:00 - 0:45 | V22: No | W22: Component approach of the same-day summary survey | X22: Survey workbook (legacy, per-approach) | Y22: moc98s.xlsx | Z22: TRESTLE | AA22: Component approach of the same-day summary survey. Do not pool with the summary. | AB22: Prior-to-start cars-on under-recorded on the approach sheets; 15-minute bins reconcile exactly to the summary. On-beach goes negative in some bins.
A23: DB-01 | B23: Mocrocks | C23: (not recorded) | D23: 38101 | E23: Saturday | F23: Daylight | G23: 10:22 | H23: 0 | J23: Clear skies and sunny. Cold early but very warm later. | K23: West. 0 - 5 | L23: Low. 4 ft. | M23: 3:15 - 3:00 | N23: 0:45 - 1:00 | O23: 17 | P23: 707 | Q23: 562 | R23: 137 | S23: =P23-Q23-R23 -> 8 | T23: 0.62942008 | U23: 1:30 - 1:15 | V23: No | W23: Superseded by WB-MOC-2004-04-24 (same survey, primary source) | X23: Access DB | Y23: Razor_Clam_Ingress.accdb | Z23: Event Data ID=1 | AA23: Stopped the count because most people left were no longer clam digging. They were staying on the beach having picnics and flying kites. | AB23: Prior-to-start (39 cars on) stored in the '3:15 - 3:00' column. Workbook is authoritative.
A24: WB-MOC-2004-04-24 | B24: Mocrocks | C24: Roosevelt Beach Approach | D24: 38101 | E24: Saturday | F24: Daylight | G24: 10:22 | H24: 0 | I24: J. Deibert | J24: Clear, sunny; cold early, warm later | K24: W 0-5 mph | L24: Low, ~4 ft | M24: Prior to start | N24: 0:45 - 1:00 | O24: 17 | P24: 707 | Q24: 562 | R24: 137 | S24: =P24-Q24-R24 -> 8 | T24: 0.62942008 | U24: 1:30 - 1:15 | V24: Yes | X24: Survey workbook | Y24: Ingress_form_April_2004.xlsx (=EGRESS_MASTER.xlsx) | Z24: Mocrocks | AA24: Count stopped early: remaining people were picnicking / kite flying, not digging.
A25: DB-02 | B25: Mocrocks | C25: (not recorded) | D25: 39025 | E25: Saturday | F25: Evening | G25: 17:23 | H25: -1.1 | J25: Rain hard at times. Break in weather at 2:37 pm. Partly cloudy | K25: SW 5 - 20 | L25: High | M25: 3:15 - 3:00 | N25: 0:45 - 1:00 | O25: 17 | P25: 259 | Q25: 251 | R25: 21 | S25: =P25-Q25-R25 -> -13 | T25: 0.71428571 | U25: 1:15 - 1:00 | V25: No | W25: Superseded by WB-MOC-2006-11-04 (same survey, primary source) | X25: Access DB | Y25: Razor_Clam_Ingress.accdb | Z25: Event Data ID=2 | AB25: Prior-to-start (11 cars on) stored in the '3:15 - 3:00' column. Workbook is authoritative.
A26: WB-MOC-2006-11-04 | B26: Mocrocks | C26: Roosevelt Beach Approach | D26: 39025 | E26: Saturday | F26: Evening | G26: 17:23 | H26: -1.1 | I26: L. Wargo | J26: Windy, rain hard at times; break at 2:37 PM, partly cloudy. Sunset 4:56 PM | K26: SW 5-20 mph | L26: High | M26: Prior to start | N26: 0:45 - 1:00 | O26: 17 | P26: 259 | Q26: 251 | R26: 21 | S26: =P26-Q26-R26 -> -13 | T26: 0.71428571 | U26: 1:15 - 1:00 | V26: Yes | X26: Survey workbook | Y26: Ingress_form_Nov_2006.xls (=20061104Mockrocks.xls) | Z26: Mocrocks | AA26: Rain resumed 4:23-4:38 PM; dark near 5:30 PM.
A27: DB-03 | B27: Mocrocks | C27: (not recorded) | D27: 39765 | E27: Thursday | F27: Evening | G27: 18:27 | H27: -1.6 | J27: Clear skies, no rain | K27: SW, 0 - 5 | L27: High | M27: 3:15 - 3:00 | N27: 0:15 - 0:30 | O27: 15 | P27: 194 | Q27: 162 | R27: 30 | S27: =P27-Q27-R27 -> 2 | T27: 0.58247423 | U27: 1:45 - 1:30 | V27: No | W27: Superseded by WB-MOC-2008-11-13 (same survey, primary source) | X27: Access DB | Y27: Razor_Clam_Ingress.accdb | Z27: Event Data ID=3 | AB27: Prior-to-start (27 cars on) stored in the '3:15 - 3:00' column. Workbook is authoritative.
A28: WB-MOC-2008-11-13 | B28: Mocrocks | C28: Roosevelt Approach, south to Copalis River | D28: 39765 | E28: Thursday | F28: Evening | G28: 18:27 | H28: -1.6 | I28: J. Beck | J28: Clear skies, no rain. Sunset 4:43 PM | K28: SW 0-5 mph | L28: High | M28: Prior to start | N28: 0:15 - 0:30 | O28: 15 | P28: 194 | Q28: 162 | R28: 30 | S28: =P28-Q28-R28 -> 2 | T28: 0.58247423 | U28: 1:45 - 1:30 | V28: Yes | X28: Survey workbook | Y28: Ingress_form_November_13_2008.xls (=2008113MocrocksCopalis.xls) | Z28: Mocrocks
A29: DB-04 | B29: Mocrocks | C29: (not recorded) | D29: 40460 | E29: Saturday | F29: Evening | G29: 20:28 | H29: -1.5 | J29: Stormy, Rain light to moderate, Heavy at times. | K29: SW, 15 - 30 | L29: High | M29: 3:15 - 3:00 | N29: 0:30 - 0:45 | O29: 16 | P29: 190 | Q29: 177 | R29: 13 | S29: =P29-Q29-R29 -> 0 | T29: 0.66842105 | U29: 2:00 - 1:45 | V29: Yes | X29: Access DB | Y29: Razor_Clam_Ingress.accdb | Z29: Event Data ID=4 | AB29: '3:15 - 3:00' cell holds Prior-to-start + 3:30-3:15 + 3:15-3:00 collapsed (on 55 = 25+15+15; off 8 = 1+3+4). True split recovered from the 03-Nov-2010 published table; see Reconstructed_Surveys.
A30: DB-05 | B30: Mocrocks | C30: (not recorded) | D30: 40654 | E30: Thursday | F30: Daylight | G30: 09:43 | H30: -1.4 | M30: 3:15 - 3:00 | N30: 0:45 - 1:00 | O30: 17 | P30: 185 | Q30: 173 | R30: 33 | S30: =P30-Q30-R30 -> -21 | T30: 0.64864865 | U30: 1:15 - 1:00 | V30: Yes | X30: Access DB | Y30: Razor_Clam_Ingress.accdb | Z30: Event Data ID=5 | AB30: Prior-to-start (6 cars on) stored in '3:15 - 3:00'. ALSO: cars-on at '1:00 - 0:45' is 3; independent evidence (Ingress.Egress.review.xls) implies 23. Total on would be 205, not 185.
A31: WB-MOC-2022-04-03 | B31: Mocrocks | C31: Roosevelt App. South | D31: 44654 | E31: Sunday | F31: Daylight | G31: 08:45 | H31: -0.1 | I31: Parson | J31: Sunrise 6:49 AM | M31: Prior to start | N31: 0:45 - 1:00 | O31: 17 | P31: 239 | Q31: 198 | R31: 43 | S31: =P31-Q31-R31 -> -2 | T31: 0.65690377 | U31: 0:45 - 0:30 | V31: Yes | X31: Survey workbook | Y31: Ingress__Mocrocks__April_03_2022.xlsx | Z31: Calculation Sheet
A32: WB-MOC-2023-04-25 | B32: Mocrocks | C32: Roosevelt App. South | D32: 45041 | E32: Tuesday | F32: Daylight | G32: 11:01 | H32: 0.1 | I32: Janna Goulding | J32: Sunny, Low+ surf, N wind 0-5 mph. Sunrise 6:11 AM | M32: Prior to start | N32: 0:45 - 1:00 | O32: 17 | P32: 219 | Q32: 188 | R32: 34 | S32: =P32-Q32-R32 -> -3 | T32: 0.73515982 | U32: 1:00 - 0:45 | V32: Yes | X32: Survey workbook | Y32: Ingress__Mocrocks__April_25_2023.xlsx | Z32: Calculation Sheet
A33: WB-TH-1998-03-31 | B33: Twin Harbors | C33: Bonge + Grayland + County Line + Midway + North Cove (5 approaches combined) | D33: 35885 | E33: Tuesday | F33: Daylight | G33: 08:48 (header) / 09:03 implied by bins | H33: -0.9 | J33: Low-mod surf; clear, W wind 0-5 mph | K33: W 0-5 mph | L33: Low-mod | M33: Prior to start | N33: 1:00 - 1:15 | O33: 14 | P33: 2133 | Q33: 1844 | R33: 288 | S33: =P33-Q33-R33 -> 1 | T33: 0.61837787 | U33: 1:15 - 1:00 | V33: Yes | X33: Survey workbook (legacy) | Y33: th98s.xlsx | Z33: summary | AA33: Avg catch 12.8; 2.26 people/car. | AB33: '% avail' in source divides by 2130, not the window total 2133. Header tide time 0848 is inconsistent with the bin labels (imply low water ~0903).
A34: WB-TH-1998-03-31-BONGE | B34: Twin Harbors | C34: BONGE | D34: 35885 | E34: Tuesday | F34: Daylight | G34: 08:48 | H34: -0.9 | M34: Prior to start | N34: 1:00 - 1:15 | O34: 14 | P34: 47 | Q34: 36 | S34: =P34-Q34-R34 -> 11 | T34: 0.53191489 | U34: 0:30 - 0:15 | V34: No | W34: Component approach of the same-day summary survey | X34: Survey workbook (legacy, per-approach) | Y34: th98s.xlsx | Z34: bonge | AA34: Component approach of the same-day summary survey. Do not pool with the summary. | AB34: Prior-to-start cars-on under-recorded on the approach sheets; 15-minute bins reconcile exactly to the summary. On-beach goes negative in some bins.
A35: WB-TH-1998-03-31-COUNTY_LINE | B35: Twin Harbors | C35: COUNTY LINE | D35: 35885 | E35: Tuesday | F35: Daylight | G35: 08:48 | H35: -0.9 | M35: Prior to start | N35: 1:00 - 1:15 | O35: 14 | P35: 402 | Q35: 460 | S35: =P35-Q35-R35 -> -58 | T35: 0.67164179 | U35: 1:15 - 1:00 | V35: No | W35: Component approach of the same-day summary survey | X35: Survey workbook (legacy, per-approach) | Y35: th98s.xlsx | Z35: county line | AA35: Component approach of the same-day summary survey. Do not pool with the summary. | AB35: Prior-to-start cars-on under-recorded on the approach sheets; 15-minute bins reconcile exactly to the summary. On-beach goes negative in some bins.
A36: WB-TH-1998-03-31-GRAYLAND | B36: Twin Harbors | C36: GRAYLAND | D36: 35885 | E36: Tuesday | F36: Daylight | G36: 08:48 | H36: -0.9 | M36: Prior to start | N36: 1:00 - 1:15 | O36: 14 | P36: 306 | Q36: 264 | S36: =P36-Q36-R36 -> 42 | T36: 0.69281046 | U36: 0:45 - 0:30 | V36: No | W36: Component approach of the same-day summary survey | X36: Survey workbook (legacy, per-approach) | Y36: th98s.xlsx | Z36: grayland | AA36: Component approach of the same-day summary survey. Do not pool with the summary. | AB36: Prior-to-start cars-on under-recorded on the approach sheets; 15-minute bins reconcile exactly to the summary. On-beach goes negative in some bins.
A37: WB-TH-1998-03-31-MIDWAY | B37: Twin Harbors | C37: MIDWAY | D37: 35885 | E37: Tuesday | F37: Daylight | G37: 08:48 | H37: -0.9 | M37: Prior to start | N37: 1:00 - 1:15 | O37: 14 | P37: 594 | Q37: 710 | S37: =P37-Q37-R37 -> -116 | T37: 0.46464646 | U37: 1:15 - 1:00 | V37: No | W37: Component approach of the same-day summary survey | X37: Survey workbook (legacy, per-approach) | Y37: th98s.xlsx | Z37: midway | AA37: Component approach of the same-day summary survey. Do not pool with the summary. | AB37: Prior-to-start cars-on under-recorded on the approach sheets; 15-minute bins reconcile exactly to the summary. On-beach goes negative in some bins.
A38: WB-TH-1998-03-31-NORTH_COVE | B38: Twin Harbors | C38: NORTH COVE | D38: 35885 | E38: Tuesday | F38: Daylight | G38: 08:48 | H38: -0.9 | M38: Prior to start | N38: 1:00 - 1:15 | O38: 14 | P38: 358 | Q38: 372 | S38: =P38-Q38-R38 -> -14 | T38: 0.46089385 | U38: 1:00 - 0:45 | V38: No | W38: Component approach of the same-day summary survey | X38: Survey workbook (legacy, per-approach) | Y38: th98s.xlsx | Z38: north cove | AA38: Component approach of the same-day summary survey. Do not pool with the summary. | AB38: Prior-to-start cars-on under-recorded on the approach sheets; 15-minute bins reconcile exactly to the summary. On-beach goes negative in some bins.
A39: DB-12 | B39: Twin Harbors | C39: (not recorded) | D39: 38098 | E39: Wednesday | F39: Daylight | G39: 08:30 | H39: -0.6 | I39: John Deibert | M39: Prior to start | N39: 1:45 - 2:00 | O39: 21 | P39: 435 | Q39: 413 | R39: 25 | S39: =P39-Q39-R39 -> -3 | T39: 0.62298851 | U39: 0:45 - 0:30 | V39: No | W39: Superseded by WB-TH-2004-04-21 (same survey, primary source) | X39: Access DB | Y39: Razor_Clam_Ingress.accdb | Z39: Event Data ID=12 | AA39: This Ingress / Egress was completed by John Deibert and Dan Ayres. Each counted a different approach and combined their numbers to get the final count.
A40: WB-TH-2004-04-21 | B40: Twin Harbors | C40: Grayland + Bonge (two approaches combined) | D40: 38098 | E40: Wednesday | F40: Daylight | G40: 08:30 | H40: -0.6 | I40: Deibert, Ayres | M40: Prior to start | N40: 1:45 - 2:00 | O40: 21 | P40: 435 | Q40: 413 | R40: 25 | S40: =P40-Q40-R40 -> -3 | T40: 0.62298851 | U40: 0:45 - 0:30 | V40: Yes | X40: Survey workbook | Y40: Ingress_form_April_2004.xlsx (=EGRESS_MASTER.xlsx) | Z40: Twin Harbors | AA40: Counted by two staff on different approaches; numbers combined.
A41: DB-13 | B41: Twin Harbors | C41: (not recorded) | D41: 40295 | E41: Tuesday | F41: Daylight | G41: 07:06 | H41: -1.4 | I41: Travis Haring | J41: Showers | K41: SW. 5 - 15 | L41: Low+ | M41: Prior to start | N41: 0:45 - 1:00 | O41: 17 | P41: 232 | Q41: 191 | R41: 38 | S41: =P41-Q41-R41 -> 3 | T41: 0.48706897 | U41: 0:45 - 0:30 | V41: Yes | X41: Access DB | Y41: Razor_Clam_Ingress.accdb | Z41: Event Data ID=13
A42: DB-16 | B42: Twin Harbors | C42: (not recorded) | D42: 40565 | E42: Saturday | F42: Evening | G42: 20:19 | H42: -0.6 | I42: Travis Haring | M42: Prior to start | N42: 0:45 - 1:00 | O42: 17 | P42: 245 | Q42: 219 | R42: 25 | S42: =P42-Q42-R42 -> 1 | T42: 0.53877551 | U42: 1:00 - 0:45 | V42: Yes | X42: Access DB | Y42: Razor_Clam_Ingress.accdb | Z42: Event Data ID=16
A43: DB-15 | B43: Twin Harbors | C43: (not recorded) | D43: 40591 | E43: Thursday | F43: Evening | G43: 17:53 | H43: -0.9 | I43: John Deibert | M43: Prior to start | N43: 0:45 - 1:00 | O43: 18 | P43: 293 | Q43: 279 | R43: 7 | S43: =P43-Q43-R43 -> 7 | T43: 0.59726962 | U43: 1:30 - 1:15 | V43: Yes | X43: Access DB | Y43: Razor_Clam_Ingress.accdb | Z43: Event Data ID=15
A44: DB-14 | B44: Twin Harbors | C44: (not recorded) | D44: 40640 | E44: Thursday | F44: Daylight | G44: 09:37 | H44: 0.1 | I44: Glen Beck | J44: Overcast, No Rain | K44: N, 0 - 5 | L44: Moderate | M44: Prior to start | N44: 0:45 - 1:00 | O44: 17 | P44: 304 | Q44: 224 | R44: 86 | S44: =P44-Q44-R44 -> -6 | T44: 0.59868421 | U44: 1:00 - 0:45 | V44: Yes | X44: Access DB | Y44: Razor_Clam_Ingress.accdb | Z44: Event Data ID=14
A45: DB-11 | B45: Twin Harbors | C45: (not recorded) | D45: 40653 | E45: Wednesday | F45: Daylight | G45: 08:54 | H45: -1.7 | I45: John Deibert | M45: Prior to start | N45: 0:45 - 1:00 | O45: 19 | P45: 393 | Q45: 378 | R45: 17 | S45: =P45-Q45-R45 -> -2 | T45: 0.43256997 | U45: 1:00 - 0:45 | V45: Yes | X45: Access DB | Y45: Razor_Clam_Ingress.accdb | Z45: Event Data ID=11

Sheet Coverage
B1: Survey coverage (use_for_pooling = Yes only)
B2: Counts are live COUNTIFS over Survey_Inventory. Change the filter there and these update.
B4: A. Surveys per beach per year
B5: beach | C5: 1998 | D5: 2004 | E5: 2006 | F5: 2008 | G5: 2009 | H5: 2010 | I5: 2011 | J5: 2022 | K5: 2023 | L5: 2012-2021 | M5: TOTAL
B6: Longbeach | C6: =COUNTIFS(Survey_Inventory!$B$2:$B$45,$B6,Survey_Inventory!$V$2:$V$45,"Yes",Survey_Inventory!$D$2:$D$45,">="&DATE(1998,1,1),Survey_Inventory!$D$2:$D$45,"<="&DATE(1998,12,31)) -> 1 | D6: =COUNTIFS(Survey_Inventory!$B$2:$B$45,$B6,Survey_Inventory!$V$2:$V$45,"Yes",Survey_Inventory!$D$2:$D$45,">="&DATE(2004,1,1),Survey_Inventory!$D$2:$D$45,"<="&DATE(2004,12,31)) -> 2 | E6: =COUNTIFS(Survey_Inventory!$B$2:$B$45,$B6,Survey_Inventory!$V$2:$V$45,"Yes",Survey_Inventory!$D$2:$D$45,">="&DATE(2006,1,1),Survey_Inventory!$D$2:$D$45,"<="&DATE(2006,12,31)) -> 0 | F6: =COUNTIFS(Survey_Inventory!$B$2:$B$45,$B6,Survey_Inventory!$V$2:$V$45,"Yes",Survey_Inventory!$D$2:$D$45,">="&DATE(2008,1,1),Survey_Inventory!$D$2:$D$45,"<="&DATE(2008,12,31)) -> 0 | G6: =COUNTIFS(Survey_Inventory!$B$2:$B$45,$B6,Survey_Inventory!$V$2:$V$45,"Yes",Survey_Inventory!$D$2:$D$45,">="&DATE(2009,1,1),Survey_Inventory!$D$2:$D$45,"<="&DATE(2009,12,31)) -> 1 | H6: =COUNTIFS(Survey_Inventory!$B$2:$B$45,$B6,Survey_Inventory!$V$2:$V$45,"Yes",Survey_Inventory!$D$2:$D$45,">="&DATE(2010,1,1),Survey_Inventory!$D$2:$D$45,"<="&DATE(2010,12,31)) -> 0 | I6: =COUNTIFS(Survey_Inventory!$B$2:$B$45,$B6,Survey_Inventory!$V$2:$V$45,"Yes",Survey_Inventory!$D$2:$D$45,">="&DATE(2011,1,1),Survey_Inventory!$D$2:$D$45,"<="&DATE(2011,12,31)) -> 2 | J6: =COUNTIFS(Survey_Inventory!$B$2:$B$45,$B6,Survey_Inventory!$V$2:$V$45,"Yes",Survey_Inventory!$D$2:$D$45,">="&DATE(2022,1,1),Survey_Inventory!$D$2:$D$45,"<="&DATE(2022,12,31)) -> 0 | K6: =COUNTIFS(Survey_Inventory!$B$2:$B$45,$B6,Survey_Inventory!$V$2:$V$45,"Yes",Survey_Inventory!$D$2:$D$45,">="&DATE(2023,1,1),Survey_Inventory!$D$2:$D$45,"<="&DATE(2023,12,31)) -> 0 | L6: =COUNTIFS(Survey_Inventory!$B$2:$B$45,$B6,Survey_Inventory!$V$2:$V$45,"Yes",Survey_Inventory!$D$2:$D$45,">="&DATE(2012,1,1),Survey_Inventory!$D$2:$D$45,"<="&DATE(2021,12,31)) -> 0 | M6: =COUNTIFS(Survey_Inventory!$B$2:$B$45,$B6,Survey_Inventory!$V$2:$V$45,"Yes") -> 6
B7: Twin Harbors | C7: =COUNTIFS(Survey_Inventory!$B$2:$B$45,$B7,Survey_Inventory!$V$2:$V$45,"Yes",Survey_Inventory!$D$2:$D$45,">="&DATE(1998,1,1),Survey_Inventory!$D$2:$D$45,"<="&DATE(1998,12,31)) -> 1 | D7: =COUNTIFS(Survey_Inventory!$B$2:$B$45,$B7,Survey_Inventory!$V$2:$V$45,"Yes",Survey_Inventory!$D$2:$D$45,">="&DATE(2004,1,1),Survey_Inventory!$D$2:$D$45,"<="&DATE(2004,12,31)) -> 1 | E7: =COUNTIFS(Survey_Inventory!$B$2:$B$45,$B7,Survey_Inventory!$V$2:$V$45,"Yes",Survey_Inventory!$D$2:$D$45,">="&DATE(2006,1,1),Survey_Inventory!$D$2:$D$45,"<="&DATE(2006,12,31)) -> 0 | F7: =COUNTIFS(Survey_Inventory!$B$2:$B$45,$B7,Survey_Inventory!$V$2:$V$45,"Yes",Survey_Inventory!$D$2:$D$45,">="&DATE(2008,1,1),Survey_Inventory!$D$2:$D$45,"<="&DATE(2008,12,31)) -> 0 | G7: =COUNTIFS(Survey_Inventory!$B$2:$B$45,$B7,Survey_Inventory!$V$2:$V$45,"Yes",Survey_Inventory!$D$2:$D$45,">="&DATE(2009,1,1),Survey_Inventory!$D$2:$D$45,"<="&DATE(2009,12,31)) -> 0 | H7: =COUNTIFS(Survey_Inventory!$B$2:$B$45,$B7,Survey_Inventory!$V$2:$V$45,"Yes",Survey_Inventory!$D$2:$D$45,">="&DATE(2010,1,1),Survey_Inventory!$D$2:$D$45,"<="&DATE(2010,12,31)) -> 1 | I7: =COUNTIFS(Survey_Inventory!$B$2:$B$45,$B7,Survey_Inventory!$V$2:$V$45,"Yes",Survey_Inventory!$D$2:$D$45,">="&DATE(2011,1,1),Survey_Inventory!$D$2:$D$45,"<="&DATE(2011,12,31)) -> 4 | J7: =COUNTIFS(Survey_Inventory!$B$2:$B$45,$B7,Survey_Inventory!$V$2:$V$45,"Yes",Survey_Inventory!$D$2:$D$45,">="&DATE(2022,1,1),Survey_Inventory!$D$2:$D$45,"<="&DATE(2022,12,31)) -> 0 | K7: =COUNTIFS(Survey_Inventory!$B$2:$B$45,$B7,Survey_Inventory!$V$2:$V$45,"Yes",Survey_Inventory!$D$2:$D$45,">="&DATE(2023,1,1),Survey_Inventory!$D$2:$D$45,"<="&DATE(2023,12,31)) -> 0 | L7: =COUNTIFS(Survey_Inventory!$B$2:$B$45,$B7,Survey_Inventory!$V$2:$V$45,"Yes",Survey_Inventory!$D$2:$D$45,">="&DATE(2012,1,1),Survey_Inventory!$D$2:$D$45,"<="&DATE(2021,12,31)) -> 0 | M7: =COUNTIFS(Survey_Inventory!$B$2:$B$45,$B7,Survey_Inventory!$V$2:$V$45,"Yes") -> 7
B8: Copalis | C8: =COUNTIFS(Survey_Inventory!$B$2:$B$45,$B8,Survey_Inventory!$V$2:$V$45,"Yes",Survey_Inventory!$D$2:$D$45,">="&DATE(1998,1,1),Survey_Inventory!$D$2:$D$45,"<="&DATE(1998,12,31)) -> 0 | D8: =COUNTIFS(Survey_Inventory!$B$2:$B$45,$B8,Survey_Inventory!$V$2:$V$45,"Yes",Survey_Inventory!$D$2:$D$45,">="&DATE(2004,1,1),Survey_Inventory!$D$2:$D$45,"<="&DATE(2004,12,31)) -> 1 | E8: =COUNTIFS(Survey_Inventory!$B$2:$B$45,$B8,Survey_Inventory!$V$2:$V$45,"Yes",Survey_Inventory!$D$2:$D$45,">="&DATE(2006,1,1),Survey_Inventory!$D$2:$D$45,"<="&DATE(2006,12,31)) -> 0 | F8: =COUNTIFS(Survey_Inventory!$B$2:$B$45,$B8,Survey_Inventory!$V$2:$V$45,"Yes",Survey_Inventory!$D$2:$D$45,">="&DATE(2008,1,1),Survey_Inventory!$D$2:$D$45,"<="&DATE(2008,12,31)) -> 1 | G8: =COUNTIFS(Survey_Inventory!$B$2:$B$45,$B8,Survey_Inventory!$V$2:$V$45,"Yes",Survey_Inventory!$D$2:$D$45,">="&DATE(2009,1,1),Survey_Inventory!$D$2:$D$45,"<="&DATE(2009,12,31)) -> 0 | H8: =COUNTIFS(Survey_Inventory!$B$2:$B$45,$B8,Survey_Inventory!$V$2:$V$45,"Yes",Survey_Inventory!$D$2:$D$45,">="&DATE(2010,1,1),Survey_Inventory!$D$2:$D$45,"<="&DATE(2010,12,31)) -> 1 | I8: =COUNTIFS(Survey_Inventory!$B$2:$B$45,$B8,Survey_Inventory!$V$2:$V$45,"Yes",Survey_Inventory!$D$2:$D$45,">="&DATE(2011,1,1),Survey_Inventory!$D$2:$D$45,"<="&DATE(2011,12,31)) -> 1 | J8: =COUNTIFS(Survey_Inventory!$B$2:$B$45,$B8,Survey_Inventory!$V$2:$V$45,"Yes",Survey_Inventory!$D$2:$D$45,">="&DATE(2022,1,1),Survey_Inventory!$D$2:$D$45,"<="&DATE(2022,12,31)) -> 1 | K8: =COUNTIFS(Survey_Inventory!$B$2:$B$45,$B8,Survey_Inventory!$V$2:$V$45,"Yes",Survey_Inventory!$D$2:$D$45,">="&DATE(2023,1,1),Survey_Inventory!$D$2:$D$45,"<="&DATE(2023,12,31)) -> 1 | L8: =COUNTIFS(Survey_Inventory!$B$2:$B$45,$B8,Survey_Inventory!$V$2:$V$45,"Yes",Survey_Inventory!$D$2:$D$45,">="&DATE(2012,1,1),Survey_Inventory!$D$2:$D$45,"<="&DATE(2021,12,31)) -> 0 | M8: =COUNTIFS(Survey_Inventory!$B$2:$B$45,$B8,Survey_Inventory!$V$2:$V$45,"Yes") -> 6
B9: Mocrocks | C9: =COUNTIFS(Survey_Inventory!$B$2:$B$45,$B9,Survey_Inventory!$V$2:$V$45,"Yes",Survey_Inventory!$D$2:$D$45,">="&DATE(1998,1,1),Survey_Inventory!$D$2:$D$45,"<="&DATE(1998,12,31)) -> 1 | D9: =COUNTIFS(Survey_Inventory!$B$2:$B$45,$B9,Survey_Inventory!$V$2:$V$45,"Yes",Survey_Inventory!$D$2:$D$45,">="&DATE(2004,1,1),Survey_Inventory!$D$2:$D$45,"<="&DATE(2004,12,31)) -> 1 | E9: =COUNTIFS(Survey_Inventory!$B$2:$B$45,$B9,Survey_Inventory!$V$2:$V$45,"Yes",Survey_Inventory!$D$2:$D$45,">="&DATE(2006,1,1),Survey_Inventory!$D$2:$D$45,"<="&DATE(2006,12,31)) -> 1 | F9: =COUNTIFS(Survey_Inventory!$B$2:$B$45,$B9,Survey_Inventory!$V$2:$V$45,"Yes",Survey_Inventory!$D$2:$D$45,">="&DATE(2008,1,1),Survey_Inventory!$D$2:$D$45,"<="&DATE(2008,12,31)) -> 1 | G9: =COUNTIFS(Survey_Inventory!$B$2:$B$45,$B9,Survey_Inventory!$V$2:$V$45,"Yes",Survey_Inventory!$D$2:$D$45,">="&DATE(2009,1,1),Survey_Inventory!$D$2:$D$45,"<="&DATE(2009,12,31)) -> 0 | H9: =COUNTIFS(Survey_Inventory!$B$2:$B$45,$B9,Survey_Inventory!$V$2:$V$45,"Yes",Survey_Inventory!$D$2:$D$45,">="&DATE(2010,1,1),Survey_Inventory!$D$2:$D$45,"<="&DATE(2010,12,31)) -> 1 | I9: =COUNTIFS(Survey_Inventory!$B$2:$B$45,$B9,Survey_Inventory!$V$2:$V$45,"Yes",Survey_Inventory!$D$2:$D$45,">="&DATE(2011,1,1),Survey_Inventory!$D$2:$D$45,"<="&DATE(2011,12,31)) -> 1 | J9: =COUNTIFS(Survey_Inventory!$B$2:$B$45,$B9,Survey_Inventory!$V$2:$V$45,"Yes",Survey_Inventory!$D$2:$D$45,">="&DATE(2022,1,1),Survey_Inventory!$D$2:$D$45,"<="&DATE(2022,12,31)) -> 1 | K9: =COUNTIFS(Survey_Inventory!$B$2:$B$45,$B9,Survey_Inventory!$V$2:$V$45,"Yes",Survey_Inventory!$D$2:$D$45,">="&DATE(2023,1,1),Survey_Inventory!$D$2:$D$45,"<="&DATE(2023,12,31)) -> 1 | L9: =COUNTIFS(Survey_Inventory!$B$2:$B$45,$B9,Survey_Inventory!$V$2:$V$45,"Yes",Survey_Inventory!$D$2:$D$45,">="&DATE(2012,1,1),Survey_Inventory!$D$2:$D$45,"<="&DATE(2021,12,31)) -> 0 | M9: =COUNTIFS(Survey_Inventory!$B$2:$B$45,$B9,Survey_Inventory!$V$2:$V$45,"Yes") -> 8
B10: Kalaloch | C10: =COUNTIFS(Survey_Inventory!$B$2:$B$45,$B10,Survey_Inventory!$V$2:$V$45,"Yes",Survey_Inventory!$D$2:$D$45,">="&DATE(1998,1,1),Survey_Inventory!$D$2:$D$45,"<="&DATE(1998,12,31)) -> 0 | D10: =COUNTIFS(Survey_Inventory!$B$2:$B$45,$B10,Survey_Inventory!$V$2:$V$45,"Yes",Survey_Inventory!$D$2:$D$45,">="&DATE(2004,1,1),Survey_Inventory!$D$2:$D$45,"<="&DATE(2004,12,31)) -> 0 | E10: =COUNTIFS(Survey_Inventory!$B$2:$B$45,$B10,Survey_Inventory!$V$2:$V$45,"Yes",Survey_Inventory!$D$2:$D$45,">="&DATE(2006,1,1),Survey_Inventory!$D$2:$D$45,"<="&DATE(2006,12,31)) -> 0 | F10: =COUNTIFS(Survey_Inventory!$B$2:$B$45,$B10,Survey_Inventory!$V$2:$V$45,"Yes",Survey_Inventory!$D$2:$D$45,">="&DATE(2008,1,1),Survey_Inventory!$D$2:$D$45,"<="&DATE(2008,12,31)) -> 0 | G10: =COUNTIFS(Survey_Inventory!$B$2:$B$45,$B10,Survey_Inventory!$V$2:$V$45,"Yes",Survey_Inventory!$D$2:$D$45,">="&DATE(2009,1,1),Survey_Inventory!$D$2:$D$45,"<="&DATE(2009,12,31)) -> 0 | H10: =COUNTIFS(Survey_Inventory!$B$2:$B$45,$B10,Survey_Inventory!$V$2:$V$45,"Yes",Survey_Inventory!$D$2:$D$45,">="&DATE(2010,1,1),Survey_Inventory!$D$2:$D$45,"<="&DATE(2010,12,31)) -> 0 | I10: =COUNTIFS(Survey_Inventory!$B$2:$B$45,$B10,Survey_Inventory!$V$2:$V$45,"Yes",Survey_Inventory!$D$2:$D$45,">="&DATE(2011,1,1),Survey_Inventory!$D$2:$D$45,"<="&DATE(2011,12,31)) -> 0 | J10: =COUNTIFS(Survey_Inventory!$B$2:$B$45,$B10,Survey_Inventory!$V$2:$V$45,"Yes",Survey_Inventory!$D$2:$D$45,">="&DATE(2022,1,1),Survey_Inventory!$D$2:$D$45,"<="&DATE(2022,12,31)) -> 0 | K10: =COUNTIFS(Survey_Inventory!$B$2:$B$45,$B10,Survey_Inventory!$V$2:$V$45,"Yes",Survey_Inventory!$D$2:$D$45,">="&DATE(2023,1,1),Survey_Inventory!$D$2:$D$45,"<="&DATE(2023,12,31)) -> 0 | L10: =COUNTIFS(Survey_Inventory!$B$2:$B$45,$B10,Survey_Inventory!$V$2:$V$45,"Yes",Survey_Inventory!$D$2:$D$45,">="&DATE(2012,1,1),Survey_Inventory!$D$2:$D$45,"<="&DATE(2021,12,31)) -> 0 | M10: =COUNTIFS(Survey_Inventory!$B$2:$B$45,$B10,Survey_Inventory!$V$2:$V$45,"Yes") -> 0
B12: B. Surveys per beach per condition
B13: beach | C13: Daylight | D13: Evening | E13: TOTAL
B14: Longbeach | C14: =COUNTIFS(Survey_Inventory!$B$2:$B$45,$B14,Survey_Inventory!$V$2:$V$45,"Yes",Survey_Inventory!$F$2:$F$45,"Daylight") -> 3 | D14: =COUNTIFS(Survey_Inventory!$B$2:$B$45,$B14,Survey_Inventory!$V$2:$V$45,"Yes",Survey_Inventory!$F$2:$F$45,"Evening") -> 3 | E14: =SUM(C14:D14) -> 6
B15: Twin Harbors | C15: =COUNTIFS(Survey_Inventory!$B$2:$B$45,$B15,Survey_Inventory!$V$2:$V$45,"Yes",Survey_Inventory!$F$2:$F$45,"Daylight") -> 5 | D15: =COUNTIFS(Survey_Inventory!$B$2:$B$45,$B15,Survey_Inventory!$V$2:$V$45,"Yes",Survey_Inventory!$F$2:$F$45,"Evening") -> 2 | E15: =SUM(C15:D15) -> 7
B16: Copalis | C16: =COUNTIFS(Survey_Inventory!$B$2:$B$45,$B16,Survey_Inventory!$V$2:$V$45,"Yes",Survey_Inventory!$F$2:$F$45,"Daylight") -> 4 | D16: =COUNTIFS(Survey_Inventory!$B$2:$B$45,$B16,Survey_Inventory!$V$2:$V$45,"Yes",Survey_Inventory!$F$2:$F$45,"Evening") -> 2 | E16: =SUM(C16:D16) -> 6
B17: Mocrocks | C17: =COUNTIFS(Survey_Inventory!$B$2:$B$45,$B17,Survey_Inventory!$V$2:$V$45,"Yes",Survey_Inventory!$F$2:$F$45,"Daylight") -> 5 | D17: =COUNTIFS(Survey_Inventory!$B$2:$B$45,$B17,Survey_Inventory!$V$2:$V$45,"Yes",Survey_Inventory!$F$2:$F$45,"Evening") -> 3 | E17: =SUM(C17:D17) -> 8
B18: Kalaloch | C18: =COUNTIFS(Survey_Inventory!$B$2:$B$45,$B18,Survey_Inventory!$V$2:$V$45,"Yes",Survey_Inventory!$F$2:$F$45,"Daylight") -> 0 | D18: =COUNTIFS(Survey_Inventory!$B$2:$B$45,$B18,Survey_Inventory!$V$2:$V$45,"Yes",Survey_Inventory!$F$2:$F$45,"Evening") -> 0 | E18: =SUM(C18:D18) -> 0
B20: Notes
B21: Kalaloch: zero surveys. Its expansion table is the Mocrocks 01-Apr-1998 survey (Data_Issues #1).
B22: 2012-2021: zero surveys in hand, yet the Long Beach, Twin Harbors, Copalis and Mocrocks evening tables were all revised in 2012-2013. Reconstructed_Surveys recovers the four missing surveys bin by bin from the published tables.
B23: Long Beach and Twin Harbors have four daylight surveys each but no daylight expansion table anywhere in the file set (Data_Issues #12).
B24: The 1990 Long Beach record is excluded because its counts are identical to the 1998 record (Data_Issues #6). If the 1990 date proves correct, swap the two exclusions.

Sheet Survey_Counts
A1: survey_key | B1: bin_ord | C1: bin | D1: min_from_low | E1: beach | F1: condition | G1: date | H1: cars_on | I1: cars_off | J1: cum_cars_on | K1: cum_cars_off | L1: cars_on_beach | M1: total_cars_on | N1: pct_available | O1: pct_available_as_reported | P1: check_delta | Q1: not_recorded_in_source
A2: DB-18 | B2: 0 | C2: Prior to start | E2: Copalis | F2: Daylight | G2: 38100 | H2: 11 | I2: 1 | J2: =SUMIFS($H$2:$H$1200,$A$2:$A$1200,$A2,$B$2:$B$1200,"<="&$B2) -> 11 | K2: =SUMIFS($I$2:$I$1200,$A$2:$A$1200,$A2,$B$2:$B$1200,"<="&$B2) -> 1 | L2: =J2-K2 -> 10 | M2: =SUMIF($A$2:$A$1200,$A2,$H$2:$H$1200) -> 374 | N2: =IF(M2=0,"",L2/M2) -> 0.026737968 | P2: =IF(OR(N2="",O2=""),"",N2-O2)
A3: DB-18 | B3: 3 | C3: 3:00 - 2:45 | D3: -180 | E3: Copalis | F3: Daylight | G3: 38100 | H3: 23 | I3: 0 | J3: =SUMIFS($H$2:$H$1200,$A$2:$A$1200,$A3,$B$2:$B$1200,"<="&$B3) -> 34 | K3: =SUMIFS($I$2:$I$1200,$A$2:$A$1200,$A3,$B$2:$B$1200,"<="&$B3) -> 1 | L3: =J3-K3 -> 33 | M3: =SUMIF($A$2:$A$1200,$A3,$H$2:$H$1200) -> 374 | N3: =IF(M3=0,"",L3/M3) -> 0.088235294 | P3: =IF(OR(N3="",O3=""),"",N3-O3)
A4: DB-18 | B4: 4 | C4: 2:45 - 2:30 | D4: -165 | E4: Copalis | F4: Daylight | G4: 38100 | H4: 25 | I4: 0 | J4: =SUMIFS($H$2:$H$1200,$A$2:$A$1200,$A4,$B$2:$B$1200,"<="&$B4) -> 59 | K4: =SUMIFS($I$2:$I$1200,$A$2:$A$1200,$A4,$B$2:$B$1200,"<="&$B4) -> 1 | L4: =J4-K4 -> 58 | M4: =SUMIF($A$2:$A$1200,$A4,$H$2:$H$1200) -> 374 | N4: =IF(M4=0,"",L4/M4) -> 0.15508021 | P4: =IF(OR(N4="",O4=""),"",N4-O4)
A5: DB-18 | B5: 5 | C5: 2:30 - 2:15 | D5: -150 | E5: Copalis | F5: Daylight | G5: 38100 | H5: 39 | I5: 5 | J5: =SUMIFS($H$2:$H$1200,$A$2:$A$1200,$A5,$B$2:$B$1200,"<="&$B5) -> 98 | K5: =SUMIFS($I$2:$I$1200,$A$2:$A$1200,$A5,$B$2:$B$1200,"<="&$B5) -> 6 | L5: =J5-K5 -> 92 | M5: =SUMIF($A$2:$A$1200,$A5,$H$2:$H$1200) -> 374 | N5: =IF(M5=0,"",L5/M5) -> 0.2459893 | P5: =IF(OR(N5="",O5=""),"",N5-O5)
A6: DB-18 | B6: 6 | C6: 2:15 - 2:00 | D6: -135 | E6: Copalis | F6: Daylight | G6: 38100 | H6: 38 | I6: 4 | J6: =SUMIFS($H$2:$H$1200,$A$2:$A$1200,$A6,$B$2:$B$1200,"<="&$B6) -> 136 | K6: =SUMIFS($I$2:$I$1200,$A$2:$A$1200,$A6,$B$2:$B$1200,"<="&$B6) -> 10 | L6: =J6-K6 -> 126 | M6: =SUMIF($A$2:$A$1200,$A6,$H$2:$H$1200) -> 374 | N6: =IF(M6=0,"",L6/M6) -> 0.3368984 | P6: =IF(OR(N6="",O6=""),"",N6-O6)
A7: DB-18 | B7: 7 | C7: 2:00 - 1:45 | D7: -120 | E7: Copalis | F7: Daylight | G7: 38100 | H7: 24 | I7: 16 | J7: =SUMIFS($H$2:$H$1200,$A$2:$A$1200,$A7,$B$2:$B$1200,"<="&$B7) -> 160 | K7: =SUMIFS($I$2:$I$1200,$A$2:$A$1200,$A7,$B$2:$B$1200,"<="&$B7) -> 26 | L7: =J7-K7 -> 134 | M7: =SUMIF($A$2:$A$1200,$A7,$H$2:$H$1200) -> 374 | N7: =IF(M7=0,"",L7/M7) -> 0.35828877 | P7: =IF(OR(N7="",O7=""),"",N7-O7)
A8: DB-18 | B8: 8 | C8: 1:45 - 1:30 | D8: -105 | E8: Copalis | F8: Daylight | G8: 38100 | H8: 51 | I8: 18 | J8: =SUMIFS($H$2:$H$1200,$A$2:$A$1200,$A8,$B$2:$B$1200,"<="&$B8) -> 211 | K8: =SUMIFS($I$2:$I$1200,$A$2:$A$1200,$A8,$B$2:$B$1200,"<="&$B8) -> 44 | L8: =J8-K8 -> 167 | M8: =SUMIF($A$2:$A$1200,$A8,$H$2:$H$1200) -> 374 | N8: =IF(M8=0,"",L8/M8) -> 0.44652406 | P8: =IF(OR(N8="",O8=""),"",N8-O8)
A9: DB-18 | B9: 9 | C9: 1:30 - 1:15 | D9: -90 | E9: Copalis | F9: Daylight | G9: 38100 | H9: 49 | I9: 20 | J9: =SUMIFS($H$2:$H$1200,$A$2:$A$1200,$A9,$B$2:$B$1200,"<="&$B9) -> 260 | K9: =SUMIFS($I$2:$I$1200,$A$2:$A$1200,$A9,$B$2:$B$1200,"<="&$B9) -> 64 | L9: =J9-K9 -> 196 | M9: =SUMIF($A$2:$A$1200,$A9,$H$2:$H$1200) -> 374 | N9: =IF(M9=0,"",L9/M9) -> 0.52406417 | P9: =IF(OR(N9="",O9=""),"",N9-O9)
A10: DB-18 | B10: 10 | C10: 1:15 - 1:00 | D10: -75 | E10: Copalis | F10: Daylight | G10: 38100 | H10: 36 | I10: 28 | J10: =SUMIFS($H$2:$H$1200,$A$2:$A$1200,$A10,$B$2:$B$1200,"<="&$B10) -> 296 | K10: =SUMIFS($I$2:$I$1200,$A$2:$A$1200,$A10,$B$2:$B$1200,"<="&$B10) -> 92 | L10: =J10-K10 -> 204 | M10: =SUMIF($A$2:$A$1200,$A10,$H$2:$H$1200) -> 374 | N10: =IF(M10=0,"",L10/M10) -> 0.54545455 | P10: =IF(OR(N10="",O10=""),"",N10-O10)
A11: DB-18 | B11: 11 | C11: 1:00 - 0:45 | D11: -60 | E11: Copalis | F11: Daylight | G11: 38100 | H11: 21 | I11: 30 | J11: =SUMIFS($H$2:$H$1200,$A$2:$A$1200,$A11,$B$2:$B$1200,"<="&$B11) -> 317 | K11: =SUMIFS($I$2:$I$1200,$A$2:$A$1200,$A11,$B$2:$B$1200,"<="&$B11) -> 122 | L11: =J11-K11 -> 195 | M11: =SUMIF($A$2:$A$1200,$A11,$H$2:$H$1200) -> 374 | N11: =IF(M11=0,"",L11/M11) -> 0.52139037 | P11: =IF(OR(N11="",O11=""),"",N11-O11)
A12: DB-18 | B12: 12 | C12: 0:45 - 0:30 | D12: -45 | E12: Copalis | F12: Daylight | G12: 38100 | H12: 20 | I12: 40 | J12: =SUMIFS($H$2:$H$1200,$A$2:$A$1200,$A12,$B$2:$B$1200,"<="&$B12) -> 337 | K12: =SUMIFS($I$2:$I$1200,$A$2:$A$1200,$A12,$B$2:$B$1200,"<="&$B12) -> 162 | L12: =J12-K12 -> 175 | M12: =SUMIF($A$2:$A$1200,$A12,$H$2:$H$1200) -> 374 | N12: =IF(M12=0,"",L12/M12) -> 0.46791444 | P12: =IF(OR(N12="",O12=""),"",N12-O12)
A13: DB-18 | B13: 13 | C13: 0:30 - 0:15 | D13: -30 | E13: Copalis | F13: Daylight | G13: 38100 | H13: 11 | I13: 61 | J13: =SUMIFS($H$2:$H$1200,$A$2:$A$1200,$A13,$B$2:$B$1200,"<="&$B13) -> 348 | K13: =SUMIFS($I$2:$I$1200,$A$2:$A$1200,$A13,$B$2:$B$1200,"<="&$B13) -> 223 | L13: =J13-K13 -> 125 | M13: =SUMIF($A$2:$A$1200,$A13,$H$2:$H$1200) -> 374 | N13: =IF(M13=0,"",L13/M13) -> 0.3342246 | P13: =IF(OR(N13="",O13=""),"",N13-O13)
A14: DB-18 | B14: 14 | C14: 0:15 - 0:00 | D14: -15 | E14: Copalis | F14: Daylight | G14: 38100 | H14: 8 | I14: 34 | J14: =SUMIFS($H$2:$H$1200,$A$2:$A$1200,$A14,$B$2:$B$1200,"<="&$B14) -> 356 | K14: =SUMIFS($I$2:$I$1200,$A$2:$A$1200,$A14,$B$2:$B$1200,"<="&$B14) -> 257 | L14: =J14-K14 -> 99 | M14: =SUMIF($A$2:$A$1200,$A14,$H$2:$H$1200) -> 374 | N14: =IF(M14=0,"",L14/M14) -> 0.26470588 | P14: =IF(OR(N14="",O14=""),"",N14-O14)
... A19: DB-18 | B19: 19 | C19: 1:00 - 1:15 | D19: 60 | E19: Copalis | F19: Daylight | G19: 38100 | H19: 2 | I19: 16 | J19: =SUMIFS($H$2:$H$1200,$A$2:$A$1200,$A19,$B$2:$B$1200,"<="&$B19) -> 374 | K19: =SUMIFS($I$2:$I$1200,$A$2:$A$1200,$A19,$B$2:$B$1200,"<="&$B19) -> 368 | L19: =J19-K19 -> 6 | M19: =SUMIF($A$2:$A$1200,$A19,$H$2:$H$1200) -> 374 | N19: =IF(M19=0,"",L19/M19) -> 0.016042781 | P19: =IF(OR(N19="",O19=""),"",N19-O19)
A20: WB-COP-2004-04-23 | B20: 0 | C20: Prior to start | E20: Copalis | F20: Daylight | G20: 38100 | H20: 11 | I20: 1 | J20: =SUMIFS($H$2:$H$1200,$A$2:$A$1200,$A20,$B$2:$B$1200,"<="&$B20) -> 11 | K20: =SUMIFS($I$2:$I$1200,$A$2:$A$1200,$A20,$B$2:$B$1200,"<="&$B20) -> 1 | L20: =J20-K20 -> 10 | M20: =SUMIF($A$2:$A$1200,$A20,$H$2:$H$1200) -> 374 | N20: =IF(M20=0,"",L20/M20) -> 0.026737968 | O20: 0.026737968 | P20: =IF(OR(N20="",O20=""),"",N20-O20) -> 3.469447e-18
A21: WB-COP-2004-04-23 | B21: 3 | C21: 3:00 - 2:45 | D21: -180 | E21: Copalis | F21: Daylight | G21: 38100 | H21: 23 | I21: 0 | J21: =SUMIFS($H$2:$H$1200,$A$2:$A$1200,$A21,$B$2:$B$1200,"<="&$B21) -> 34 | K21: =SUMIFS($I$2:$I$1200,$A$2:$A$1200,$A21,$B$2:$B$1200,"<="&$B21) -> 1 | L21: =J21-K21 -> 33 | M21: =SUMIF($A$2:$A$1200,$A21,$H$2:$H$1200) -> 374 | N21: =IF(M21=0,"",L21/M21) -> 0.088235294 | O21: 0.088235294 | P21: =IF(OR(N21="",O21=""),"",N21-O21) -> -4.1633363e-17
A22: WB-COP-2004-04-23 | B22: 4 | C22: 2:45 - 2:30 | D22: -165 | E22: Copalis | F22: Daylight | G22: 38100 | H22: 25 | I22: 0 | J22: =SUMIFS($H$2:$H$1200,$A$2:$A$1200,$A22,$B$2:$B$1200,"<="&$B22) -> 59 | K22: =SUMIFS($I$2:$I$1200,$A$2:$A$1200,$A22,$B$2:$B$1200,"<="&$B22) -> 1 | L22: =J22-K22 -> 58 | M22: =SUMIF($A$2:$A$1200,$A22,$H$2:$H$1200) -> 374 | N22: =IF(M22=0,"",L22/M22) -> 0.15508021 | O22: 0.15508021 | P22: =IF(OR(N22="",O22=""),"",N22-O22) -> 3.3306691e-16
A23: WB-COP-2004-04-23 | B23: 5 | C23: 2:30 - 2:15 | D23: -150 | E23: Copalis | F23: Daylight | G23: 38100 | H23: 39 | I23: 5 | J23: =SUMIFS($H$2:$H$1200,$A$2:$A$1200,$A23,$B$2:$B$1200,"<="&$B23) -> 98 | K23: =SUMIFS($I$2:$I$1200,$A$2:$A$1200,$A23,$B$2:$B$1200,"<="&$B23) -> 6 | L23: =J23-K23 -> 92 | M23: =SUMIF($A$2:$A$1200,$A23,$H$2:$H$1200) -> 374 | N23: =IF(M23=0,"",L23/M23) -> 0.2459893 | O23: 0.2459893 | P23: =IF(OR(N23="",O23=""),"",N23-O23) -> 2.4980018e-16
A24: WB-COP-2004-04-23 | B24: 6 | C24: 2:15 - 2:00 | D24: -135 | E24: Copalis | F24: Daylight | G24: 38100 | H24: 38 | I24: 4 | J24: =SUMIFS($H$2:$H$1200,$A$2:$A$1200,$A24,$B$2:$B$1200,"<="&$B24) -> 136 | K24: =SUMIFS($I$2:$I$1200,$A$2:$A$1200,$A24,$B$2:$B$1200,"<="&$B24) -> 10 | L24: =J24-K24 -> 126 | M24: =SUMIF($A$2:$A$1200,$A24,$H$2:$H$1200) -> 374 | N24: =IF(M24=0,"",L24/M24) -> 0.3368984 | O24: 0.3368984 | P24: =IF(OR(N24="",O24=""),"",N24-O24) -> 1.6653345e-16
A25: WB-COP-2004-04-23 | B25: 7 | C25: 2:00 - 1:45 | D25: -120 | E25: Copalis | F25: Daylight | G25: 38100 | H25: 24 | I25: 16 | J25: =SUMIFS($H$2:$H$1200,$A$2:$A$1200,$A25,$B$2:$B$1200,"<="&$B25) -> 160 | K25: =SUMIFS($I$2:$I$1200,$A$2:$A$1200,$A25,$B$2:$B$1200,"<="&$B25) -> 26 | L25: =J25-K25 -> 134 | M25: =SUMIF($A$2:$A$1200,$A25,$H$2:$H$1200) -> 374 | N25: =IF(M25=0,"",L25/M25) -> 0.35828877 | O25: 0.35828877 | P25: =IF(OR(N25="",O25=""),"",N25-O25) -> -5.5511151e-17
A26: WB-COP-2004-04-23 | B26: 8 | C26: 1:45 - 1:30 | D26: -105 | E26: Copalis | F26: Daylight | G26: 38100 | H26: 51 | I26: 18 | J26: =SUMIFS($H$2:$H$1200,$A$2:$A$1200,$A26,$B$2:$B$1200,"<="&$B26) -> 211 | K26: =SUMIFS($I$2:$I$1200,$A$2:$A$1200,$A26,$B$2:$B$1200,"<="&$B26) -> 44 | L26: =J26-K26 -> 167 | M26: =SUMIF($A$2:$A$1200,$A26,$H$2:$H$1200) -> 374 | N26: =IF(M26=0,"",L26/M26) -> 0.44652406 | O26: 0.44652406 | P26: =IF(OR(N26="",O26=""),"",N26-O26) -> 0
A27: WB-COP-2004-04-23 | B27: 9 | C27: 1:30 - 1:15 | D27: -90 | E27: Copalis | F27: Daylight | G27: 38100 | H27: 49 | I27: 20 | J27: =SUMIFS($H$2:$H$1200,$A$2:$A$1200,$A27,$B$2:$B$1200,"<="&$B27) -> 260 | K27: =SUMIFS($I$2:$I$1200,$A$2:$A$1200,$A27,$B$2:$B$1200,"<="&$B27) -> 64 | L27: =J27-K27 -> 196 | M27: =SUMIF($A$2:$A$1200,$A27,$H$2:$H$1200) -> 374 | N27: =IF(M27=0,"",L27/M27) -> 0.52406417 | O27: 0.52406417 | P27: =IF(OR(N27="",O27=""),"",N27-O27) -> -3.3306691e-16
A28: WB-COP-2004-04-23 | B28: 10 | C28: 1:15 - 1:00 | D28: -75 | E28: Copalis | F28: Daylight | G28: 38100 | H28: 36 | I28: 28 | J28: =SUMIFS($H$2:$H$1200,$A$2:$A$1200,$A28,$B$2:$B$1200,"<="&$B28) -> 296 | K28: =SUMIFS($I$2:$I$1200,$A$2:$A$1200,$A28,$B$2:$B$1200,"<="&$B28) -> 92 | L28: =J28-K28 -> 204 | M28: =SUMIF($A$2:$A$1200,$A28,$H$2:$H$1200) -> 374 | N28: =IF(M28=0,"",L28/M28) -> 0.54545455 | O28: 0.54545455 | P28: =IF(OR(N28="",O28=""),"",N28-O28) -> 4.4408921e-16
A29: WB-COP-2004-04-23 | B29: 11 | C29: 1:00 - 0:45 | D29: -60 | E29: Copalis | F29: Daylight | G29: 38100 | H29: 21 | I29: 30 | J29: =SUMIFS($H$2:$H$1200,$A$2:$A$1200,$A29,$B$2:$B$1200,"<="&$B29) -> 317 | K29: =SUMIFS($I$2:$I$1200,$A$2:$A$1200,$A29,$B$2:$B$1200,"<="&$B29) -> 122 | L29: =J29-K29 -> 195 | M29: =SUMIF($A$2:$A$1200,$A29,$H$2:$H$1200) -> 374 | N29: =IF(M29=0,"",L29/M29) -> 0.52139037 | O29: 0.52139037 | P29: =IF(OR(N29="",O29=""),"",N29-O29) -> -2.220446e-16
A30: WB-COP-2004-04-23 | B30: 12 | C30: 0:45 - 0:30 | D30: -45 | E30: Copalis | F30: Daylight | G30: 38100 | H30: 20 | I30: 40 | J30: =SUMIFS($H$2:$H$1200,$A$2:$A$1200,$A30,$B$2:$B$1200,"<="&$B30) -> 337 | K30: =SUMIFS($I$2:$I$1200,$A$2:$A$1200,$A30,$B$2:$B$1200,"<="&$B30) -> 162 | L30: =J30-K30 -> 175 | M30: =SUMIF($A$2:$A$1200,$A30,$H$2:$H$1200) -> 374 | N30: =IF(M30=0,"",L30/M30) -> 0.46791444 | O30: 0.46791444 | P30: =IF(OR(N30="",O30=""),"",N30-O30) -> -2.220446e-16
A31: WB-COP-2004-04-23 | B31: 13 | C31: 0:30 - 0:15 | D31: -30 | E31: Copalis | F31: Daylight | G31: 38100 | H31: 11 | I31: 61 | J31: =SUMIFS($H$2:$H$1200,$A$2:$A$1200,$A31,$B$2:$B$1200,"<="&$B31) -> 348 | K31: =SUMIFS($I$2:$I$1200,$A$2:$A$1200,$A31,$B$2:$B$1200,"<="&$B31) -> 223 | L31: =J31-K31 -> 125 | M31: =SUMIF($A$2:$A$1200,$A31,$H$2:$H$1200) -> 374 | N31: =IF(M31=0,"",L31/M31) -> 0.3342246 | O31: 0.3342246 | P31: =IF(OR(N31="",O31=""),"",N31-O31) -> 2.7755576e-16
A32: WB-COP-2004-04-23 | B32: 14 | C32: 0:15 - 0:00 | D32: -15 | E32: Copalis | F32: Daylight | G32: 38100 | H32: 8 | I32: 34 | J32: =SUMIFS($H$2:$H$1200,$A$2:$A$1200,$A32,$B$2:$B$1200,"<="&$B32) -> 356 | K32: =SUMIFS($I$2:$I$1200,$A$2:$A$1200,$A32,$B$2:$B$1200,"<="&$B32) -> 257 | L32: =J32-K32 -> 99 | M32: =SUMIF($A$2:$A$1200,$A32,$H$2:$H$1200) -> 374 | N32: =IF(M32=0,"",L32/M32) -> 0.26470588 | O32: 0.26470588 | P32: =IF(OR(N32="",O32=""),"",N32-O32) -> 1.6653345e-16
... A37: WB-COP-2004-04-23 | B37: 19 | C37: 1:00 - 1:15 | D37: 60 | E37: Copalis | F37: Daylight | G37: 38100 | H37: 2 | I37: 16 | J37: =SUMIFS($H$2:$H$1200,$A$2:$A$1200,$A37,$B$2:$B$1200,"<="&$B37) -> 374 | K37: =SUMIFS($I$2:$I$1200,$A$2:$A$1200,$A37,$B$2:$B$1200,"<="&$B37) -> 368 | L37: =J37-K37 -> 6 | M37: =SUMIF($A$2:$A$1200,$A37,$H$2:$H$1200) -> 374 | N37: =IF(M37=0,"",L37/M37) -> 0.016042781 | O37: 0.016042781 | P37: =IF(OR(N37="",O37=""),"",N37-O37) -> 3.469447e-18
A38: DB-17 | B38: 0 | C38: Prior to start | E38: Copalis | F38: Evening | G38: 39765 | H38: 16 | I38: 0 | J38: =SUMIFS($H$2:$H$1200,$A$2:$A$1200,$A38,$B$2:$B$1200,"<="&$B38) -> 16 | K38: =SUMIFS($I$2:$I$1200,$A$2:$A$1200,$A38,$B$2:$B$1200,"<="&$B38) -> 0 | L38: =J38-K38 -> 16 | M38: =SUMIF($A$2:$A$1200,$A38,$H$2:$H$1200) -> 231 | N38: =IF(M38=0,"",L38/M38) -> 0.069264069 | P38: =IF(OR(N38="",O38=""),"",N38-O38) | Q38: off
A39: DB-17 | B39: 3 | C39: 3:00 - 2:45 | D39: -180 | E39: Copalis | F39: Evening | G39: 39765 | H39: 7 | I39: 3 | J39: =SUMIFS($H$2:$H$1200,$A$2:$A$1200,$A39,$B$2:$B$1200,"<="&$B39) -> 23 | K39: =SUMIFS($I$2:$I$1200,$A$2:$A$1200,$A39,$B$2:$B$1200,"<="&$B39) -> 3 | L39: =J39-K39 -> 20 | M39: =SUMIF($A$2:$A$1200,$A39,$H$2:$H$1200) -> 231 | N39: =IF(M39=0,"",L39/M39) -> 0.086580087 | P39: =IF(OR(N39="",O39=""),"",N39-O39)
A40: DB-17 | B40: 4 | C40: 2:45 - 2:30 | D40: -165 | E40: Copalis | F40: Evening | G40: 39765 | H40: 16 | I40: 2 | J40: =SUMIFS($H$2:$H$1200,$A$2:$A$1200,$A40,$B$2:$B$1200,"<="&$B40) -> 39 | K40: =SUMIFS($I$2:$I$1200,$A$2:$A$1200,$A40,$B$2:$B$1200,"<="&$B40) -> 5 | L40: =J40-K40 -> 34 | M40: =SUMIF($A$2:$A$1200,$A40,$H$2:$H$1200) -> 231 | N40: =IF(M40=0,"",L40/M40) -> 0.14718615 | P40: =IF(OR(N40="",O40=""),"",N40-O40)
A41: DB-17 | B41: 5 | C41: 2:30 - 2:15 | D41: -150 | E41: Copalis | F41: Evening | G41: 39765 | H41: 25 | I41: 0 | J41: =SUMIFS($H$2:$H$1200,$A$2:$A$1200,$A41,$B$2:$B$1200,"<="&$B41) -> 64 | K41: =SUMIFS($I$2:$I$1200,$A$2:$A$1200,$A41,$B$2:$B$1200,"<="&$B41) -> 5 | L41: =J41-K41 -> 59 | M41: =SUMIF($A$2:$A$1200,$A41,$H$2:$H$1200) -> 231 | N41: =IF(M41=0,"",L41/M41) -> 0.25541126 | P41: =IF(OR(N41="",O41=""),"",N41-O41)
A42: DB-17 | B42: 6 | C42: 2:15 - 2:00 | D42: -135 | E42: Copalis | F42: Evening | G42: 39765 | H42: 23 | I42: 7 | J42: =SUMIFS($H$2:$H$1200,$A$2:$A$1200,$A42,$B$2:$B$1200,"<="&$B42) -> 87 | K42: =SUMIFS($I$2:$I$1200,$A$2:$A$1200,$A42,$B$2:$B$1200,"<="&$B42) -> 12 | L42: =J42-K42 -> 75 | M42: =SUMIF($A$2:$A$1200,$A42,$H$2:$H$1200) -> 231 | N42: =IF(M42=0,"",L42/M42) -> 0.32467532 | P42: =IF(OR(N42="",O42=""),"",N42-O42)
A43: DB-17 | B43: 7 | C43: 2:00 - 1:45 | D43: -120 | E43: Copalis | F43: Evening | G43: 39765 | H43: 15 | I43: 9 | J43: =SUMIFS($H$2:$H$1200,$A$2:$A$1200,$A43,$B$2:$B$1200,"<="&$B43) -> 102 | K43: =SUMIFS($I$2:$I$1200,$A$2:$A$1200,$A43,$B$2:$B$1200,"<="&$B43) -> 21 | L43: =J43-K43 -> 81 | M43: =SUMIF($A$2:$A$1200,$A43,$H$2:$H$1200) -> 231 | N43: =IF(M43=0,"",L43/M43) -> 0.35064935 | P43: =IF(OR(N43="",O43=""),"",N43-O43)
A44: DB-17 | B44: 8 | C44: 1:45 - 1:30 | D44: -105 | E44: Copalis | F44: Evening | G44: 39765 | H44: 22 | I44: 25 | J44: =SUMIFS($H$2:$H$1200,$A$2:$A$1200,$A44,$B$2:$B$1200,"<="&$B44) -> 124 | K44: =SUMIFS($I$2:$I$1200,$A$2:$A$1200,$A44,$B$2:$B$1200,"<="&$B44) -> 46 | L44: =J44-K44 -> 78 | M44: =SUMIF($A$2:$A$1200,$A44,$H$2:$H$1200) -> 231 | N44: =IF(M44=0,"",L44/M44) -> 0.33766234 | P44: =IF(OR(N44="",O44=""),"",N44-O44)
A45: DB-17 | B45: 9 | C45: 1:30 - 1:15 | D45: -90 | E45: Copalis | F45: Evening | G45: 39765 | H45: 28 | I45: 25 | J45: =SUMIFS($H$2:$H$1200,$A$2:$A$1200,$A45,$B$2:$B$1200,"<="&$B45) -> 152 | K45: =SUMIFS($I$2:$I$1200,$A$2:$A$1200,$A45,$B$2:$B$1200,"<="&$B45) -> 71 | L45: =J45-K45 -> 81 | M45: =SUMIF($A$2:$A$1200,$A45,$H$2:$H$1200) -> 231 | N45: =IF(M45=0,"",L45/M45) -> 0.35064935 | P45: =IF(OR(N45="",O45=""),"",N45-O45)
A46: DB-17 | B46: 10 | C46: 1:15 - 1:00 | D46: -75 | E46: Copalis | F46: Evening | G46: 39765 | H46: 26 | I46: 26 | J46: =SUMIFS($H$2:$H$1200,$A$2:$A$1200,$A46,$B$2:$B$1200,"<="&$B46) -> 178 | K46: =SUMIFS($I$2:$I$1200,$A$2:$A$1200,$A46,$B$2:$B$1200,"<="&$B46) -> 97 | L46: =J46-K46 -> 81 | M46: =SUMIF($A$2:$A$1200,$A46,$H$2:$H$1200) -> 231 | N46: =IF(M46=0,"",L46/M46) -> 0.35064935 | P46: =IF(OR(N46="",O46=""),"",N46-O46)
A47: DB-17 | B47: 11 | C47: 1:00 - 0:45 | D47: -60 | E47: Copalis | F47: Evening | G47: 39765 | H47: 10 | I47: 23 | J47: =SUMIFS($H$2:$H$1200,$A$2:$A$1200,$A47,$B$2:$B$1200,"<="&$B47) -> 188 | K47: =SUMIFS($I$2:$I$1200,$A$2:$A$1200,$A47,$B$2:$B$1200,"<="&$B47) -> 120 | L47: =J47-K47 -> 68 | M47: =SUMIF($A$2:$A$1200,$A47,$H$2:$H$1200) -> 231 | N47: =IF(M47=0,"",L47/M47) -> 0.29437229 | P47: =IF(OR(N47="",O47=""),"",N47-O47)
A48: DB-17 | B48: 12 | C48: 0:45 - 0:30 | D48: -45 | E48: Copalis | F48: Evening | G48: 39765 | H48: 13 | I48: 19 | J48: =SUMIFS($H$2:$H$1200,$A$2:$A$1200,$A48,$B$2:$B$1200,"<="&$B48) -> 201 | K48: =SUMIFS($I$2:$I$1200,$A$2:$A$1200,$A48,$B$2:$B$1200,"<="&$B48) -> 139 | L48: =J48-K48 -> 62 | M48: =SUMIF($A$2:$A$1200,$A48,$H$2:$H$1200) -> 231 | N48: =IF(M48=0,"",L48/M48) -> 0.26839827 | P48: =IF(OR(N48="",O48=""),"",N48-O48)
A49: DB-17 | B49: 13 | C49: 0:30 - 0:15 | D49: -30 | E49: Copalis | F49: Evening | G49: 39765 | H49: 7 | I49: 16 | J49: =SUMIFS($H$2:$H$1200,$A$2:$A$1200,$A49,$B$2:$B$1200,"<="&$B49) -> 208 | K49: =SUMIFS($I$2:$I$1200,$A$2:$A$1200,$A49,$B$2:$B$1200,"<="&$B49) -> 155 | L49: =J49-K49 -> 53 | M49: =SUMIF($A$2:$A$1200,$A49,$H$2:$H$1200) -> 231 | N49: =IF(M49=0,"",L49/M49) -> 0.22943723 | P49: =IF(OR(N49="",O49=""),"",N49-O49)
A50: DB-17 | B50: 14 | C50: 0:15 - 0:00 | D50: -15 | E50: Copalis | F50: Evening | G50: 39765 | H50: 14 | I50: 24 | J50: =SUMIFS($H$2:$H$1200,$A$2:$A$1200,$A50,$B$2:$B$1200,"<="&$B50) -> 222 | K50: =SUMIFS($I$2:$I$1200,$A$2:$A$1200,$A50,$B$2:$B$1200,"<="&$B50) -> 179 | L50: =J50-K50 -> 43 | M50: =SUMIF($A$2:$A$1200,$A50,$H$2:$H$1200) -> 231 | N50: =IF(M50=0,"",L50/M50) -> 0.18614719 | P50: =IF(OR(N50="",O50=""),"",N50-O50)
... A54: DB-17 | B54: 18 | C54: 0:45 - 1:00 | D54: 45 | E54: Copalis | F54: Evening | G54: 39765 | H54: 1 | I54: 8 | J54: =SUMIFS($H$2:$H$1200,$A$2:$A$1200,$A54,$B$2:$B$1200,"<="&$B54) -> 231 | K54: =SUMIFS($I$2:$I$1200,$A$2:$A$1200,$A54,$B$2:$B$1200,"<="&$B54) -> 223 | L54: =J54-K54 -> 8 | M54: =SUMIF($A$2:$A$1200,$A54,$H$2:$H$1200) -> 231 | N54: =IF(M54=0,"",L54/M54) -> 0.034632035 | P54: =IF(OR(N54="",O54=""),"",N54-O54)
A55: WB-COP-2008-11-13 | B55: 0 | C55: Prior to start | E55: Copalis | F55: Evening | G55: 39765 | H55: 16 | I55: 0 | J55: =SUMIFS($H$2:$H$1200,$A$2:$A$1200,$A55,$B$2:$B$1200,"<="&$B55) -> 16 | K55: =SUMIFS($I$2:$I$1200,$A$2:$A$1200,$A55,$B$2:$B$1200,"<="&$B55) -> 0 | L55: =J55-K55 -> 16 | M55: =SUMIF($A$2:$A$1200,$A55,$H$2:$H$1200) -> 231 | N55: =IF(M55=0,"",L55/M55) -> 0.069264069 | O55: 0.069264069 | P55: =IF(OR(N55="",O55=""),"",N55-O55) -> -4.1633363e-17 | Q55: off
A56: WB-COP-2008-11-13 | B56: 3 | C56: 3:00 - 2:45 | D56: -180 | E56: Copalis | F56: Evening | G56: 39765 | H56: 7 | I56: 3 | J56: =SUMIFS($H$2:$H$1200,$A$2:$A$1200,$A56,$B$2:$B$1200,"<="&$B56) -> 23 | K56: =SUMIFS($I$2:$I$1200,$A$2:$A$1200,$A56,$B$2:$B$1200,"<="&$B56) -> 3 | L56: =J56-K56 -> 20 | M56: =SUMIF($A$2:$A$1200,$A56,$H$2:$H$1200) -> 231 | N56: =IF(M56=0,"",L56/M56) -> 0.086580087 | O56: 0.086580087 | P56: =IF(OR(N56="",O56=""),"",N56-O56) -> -2.7755576e-17
A57: WB-COP-2008-11-13 | B57: 4 | C57: 2:45 - 2:30 | D57: -165 | E57: Copalis | F57: Evening | G57: 39765 | H57: 16 | I57: 2 | J57: =SUMIFS($H$2:$H$1200,$A$2:$A$1200,$A57,$B$2:$B$1200,"<="&$B57) -> 39 | K57: =SUMIFS($I$2:$I$1200,$A$2:$A$1200,$A57,$B$2:$B$1200,"<="&$B57) -> 5 | L57: =J57-K57 -> 34 | M57: =SUMIF($A$2:$A$1200,$A57,$H$2:$H$1200) -> 231 | N57: =IF(M57=0,"",L57/M57) -> 0.14718615 | O57: 0.14718615 | P57: =IF(OR(N57="",O57=""),"",N57-O57) -> 1.9428903e-16
A58: WB-COP-2008-11-13 | B58: 5 | C58: 2:30 - 2:15 | D58: -150 | E58: Copalis | F58: Evening | G58: 39765 | H58: 25 | I58: 0 | J58: =SUMIFS($H$2:$H$1200,$A$2:$A$1200,$A58,$B$2:$B$1200,"<="&$B58) -> 64 | K58: =SUMIFS($I$2:$I$1200,$A$2:$A$1200,$A58,$B$2:$B$1200,"<="&$B58) -> 5 | L58: =J58-K58 -> 59 | M58: =SUMIF($A$2:$A$1200,$A58,$H$2:$H$1200) -> 231 | N58: =IF(M58=0,"",L58/M58) -> 0.25541126 | O58: 0.25541126 | P58: =IF(OR(N58="",O58=""),"",N58-O58) -> 4.4408921e-16
A59: WB-COP-2008-11-13 | B59: 6 | C59: 2:15 - 2:00 | D59: -135 | E59: Copalis | F59: Evening | G59: 39765 | H59: 23 | I59: 7 | J59: =SUMIFS($H$2:$H$1200,$A$2:$A$1200,$A59,$B$2:$B$1200,"<="&$B59) -> 87 | K59: =SUMIFS($I$2:$I$1200,$A$2:$A$1200,$A59,$B$2:$B$1200,"<="&$B59) -> 12 | L59: =J59-K59 -> 75 | M59: =SUMIF($A$2:$A$1200,$A59,$H$2:$H$1200) -> 231 | N59: =IF(M59=0,"",L59/M59) -> 0.32467532 | O59: 0.32467532 | P59: =IF(OR(N59="",O59=""),"",N59-O59) -> -3.3306691e-16
A60: WB-COP-2008-11-13 | B60: 7 | C60: 2:00 - 1:45 | D60: -120 | E60: Copalis | F60: Evening | G60: 39765 | H60: 15 | I60: 9 | J60: =SUMIFS($H$2:$H$1200,$A$2:$A$1200,$A60,$B$2:$B$1200,"<="&$B60) -> 102 | K60: =SUMIFS($I$2:$I$1200,$A$2:$A$1200,$A60,$B$2:$B$1200,"<="&$B60) -> 21 | L60: =J60-K60 -> 81 | M60: =SUMIF($A$2:$A$1200,$A60,$H$2:$H$1200) -> 231 | N60: =IF(M60=0,"",L60/M60) -> 0.35064935 | O60: 0.35064935 | P60: =IF(OR(N60="",O60=""),"",N60-O60) -> -3.3306691e-16
A61: WB-COP-2008-11-13 | B61: 8 | C61: 1:45 - 1:30 | D61: -105 | E61: Copalis | F61: Evening | G61: 39765 | H61: 22 | I61: 25 | J61: =SUMIFS($H$2:$H$1200,$A$2:$A$1200,$A61,$B$2:$B$1200,"<="&$B61) -> 124 | K61: =SUMIFS($I$2:$I$1200,$A$2:$A$1200,$A61,$B$2:$B$1200,"<="&$B61) -> 46 | L61: =J61-K61 -> 78 | M61: =SUMIF($A$2:$A$1200,$A61,$H$2:$H$1200) -> 231 | N61: =IF(M61=0,"",L61/M61) -> 0.33766234 | O61: 0.33766234 | P61: =IF(OR(N61="",O61=""),"",N61-O61) -> -3.3306691e-16
A62: WB-COP-2008-11-13 | B62: 9 | C62: 1:30 - 1:15 | D62: -90 | E62: Copalis | F62: Evening | G62: 39765 | H62: 28 | I62: 25 | J62: =SUMIFS($H$2:$H$1200,$A$2:$A$1200,$A62,$B$2:$B$1200,"<="&$B62) -> 152 | K62: =SUMIFS($I$2:$I$1200,$A$2:$A$1200,$A62,$B$2:$B$1200,"<="&$B62) -> 71 | L62: =J62-K62 -> 81 | M62: =SUMIF($A$2:$A$1200,$A62,$H$2:$H$1200) -> 231 | N62: =IF(M62=0,"",L62/M62) -> 0.35064935 | O62: 0.35064935 | P62: =IF(OR(N62="",O62=""),"",N62-O62) -> -3.3306691e-16
A63: WB-COP-2008-11-13 | B63: 10 | C63: 1:15 - 1:00 | D63: -75 | E63: Copalis | F63: Evening | G63: 39765 | H63: 26 | I63: 26 | J63: =SUMIFS($H$2:$H$1200,$A$2:$A$1200,$A63,$B$2:$B$1200,"<="&$B63) -> 178 | K63: =SUMIFS($I$2:$I$1200,$A$2:$A$1200,$A63,$B$2:$B$1200,"<="&$B63) -> 97 | L63: =J63-K63 -> 81 | M63: =SUMIF($A$2:$A$1200,$A63,$H$2:$H$1200) -> 231 | N63: =IF(M63=0,"",L63/M63) -> 0.35064935 | O63: 0.35064935 | P63: =IF(OR(N63="",O63=""),"",N63-O63) -> -3.3306691e-16
A64: WB-COP-2008-11-13 | B64: 11 | C64: 1:00 - 0:45 | D64: -60 | E64: Copalis | F64: Evening | G64: 39765 | H64: 10 | I64: 23 | J64: =SUMIFS($H$2:$H$1200,$A$2:$A$1200,$A64,$B$2:$B$1200,"<="&$B64) -> 188 | K64: =SUMIFS($I$2:$I$1200,$A$2:$A$1200,$A64,$B$2:$B$1200,"<="&$B64) -> 120 | L64: =J64-K64 -> 68 | M64: =SUMIF($A$2:$A$1200,$A64,$H$2:$H$1200) -> 231 | N64: =IF(M64=0,"",L64/M64) -> 0.29437229 | O64: 0.29437229 | P64: =IF(OR(N64="",O64=""),"",N64-O64) -> 3.8857806e-16
A65: WB-COP-2008-11-13 | B65: 12 | C65: 0:45 - 0:30 | D65: -45 | E65: Copalis | F65: Evening | G65: 39765 | H65: 13 | I65: 19 | J65: =SUMIFS($H$2:$H$1200,$A$2:$A$1200,$A65,$B$2:$B$1200,"<="&$B65) -> 201 | K65: =SUMIFS($I$2:$I$1200,$A$2:$A$1200,$A65,$B$2:$B$1200,"<="&$B65) -> 139 | L65: =J65-K65 -> 62 | M65: =SUMIF($A$2:$A$1200,$A65,$H$2:$H$1200) -> 231 | N65: =IF(M65=0,"",L65/M65) -> 0.26839827 | O65: 0.26839827 | P65: =IF(OR(N65="",O65=""),"",N65-O65) -> 3.8857806e-16
A66: WB-COP-2008-11-13 | B66: 13 | C66: 0:30 - 0:15 | D66: -30 | E66: Copalis | F66: Evening | G66: 39765 | H66: 7 | I66: 16 | J66: =SUMIFS($H$2:$H$1200,$A$2:$A$1200,$A66,$B$2:$B$1200,"<="&$B66) -> 208 | K66: =SUMIFS($I$2:$I$1200,$A$2:$A$1200,$A66,$B$2:$B$1200,"<="&$B66) -> 155 | L66: =J66-K66 -> 53 | M66: =SUMIF($A$2:$A$1200,$A66,$H$2:$H$1200) -> 231 | N66: =IF(M66=0,"",L66/M66) -> 0.22943723 | O66: 0.22943723 | P66: =IF(OR(N66="",O66=""),"",N66-O66) -> 4.4408921e-16
A67: WB-COP-2008-11-13 | B67: 14 | C67: 0:15 - 0:00 | D67: -15 | E67: Copalis | F67: Evening | G67: 39765 | H67: 14 | I67: 24 | J67: =SUMIFS($H$2:$H$1200,$A$2:$A$1200,$A67,$B$2:$B$1200,"<="&$B67) -> 222 | K67: =SUMIFS($I$2:$I$1200,$A$2:$A$1200,$A67,$B$2:$B$1200,"<="&$B67) -> 179 | L67: =J67-K67 -> 43 | M67: =SUMIF($A$2:$A$1200,$A67,$H$2:$H$1200) -> 231 | N67: =IF(M67=0,"",L67/M67) -> 0.18614719 | O67: 0.18614719 | P67: =IF(OR(N67="",O67=""),"",N67-O67) -> 1.3877788e-16
... A71: WB-COP-2008-11-13 | B71: 18 | C71: 0:45 - 1:00 | D71: 45 | E71: Copalis | F71: Evening | G71: 39765 | H71: 1 | I71: 8 | J71: =SUMIFS($H$2:$H$1200,$A$2:$A$1200,$A71,$B$2:$B$1200,"<="&$B71) -> 231 | K71: =SUMIFS($I$2:$I$1200,$A$2:$A$1200,$A71,$B$2:$B$1200,"<="&$B71) -> 223 | L71: =J71-K71 -> 8 | M71: =SUMIF($A$2:$A$1200,$A71,$H$2:$H$1200) -> 231 | N71: =IF(M71=0,"",L71/M71) -> 0.034632035 | O71: 0.034632035 | P71: =IF(OR(N71="",O71=""),"",N71-O71) -> 3.469447e-17
A72: DB-20 | B72: 0 | C72: Prior to start | E72: Copalis | F72: Evening | G72: 40459 | H72: 25 | I72: 0 | J72: =SUMIFS($H$2:$H$1200,$A$2:$A$1200,$A72,$B$2:$B$1200,"<="&$B72) -> 25 | K72: =SUMIFS($I$2:$I$1200,$A$2:$A$1200,$A72,$B$2:$B$1200,"<="&$B72) -> 0 | L72: =J72-K72 -> 25 | M72: =SUMIF($A$2:$A$1200,$A72,$H$2:$H$1200) -> 486 | N72: =IF(M72=0,"",L72/M72) -> 0.051440329 | P72: =IF(OR(N72="",O72=""),"",N72-O72)
A73: DB-20 | B73: 1 | C73: 3:30 - 3:15 | D73: -210 | E73: Copalis | F73: Evening | G73: 40459 | H73: 12 | I73: 2 | J73: =SUMIFS($H$2:$H$1200,$A$2:$A$1200,$A73,$B$2:$B$1200,"<="&$B73) -> 37 | K73: =SUMIFS($I$2:$I$1200,$A$2:$A$1200,$A73,$B$2:$B$1200,"<="&$B73) -> 2 | L73: =J73-K73 -> 35 | M73: =SUMIF($A$2:$A$1200,$A73,$H$2:$H$1200) -> 486 | N73: =IF(M73=0,"",L73/M73) -> 0.072016461 | P73: =IF(OR(N73="",O73=""),"",N73-O73)
A74: DB-20 | B74: 2 | C74: 3:15 - 3:00 | D74: -195 | E74: Copalis | F74: Evening | G74: 40459 | H74: 26 | I74: 2 | J74: =SUMIFS($H$2:$H$1200,$A$2:$A$1200,$A74,$B$2:$B$1200,"<="&$B74) -> 63 | K74: =SUMIFS($I$2:$I$1200,$A$2:$A$1200,$A74,$B$2:$B$1200,"<="&$B74) -> 4 | L74: =J74-K74 -> 59 | M74: =SUMIF($A$2:$A$1200,$A74,$H$2:$H$1200) -> 486 | N74: =IF(M74=0,"",L74/M74) -> 0.12139918 | P74: =IF(OR(N74="",O74=""),"",N74-O74)
A75: DB-20 | B75: 3 | C75: 3:00 - 2:45 | D75: -180 | E75: Copalis | F75: Evening | G75: 40459 | H75: 36 | I75: 2 | J75: =SUMIFS($H$2:$H$1200,$A$2:$A$1200,$A75,$B$2:$B$1200,"<="&$B75) -> 99 | K75: =SUMIFS($I$2:$I$1200,$A$2:$A$1200,$A75,$B$2:$B$1200,"<="&$B75) -> 6 | L75: =J75-K75 -> 93 | M75: =SUMIF($A$2:$A$1200,$A75,$H$2:$H$1200) -> 486 | N75: =IF(M75=0,"",L75/M75) -> 0.19135802 | P75: =IF(OR(N75="",O75=""),"",N75-O75)
A76: DB-20 | B76: 4 | C76: 2:45 - 2:30 | D76: -165 | E76: Copalis | F76: Evening | G76: 40459 | H76: 51 | I76: 4 | J76: =SUMIFS($H$2:$H$1200,$A$2:$A$1200,$A76,$B$2:$B$1200,"<="&$B76) -> 150 | K76: =SUMIFS($I$2:$I$1200,$A$2:$A$1200,$A76,$B$2:$B$1200,"<="&$B76) -> 10 | L76: =J76-K76 -> 140 | M76: =SUMIF($A$2:$A$1200,$A76,$H$2:$H$1200) -> 486 | N76: =IF(M76=0,"",L76/M76) -> 0.28806584 | P76: =IF(OR(N76="",O76=""),"",N76-O76)
A77: DB-20 | B77: 5 | C77: 2:30 - 2:15 | D77: -150 | E77: Copalis | F77: Evening | G77: 40459 | H77: 50 | I77: 3 | J77: =SUMIFS($H$2:$H$1200,$A$2:$A$1200,$A77,$B$2:$B$1200,"<="&$B77) -> 200 | K77: =SUMIFS($I$2:$I$1200,$A$2:$A$1200,$A77,$B$2:$B$1200,"<="&$B77) -> 13 | L77: =J77-K77 -> 187 | M77: =SUMIF($A$2:$A$1200,$A77,$H$2:$H$1200) -> 486 | N77: =IF(M77=0,"",L77/M77) -> 0.38477366 | P77: =IF(OR(N77="",O77=""),"",N77-O77)
A78: DB-20 | B78: 6 | C78: 2:15 - 2:00 | D78: -135 | E78: Copalis | F78: Evening | G78: 40459 | H78: 60 | I78: 7 | J78: =SUMIFS($H$2:$H$1200,$A$2:$A$1200,$A78,$B$2:$B$1200,"<="&$B78) -> 260 | K78: =SUMIFS($I$2:$I$1200,$A$2:$A$1200,$A78,$B$2:$B$1200,"<="&$B78) -> 20 | L78: =J78-K78 -> 240 | M78: =SUMIF($A$2:$A$1200,$A78,$H$2:$H$1200) -> 486 | N78: =IF(M78=0,"",L78/M78) -> 0.49382716 | P78: =IF(OR(N78="",O78=""),"",N78-O78)
A79: DB-20 | B79: 7 | C79: 2:00 - 1:45 | D79: -120 | E79: Copalis | F79: Evening | G79: 40459 | H79: 39 | I79: 11 | J79: =SUMIFS($H$2:$H$1200,$A$2:$A$1200,$A79,$B$2:$B$1200,"<="&$B79) -> 299 | K79: =SUMIFS($I$2:$I$1200,$A$2:$A$1200,$A79,$B$2:$B$1200,"<="&$B79) -> 31 | L79: =J79-K79 -> 268 | M79: =SUMIF($A$2:$A$1200,$A79,$H$2:$H$1200) -> 486 | N79: =IF(M79=0,"",L79/M79) -> 0.55144033 | P79: =IF(OR(N79="",O79=""),"",N79-O79)
A80: DB-20 | B80: 8 | C80: 1:45 - 1:30 | D80: -105 | E80: Copalis | F80: Evening | G80: 40459 | H80: 33 | I80: 22 | J80: =SUMIFS($H$2:$H$1200,$A$2:$A$1200,$A80,$B$2:$B$1200,"<="&$B80) -> 332 | K80: =SUMIFS($I$2:$I$1200,$A$2:$A$1200,$A80,$B$2:$B$1200,"<="&$B80) -> 53 | L80: =J80-K80 -> 279 | M80: =SUMIF($A$2:$A$1200,$A80,$H$2:$H$1200) -> 486 | N80: =IF(M80=0,"",L80/M80) -> 0.57407407 | P80: =IF(OR(N80="",O80=""),"",N80-O80)
A81: DB-20 | B81: 9 | C81: 1:30 - 1:15 | D81: -90 | E81: Copalis | F81: Evening | G81: 40459 | H81: 34 | I81: 39 | J81: =SUMIFS($H$2:$H$1200,$A$2:$A$1200,$A81,$B$2:$B$1200,"<="&$B81) -> 366 | K81: =SUMIFS($I$2:$I$1200,$A$2:$A$1200,$A81,$B$2:$B$1200,"<="&$B81) -> 92 | L81: =J81-K81 -> 274 | M81: =SUMIF($A$2:$A$1200,$A81,$H$2:$H$1200) -> 486 | N81: =IF(M81=0,"",L81/M81) -> 0.56378601 | P81: =IF(OR(N81="",O81=""),"",N81-O81)
A82: DB-20 | B82: 10 | C82: 1:15 - 1:00 | D82: -75 | E82: Copalis | F82: Evening | G82: 40459 | H82: 35 | I82: 33 | J82: =SUMIFS($H$2:$H$1200,$A$2:$A$1200,$A82,$B$2:$B$1200,"<="&$B82) -> 401 | K82: =SUMIFS($I$2:$I$1200,$A$2:$A$1200,$A82,$B$2:$B$1200,"<="&$B82) -> 125 | L82: =J82-K82 -> 276 | M82: =SUMIF($A$2:$A$1200,$A82,$H$2:$H$1200) -> 486 | N82: =IF(M82=0,"",L82/M82) -> 0.56790123 | P82: =IF(OR(N82="",O82=""),"",N82-O82)
A83: DB-20 | B83: 11 | C83: 1:00 - 0:45 | D83: -60 | E83: Copalis | F83: Evening | G83: 40459 | H83: 20 | I83: 67 | J83: =SUMIFS($H$2:$H$1200,$A$2:$A$1200,$A83,$B$2:$B$1200,"<="&$B83) -> 421 | K83: =SUMIFS($I$2:$I$1200,$A$2:$A$1200,$A83,$B$2:$B$1200,"<="&$B83) -> 192 | L83: =J83-K83 -> 229 | M83: =SUMIF($A$2:$A$1200,$A83,$H$2:$H$1200) -> 486 | N83: =IF(M83=0,"",L83/M83) -> 0.47119342 | P83: =IF(OR(N83="",O83=""),"",N83-O83)
A84: DB-20 | B84: 12 | C84: 0:45 - 0:30 | D84: -45 | E84: Copalis | F84: Evening | G84: 40459 | H84: 19 | I84: 75 | J84: =SUMIFS($H$2:$H$1200,$A$2:$A$1200,$A84,$B$2:$B$1200,"<="&$B84) -> 440 | K84: =SUMIFS($I$2:$I$1200,$A$2:$A$1200,$A84,$B$2:$B$1200,"<="&$B84) -> 267 | L84: =J84-K84 -> 173 | M84: =SUMIF($A$2:$A$1200,$A84,$H$2:$H$1200) -> 486 | N84: =IF(M84=0,"",L84/M84) -> 0.35596708 | P84: =IF(OR(N84="",O84=""),"",N84-O84)
... A90: DB-20 | B90: 18 | C90: 0:45 - 1:00 | D90: 45 | E90: Copalis | F90: Evening | G90: 40459 | H90: 4 | I90: 18 | J90: =SUMIFS($H$2:$H$1200,$A$2:$A$1200,$A90,$B$2:$B$1200,"<="&$B90) -> 486 | K90: =SUMIFS($I$2:$I$1200,$A$2:$A$1200,$A90,$B$2:$B$1200,"<="&$B90) -> 447 | L90: =J90-K90 -> 39 | M90: =SUMIF($A$2:$A$1200,$A90,$H$2:$H$1200) -> 486 | N90: =IF(M90=0,"",L90/M90) -> 0.080246914 | P90: =IF(OR(N90="",O90=""),"",N90-O90)
A91: DB-19 | B91: 0 | C91: Prior to start | E91: Copalis | F91: Daylight | G91: 40655 | H91: 2 | I91: 0 | J91: =SUMIFS($H$2:$H$1200,$A$2:$A$1200,$A91,$B$2:$B$1200,"<="&$B91) -> 2 | K91: =SUMIFS($I$2:$I$1200,$A$2:$A$1200,$A91,$B$2:$B$1200,"<="&$B91) -> 0 | L91: =J91-K91 -> 2 | M91: =SUMIF($A$2:$A$1200,$A91,$H$2:$H$1200) -> 393 | N91: =IF(M91=0,"",L91/M91) -> 0.0050890585 | P91: =IF(OR(N91="",O91=""),"",N91-O91)
A92: DB-19 | B92: 3 | C92: 3:00 - 2:45 | D92: -180 | E92: Copalis | F92: Daylight | G92: 40655 | H92: 3 | I92: 0 | J92: =SUMIFS($H$2:$H$1200,$A$2:$A$1200,$A92,$B$2:$B$1200,"<="&$B92) -> 5 | K92: =SUMIFS($I$2:$I$1200,$A$2:$A$1200,$A92,$B$2:$B$1200,"<="&$B92) -> 0 | L92: =J92-K92 -> 5 | M92: =SUMIF($A$2:$A$1200,$A92,$H$2:$H$1200) -> 393 | N92: =IF(M92=0,"",L92/M92) -> 0.012722646 | P92: =IF(OR(N92="",O92=""),"",N92-O92)
A93: DB-19 | B93: 4 | C93: 2:45 - 2:30 | D93: -165 | E93: Copalis | F93: Daylight | G93: 40655 | H93: 4 | I93: 1 | J93: =SUMIFS($H$2:$H$1200,$A$2:$A$1200,$A93,$B$2:$B$1200,"<="&$B93) -> 9 | K93: =SUMIFS($I$2:$I$1200,$A$2:$A$1200,$A93,$B$2:$B$1200,"<="&$B93) -> 1 | L93: =J93-K93 -> 8 | M93: =SUMIF($A$2:$A$1200,$A93,$H$2:$H$1200) -> 393 | N93: =IF(M93=0,"",L93/M93) -> 0.020356234 | P93: =IF(OR(N93="",O93=""),"",N93-O93)
A94: DB-19 | B94: 5 | C94: 2:30 - 2:15 | D94: -150 | E94: Copalis | F94: Daylight | G94: 40655 | H94: 37 | I94: 4 | J94: =SUMIFS($H$2:$H$1200,$A$2:$A$1200,$A94,$B$2:$B$1200,"<="&$B94) -> 46 | K94: =SUMIFS($I$2:$I$1200,$A$2:$A$1200,$A94,$B$2:$B$1200,"<="&$B94) -> 5 | L94: =J94-K94 -> 41 | M94: =SUMIF($A$2:$A$1200,$A94,$H$2:$H$1200) -> 393 | N94: =IF(M94=0,"",L94/M94) -> 0.1043257 | P94: =IF(OR(N94="",O94=""),"",N94-O94)
A95: DB-19 | B95: 6 | C95: 2:15 - 2:00 | D95: -135 | E95: Copalis | F95: Daylight | G95: 40655 | H95: 46 | I95: 4 | J95: =SUMIFS($H$2:$H$1200,$A$2:$A$1200,$A95,$B$2:$B$1200,"<="&$B95) -> 92 | K95: =SUMIFS($I$2:$I$1200,$A$2:$A$1200,$A95,$B$2:$B$1200,"<="&$B95) -> 9 | L95: =J95-K95 -> 83 | M95: =SUMIF($A$2:$A$1200,$A95,$H$2:$H$1200) -> 393 | N95: =IF(M95=0,"",L95/M95) -> 0.21119593 | P95: =IF(OR(N95="",O95=""),"",N95-O95)
A96: DB-19 | B96: 7 | C96: 2:00 - 1:45 | D96: -120 | E96: Copalis | F96: Daylight | G96: 40655 | H96: 44 | I96: 4 | J96: =SUMIFS($H$2:$H$1200,$A$2:$A$1200,$A96,$B$2:$B$1200,"<="&$B96) -> 136 | K96: =SUMIFS($I$2:$I$1200,$A$2:$A$1200,$A96,$B$2:$B$1200,"<="&$B96) -> 13 | L96: =J96-K96 -> 123 | M96: =SUMIF($A$2:$A$1200,$A96,$H$2:$H$1200) -> 393 | N96: =IF(M96=0,"",L96/M96) -> 0.3129771 | P96: =IF(OR(N96="",O96=""),"",N96-O96)
A97: DB-19 | B97: 8 | C97: 1:45 - 1:30 | D97: -105 | E97: Copalis | F97: Daylight | G97: 40655 | H97: 61 | I97: 11 | J97: =SUMIFS($H$2:$H$1200,$A$2:$A$1200,$A97,$B$2:$B$1200,"<="&$B97) -> 197 | K97: =SUMIFS($I$2:$I$1200,$A$2:$A$1200,$A97,$B$2:$B$1200,"<="&$B97) -> 24 | L97: =J97-K97 -> 173 | M97: =SUMIF($A$2:$A$1200,$A97,$H$2:$H$1200) -> 393 | N97: =IF(M97=0,"",L97/M97) -> 0.44020356 | P97: =IF(OR(N97="",O97=""),"",N97-O97)
A98: DB-19 | B98: 9 | C98: 1:30 - 1:15 | D98: -90 | E98: Copalis | F98: Daylight | G98: 40655 | H98: 48 | I98: 9 | J98: =SUMIFS($H$2:$H$1200,$A$2:$A$1200,$A98,$B$2:$B$1200,"<="&$B98) -> 245 | K98: =SUMIFS($I$2:$I$1200,$A$2:$A$1200,$A98,$B$2:$B$1200,"<="&$B98) -> 33 | L98: =J98-K98 -> 212 | M98: =SUMIF($A$2:$A$1200,$A98,$H$2:$H$1200) -> 393 | N98: =IF(M98=0,"",L98/M98) -> 0.5394402 | P98: =IF(OR(N98="",O98=""),"",N98-O98)
A99: DB-19 | B99: 10 | C99: 1:15 - 1:00 | D99: -75 | E99: Copalis | F99: Daylight | G99: 40655 | H99: 42 | I99: 19 | J99: =SUMIFS($H$2:$H$1200,$A$2:$A$1200,$A99,$B$2:$B$1200,"<="&$B99) -> 287 | K99: =SUMIFS($I$2:$I$1200,$A$2:$A$1200,$A99,$B$2:$B$1200,"<="&$B99) -> 52 | L99: =J99-K99 -> 235 | M99: =SUMIF($A$2:$A$1200,$A99,$H$2:$H$1200) -> 393 | N99: =IF(M99=0,"",L99/M99) -> 0.59796438 | P99: =IF(OR(N99="",O99=""),"",N99-O99)
A100: DB-19 | B100: 11 | C100: 1:00 - 0:45 | D100: -60 | E100: Copalis | F100: Daylight | G100: 40655 | H100: 38 | I100: 13 | J100: =SUMIFS($H$2:$H$1200,$A$2:$A$1200,$A100,$B$2:$B$1200,"<="&$B100) -> 325 | K100: =SUMIFS($I$2:$I$1200,$A$2:$A$1200,$A100,$B$2:$B$1200,"<="&$B100) -> 65 | L100: =J100-K100 -> 260 | M100: =SUMIF($A$2:$A$1200,$A100,$H$2:$H$1200) -> 393 | N100: =IF(M100=0,"",L100/M100) -> 0.66157761 | P100: =IF(OR(N100="",O100=""),"",N100-O100)
A101: DB-19 | B101: 12 | C101: 0:45 - 0:30 | D101: -45 | E101: Copalis | F101: Daylight | G101: 40655 | H101: 18 | I101: 50 | J101: =SUMIFS($H$2:$H$1200,$A$2:$A$1200,$A101,$B$2:$B$1200,"<="&$B101) -> 343 | K101: =SUMIFS($I$2:$I$1200,$A$2:$A$1200,$A101,$B$2:$B$1200,"<="&$B101) -> 115 | L101: =J101-K101 -> 228 | M101: =SUMIF($A$2:$A$1200,$A101,$H$2:$H$1200) -> 393 | N101: =IF(M101=0,"",L101/M101) -> 0.58015267 | P101: =IF(OR(N101="",O101=""),"",N101-O101)
A102: DB-19 | B102: 13 | C102: 0:30 - 0:15 | D102: -30 | E102: Copalis | F102: Daylight | G102: 40655 | H102: 16 | I102: 41 | J102: =SUMIFS($H$2:$H$1200,$A$2:$A$1200,$A102,$B$2:$B$1200,"<="&$B102) -> 359 | K102: =SUMIFS($I$2:$I$1200,$A$2:$A$1200,$A102,$B$2:$B$1200,"<="&$B102) -> 156 | L102: =J102-K102 -> 203 | M102: =SUMIF($A$2:$A$1200,$A102,$H$2:$H$1200) -> 393 | N102: =IF(M102=0,"",L102/M102) -> 0.51653944 | P102: =IF(OR(N102="",O102=""),"",N102-O102)
A103: DB-19 | B103: 14 | C103: 0:15 - 0:00 | D103: -15 | E103: Copalis | F103: Daylight | G103: 40655 | H103: 18 | I103: 46 | J103: =SUMIFS($H$2:$H$1200,$A$2:$A$1200,$A103,$B$2:$B$1200,"<="&$B103) -> 377 | K103: =SUMIFS($I$2:$I$1200,$A$2:$A$1200,$A103,$B$2:$B$1200,"<="&$B103) -> 202 | L103: =J103-K103 -> 175 | M103: =SUMIF($A$2:$A$1200,$A103,$H$2:$H$1200) -> 393 | N103: =IF(M103=0,"",L103/M103) -> 0.44529262 | P103: =IF(OR(N103="",O103=""),"",N103-O103)
... A107: DB-19 | B107: 18 | C107: 0:45 - 1:00 | D107: 45 | E107: Copalis | F107: Daylight | G107: 40655 | H107: 3 | I107: 21 | J107: =SUMIFS($H$2:$H$1200,$A$2:$A$1200,$A107,$B$2:$B$1200,"<="&$B107) -> 393 | K107: =SUMIFS($I$2:$I$1200,$A$2:$A$1200,$A107,$B$2:$B$1200,"<="&$B107) -> 336 | L107: =J107-K107 -> 57 | M107: =SUMIF($A$2:$A$1200,$A107,$H$2:$H$1200) -> 393 | N107: =IF(M107=0,"",L107/M107) -> 0.14503817 | P107: =IF(OR(N107="",O107=""),"",N107-O107)
A108: WB-COP-2022-04-02 | B108: 0 | C108: Prior to start | E108: Copalis | F108: Daylight | G108: 44653 | H108: 0 | I108: 0 | J108: =SUMIFS($H$2:$H$1200,$A$2:$A$1200,$A108,$B$2:$B$1200,"<="&$B108) -> 0 | K108: =SUMIFS($I$2:$I$1200,$A$2:$A$1200,$A108,$B$2:$B$1200,"<="&$B108) -> 0 | L108: =J108-K108 -> 0 | M108: =SUMIF($A$2:$A$1200,$A108,$H$2:$H$1200) -> 426 | N108: =IF(M108=0,"",L108/M108) -> 0 | O108: 0 | P108: =IF(OR(N108="",O108=""),"",N108-O108) -> 0
A109: WB-COP-2022-04-02 | B109: 3 | C109: 3:00 - 2:45 | D109: -180 | E109: Copalis | F109: Daylight | G109: 44653 | H109: 3 | I109: 0 | J109: =SUMIFS($H$2:$H$1200,$A$2:$A$1200,$A109,$B$2:$B$1200,"<="&$B109) -> 3 | K109: =SUMIFS($I$2:$I$1200,$A$2:$A$1200,$A109,$B$2:$B$1200,"<="&$B109) -> 0 | L109: =J109-K109 -> 3 | M109: =SUMIF($A$2:$A$1200,$A109,$H$2:$H$1200) -> 426 | N109: =IF(M109=0,"",L109/M109) -> 0.0070422535 | O109: 0.0070422535 | P109: =IF(OR(N109="",O109=""),"",N109-O109) -> 8.6736174e-19
A110: WB-COP-2022-04-02 | B110: 4 | C110: 2:45 - 2:30 | D110: -165 | E110: Copalis | F110: Daylight | G110: 44653 | H110: 4 | I110: 0 | J110: =SUMIFS($H$2:$H$1200,$A$2:$A$1200,$A110,$B$2:$B$1200,"<="&$B110) -> 7 | K110: =SUMIFS($I$2:$I$1200,$A$2:$A$1200,$A110,$B$2:$B$1200,"<="&$B110) -> 0 | L110: =J110-K110 -> 7 | M110: =SUMIF($A$2:$A$1200,$A110,$H$2:$H$1200) -> 426 | N110: =IF(M110=0,"",L110/M110) -> 0.016431925 | O110: 0.016431925 | P110: =IF(OR(N110="",O110=""),"",N110-O110) -> 1.0408341e-17
A111: WB-COP-2022-04-02 | B111: 5 | C111: 2:30 - 2:15 | D111: -150 | E111: Copalis | F111: Daylight | G111: 44653 | H111: 15 | I111: 0 | J111: =SUMIFS($H$2:$H$1200,$A$2:$A$1200,$A111,$B$2:$B$1200,"<="&$B111) -> 22 | K111: =SUMIFS($I$2:$I$1200,$A$2:$A$1200,$A111,$B$2:$B$1200,"<="&$B111) -> 0 | L111: =J111-K111 -> 22 | M111: =SUMIF($A$2:$A$1200,$A111,$H$2:$H$1200) -> 426 | N111: =IF(M111=0,"",L111/M111) -> 0.051643192 | O111: 0.051643192 | P111: =IF(OR(N111="",O111=""),"",N111-O111) -> 1.3877788e-17
A112: WB-COP-2022-04-02 | B112: 6 | C112: 2:15 - 2:00 | D112: -135 | E112: Copalis | F112: Daylight | G112: 44653 | H112: 10 | I112: 1 | J112: =SUMIFS($H$2:$H$1200,$A$2:$A$1200,$A112,$B$2:$B$1200,"<="&$B112) -> 32 | K112: =SUMIFS($I$2:$I$1200,$A$2:$A$1200,$A112,$B$2:$B$1200,"<="&$B112) -> 1 | L112: =J112-K112 -> 31 | M112: =SUMIF($A$2:$A$1200,$A112,$H$2:$H$1200) -> 426 | N112: =IF(M112=0,"",L112/M112) -> 0.072769953 | O112: 0.072769953 | P112: =IF(OR(N112="",O112=""),"",N112-O112) -> -1.3877788e-17
A113: WB-COP-2022-04-02 | B113: 7 | C113: 2:00 - 1:45 | D113: -120 | E113: Copalis | F113: Daylight | G113: 44653 | H113: 26 | I113: 1 | J113: =SUMIFS($H$2:$H$1200,$A$2:$A$1200,$A113,$B$2:$B$1200,"<="&$B113) -> 58 | K113: =SUMIFS($I$2:$I$1200,$A$2:$A$1200,$A113,$B$2:$B$1200,"<="&$B113) -> 2 | L113: =J113-K113 -> 56 | M113: =SUMIF($A$2:$A$1200,$A113,$H$2:$H$1200) -> 426 | N113: =IF(M113=0,"",L113/M113) -> 0.1314554 | O113: 0.1314554 | P113: =IF(OR(N113="",O113=""),"",N113-O113) -> -1.3877788e-16
A114: WB-COP-2022-04-02 | B114: 8 | C114: 1:45 - 1:30 | D114: -105 | E114: Copalis | F114: Daylight | G114: 44653 | H114: 51 | I114: 0 | J114: =SUMIFS($H$2:$H$1200,$A$2:$A$1200,$A114,$B$2:$B$1200,"<="&$B114) -> 109 | K114: =SUMIFS($I$2:$I$1200,$A$2:$A$1200,$A114,$B$2:$B$1200,"<="&$B114) -> 2 | L114: =J114-K114 -> 107 | M114: =SUMIF($A$2:$A$1200,$A114,$H$2:$H$1200) -> 426 | N114: =IF(M114=0,"",L114/M114) -> 0.25117371 | O114: 0.25117371 | P114: =IF(OR(N114="",O114=""),"",N114-O114) -> -1.6653345e-16
A115: WB-COP-2022-04-02 | B115: 9 | C115: 1:30 - 1:15 | D115: -90 | E115: Copalis | F115: Daylight | G115: 44653 | H115: 59 | I115: 3 | J115: =SUMIFS($H$2:$H$1200,$A$2:$A$1200,$A115,$B$2:$B$1200,"<="&$B115) -> 168 | K115: =SUMIFS($I$2:$I$1200,$A$2:$A$1200,$A115,$B$2:$B$1200,"<="&$B115) -> 5 | L115: =J115-K115 -> 163 | M115: =SUMIF($A$2:$A$1200,$A115,$H$2:$H$1200) -> 426 | N115: =IF(M115=0,"",L115/M115) -> 0.38262911 | O115: 0.38262911 | P115: =IF(OR(N115="",O115=""),"",N115-O115) -> -3.3306691e-16
A116: WB-COP-2022-04-02 | B116: 10 | C116: 1:15 - 1:00 | D116: -75 | E116: Copalis | F116: Daylight | G116: 44653 | H116: 74 | I116: 4 | J116: =SUMIFS($H$2:$H$1200,$A$2:$A$1200,$A116,$B$2:$B$1200,"<="&$B116) -> 242 | K116: =SUMIFS($I$2:$I$1200,$A$2:$A$1200,$A116,$B$2:$B$1200,"<="&$B116) -> 9 | L116: =J116-K116 -> 233 | M116: =SUMIF($A$2:$A$1200,$A116,$H$2:$H$1200) -> 426 | N116: =IF(M116=0,"",L116/M116) -> 0.54694836 | O116: 0.54694836 | P116: =IF(OR(N116="",O116=""),"",N116-O116) -> -2.220446e-16
A117: WB-COP-2022-04-02 | B117: 11 | C117: 1:00 - 0:45 | D117: -60 | E117: Copalis | F117: Daylight | G117: 44653 | H117: 64 | I117: 17 | J117: =SUMIFS($H$2:$H$1200,$A$2:$A$1200,$A117,$B$2:$B$1200,"<="&$B117) -> 306 | K117: =SUMIFS($I$2:$I$1200,$A$2:$A$1200,$A117,$B$2:$B$1200,"<="&$B117) -> 26 | L117: =J117-K117 -> 280 | M117: =SUMIF($A$2:$A$1200,$A117,$H$2:$H$1200) -> 426 | N117: =IF(M117=0,"",L117/M117) -> 0.657277 | O117: 0.657277 | P117: =IF(OR(N117="",O117=""),"",N117-O117) -> 3.3306691e-16
A118: WB-COP-2022-04-02 | B118: 12 | C118: 0:45 - 0:30 | D118: -45 | E118: Copalis | F118: Daylight | G118: 44653 | H118: 47 | I118: 34 | J118: =SUMIFS($H$2:$H$1200,$A$2:$A$1200,$A118,$B$2:$B$1200,"<="&$B118) -> 353 | K118: =SUMIFS($I$2:$I$1200,$A$2:$A$1200,$A118,$B$2:$B$1200,"<="&$B118) -> 60 | L118: =J118-K118 -> 293 | M118: =SUMIF($A$2:$A$1200,$A118,$H$2:$H$1200) -> 426 | N118: =IF(M118=0,"",L118/M118) -> 0.68779343 | O118: 0.68779343 | P118: =IF(OR(N118="",O118=""),"",N118-O118) -> 0
A119: WB-COP-2022-04-02 | B119: 13 | C119: 0:30 - 0:15 | D119: -30 | E119: Copalis | F119: Daylight | G119: 44653 | H119: 18 | I119: 37 | J119: =SUMIFS($H$2:$H$1200,$A$2:$A$1200,$A119,$B$2:$B$1200,"<="&$B119) -> 371 | K119: =SUMIFS($I$2:$I$1200,$A$2:$A$1200,$A119,$B$2:$B$1200,"<="&$B119) -> 97 | L119: =J119-K119 -> 274 | M119: =SUMIF($A$2:$A$1200,$A119,$H$2:$H$1200) -> 426 | N119: =IF(M119=0,"",L119/M119) -> 0.64319249 | O119: 0.64319249 | P119: =IF(OR(N119="",O119=""),"",N119-O119) -> -2.220446e-16
A120: WB-COP-2022-04-02 | B120: 14 | C120: 0:15 - 0:00 | D120: -15 | E120: Copalis | F120: Daylight | G120: 44653 | H120: 14 | I120: 49 | J120: =SUMIFS($H$2:$H$1200,$A$2:$A$1200,$A120,$B$2:$B$1200,"<="&$B120) -> 385 | K120: =SUMIFS($I$2:$I$1200,$A$2:$A$1200,$A120,$B$2:$B$1200,"<="&$B120) -> 146 | L120: =J120-K120 -> 239 | M120: =SUMIF($A$2:$A$1200,$A120,$H$2:$H$1200) -> 426 | N120: =IF(M120=0,"",L120/M120) -> 0.56103286 | O120: 0.56103286 | P120: =IF(OR(N120="",O120=""),"",N120-O120) -> 2.220446e-16
... A124: WB-COP-2022-04-02 | B124: 18 | C124: 0:45 - 1:00 | D124: 45 | E124: Copalis | F124: Daylight | G124: 44653 | H124: 7 | I124: 21 | J124: =SUMIFS($H$2:$H$1200,$A$2:$A$1200,$A124,$B$2:$B$1200,"<="&$B124) -> 426 | K124: =SUMIFS($I$2:$I$1200,$A$2:$A$1200,$A124,$B$2:$B$1200,"<="&$B124) -> 301 | L124: =J124-K124 -> 125 | M124: =SUMIF($A$2:$A$1200,$A124,$H$2:$H$1200) -> 426 | N124: =IF(M124=0,"",L124/M124) -> 0.29342723 | O124: 0.29342723 | P124: =IF(OR(N124="",O124=""),"",N124-O124) -> 3.8857806e-16
A125: WB-COP-2023-04-24 | B125: 0 | C125: Prior to start | E125: Copalis | F125: Daylight | G125: 45040 | H125: 3 | I125: 0 | J125: =SUMIFS($H$2:$H$1200,$A$2:$A$1200,$A125,$B$2:$B$1200,"<="&$B125) -> 3 | K125: =SUMIFS($I$2:$I$1200,$A$2:$A$1200,$A125,$B$2:$B$1200,"<="&$B125) -> 0 | L125: =J125-K125 -> 3 | M125: =SUMIF($A$2:$A$1200,$A125,$H$2:$H$1200) -> 212 | N125: =IF(M125=0,"",L125/M125) -> 0.014150943 | O125: 0.014150943 | P125: =IF(OR(N125="",O125=""),"",N125-O125) -> 1.5612511e-17
...

Sheet Pct_Available_Matrix
D1: Copalis | E1: Copalis | F1: Copalis | G1: Copalis | H1: Copalis | I1: Copalis | J1: Copalis | K1: Copalis | L1: Longbeach | M1: Longbeach | N1: Longbeach | O1: Longbeach | P1: Longbeach | Q1: Longbeach | R1: Longbeach | S1: Longbeach | T1: Longbeach | U1: Mocrocks | V1: Mocrocks | W1: Mocrocks | X1: Mocrocks | Y1: Mocrocks | Z1: Mocrocks | AA1: Mocrocks | AB1: Mocrocks | AC1: Mocrocks | AD1: Mocrocks | AE1: Mocrocks | AF1: Mocrocks | AG1: Mocrocks | AH1: Mocrocks | AI1: Twin Harbors | AJ1: Twin Harbors | AK1: Twin Harbors | AL1: Twin Harbors | AM1: Twin Harbors | AN1: Twin Harbors | AO1: Twin Harbors | AP1: Twin Harbors | AQ1: Twin Harbors | AR1: Twin Harbors | AS1: Twin Harbors | AT1: Twin Harbors | AU1: Twin Harbors
D2: 2004-04-23 Day [excl] | E2: 2004-04-23 Day | F2: 2008-11-13 Eve [excl] | G2: 2008-11-13 Eve | H2: 2010-10-08 Eve | I2: 2011-04-22 Day | J2: 2022-04-02 Day | K2: 2023-04-24 Day | L2: 1990-05-11 Eve [excl] | M2: 1998-03-27 Eve | N2: 2004-04-22 Day [excl] | O2: 2004-04-22 Day | P2: 2004-04-23 Day [excl] | Q2: 2004-04-23 Day | R2: 2009-01-10 Eve | S2: 2011-01-21 Eve | T2: 2011-04-19 Day | U2: 1998-04-01 Day | V2: 1998-04-01 Day [excl] | W2: 1998-04-01 Day [excl] | X2: 1998-04-01 Day [excl] | Y2: 2004-04-24 Day [excl] | Z2: 2004-04-24 Day | AA2: 2006-11-04 Eve [excl] | AB2: 2006-11-04 Eve | AC2: 2008-11-13 Eve [excl] | AD2: 2008-11-13 Eve | AE2: 2010-10-09 Eve | AF2: 2011-04-21 Day | AG2: 2022-04-03 Day | AH2: 2023-04-25 Day | AI2: 1998-03-31 Day | AJ2: 1998-03-31 Day [excl] | AK2: 1998-03-31 Day [excl] | AL2: 1998-03-31 Day [excl] | AM2: 1998-03-31 Day [excl] | AN2: 1998-03-31 Day [excl] | AO2: 2004-04-21 Day [excl] | AP2: 2004-04-21 Day | AQ2: 2010-04-27 Day | AR2: 2011-01-22 Eve | AS2: 2011-02-17 Eve | AT2: 2011-04-07 Day | AU2: 2011-04-20 Day
A3: bin_ord | B3: bin | C3: min_from_low | D3: DB-18 | E3: WB-COP-2004-04-23 | F3: DB-17 | G3: WB-COP-2008-11-13 | H3: DB-20 | I3: DB-19 | J3: WB-COP-2022-04-02 | K3: WB-COP-2023-04-24 | L3: WB-LB-1990-05-11 | M3: WB-LB-1998-03-27 | N3: DB-08 | O3: WB-LB-2004-04-22 | P3: DB-06 | Q3: WB-LB-2004-04-23 | R3: DB-09 | S3: DB-07 | T3: DB-10 | U3: WB-MOC-1998-04-01 | V3: WB-MOC-1998-04-01-MOCLIPS | W3: WB-MOC-1998-04-01-ROOSEVELT | X3: WB-MOC-1998-04-01-TRESTLE | Y3: DB-01 | Z3: WB-MOC-2004-04-24 | AA3: DB-02 | AB3: WB-MOC-2006-11-04 | AC3: DB-03 | AD3: WB-MOC-2008-11-13 | AE3: DB-04 | AF3: DB-05 | AG3: WB-MOC-2022-04-03 | AH3: WB-MOC-2023-04-25 | AI3: WB-TH-1998-03-31 | AJ3: WB-TH-1998-03-31-BONGE | AK3: WB-TH-1998-03-31-COUNTY_LINE | AL3: WB-TH-1998-03-31-GRAYLAND | AM3: WB-TH-1998-03-31-MIDWAY | AN3: WB-TH-1998-03-31-NORTH_COVE | AO3: DB-12 | AP3: WB-TH-2004-04-21 | AQ3: DB-13 | AR3: DB-16 | AS3: DB-15 | AT3: DB-14 | AU3: DB-11
A4: 0 | B4: Prior to start | D4: =IFERROR(INDEX(Survey_Counts!$N$2:$N$743,MATCH(1,INDEX((Survey_Counts!$A$2:$A$743=D$3)*(Survey_Counts!$B$2:$B$743=$A4),0),0)),"") -> 0.026737968 | E4: =IFERROR(INDEX(Survey_Counts!$N$2:$N$743,MATCH(1,INDEX((Survey_Counts!$A$2:$A$743=E$3)*(Survey_Counts!$B$2:$B$743=$A4),0),0)),"") -> 0.026737968 | F4: =IFERROR(INDEX(Survey_Counts!$N$2:$N$743,MATCH(1,INDEX((Survey_Counts!$A$2:$A$743=F$3)*(Survey_Counts!$B$2:$B$743=$A4),0),0)),"") -> 0.069264069 | G4: =IFERROR(INDEX(Survey_Counts!$N$2:$N$743,MATCH(1,INDEX((Survey_Counts!$A$2:$A$743=G$3)*(Survey_Counts!$B$2:$B$743=$A4),0),0)),"") -> 0.069264069 | H4: =IFERROR(INDEX(Survey_Counts!$N$2:$N$743,MATCH(1,INDEX((Survey_Counts!$A$2:$A$743=H$3)*(Survey_Counts!$B$2:$B$743=$A4),0),0)),"") -> 0.051440329 | I4: =IFERROR(INDEX(Survey_Counts!$N$2:$N$743,MATCH(1,INDEX((Survey_Counts!$A$2:$A$743=I$3)*(Survey_Counts!$B$2:$B$743=$A4),0),0)),"") -> 0.0050890585 | J4: =IFERROR(INDEX(Survey_Counts!$N$2:$N$743,MATCH(1,INDEX((Survey_Counts!$A$2:$A$743=J$3)*(Survey_Counts!$B$2:$B$743=$A4),0),0)),"") -> 0 | K4: =IFERROR(INDEX(Survey_Counts!$N$2:$N$743,MATCH(1,INDEX((Survey_Counts!$A$2:$A$743=K$3)*(Survey_Counts!$B$2:$B$743=$A4),0),0)),"") -> 0.014150943 | ... AU4: =IFERROR(INDEX(Survey_Counts!$N$2:$N$743,MATCH(1,INDEX((Survey_Counts!$A$2:$A$743=AU$3)*(Survey_Counts!$B$2:$B$743=$A4),0),0)),"") -> 0.0025445293
A5: 1 | B5: 3:30 - 3:15 | C5: -210 | D5: =IFERROR(INDEX(Survey_Counts!$N$2:$N$743,MATCH(1,INDEX((Survey_Counts!$A$2:$A$743=D$3)*(Survey_Counts!$B$2:$B$743=$A5),0),0)),"") | E5: =IFERROR(INDEX(Survey_Counts!$N$2:$N$743,MATCH(1,INDEX((Survey_Counts!$A$2:$A$743=E$3)*(Survey_Counts!$B$2:$B$743=$A5),0),0)),"") | F5: =IFERROR(INDEX(Survey_Counts!$N$2:$N$743,MATCH(1,INDEX((Survey_Counts!$A$2:$A$743=F$3)*(Survey_Counts!$B$2:$B$743=$A5),0),0)),"") | G5: =IFERROR(INDEX(Survey_Counts!$N$2:$N$743,MATCH(1,INDEX((Survey_Counts!$A$2:$A$743=G$3)*(Survey_Counts!$B$2:$B$743=$A5),0),0)),"") | H5: =IFERROR(INDEX(Survey_Counts!$N$2:$N$743,MATCH(1,INDEX((Survey_Counts!$A$2:$A$743=H$3)*(Survey_Counts!$B$2:$B$743=$A5),0),0)),"") -> 0.072016461 | I5: =IFERROR(INDEX(Survey_Counts!$N$2:$N$743,MATCH(1,INDEX((Survey_Counts!$A$2:$A$743=I$3)*(Survey_Counts!$B$2:$B$743=$A5),0),0)),"") | J5: =IFERROR(INDEX(Survey_Counts!$N$2:$N$743,MATCH(1,INDEX((Survey_Counts!$A$2:$A$743=J$3)*(Survey_Counts!$B$2:$B$743=$A5),0),0)),"") | K5: =IFERROR(INDEX(Survey_Counts!$N$2:$N$743,MATCH(1,INDEX((Survey_Counts!$A$2:$A$743=K$3)*(Survey_Counts!$B$2:$B$743=$A5),0),0)),"") | ... AU5: =IFERROR(INDEX(Survey_Counts!$N$2:$N$743,MATCH(1,INDEX((Survey_Counts!$A$2:$A$743=AU$3)*(Survey_Counts!$B$2:$B$743=$A5),0),0)),"") -> 0.0076335878
A6: 2 | B6: 3:15 - 3:00 | C6: -195 | D6: =IFERROR(INDEX(Survey_Counts!$N$2:$N$743,MATCH(1,INDEX((Survey_Counts!$A$2:$A$743=D$3)*(Survey_Counts!$B$2:$B$743=$A6),0),0)),"") | E6: =IFERROR(INDEX(Survey_Counts!$N$2:$N$743,MATCH(1,INDEX((Survey_Counts!$A$2:$A$743=E$3)*(Survey_Counts!$B$2:$B$743=$A6),0),0)),"") | F6: =IFERROR(INDEX(Survey_Counts!$N$2:$N$743,MATCH(1,INDEX((Survey_Counts!$A$2:$A$743=F$3)*(Survey_Counts!$B$2:$B$743=$A6),0),0)),"") | G6: =IFERROR(INDEX(Survey_Counts!$N$2:$N$743,MATCH(1,INDEX((Survey_Counts!$A$2:$A$743=G$3)*(Survey_Counts!$B$2:$B$743=$A6),0),0)),"") | H6: =IFERROR(INDEX(Survey_Counts!$N$2:$N$743,MATCH(1,INDEX((Survey_Counts!$A$2:$A$743=H$3)*(Survey_Counts!$B$2:$B$743=$A6),0),0)),"") -> 0.12139918 | I6: =IFERROR(INDEX(Survey_Counts!$N$2:$N$743,MATCH(1,INDEX((Survey_Counts!$A$2:$A$743=I$3)*(Survey_Counts!$B$2:$B$743=$A6),0),0)),"") | J6: =IFERROR(INDEX(Survey_Counts!$N$2:$N$743,MATCH(1,INDEX((Survey_Counts!$A$2:$A$743=J$3)*(Survey_Counts!$B$2:$B$743=$A6),0),0)),"") | K6: =IFERROR(INDEX(Survey_Counts!$N$2:$N$743,MATCH(1,INDEX((Survey_Counts!$A$2:$A$743=K$3)*(Survey_Counts!$B$2:$B$743=$A6),0),0)),"") | ... AU6: =IFERROR(INDEX(Survey_Counts!$N$2:$N$743,MATCH(1,INDEX((Survey_Counts!$A$2:$A$743=AU$3)*(Survey_Counts!$B$2:$B$743=$A6),0),0)),"") -> 0.012722646
A7: 3 | B7: 3:00 - 2:45 | C7: -180 | D7: =IFERROR(INDEX(Survey_Counts!$N$2:$N$743,MATCH(1,INDEX((Survey_Counts!$A$2:$A$743=D$3)*(Survey_Counts!$B$2:$B$743=$A7),0),0)),"") -> 0.088235294 | E7: =IFERROR(INDEX(Survey_Counts!$N$2:$N$743,MATCH(1,INDEX((Survey_Counts!$A$2:$A$743=E$3)*(Survey_Counts!$B$2:$B$743=$A7),0),0)),"") -> 0.088235294 | F7: =IFERROR(INDEX(Survey_Counts!$N$2:$N$743,MATCH(1,INDEX((Survey_Counts!$A$2:$A$743=F$3)*(Survey_Counts!$B$2:$B$743=$A7),0),0)),"") -> 0.086580087 | G7: =IFERROR(INDEX(Survey_Counts!$N$2:$N$743,MATCH(1,INDEX((Survey_Counts!$A$2:$A$743=G$3)*(Survey_Counts!$B$2:$B$743=$A7),0),0)),"") -> 0.086580087 | H7: =IFERROR(INDEX(Survey_Counts!$N$2:$N$743,MATCH(1,INDEX((Survey_Counts!$A$2:$A$743=H$3)*(Survey_Counts!$B$2:$B$743=$A7),0),0)),"") -> 0.19135802 | I7: =IFERROR(INDEX(Survey_Counts!$N$2:$N$743,MATCH(1,INDEX((Survey_Counts!$A$2:$A$743=I$3)*(Survey_Counts!$B$2:$B$743=$A7),0),0)),"") -> 0.012722646 | J7: =IFERROR(INDEX(Survey_Counts!$N$2:$N$743,MATCH(1,INDEX((Survey_Counts!$A$2:$A$743=J$3)*(Survey_Counts!$B$2:$B$743=$A7),0),0)),"") -> 0.0070422535 | K7: =IFERROR(INDEX(Survey_Counts!$N$2:$N$743,MATCH(1,INDEX((Survey_Counts!$A$2:$A$743=K$3)*(Survey_Counts!$B$2:$B$743=$A7),0),0)),"") -> 0.037735849 | ... AU7: =IFERROR(INDEX(Survey_Counts!$N$2:$N$743,MATCH(1,INDEX((Survey_Counts!$A$2:$A$743=AU$3)*(Survey_Counts!$B$2:$B$743=$A7),0),0)),"") -> 0.038167939
A8: 4 | B8: 2:45 - 2:30 | C8: -165 | D8: =IFERROR(INDEX(Survey_Counts!$N$2:$N$743,MATCH(1,INDEX((Survey_Counts!$A$2:$A$743=D$3)*(Survey_Counts!$B$2:$B$743=$A8),0),0)),"") -> 0.15508021 | E8: =IFERROR(INDEX(Survey_Counts!$N$2:$N$743,MATCH(1,INDEX((Survey_Counts!$A$2:$A$743=E$3)*(Survey_Counts!$B$2:$B$743=$A8),0),0)),"") -> 0.15508021 | F8: =IFERROR(INDEX(Survey_Counts!$N$2:$N$743,MATCH(1,INDEX((Survey_Counts!$A$2:$A$743=F$3)*(Survey_Counts!$B$2:$B$743=$A8),0),0)),"") -> 0.14718615 | G8: =IFERROR(INDEX(Survey_Counts!$N$2:$N$743,MATCH(1,INDEX((Survey_Counts!$A$2:$A$743=G$3)*(Survey_Counts!$B$2:$B$743=$A8),0),0)),"") -> 0.14718615 | H8: =IFERROR(INDEX(Survey_Counts!$N$2:$N$743,MATCH(1,INDEX((Survey_Counts!$A$2:$A$743=H$3)*(Survey_Counts!$B$2:$B$743=$A8),0),0)),"") -> 0.28806584 | I8: =IFERROR(INDEX(Survey_Counts!$N$2:$N$743,MATCH(1,INDEX((Survey_Counts!$A$2:$A$743=I$3)*(Survey_Counts!$B$2:$B$743=$A8),0),0)),"") -> 0.020356234 | J8: =IFERROR(INDEX(Survey_Counts!$N$2:$N$743,MATCH(1,INDEX((Survey_Counts!$A$2:$A$743=J$3)*(Survey_Counts!$B$2:$B$743=$A8),0),0)),"") -> 0.016431925 | K8: =IFERROR(INDEX(Survey_Counts!$N$2:$N$743,MATCH(1,INDEX((Survey_Counts!$A$2:$A$743=K$3)*(Survey_Counts!$B$2:$B$743=$A8),0),0)),"") -> 0.056603774 | ... AU8: =IFERROR(INDEX(Survey_Counts!$N$2:$N$743,MATCH(1,INDEX((Survey_Counts!$A$2:$A$743=AU$3)*(Survey_Counts!$B$2:$B$743=$A8),0),0)),"") -> 0.073791349
A9: 5 | B9: 2:30 - 2:15 | C9: -150 | D9: =IFERROR(INDEX(Survey_Counts!$N$2:$N$743,MATCH(1,INDEX((Survey_Counts!$A$2:$A$743=D$3)*(Survey_Counts!$B$2:$B$743=$A9),0),0)),"") -> 0.2459893 | E9: =IFERROR(INDEX(Survey_Counts!$N$2:$N$743,MATCH(1,INDEX((Survey_Counts!$A$2:$A$743=E$3)*(Survey_Counts!$B$2:$B$743=$A9),0),0)),"") -> 0.2459893 | F9: =IFERROR(INDEX(Survey_Counts!$N$2:$N$743,MATCH(1,INDEX((Survey_Counts!$A$2:$A$743=F$3)*(Survey_Counts!$B$2:$B$743=$A9),0),0)),"") -> 0.25541126 | G9: =IFERROR(INDEX(Survey_Counts!$N$2:$N$743,MATCH(1,INDEX((Survey_Counts!$A$2:$A$743=G$3)*(Survey_Counts!$B$2:$B$743=$A9),0),0)),"") -> 0.25541126 | H9: =IFERROR(INDEX(Survey_Counts!$N$2:$N$743,MATCH(1,INDEX((Survey_Counts!$A$2:$A$743=H$3)*(Survey_Counts!$B$2:$B$743=$A9),0),0)),"") -> 0.38477366 | I9: =IFERROR(INDEX(Survey_Counts!$N$2:$N$743,MATCH(1,INDEX((Survey_Counts!$A$2:$A$743=I$3)*(Survey_Counts!$B$2:$B$743=$A9),0),0)),"") -> 0.1043257 | J9: =IFERROR(INDEX(Survey_Counts!$N$2:$N$743,MATCH(1,INDEX((Survey_Counts!$A$2:$A$743=J$3)*(Survey_Counts!$B$2:$B$743=$A9),0),0)),"") -> 0.051643192 | K9: =IFERROR(INDEX(Survey_Counts!$N$2:$N$743,MATCH(1,INDEX((Survey_Counts!$A$2:$A$743=K$3)*(Survey_Counts!$B$2:$B$743=$A9),0),0)),"") -> 0.08490566 | ... AU9: =IFERROR(INDEX(Survey_Counts!$N$2:$N$743,MATCH(1,INDEX((Survey_Counts!$A$2:$A$743=AU$3)*(Survey_Counts!$B$2:$B$743=$A9),0),0)),"") -> 0.13231552
A10: 6 | B10: 2:15 - 2:00 | C10: -135 | D10: =IFERROR(INDEX(Survey_Counts!$N$2:$N$743,MATCH(1,INDEX((Survey_Counts!$A$2:$A$743=D$3)*(Survey_Counts!$B$2:$B$743=$A10),0),0)),"") -> 0.3368984 | E10: =IFERROR(INDEX(Survey_Counts!$N$2:$N$743,MATCH(1,INDEX((Survey_Counts!$A$2:$A$743=E$3)*(Survey_Counts!$B$2:$B$743=$A10),0),0)),"") -> 0.3368984 | F10: =IFERROR(INDEX(Survey_Counts!$N$2:$N$743,MATCH(1,INDEX((Survey_Counts!$A$2:$A$743=F$3)*(Survey_Counts!$B$2:$B$743=$A10),0),0)),"") -> 0.32467532 | G10: =IFERROR(INDEX(Survey_Counts!$N$2:$N$743,MATCH(1,INDEX((Survey_Counts!$A$2:$A$743=G$3)*(Survey_Counts!$B$2:$B$743=$A10),0),0)),"") -> 0.32467532 | H10: =IFERROR(INDEX(Survey_Counts!$N$2:$N$743,MATCH(1,INDEX((Survey_Counts!$A$2:$A$743=H$3)*(Survey_Counts!$B$2:$B$743=$A10),0),0)),"") -> 0.49382716 | I10: =IFERROR(INDEX(Survey_Counts!$N$2:$N$743,MATCH(1,INDEX((Survey_Counts!$A$2:$A$743=I$3)*(Survey_Counts!$B$2:$B$743=$A10),0),0)),"") -> 0.21119593 | J10: =IFERROR(INDEX(Survey_Counts!$N$2:$N$743,MATCH(1,INDEX((Survey_Counts!$A$2:$A$743=J$3)*(Survey_Counts!$B$2:$B$743=$A10),0),0)),"") -> 0.072769953 | K10: =IFERROR(INDEX(Survey_Counts!$N$2:$N$743,MATCH(1,INDEX((Survey_Counts!$A$2:$A$743=K$3)*(Survey_Counts!$B$2:$B$743=$A10),0),0)),"") -> 0.18867925 | ... AU10: =IFERROR(INDEX(Survey_Counts!$N$2:$N$743,MATCH(1,INDEX((Survey_Counts!$A$2:$A$743=AU$3)*(Survey_Counts!$B$2:$B$743=$A10),0),0)),"") -> 0.19592875
A11: 7 | B11: 2:00 - 1:45 | C11: -120 | D11: =IFERROR(INDEX(Survey_Counts!$N$2:$N$743,MATCH(1,INDEX((Survey_Counts!$A$2:$A$743=D$3)*(Survey_Counts!$B$2:$B$743=$A11),0),0)),"") -> 0.35828877 | E11: =IFERROR(INDEX(Survey_Counts!$N$2:$N$743,MATCH(1,INDEX((Survey_Counts!$A$2:$A$743=E$3)*(Survey_Counts!$B$2:$B$743=$A11),0),0)),"") -> 0.35828877 | F11: =IFERROR(INDEX(Survey_Counts!$N$2:$N$743,MATCH(1,INDEX((Survey_Counts!$A$2:$A$743=F$3)*(Survey_Counts!$B$2:$B$743=$A11),0),0)),"") -> 0.35064935 | G11: =IFERROR(INDEX(Survey_Counts!$N$2:$N$743,MATCH(1,INDEX((Survey_Counts!$A$2:$A$743=G$3)*(Survey_Counts!$B$2:$B$743=$A11),0),0)),"") -> 0.35064935 | H11: =IFERROR(INDEX(Survey_Counts!$N$2:$N$743,MATCH(1,INDEX((Survey_Counts!$A$2:$A$743=H$3)*(Survey_Counts!$B$2:$B$743=$A11),0),0)),"") -> 0.55144033 | I11: =IFERROR(INDEX(Survey_Counts!$N$2:$N$743,MATCH(1,INDEX((Survey_Counts!$A$2:$A$743=I$3)*(Survey_Counts!$B$2:$B$743=$A11),0),0)),"") -> 0.3129771 | J11: =IFERROR(INDEX(Survey_Counts!$N$2:$N$743,MATCH(1,INDEX((Survey_Counts!$A$2:$A$743=J$3)*(Survey_Counts!$B$2:$B$743=$A11),0),0)),"") -> 0.1314554 | K11: =IFERROR(INDEX(Survey_Counts!$N$2:$N$743,MATCH(1,INDEX((Survey_Counts!$A$2:$A$743=K$3)*(Survey_Counts!$B$2:$B$743=$A11),0),0)),"") -> 0.36792453 | ... AU11: =IFERROR(INDEX(Survey_Counts!$N$2:$N$743,MATCH(1,INDEX((Survey_Counts!$A$2:$A$743=AU$3)*(Survey_Counts!$B$2:$B$743=$A11),0),0)),"") -> 0.27735369
A12: 8 | B12: 1:45 - 1:30 | C12: -105 | D12: =IFERROR(INDEX(Survey_Counts!$N$2:$N$743,MATCH(1,INDEX((Survey_Counts!$A$2:$A$743=D$3)*(Survey_Counts!$B$2:$B$743=$A12),0),0)),"") -> 0.44652406 | E12: =IFERROR(INDEX(Survey_Counts!$N$2:$N$743,MATCH(1,INDEX((Survey_Counts!$A$2:$A$743=E$3)*(Survey_Counts!$B$2:$B$743=$A12),0),0)),"") -> 0.44652406 | F12: =IFERROR(INDEX(Survey_Counts!$N$2:$N$743,MATCH(1,INDEX((Survey_Counts!$A$2:$A$743=F$3)*(Survey_Counts!$B$2:$B$743=$A12),0),0)),"") -> 0.33766234 | G12: =IFERROR(INDEX(Survey_Counts!$N$2:$N$743,MATCH(1,INDEX((Survey_Counts!$A$2:$A$743=G$3)*(Survey_Counts!$B$2:$B$743=$A12),0),0)),"") -> 0.33766234 | H12: =IFERROR(INDEX(Survey_Counts!$N$2:$N$743,MATCH(1,INDEX((Survey_Counts!$A$2:$A$743=H$3)*(Survey_Counts!$B$2:$B$743=$A12),0),0)),"") -> 0.57407407 | I12: =IFERROR(INDEX(Survey_Counts!$N$2:$N$743,MATCH(1,INDEX((Survey_Counts!$A$2:$A$743=I$3)*(Survey_Counts!$B$2:$B$743=$A12),0),0)),"") -> 0.44020356 | J12: =IFERROR(INDEX(Survey_Counts!$N$2:$N$743,MATCH(1,INDEX((Survey_Counts!$A$2:$A$743=J$3)*(Survey_Counts!$B$2:$B$743=$A12),0),0)),"") -> 0.25117371 | K12: =IFERROR(INDEX(Survey_Counts!$N$2:$N$743,MATCH(1,INDEX((Survey_Counts!$A$2:$A$743=K$3)*(Survey_Counts!$B$2:$B$743=$A12),0),0)),"") -> 0.53301887 | ... AU12: =IFERROR(INDEX(Survey_Counts!$N$2:$N$743,MATCH(1,INDEX((Survey_Counts!$A$2:$A$743=AU$3)*(Survey_Counts!$B$2:$B$743=$A12),0),0)),"") -> 0.36386768
A13: 9 | B13: 1:30 - 1:15 | C13: -90 | D13: =IFERROR(INDEX(Survey_Counts!$N$2:$N$743,MATCH(1,INDEX((Survey_Counts!$A$2:$A$743=D$3)*(Survey_Counts!$B$2:$B$743=$A13),0),0)),"") -> 0.52406417 | E13: =IFERROR(INDEX(Survey_Counts!$N$2:$N$743,MATCH(1,INDEX((Survey_Counts!$A$2:$A$743=E$3)*(Survey_Counts!$B$2:$B$743=$A13),0),0)),"") -> 0.52406417 | F13: =IFERROR(INDEX(Survey_Counts!$N$2:$N$743,MATCH(1,INDEX((Survey_Counts!$A$2:$A$743=F$3)*(Survey_Counts!$B$2:$B$743=$A13),0),0)),"") -> 0.35064935 | G13: =IFERROR(INDEX(Survey_Counts!$N$2:$N$743,MATCH(1,INDEX((Survey_Counts!$A$2:$A$743=G$3)*(Survey_Counts!$B$2:$B$743=$A13),0),0)),"") -> 0.35064935 | H13: =IFERROR(INDEX(Survey_Counts!$N$2:$N$743,MATCH(1,INDEX((Survey_Counts!$A$2:$A$743=H$3)*(Survey_Counts!$B$2:$B$743=$A13),0),0)),"") -> 0.56378601 | I13: =IFERROR(INDEX(Survey_Counts!$N$2:$N$743,MATCH(1,INDEX((Survey_Counts!$A$2:$A$743=I$3)*(Survey_Counts!$B$2:$B$743=$A13),0),0)),"") -> 0.5394402 | J13: =IFERROR(INDEX(Survey_Counts!$N$2:$N$743,MATCH(1,INDEX((Survey_Counts!$A$2:$A$743=J$3)*(Survey_Counts!$B$2:$B$743=$A13),0),0)),"") -> 0.38262911 | K13: =IFERROR(INDEX(Survey_Counts!$N$2:$N$743,MATCH(1,INDEX((Survey_Counts!$A$2:$A$743=K$3)*(Survey_Counts!$B$2:$B$743=$A13),0),0)),"") -> 0.64150943 | ... AU13: =IFERROR(INDEX(Survey_Counts!$N$2:$N$743,MATCH(1,INDEX((Survey_Counts!$A$2:$A$743=AU$3)*(Survey_Counts!$B$2:$B$743=$A13),0),0)),"") -> 0.40203562
A14: 10 | B14: 1:15 - 1:00 | C14: -75 | D14: =IFERROR(INDEX(Survey_Counts!$N$2:$N$743,MATCH(1,INDEX((Survey_Counts!$A$2:$A$743=D$3)*(Survey_Counts!$B$2:$B$743=$A14),0),0)),"") -> 0.54545455 | E14: =IFERROR(INDEX(Survey_Counts!$N$2:$N$743,MATCH(1,INDEX((Survey_Counts!$A$2:$A$743=E$3)*(Survey_Counts!$B$2:$B$743=$A14),0),0)),"") -> 0.54545455 | F14: =IFERROR(INDEX(Survey_Counts!$N$2:$N$743,MATCH(1,INDEX((Survey_Counts!$A$2:$A$743=F$3)*(Survey_Counts!$B$2:$B$743=$A14),0),0)),"") -> 0.35064935 | G14: =IFERROR(INDEX(Survey_Counts!$N$2:$N$743,MATCH(1,INDEX((Survey_Counts!$A$2:$A$743=G$3)*(Survey_Counts!$B$2:$B$743=$A14),0),0)),"") -> 0.35064935 | H14: =IFERROR(INDEX(Survey_Counts!$N$2:$N$743,MATCH(1,INDEX((Survey_Counts!$A$2:$A$743=H$3)*(Survey_Counts!$B$2:$B$743=$A14),0),0)),"") -> 0.56790123 | I14: =IFERROR(INDEX(Survey_Counts!$N$2:$N$743,MATCH(1,INDEX((Survey_Counts!$A$2:$A$743=I$3)*(Survey_Counts!$B$2:$B$743=$A14),0),0)),"") -> 0.59796438 | J14: =IFERROR(INDEX(Survey_Counts!$N$2:$N$743,MATCH(1,INDEX((Survey_Counts!$A$2:$A$743=J$3)*(Survey_Counts!$B$2:$B$743=$A14),0),0)),"") -> 0.54694836 | K14: =IFERROR(INDEX(Survey_Counts!$N$2:$N$743,MATCH(1,INDEX((Survey_Counts!$A$2:$A$743=K$3)*(Survey_Counts!$B$2:$B$743=$A14),0),0)),"") -> 0.74056604 | ... AU14: =IFERROR(INDEX(Survey_Counts!$N$2:$N$743,MATCH(1,INDEX((Survey_Counts!$A$2:$A$743=AU$3)*(Survey_Counts!$B$2:$B$743=$A14),0),0)),"") -> 0.42239186
A15: 11 | B15: 1:00 - 0:45 | C15: -60 | D15: =IFERROR(INDEX(Survey_Counts!$N$2:$N$743,MATCH(1,INDEX((Survey_Counts!$A$2:$A$743=D$3)*(Survey_Counts!$B$2:$B$743=$A15),0),0)),"") -> 0.52139037 | E15: =IFERROR(INDEX(Survey_Counts!$N$2:$N$743,MATCH(1,INDEX((Survey_Counts!$A$2:$A$743=E$3)*(Survey_Counts!$B$2:$B$743=$A15),0),0)),"") -> 0.52139037 | F15: =IFERROR(INDEX(Survey_Counts!$N$2:$N$743,MATCH(1,INDEX((Survey_Counts!$A$2:$A$743=F$3)*(Survey_Counts!$B$2:$B$743=$A15),0),0)),"") -> 0.29437229 | G15: =IFERROR(INDEX(Survey_Counts!$N$2:$N$743,MATCH(1,INDEX((Survey_Counts!$A$2:$A$743=G$3)*(Survey_Counts!$B$2:$B$743=$A15),0),0)),"") -> 0.29437229 | H15: =IFERROR(INDEX(Survey_Counts!$N$2:$N$743,MATCH(1,INDEX((Survey_Counts!$A$2:$A$743=H$3)*(Survey_Counts!$B$2:$B$743=$A15),0),0)),"") -> 0.47119342 | I15: =IFERROR(INDEX(Survey_Counts!$N$2:$N$743,MATCH(1,INDEX((Survey_Counts!$A$2:$A$743=I$3)*(Survey_Counts!$B$2:$B$743=$A15),0),0)),"") -> 0.66157761 | J15: =IFERROR(INDEX(Survey_Counts!$N$2:$N$743,MATCH(1,INDEX((Survey_Counts!$A$2:$A$743=J$3)*(Survey_Counts!$B$2:$B$743=$A15),0),0)),"") -> 0.657277 | K15: =IFERROR(INDEX(Survey_Counts!$N$2:$N$743,MATCH(1,INDEX((Survey_Counts!$A$2:$A$743=K$3)*(Survey_Counts!$B$2:$B$743=$A15),0),0)),"") -> 0.79245283 | ... AU15: =IFERROR(INDEX(Survey_Counts!$N$2:$N$743,MATCH(1,INDEX((Survey_Counts!$A$2:$A$743=AU$3)*(Survey_Counts!$B$2:$B$743=$A15),0),0)),"") -> 0.43256997
A16: 12 | B16: 0:45 - 0:30 | C16: -45 | D16: =IFERROR(INDEX(Survey_Counts!$N$2:$N$743,MATCH(1,INDEX((Survey_Counts!$A$2:$A$743=D$3)*(Survey_Counts!$B$2:$B$743=$A16),0),0)),"") -> 0.46791444 | E16: =IFERROR(INDEX(Survey_Counts!$N$2:$N$743,MATCH(1,INDEX((Survey_Counts!$A$2:$A$743=E$3)*(Survey_Counts!$B$2:$B$743=$A16),0),0)),"") -> 0.46791444 | F16: =IFERROR(INDEX(Survey_Counts!$N$2:$N$743,MATCH(1,INDEX((Survey_Counts!$A$2:$A$743=F$3)*(Survey_Counts!$B$2:$B$743=$A16),0),0)),"") -> 0.26839827 | G16: =IFERROR(INDEX(Survey_Counts!$N$2:$N$743,MATCH(1,INDEX((Survey_Counts!$A$2:$A$743=G$3)*(Survey_Counts!$B$2:$B$743=$A16),0),0)),"") -> 0.26839827 | H16: =IFERROR(INDEX(Survey_Counts!$N$2:$N$743,MATCH(1,INDEX((Survey_Counts!$A$2:$A$743=H$3)*(Survey_Counts!$B$2:$B$743=$A16),0),0)),"") -> 0.35596708 | I16: =IFERROR(INDEX(Survey_Counts!$N$2:$N$743,MATCH(1,INDEX((Survey_Counts!$A$2:$A$743=I$3)*(Survey_Counts!$B$2:$B$743=$A16),0),0)),"") -> 0.58015267 | J16: =IFERROR(INDEX(Survey_Counts!$N$2:$N$743,MATCH(1,INDEX((Survey_Counts!$A$2:$A$743=J$3)*(Survey_Counts!$B$2:$B$743=$A16),0),0)),"") -> 0.68779343 | K16: =IFERROR(INDEX(Survey_Counts!$N$2:$N$743,MATCH(1,INDEX((Survey_Counts!$A$2:$A$743=K$3)*(Survey_Counts!$B$2:$B$743=$A16),0),0)),"") -> 0.81132075 | ... AU16: =IFERROR(INDEX(Survey_Counts!$N$2:$N$743,MATCH(1,INDEX((Survey_Counts!$A$2:$A$743=AU$3)*(Survey_Counts!$B$2:$B$743=$A16),0),0)),"") -> 0.38167939
... A26: 22 | B26: 1:45 - 2:00 | C26: 105 | D26: =IFERROR(INDEX(Survey_Counts!$N$2:$N$743,MATCH(1,INDEX((Survey_Counts!$A$2:$A$743=D$3)*(Survey_Counts!$B$2:$B$743=$A26),0),0)),"") | E26: =IFERROR(INDEX(Survey_Counts!$N$2:$N$743,MATCH(1,INDEX((Survey_Counts!$A$2:$A$743=E$3)*(Survey_Counts!$B$2:$B$743=$A26),0),0)),"") | F26: =IFERROR(INDEX(Survey_Counts!$N$2:$N$743,MATCH(1,INDEX((Survey_Counts!$A$2:$A$743=F$3)*(Survey_Counts!$B$2:$B$743=$A26),0),0)),"") | G26: =IFERROR(INDEX(Survey_Counts!$N$2:$N$743,MATCH(1,INDEX((Survey_Counts!$A$2:$A$743=G$3)*(Survey_Counts!$B$2:$B$743=$A26),0),0)),"") | H26: =IFERROR(INDEX(Survey_Counts!$N$2:$N$743,MATCH(1,INDEX((Survey_Counts!$A$2:$A$743=H$3)*(Survey_Counts!$B$2:$B$743=$A26),0),0)),"") | I26: =IFERROR(INDEX(Survey_Counts!$N$2:$N$743,MATCH(1,INDEX((Survey_Counts!$A$2:$A$743=I$3)*(Survey_Counts!$B$2:$B$743=$A26),0),0)),"") | J26: =IFERROR(INDEX(Survey_Counts!$N$2:$N$743,MATCH(1,INDEX((Survey_Counts!$A$2:$A$743=J$3)*(Survey_Counts!$B$2:$B$743=$A26),0),0)),"") | K26: =IFERROR(INDEX(Survey_Counts!$N$2:$N$743,MATCH(1,INDEX((Survey_Counts!$A$2:$A$743=K$3)*(Survey_Counts!$B$2:$B$743=$A26),0),0)),"") | ... AU26: =IFERROR(INDEX(Survey_Counts!$N$2:$N$743,MATCH(1,INDEX((Survey_Counts!$A$2:$A$743=AU$3)*(Survey_Counts!$B$2:$B$743=$A26),0),0)),"")

Sheet Published_Tables
A1: beach | B1: table_updated_on | C1: table_type | D1: condition_label | E1: bin_ord | F1: bin | G1: min_from_low | H1: cars_on | I1: cars_off | J1: cum_cars_on | K1: cum_cars_off | L1: cars_on_beach | M1: total_cars_on | N1: pct_available | O1: source_file
A2: Longbeach | B2: 2011-01-25 | C2: Evening (pooled) | D2: Evening tide | E2: 0 | F2: Prior to start | H2: 61 | I2: 0 | J2: =SUMIFS($H$2:$H$260,$A$2:$A$260,$A2,$B$2:$B$260,$B2,$E$2:$E$260,"<="&$E2) -> 61 | K2: =SUMIFS($I$2:$I$260,$A$2:$A$260,$A2,$B$2:$B$260,$B2,$E$2:$E$260,"<="&$E2) -> 0 | L2: =J2-K2 -> 61 | M2: =SUMIFS($H$2:$H$260,$A$2:$A$260,$A2,$B$2:$B$260,$B2) -> 1252 | N2: =IF(M2=0,"",L2/M2) -> 0.048722045 | O2: Longbeach/Twin_Harbors_Evening_Tides_Cumulative_Ingress.pdf (=201101 25*)
A3: Longbeach | B3: 2011-01-25 | C3: Evening (pooled) | D3: Evening tide | E3: 1 | F3: 3:30 - 3:15 | G3: -210 | H3: 74 | I3: 2 | J3: =SUMIFS($H$2:$H$260,$A$2:$A$260,$A3,$B$2:$B$260,$B3,$E$2:$E$260,"<="&$E3) -> 135 | K3: =SUMIFS($I$2:$I$260,$A$2:$A$260,$A3,$B$2:$B$260,$B3,$E$2:$E$260,"<="&$E3) -> 2 | L3: =J3-K3 -> 133 | M3: =SUMIFS($H$2:$H$260,$A$2:$A$260,$A3,$B$2:$B$260,$B3) -> 1252 | N3: =IF(M3=0,"",L3/M3) -> 0.10623003 | O3: Longbeach/Twin_Harbors_Evening_Tides_Cumulative_Ingress.pdf (=201101 25*)
A4: Longbeach | B4: 2011-01-25 | C4: Evening (pooled) | D4: Evening tide | E4: 2 | F4: 3:15 - 3:00 | G4: -195 | H4: 93 | I4: 4 | J4: =SUMIFS($H$2:$H$260,$A$2:$A$260,$A4,$B$2:$B$260,$B4,$E$2:$E$260,"<="&$E4) -> 228 | K4: =SUMIFS($I$2:$I$260,$A$2:$A$260,$A4,$B$2:$B$260,$B4,$E$2:$E$260,"<="&$E4) -> 6 | L4: =J4-K4 -> 222 | M4: =SUMIFS($H$2:$H$260,$A$2:$A$260,$A4,$B$2:$B$260,$B4) -> 1252 | N4: =IF(M4=0,"",L4/M4) -> 0.17731629 | O4: Longbeach/Twin_Harbors_Evening_Tides_Cumulative_Ingress.pdf (=201101 25*)
A5: Longbeach | B5: 2011-01-25 | C5: Evening (pooled) | D5: Evening tide | E5: 3 | F5: 3:00 - 2:45 | G5: -180 | H5: 133 | I5: 4 | J5: =SUMIFS($H$2:$H$260,$A$2:$A$260,$A5,$B$2:$B$260,$B5,$E$2:$E$260,"<="&$E5) -> 361 | K5: =SUMIFS($I$2:$I$260,$A$2:$A$260,$A5,$B$2:$B$260,$B5,$E$2:$E$260,"<="&$E5) -> 10 | L5: =J5-K5 -> 351 | M5: =SUMIFS($H$2:$H$260,$A$2:$A$260,$A5,$B$2:$B$260,$B5) -> 1252 | N5: =IF(M5=0,"",L5/M5) -> 0.28035144 | O5: Longbeach/Twin_Harbors_Evening_Tides_Cumulative_Ingress.pdf (=201101 25*)
A6: Longbeach | B6: 2011-01-25 | C6: Evening (pooled) | D6: Evening tide | E6: 4 | F6: 2:45 - 2:30 | G6: -165 | H6: 143 | I6: 7 | J6: =SUMIFS($H$2:$H$260,$A$2:$A$260,$A6,$B$2:$B$260,$B6,$E$2:$E$260,"<="&$E6) -> 504 | K6: =SUMIFS($I$2:$I$260,$A$2:$A$260,$A6,$B$2:$B$260,$B6,$E$2:$E$260,"<="&$E6) -> 17 | L6: =J6-K6 -> 487 | M6: =SUMIFS($H$2:$H$260,$A$2:$A$260,$A6,$B$2:$B$260,$B6) -> 1252 | N6: =IF(M6=0,"",L6/M6) -> 0.38897764 | O6: Longbeach/Twin_Harbors_Evening_Tides_Cumulative_Ingress.pdf (=201101 25*)
A7: Longbeach | B7: 2011-01-25 | C7: Evening (pooled) | D7: Evening tide | E7: 5 | F7: 2:30 - 2:15 | G7: -150 | H7: 174 | I7: 28 | J7: =SUMIFS($H$2:$H$260,$A$2:$A$260,$A7,$B$2:$B$260,$B7,$E$2:$E$260,"<="&$E7) -> 678 | K7: =SUMIFS($I$2:$I$260,$A$2:$A$260,$A7,$B$2:$B$260,$B7,$E$2:$E$260,"<="&$E7) -> 45 | L7: =J7-K7 -> 633 | M7: =SUMIFS($H$2:$H$260,$A$2:$A$260,$A7,$B$2:$B$260,$B7) -> 1252 | N7: =IF(M7=0,"",L7/M7) -> 0.50559105 | O7: Longbeach/Twin_Harbors_Evening_Tides_Cumulative_Ingress.pdf (=201101 25*)
A8: Longbeach | B8: 2011-01-25 | C8: Evening (pooled) | D8: Evening tide | E8: 6 | F8: 2:15 - 2:00 | G8: -135 | H8: 154 | I8: 24 | J8: =SUMIFS($H$2:$H$260,$A$2:$A$260,$A8,$B$2:$B$260,$B8,$E$2:$E$260,"<="&$E8) -> 832 | K8: =SUMIFS($I$2:$I$260,$A$2:$A$260,$A8,$B$2:$B$260,$B8,$E$2:$E$260,"<="&$E8) -> 69 | L8: =J8-K8 -> 763 | M8: =SUMIFS($H$2:$H$260,$A$2:$A$260,$A8,$B$2:$B$260,$B8) -> 1252 | N8: =IF(M8=0,"",L8/M8) -> 0.60942492 | O8: Longbeach/Twin_Harbors_Evening_Tides_Cumulative_Ingress.pdf (=201101 25*)
A9: Longbeach | B9: 2011-01-25 | C9: Evening (pooled) | D9: Evening tide | E9: 7 | F9: 2:00 - 1:45 | G9: -120 | H9: 135 | I9: 38 | J9: =SUMIFS($H$2:$H$260,$A$2:$A$260,$A9,$B$2:$B$260,$B9,$E$2:$E$260,"<="&$E9) -> 967 | K9: =SUMIFS($I$2:$I$260,$A$2:$A$260,$A9,$B$2:$B$260,$B9,$E$2:$E$260,"<="&$E9) -> 107 | L9: =J9-K9 -> 860 | M9: =SUMIFS($H$2:$H$260,$A$2:$A$260,$A9,$B$2:$B$260,$B9) -> 1252 | N9: =IF(M9=0,"",L9/M9) -> 0.68690096 | O9: Longbeach/Twin_Harbors_Evening_Tides_Cumulative_Ingress.pdf (=201101 25*)
A10: Longbeach | B10: 2011-01-25 | C10: Evening (pooled) | D10: Evening tide | E10: 8 | F10: 1:45 - 1:30 | G10: -105 | H10: 100 | I10: 64 | J10: =SUMIFS($H$2:$H$260,$A$2:$A$260,$A10,$B$2:$B$260,$B10,$E$2:$E$260,"<="&$E10) -> 1067 | K10: =SUMIFS($I$2:$I$260,$A$2:$A$260,$A10,$B$2:$B$260,$B10,$E$2:$E$260,"<="&$E10) -> 171 | L10: =J10-K10 -> 896 | M10: =SUMIFS($H$2:$H$260,$A$2:$A$260,$A10,$B$2:$B$260,$B10) -> 1252 | N10: =IF(M10=0,"",L10/M10) -> 0.71565495 | O10: Longbeach/Twin_Harbors_Evening_Tides_Cumulative_Ingress.pdf (=201101 25*)
A11: Longbeach | B11: 2011-01-25 | C11: Evening (pooled) | D11: Evening tide | E11: 9 | F11: 1:30 - 1:15 | G11: -90 | H11: 61 | I11: 73 | J11: =SUMIFS($H$2:$H$260,$A$2:$A$260,$A11,$B$2:$B$260,$B11,$E$2:$E$260,"<="&$E11) -> 1128 | K11: =SUMIFS($I$2:$I$260,$A$2:$A$260,$A11,$B$2:$B$260,$B11,$E$2:$E$260,"<="&$E11) -> 244 | L11: =J11-K11 -> 884 | M11: =SUMIFS($H$2:$H$260,$A$2:$A$260,$A11,$B$2:$B$260,$B11) -> 1252 | N11: =IF(M11=0,"",L11/M11) -> 0.70607029 | O11: Longbeach/Twin_Harbors_Evening_Tides_Cumulative_Ingress.pdf (=201101 25*)
A12: Longbeach | B12: 2011-01-25 | C12: Evening (pooled) | D12: Evening tide | E12: 10 | F12: 1:15 - 1:00 | G12: -75 | H12: 28 | I12: 94 | J12: =SUMIFS($H$2:$H$260,$A$2:$A$260,$A12,$B$2:$B$260,$B12,$E$2:$E$260,"<="&$E12) -> 1156 | K12: =SUMIFS($I$2:$I$260,$A$2:$A$260,$A12,$B$2:$B$260,$B12,$E$2:$E$260,"<="&$E12) -> 338 | L12: =J12-K12 -> 818 | M12: =SUMIFS($H$2:$H$260,$A$2:$A$260,$A12,$B$2:$B$260,$B12) -> 1252 | N12: =IF(M12=0,"",L12/M12) -> 0.65335463 | O12: Longbeach/Twin_Harbors_Evening_Tides_Cumulative_Ingress.pdf (=201101 25*)
A13: Longbeach | B13: 2011-01-25 | C13: Evening (pooled) | D13: Evening tide | E13: 11 | F13: 1:00 - 0:45 | G13: -60 | H13: 36 | I13: 146 | J13: =SUMIFS($H$2:$H$260,$A$2:$A$260,$A13,$B$2:$B$260,$B13,$E$2:$E$260,"<="&$E13) -> 1192 | K13: =SUMIFS($I$2:$I$260,$A$2:$A$260,$A13,$B$2:$B$260,$B13,$E$2:$E$260,"<="&$E13) -> 484 | L13: =J13-K13 -> 708 | M13: =SUMIFS($H$2:$H$260,$A$2:$A$260,$A13,$B$2:$B$260,$B13) -> 1252 | N13: =IF(M13=0,"",L13/M13) -> 0.56549521 | O13: Longbeach/Twin_Harbors_Evening_Tides_Cumulative_Ingress.pdf (=201101 25*)
A14: Longbeach | B14: 2011-01-25 | C14: Evening (pooled) | D14: Evening tide | E14: 12 | F14: 0:45 - 0:30 | G14: -45 | H14: 20 | I14: 162 | J14: =SUMIFS($H$2:$H$260,$A$2:$A$260,$A14,$B$2:$B$260,$B14,$E$2:$E$260,"<="&$E14) -> 1212 | K14: =SUMIFS($I$2:$I$260,$A$2:$A$260,$A14,$B$2:$B$260,$B14,$E$2:$E$260,"<="&$E14) -> 646 | L14: =J14-K14 -> 566 | M14: =SUMIFS($H$2:$H$260,$A$2:$A$260,$A14,$B$2:$B$260,$B14) -> 1252 | N14: =IF(M14=0,"",L14/M14) -> 0.45207668 | O14: Longbeach/Twin_Harbors_Evening_Tides_Cumulative_Ingress.pdf (=201101 25*)
... A21: Longbeach | B21: 2011-01-25 | C21: Evening (pooled) | D21: Evening tide | E21: 19 | F21: 1:00 - 1:15 | G21: 60 | H21: 1 | I21: 18 | J21: =SUMIFS($H$2:$H$260,$A$2:$A$260,$A21,$B$2:$B$260,$B21,$E$2:$E$260,"<="&$E21) -> 1252 | K21: =SUMIFS($I$2:$I$260,$A$2:$A$260,$A21,$B$2:$B$260,$B21,$E$2:$E$260,"<="&$E21) -> 1217 | L21: =J21-K21 -> 35 | M21: =SUMIFS($H$2:$H$260,$A$2:$A$260,$A21,$B$2:$B$260,$B21) -> 1252 | N21: =IF(M21=0,"",L21/M21) -> 0.027955272 | O21: Longbeach/Twin_Harbors_Evening_Tides_Cumulative_Ingress.pdf (=201101 25*)
A22: Longbeach | B22: 2013-02-11 | C22: Evening (pooled) | D22: Evening tide | E22: 0 | F22: Prior to start | H22: 61 | I22: 0 | J22: =SUMIFS($H$2:$H$260,$A$2:$A$260,$A22,$B$2:$B$260,$B22,$E$2:$E$260,"<="&$E22) -> 61 | K22: =SUMIFS($I$2:$I$260,$A$2:$A$260,$A22,$B$2:$B$260,$B22,$E$2:$E$260,"<="&$E22) -> 0 | L22: =J22-K22 -> 61 | M22: =SUMIFS($H$2:$H$260,$A$2:$A$260,$A22,$B$2:$B$260,$B22) -> 1837 | N22: =IF(M22=0,"",L22/M22) -> 0.033206315 | O22: Longbeach_Evening_Tides_Cumulative_Ingress_20130918.pdf (table says 2/11/2013)
A23: Longbeach | B23: 2013-02-11 | C23: Evening (pooled) | D23: Evening tide | E23: 1 | F23: 3:30 - 3:15 | G23: -210 | H23: 268 | I23: 2 | J23: =SUMIFS($H$2:$H$260,$A$2:$A$260,$A23,$B$2:$B$260,$B23,$E$2:$E$260,"<="&$E23) -> 329 | K23: =SUMIFS($I$2:$I$260,$A$2:$A$260,$A23,$B$2:$B$260,$B23,$E$2:$E$260,"<="&$E23) -> 2 | L23: =J23-K23 -> 327 | M23: =SUMIFS($H$2:$H$260,$A$2:$A$260,$A23,$B$2:$B$260,$B23) -> 1837 | N23: =IF(M23=0,"",L23/M23) -> 0.17800762 | O23: Longbeach_Evening_Tides_Cumulative_Ingress_20130918.pdf (table says 2/11/2013)
A24: Longbeach | B24: 2013-02-11 | C24: Evening (pooled) | D24: Evening tide | E24: 2 | F24: 3:15 - 3:00 | G24: -195 | H24: 169 | I24: 10 | J24: =SUMIFS($H$2:$H$260,$A$2:$A$260,$A24,$B$2:$B$260,$B24,$E$2:$E$260,"<="&$E24) -> 498 | K24: =SUMIFS($I$2:$I$260,$A$2:$A$260,$A24,$B$2:$B$260,$B24,$E$2:$E$260,"<="&$E24) -> 12 | L24: =J24-K24 -> 486 | M24: =SUMIFS($H$2:$H$260,$A$2:$A$260,$A24,$B$2:$B$260,$B24) -> 1837 | N24: =IF(M24=0,"",L24/M24) -> 0.26456179 | O24: Longbeach_Evening_Tides_Cumulative_Ingress_20130918.pdf (table says 2/11/2013)
A25: Longbeach | B25: 2013-02-11 | C25: Evening (pooled) | D25: Evening tide | E25: 3 | F25: 3:00 - 2:45 | G25: -180 | H25: 215 | I25: 9 | J25: =SUMIFS($H$2:$H$260,$A$2:$A$260,$A25,$B$2:$B$260,$B25,$E$2:$E$260,"<="&$E25) -> 713 | K25: =SUMIFS($I$2:$I$260,$A$2:$A$260,$A25,$B$2:$B$260,$B25,$E$2:$E$260,"<="&$E25) -> 21 | L25: =J25-K25 -> 692 | M25: =SUMIFS($H$2:$H$260,$A$2:$A$260,$A25,$B$2:$B$260,$B25) -> 1837 | N25: =IF(M25=0,"",L25/M25) -> 0.37670114 | O25: Longbeach_Evening_Tides_Cumulative_Ingress_20130918.pdf (table says 2/11/2013)
A26: Longbeach | B26: 2013-02-11 | C26: Evening (pooled) | D26: Evening tide | E26: 4 | F26: 2:45 - 2:30 | G26: -165 | H26: 242 | I26: 9 | J26: =SUMIFS($H$2:$H$260,$A$2:$A$260,$A26,$B$2:$B$260,$B26,$E$2:$E$260,"<="&$E26) -> 955 | K26: =SUMIFS($I$2:$I$260,$A$2:$A$260,$A26,$B$2:$B$260,$B26,$E$2:$E$260,"<="&$E26) -> 30 | L26: =J26-K26 -> 925 | M26: =SUMIFS($H$2:$H$260,$A$2:$A$260,$A26,$B$2:$B$260,$B26) -> 1837 | N26: =IF(M26=0,"",L26/M26) -> 0.50353838 | O26: Longbeach_Evening_Tides_Cumulative_Ingress_20130918.pdf (table says 2/11/2013)
A27: Longbeach | B27: 2013-02-11 | C27: Evening (pooled) | D27: Evening tide | E27: 5 | F27: 2:30 - 2:15 | G27: -150 | H27: 229 | I27: 31 | J27: =SUMIFS($H$2:$H$260,$A$2:$A$260,$A27,$B$2:$B$260,$B27,$E$2:$E$260,"<="&$E27) -> 1184 | K27: =SUMIFS($I$2:$I$260,$A$2:$A$260,$A27,$B$2:$B$260,$B27,$E$2:$E$260,"<="&$E27) -> 61 | L27: =J27-K27 -> 1123 | M27: =SUMIFS($H$2:$H$260,$A$2:$A$260,$A27,$B$2:$B$260,$B27) -> 1837 | N27: =IF(M27=0,"",L27/M27) -> 0.61132281 | O27: Longbeach_Evening_Tides_Cumulative_Ingress_20130918.pdf (table says 2/11/2013)
A28: Longbeach | B28: 2013-02-11 | C28: Evening (pooled) | D28: Evening tide | E28: 6 | F28: 2:15 - 2:00 | G28: -135 | H28: 187 | I28: 52 | J28: =SUMIFS($H$2:$H$260,$A$2:$A$260,$A28,$B$2:$B$260,$B28,$E$2:$E$260,"<="&$E28) -> 1371 | K28: =SUMIFS($I$2:$I$260,$A$2:$A$260,$A28,$B$2:$B$260,$B28,$E$2:$E$260,"<="&$E28) -> 113 | L28: =J28-K28 -> 1258 | M28: =SUMIFS($H$2:$H$260,$A$2:$A$260,$A28,$B$2:$B$260,$B28) -> 1837 | N28: =IF(M28=0,"",L28/M28) -> 0.68481219 | O28: Longbeach_Evening_Tides_Cumulative_Ingress_20130918.pdf (table says 2/11/2013)
A29: Longbeach | B29: 2013-02-11 | C29: Evening (pooled) | D29: Evening tide | E29: 7 | F29: 2:00 - 1:45 | G29: -120 | H29: 160 | I29: 73 | J29: =SUMIFS($H$2:$H$260,$A$2:$A$260,$A29,$B$2:$B$260,$B29,$E$2:$E$260,"<="&$E29) -> 1531 | K29: =SUMIFS($I$2:$I$260,$A$2:$A$260,$A29,$B$2:$B$260,$B29,$E$2:$E$260,"<="&$E29) -> 186 | L29: =J29-K29 -> 1345 | M29: =SUMIFS($H$2:$H$260,$A$2:$A$260,$A29,$B$2:$B$260,$B29) -> 1837 | N29: =IF(M29=0,"",L29/M29) -> 0.73217202 | O29: Longbeach_Evening_Tides_Cumulative_Ingress_20130918.pdf (table says 2/11/2013)
A30: Longbeach | B30: 2013-02-11 | C30: Evening (pooled) | D30: Evening tide | E30: 8 | F30: 1:45 - 1:30 | G30: -105 | H30: 112 | I30: 132 | J30: =SUMIFS($H$2:$H$260,$A$2:$A$260,$A30,$B$2:$B$260,$B30,$E$2:$E$260,"<="&$E30) -> 1643 | K30: =SUMIFS($I$2:$I$260,$A$2:$A$260,$A30,$B$2:$B$260,$B30,$E$2:$E$260,"<="&$E30) -> 318 | L30: =J30-K30 -> 1325 | M30: =SUMIFS($H$2:$H$260,$A$2:$A$260,$A30,$B$2:$B$260,$B30) -> 1837 | N30: =IF(M30=0,"",L30/M30) -> 0.7212847 | O30: Longbeach_Evening_Tides_Cumulative_Ingress_20130918.pdf (table says 2/11/2013)
A31: Longbeach | B31: 2013-02-11 | C31: Evening (pooled) | D31: Evening tide | E31: 9 | F31: 1:30 - 1:15 | G31: -90 | H31: 68 | I31: 167 | J31: =SUMIFS($H$2:$H$260,$A$2:$A$260,$A31,$B$2:$B$260,$B31,$E$2:$E$260,"<="&$E31) -> 1711 | K31: =SUMIFS($I$2:$I$260,$A$2:$A$260,$A31,$B$2:$B$260,$B31,$E$2:$E$260,"<="&$E31) -> 485 | L31: =J31-K31 -> 1226 | M31: =SUMIFS($H$2:$H$260,$A$2:$A$260,$A31,$B$2:$B$260,$B31) -> 1837 | N31: =IF(M31=0,"",L31/M31) -> 0.66739249 | O31: Longbeach_Evening_Tides_Cumulative_Ingress_20130918.pdf (table says 2/11/2013)
A32: Longbeach | B32: 2013-02-11 | C32: Evening (pooled) | D32: Evening tide | E32: 10 | F32: 1:15 - 1:00 | G32: -75 | H32: 29 | I32: 230 | J32: =SUMIFS($H$2:$H$260,$A$2:$A$260,$A32,$B$2:$B$260,$B32,$E$2:$E$260,"<="&$E32) -> 1740 | K32: =SUMIFS($I$2:$I$260,$A$2:$A$260,$A32,$B$2:$B$260,$B32,$E$2:$E$260,"<="&$E32) -> 715 | L32: =J32-K32 -> 1025 | M32: =SUMIFS($H$2:$H$260,$A$2:$A$260,$A32,$B$2:$B$260,$B32) -> 1837 | N32: =IF(M32=0,"",L32/M32) -> 0.55797496 | O32: Longbeach_Evening_Tides_Cumulative_Ingress_20130918.pdf (table says 2/11/2013)
A33: Longbeach | B33: 2013-02-11 | C33: Evening (pooled) | D33: Evening tide | E33: 11 | F33: 1:00 - 0:45 | G33: -60 | H33: 36 | I33: 211 | J33: =SUMIFS($H$2:$H$260,$A$2:$A$260,$A33,$B$2:$B$260,$B33,$E$2:$E$260,"<="&$E33) -> 1776 | K33: =SUMIFS($I$2:$I$260,$A$2:$A$260,$A33,$B$2:$B$260,$B33,$E$2:$E$260,"<="&$E33) -> 926 | L33: =J33-K33 -> 850 | M33: =SUMIFS($H$2:$H$260,$A$2:$A$260,$A33,$B$2:$B$260,$B33) -> 1837 | N33: =IF(M33=0,"",L33/M33) -> 0.46271094 | O33: Longbeach_Evening_Tides_Cumulative_Ingress_20130918.pdf (table says 2/11/2013)
A34: Longbeach | B34: 2013-02-11 | C34: Evening (pooled) | D34: Evening tide | E34: 12 | F34: 0:45 - 0:30 | G34: -45 | H34: 20 | I34: 233 | J34: =SUMIFS($H$2:$H$260,$A$2:$A$260,$A34,$B$2:$B$260,$B34,$E$2:$E$260,"<="&$E34) -> 1796 | K34: =SUMIFS($I$2:$I$260,$A$2:$A$260,$A34,$B$2:$B$260,$B34,$E$2:$E$260,"<="&$E34) -> 1159 | L34: =J34-K34 -> 637 | M34: =SUMIFS($H$2:$H$260,$A$2:$A$260,$A34,$B$2:$B$260,$B34) -> 1837 | N34: =IF(M34=0,"",L34/M34) -> 0.34676102 | O34: Longbeach_Evening_Tides_Cumulative_Ingress_20130918.pdf (table says 2/11/2013)
... A41: Longbeach | B41: 2013-02-11 | C41: Evening (pooled) | D41: Evening tide | E41: 19 | F41: 1:00 - 1:15 | G41: 60 | H41: 1 | I41: 18 | J41: =SUMIFS($H$2:$H$260,$A$2:$A$260,$A41,$B$2:$B$260,$B41,$E$2:$E$260,"<="&$E41) -> 1837 | K41: =SUMIFS($I$2:$I$260,$A$2:$A$260,$A41,$B$2:$B$260,$B41,$E$2:$E$260,"<="&$E41) -> 1772 | L41: =J41-K41 -> 65 | M41: =SUMIFS($H$2:$H$260,$A$2:$A$260,$A41,$B$2:$B$260,$B41) -> 1837 | N41: =IF(M41=0,"",L41/M41) -> 0.035383778 | O41: Longbeach_Evening_Tides_Cumulative_Ingress_20130918.pdf (table says 2/11/2013)
A42: Twin Harbors | B42: 2011-01-25 | C42: Evening (single survey) | D42: Evening tide | E42: 0 | F42: Prior to start | H42: 68 | I42: 18 | J42: =SUMIFS($H$2:$H$260,$A$2:$A$260,$A42,$B$2:$B$260,$B42,$E$2:$E$260,"<="&$E42) -> 68 | K42: =SUMIFS($I$2:$I$260,$A$2:$A$260,$A42,$B$2:$B$260,$B42,$E$2:$E$260,"<="&$E42) -> 18 | L42: =J42-K42 -> 50 | M42: =SUMIFS($H$2:$H$260,$A$2:$A$260,$A42,$B$2:$B$260,$B42) -> 245 | N42: =IF(M42=0,"",L42/M42) -> 0.20408163 | O42: Longbeach/Twin_Harbors_Evening_Tides_Cumulative_Ingress.pdf (=201101 25*)
A43: Twin Harbors | B43: 2011-01-25 | C43: Evening (single survey) | D43: Evening tide | E43: 1 | F43: 3:30 - 3:15 | G43: -210 | H43: 0 | I43: 0 | J43: =SUMIFS($H$2:$H$260,$A$2:$A$260,$A43,$B$2:$B$260,$B43,$E$2:$E$260,"<="&$E43) -> 68 | K43: =SUMIFS($I$2:$I$260,$A$2:$A$260,$A43,$B$2:$B$260,$B43,$E$2:$E$260,"<="&$E43) -> 18 | L43: =J43-K43 -> 50 | M43: =SUMIFS($H$2:$H$260,$A$2:$A$260,$A43,$B$2:$B$260,$B43) -> 245 | N43: =IF(M43=0,"",L43/M43) -> 0.20408163 | O43: Longbeach/Twin_Harbors_Evening_Tides_Cumulative_Ingress.pdf (=201101 25*)
A44: Twin Harbors | B44: 2011-01-25 | C44: Evening (single survey) | D44: Evening tide | E44: 2 | F44: 3:15 - 3:00 | G44: -195 | H44: 0 | I44: 0 | J44: =SUMIFS($H$2:$H$260,$A$2:$A$260,$A44,$B$2:$B$260,$B44,$E$2:$E$260,"<="&$E44) -> 68 | K44: =SUMIFS($I$2:$I$260,$A$2:$A$260,$A44,$B$2:$B$260,$B44,$E$2:$E$260,"<="&$E44) -> 18 | L44: =J44-K44 -> 50 | M44: =SUMIFS($H$2:$H$260,$A$2:$A$260,$A44,$B$2:$B$260,$B44) -> 245 | N44: =IF(M44=0,"",L44/M44) -> 0.20408163 | O44: Longbeach/Twin_Harbors_Evening_Tides_Cumulative_Ingress.pdf (=201101 25*)
A45: Twin Harbors | B45: 2011-01-25 | C45: Evening (single survey) | D45: Evening tide | E45: 3 | F45: 3:00 - 2:45 | G45: -180 | H45: 9 | I45: 3 | J45: =SUMIFS($H$2:$H$260,$A$2:$A$260,$A45,$B$2:$B$260,$B45,$E$2:$E$260,"<="&$E45) -> 77 | K45: =SUMIFS($I$2:$I$260,$A$2:$A$260,$A45,$B$2:$B$260,$B45,$E$2:$E$260,"<="&$E45) -> 21 | L45: =J45-K45 -> 56 | M45: =SUMIFS($H$2:$H$260,$A$2:$A$260,$A45,$B$2:$B$260,$B45) -> 245 | N45: =IF(M45=0,"",L45/M45) -> 0.22857143 | O45: Longbeach/Twin_Harbors_Evening_Tides_Cumulative_Ingress.pdf (=201101 25*)
A46: Twin Harbors | B46: 2011-01-25 | C46: Evening (single survey) | D46: Evening tide | E46: 4 | F46: 2:45 - 2:30 | G46: -165 | H46: 16 | I46: 8 | J46: =SUMIFS($H$2:$H$260,$A$2:$A$260,$A46,$B$2:$B$260,$B46,$E$2:$E$260,"<="&$E46) -> 93 | K46: =SUMIFS($I$2:$I$260,$A$2:$A$260,$A46,$B$2:$B$260,$B46,$E$2:$E$260,"<="&$E46) -> 29 | L46: =J46-K46 -> 64 | M46: =SUMIFS($H$2:$H$260,$A$2:$A$260,$A46,$B$2:$B$260,$B46) -> 245 | N46: =IF(M46=0,"",L46/M46) -> 0.26122449 | O46: Longbeach/Twin_Harbors_Evening_Tides_Cumulative_Ingress.pdf (=201101 25*)
A47: Twin Harbors | B47: 2011-01-25 | C47: Evening (single survey) | D47: Evening tide | E47: 5 | F47: 2:30 - 2:15 | G47: -150 | H47: 25 | I47: 8 | J47: =SUMIFS($H$2:$H$260,$A$2:$A$260,$A47,$B$2:$B$260,$B47,$E$2:$E$260,"<="&$E47) -> 118 | K47: =SUMIFS($I$2:$I$260,$A$2:$A$260,$A47,$B$2:$B$260,$B47,$E$2:$E$260,"<="&$E47) -> 37 | L47: =J47-K47 -> 81 | M47: =SUMIFS($H$2:$H$260,$A$2:$A$260,$A47,$B$2:$B$260,$B47) -> 245 | N47: =IF(M47=0,"",L47/M47) -> 0.33061224 | O47: Longbeach/Twin_Harbors_Evening_Tides_Cumulative_Ingress.pdf (=201101 25*)
A48: Twin Harbors | B48: 2011-01-25 | C48: Evening (single survey) | D48: Evening tide | E48: 6 | F48: 2:15 - 2:00 | G48: -135 | H48: 21 | I48: 5 | J48: =SUMIFS($H$2:$H$260,$A$2:$A$260,$A48,$B$2:$B$260,$B48,$E$2:$E$260,"<="&$E48) -> 139 | K48: =SUMIFS($I$2:$I$260,$A$2:$A$260,$A48,$B$2:$B$260,$B48,$E$2:$E$260,"<="&$E48) -> 42 | L48: =J48-K48 -> 97 | M48: =SUMIFS($H$2:$H$260,$A$2:$A$260,$A48,$B$2:$B$260,$B48) -> 245 | N48: =IF(M48=0,"",L48/M48) -> 0.39591837 | O48: Longbeach/Twin_Harbors_Evening_Tides_Cumulative_Ingress.pdf (=201101 25*)
A49: Twin Harbors | B49: 2011-01-25 | C49: Evening (single survey) | D49: Evening tide | E49: 7 | F49: 2:00 - 1:45 | G49: -120 | H49: 22 | I49: 5 | J49: =SUMIFS($H$2:$H$260,$A$2:$A$260,$A49,$B$2:$B$260,$B49,$E$2:$E$260,"<="&$E49) -> 161 | K49: =SUMIFS($I$2:$I$260,$A$2:$A$260,$A49,$B$2:$B$260,$B49,$E$2:$E$260,"<="&$E49) -> 47 | L49: =J49-K49 -> 114 | M49: =SUMIFS($H$2:$H$260,$A$2:$A$260,$A49,$B$2:$B$260,$B49) -> 245 | N49: =IF(M49=0,"",L49/M49) -> 0.46530612 | O49: Longbeach/Twin_Harbors_Evening_Tides_Cumulative_Ingress.pdf (=201101 25*)
A50: Twin Harbors | B50: 2011-01-25 | C50: Evening (single survey) | D50: Evening tide | E50: 8 | F50: 1:45 - 1:30 | G50: -105 | H50: 12 | I50: 15 | J50: =SUMIFS($H$2:$H$260,$A$2:$A$260,$A50,$B$2:$B$260,$B50,$E$2:$E$260,"<="&$E50) -> 173 | K50: =SUMIFS($I$2:$I$260,$A$2:$A$260,$A50,$B$2:$B$260,$B50,$E$2:$E$260,"<="&$E50) -> 62 | L50: =J50-K50 -> 111 | M50: =SUMIFS($H$2:$H$260,$A$2:$A$260,$A50,$B$2:$B$260,$B50) -> 245 | N50: =IF(M50=0,"",L50/M50) -> 0.45306122 | O50: Longbeach/Twin_Harbors_Evening_Tides_Cumulative_Ingress.pdf (=201101 25*)
A51: Twin Harbors | B51: 2011-01-25 | C51: Evening (single survey) | D51: Evening tide | E51: 9 | F51: 1:30 - 1:15 | G51: -90 | H51: 13 | I51: 7 | J51: =SUMIFS($H$2:$H$260,$A$2:$A$260,$A51,$B$2:$B$260,$B51,$E$2:$E$260,"<="&$E51) -> 186 | K51: =SUMIFS($I$2:$I$260,$A$2:$A$260,$A51,$B$2:$B$260,$B51,$E$2:$E$260,"<="&$E51) -> 69 | L51: =J51-K51 -> 117 | M51: =SUMIFS($H$2:$H$260,$A$2:$A$260,$A51,$B$2:$B$260,$B51) -> 245 | N51: =IF(M51=0,"",L51/M51) -> 0.47755102 | O51: Longbeach/Twin_Harbors_Evening_Tides_Cumulative_Ingress.pdf (=201101 25*)
A52: Twin Harbors | B52: 2011-01-25 | C52: Evening (single survey) | D52: Evening tide | E52: 10 | F52: 1:15 - 1:00 | G52: -75 | H52: 28 | I52: 16 | J52: =SUMIFS($H$2:$H$260,$A$2:$A$260,$A52,$B$2:$B$260,$B52,$E$2:$E$260,"<="&$E52) -> 214 | K52: =SUMIFS($I$2:$I$260,$A$2:$A$260,$A52,$B$2:$B$260,$B52,$E$2:$E$260,"<="&$E52) -> 85 | L52: =J52-K52 -> 129 | M52: =SUMIFS($H$2:$H$260,$A$2:$A$260,$A52,$B$2:$B$260,$B52) -> 245 | N52: =IF(M52=0,"",L52/M52) -> 0.52653061 | O52: Longbeach/Twin_Harbors_Evening_Tides_Cumulative_Ingress.pdf (=201101 25*)
A53: Twin Harbors | B53: 2011-01-25 | C53: Evening (single survey) | D53: Evening tide | E53: 11 | F53: 1:00 - 0:45 | G53: -60 | H53: 9 | I53: 6 | J53: =SUMIFS($H$2:$H$260,$A$2:$A$260,$A53,$B$2:$B$260,$B53,$E$2:$E$260,"<="&$E53) -> 223 | K53: =SUMIFS($I$2:$I$260,$A$2:$A$260,$A53,$B$2:$B$260,$B53,$E$2:$E$260,"<="&$E53) -> 91 | L53: =J53-K53 -> 132 | M53: =SUMIFS($H$2:$H$260,$A$2:$A$260,$A53,$B$2:$B$260,$B53) -> 245 | N53: =IF(M53=0,"",L53/M53) -> 0.53877551 | O53: Longbeach/Twin_Harbors_Evening_Tides_Cumulative_Ingress.pdf (=201101 25*)
A54: Twin Harbors | B54: 2011-01-25 | C54: Evening (single survey) | D54: Evening tide | E54: 12 | F54: 0:45 - 0:30 | G54: -45 | H54: 4 | I54: 18 | J54: =SUMIFS($H$2:$H$260,$A$2:$A$260,$A54,$B$2:$B$260,$B54,$E$2:$E$260,"<="&$E54) -> 227 | K54: =SUMIFS($I$2:$I$260,$A$2:$A$260,$A54,$B$2:$B$260,$B54,$E$2:$E$260,"<="&$E54) -> 109 | L54: =J54-K54 -> 118 | M54: =SUMIFS($H$2:$H$260,$A$2:$A$260,$A54,$B$2:$B$260,$B54) -> 245 | N54: =IF(M54=0,"",L54/M54) -> 0.48163265 | O54: Longbeach/Twin_Harbors_Evening_Tides_Cumulative_Ingress.pdf (=201101 25*)
... A60: Twin Harbors | B60: 2011-01-25 | C60: Evening (single survey) | D60: Evening tide | E60: 18 | F60: 0:45 - 1:00 | G60: 45 | H60: 2 | I60: 7 | J60: =SUMIFS($H$2:$H$260,$A$2:$A$260,$A60,$B$2:$B$260,$B60,$E$2:$E$260,"<="&$E60) -> 245 | K60: =SUMIFS($I$2:$I$260,$A$2:$A$260,$A60,$B$2:$B$260,$B60,$E$2:$E$260,"<="&$E60) -> 219 | L60: =J60-K60 -> 26 | M60: =SUMIFS($H$2:$H$260,$A$2:$A$260,$A60,$B$2:$B$260,$B60) -> 245 | N60: =IF(M60=0,"",L60/M60) -> 0.10612245 | O60: Longbeach/Twin_Harbors_Evening_Tides_Cumulative_Ingress.pdf (=201101 25*)
A61: Twin Harbors | B61: 2013-09-24 | C61: Evening (pooled) | D61: Evening tide | E61: 0 | F61: Prior to start | H61: 108 | I61: 20 | J61: =SUMIFS($H$2:$H$260,$A$2:$A$260,$A61,$B$2:$B$260,$B61,$E$2:$E$260,"<="&$E61) -> 108 | K61: =SUMIFS($I$2:$I$260,$A$2:$A$260,$A61,$B$2:$B$260,$B61,$E$2:$E$260,"<="&$E61) -> 20 | L61: =J61-K61 -> 88 | M61: =SUMIFS($H$2:$H$260,$A$2:$A$260,$A61,$B$2:$B$260,$B61) -> 884 | N61: =IF(M61=0,"",L61/M61) -> 0.099547511 | O61: Twin_Harbors_Evening_Tides_Cumulative_Ingress_Sept_24_2013.pdf
A62: Twin Harbors | B62: 2013-09-24 | C62: Evening (pooled) | D62: Evening tide | E62: 1 | F62: 3:30 - 3:15 | G62: -210 | H62: 0 | I62: 0 | J62: =SUMIFS($H$2:$H$260,$A$2:$A$260,$A62,$B$2:$B$260,$B62,$E$2:$E$260,"<="&$E62) -> 108 | K62: =SUMIFS($I$2:$I$260,$A$2:$A$260,$A62,$B$2:$B$260,$B62,$E$2:$E$260,"<="&$E62) -> 20 | L62: =J62-K62 -> 88 | M62: =SUMIFS($H$2:$H$260,$A$2:$A$260,$A62,$B$2:$B$260,$B62) -> 884 | N62: =IF(M62=0,"",L62/M62) -> 0.099547511 | O62: Twin_Harbors_Evening_Tides_Cumulative_Ingress_Sept_24_2013.pdf
A63: Twin Harbors | B63: 2013-09-24 | C63: Evening (pooled) | D63: Evening tide | E63: 2 | F63: 3:15 - 3:00 | G63: -195 | H63: 12 | I63: 0 | J63: =SUMIFS($H$2:$H$260,$A$2:$A$260,$A63,$B$2:$B$260,$B63,$E$2:$E$260,"<="&$E63) -> 120 | K63: =SUMIFS($I$2:$I$260,$A$2:$A$260,$A63,$B$2:$B$260,$B63,$E$2:$E$260,"<="&$E63) -> 20 | L63: =J63-K63 -> 100 | M63: =SUMIFS($H$2:$H$260,$A$2:$A$260,$A63,$B$2:$B$260,$B63) -> 884 | N63: =IF(M63=0,"",L63/M63) -> 0.11312217 | O63: Twin_Harbors_Evening_Tides_Cumulative_Ingress_Sept_24_2013.pdf
A64: Twin Harbors | B64: 2013-09-24 | C64: Evening (pooled) | D64: Evening tide | E64: 3 | F64: 3:00 - 2:45 | G64: -180 | H64: 56 | I64: 7 | J64: =SUMIFS($H$2:$H$260,$A$2:$A$260,$A64,$B$2:$B$260,$B64,$E$2:$E$260,"<="&$E64) -> 176 | K64: =SUMIFS($I$2:$I$260,$A$2:$A$260,$A64,$B$2:$B$260,$B64,$E$2:$E$260,"<="&$E64) -> 27 | L64: =J64-K64 -> 149 | M64: =SUMIFS($H$2:$H$260,$A$2:$A$260,$A64,$B$2:$B$260,$B64) -> 884 | N64: =IF(M64=0,"",L64/M64) -> 0.16855204 | O64: Twin_Harbors_Evening_Tides_Cumulative_Ingress_Sept_24_2013.pdf
A65: Twin Harbors | B65: 2013-09-24 | C65: Evening (pooled) | D65: Evening tide | E65: 4 | F65: 2:45 - 2:30 | G65: -165 | H65: 73 | I65: 14 | J65: =SUMIFS($H$2:$H$260,$A$2:$A$260,$A65,$B$2:$B$260,$B65,$E$2:$E$260,"<="&$E65) -> 249 | K65: =SUMIFS($I$2:$I$260,$A$2:$A$260,$A65,$B$2:$B$260,$B65,$E$2:$E$260,"<="&$E65) -> 41 | L65: =J65-K65 -> 208 | M65: =SUMIFS($H$2:$H$260,$A$2:$A$260,$A65,$B$2:$B$260,$B65) -> 884 | N65: =IF(M65=0,"",L65/M65) -> 0.23529412 | O65: Twin_Harbors_Evening_Tides_Cumulative_Ingress_Sept_24_2013.pdf
A66: Twin Harbors | B66: 2013-09-24 | C66: Evening (pooled) | D66: Evening tide | E66: 5 | F66: 2:30 - 2:15 | G66: -150 | H66: 101 | I66: 13 | J66: =SUMIFS($H$2:$H$260,$A$2:$A$260,$A66,$B$2:$B$260,$B66,$E$2:$E$260,"<="&$E66) -> 350 | K66: =SUMIFS($I$2:$I$260,$A$2:$A$260,$A66,$B$2:$B$260,$B66,$E$2:$E$260,"<="&$E66) -> 54 | L66: =J66-K66 -> 296 | M66: =SUMIFS($H$2:$H$260,$A$2:$A$260,$A66,$B$2:$B$260,$B66) -> 884 | N66: =IF(M66=0,"",L66/M66) -> 0.33484163 | O66: Twin_Harbors_Evening_Tides_Cumulative_Ingress_Sept_24_2013.pdf
A67: Twin Harbors | B67: 2013-09-24 | C67: Evening (pooled) | D67: Evening tide | E67: 6 | F67: 2:15 - 2:00 | G67: -135 | H67: 103 | I67: 16 | J67: =SUMIFS($H$2:$H$260,$A$2:$A$260,$A67,$B$2:$B$260,$B67,$E$2:$E$260,"<="&$E67) -> 453 | K67: =SUMIFS($I$2:$I$260,$A$2:$A$260,$A67,$B$2:$B$260,$B67,$E$2:$E$260,"<="&$E67) -> 70 | L67: =J67-K67 -> 383 | M67: =SUMIFS($H$2:$H$260,$A$2:$A$260,$A67,$B$2:$B$260,$B67) -> 884 | N67: =IF(M67=0,"",L67/M67) -> 0.43325792 | O67: Twin_Harbors_Evening_Tides_Cumulative_Ingress_Sept_24_2013.pdf
A68: Twin Harbors | B68: 2013-09-24 | C68: Evening (pooled) | D68: Evening tide | E68: 7 | F68: 2:00 - 1:45 | G68: -120 | H68: 105 | I68: 24 | J68: =SUMIFS($H$2:$H$260,$A$2:$A$260,$A68,$B$2:$B$260,$B68,$E$2:$E$260,"<="&$E68) -> 558 | K68: =SUMIFS($I$2:$I$260,$A$2:$A$260,$A68,$B$2:$B$260,$B68,$E$2:$E$260,"<="&$E68) -> 94 | L68: =J68-K68 -> 464 | M68: =SUMIFS($H$2:$H$260,$A$2:$A$260,$A68,$B$2:$B$260,$B68) -> 884 | N68: =IF(M68=0,"",L68/M68) -> 0.52488688 | O68: Twin_Harbors_Evening_Tides_Cumulative_Ingress_Sept_24_2013.pdf
A69: Twin Harbors | B69: 2013-09-24 | C69: Evening (pooled) | D69: Evening tide | E69: 8 | F69: 1:45 - 1:30 | G69: -105 | H69: 75 | I69: 64 | J69: =SUMIFS($H$2:$H$260,$A$2:$A$260,$A69,$B$2:$B$260,$B69,$E$2:$E$260,"<="&$E69) -> 633 | K69: =SUMIFS($I$2:$I$260,$A$2:$A$260,$A69,$B$2:$B$260,$B69,$E$2:$E$260,"<="&$E69) -> 158 | L69: =J69-K69 -> 475 | M69: =SUMIFS($H$2:$H$260,$A$2:$A$260,$A69,$B$2:$B$260,$B69) -> 884 | N69: =IF(M69=0,"",L69/M69) -> 0.53733032 | O69: Twin_Harbors_Evening_Tides_Cumulative_Ingress_Sept_24_2013.pdf
A70: Twin Harbors | B70: 2013-09-24 | C70: Evening (pooled) | D70: Evening tide | E70: 9 | F70: 1:30 - 1:15 | G70: -90 | H70: 63 | I70: 79 | J70: =SUMIFS($H$2:$H$260,$A$2:$A$260,$A70,$B$2:$B$260,$B70,$E$2:$E$260,"<="&$E70) -> 696 | K70: =SUMIFS($I$2:$I$260,$A$2:$A$260,$A70,$B$2:$B$260,$B70,$E$2:$E$260,"<="&$E70) -> 237 | L70: =J70-K70 -> 459 | M70: =SUMIFS($H$2:$H$260,$A$2:$A$260,$A70,$B$2:$B$260,$B70) -> 884 | N70: =IF(M70=0,"",L70/M70) -> 0.51923077 | O70: Twin_Harbors_Evening_Tides_Cumulative_Ingress_Sept_24_2013.pdf
A71: Twin Harbors | B71: 2013-09-24 | C71: Evening (pooled) | D71: Evening tide | E71: 10 | F71: 1:15 - 1:00 | G71: -75 | H71: 63 | I71: 97 | J71: =SUMIFS($H$2:$H$260,$A$2:$A$260,$A71,$B$2:$B$260,$B71,$E$2:$E$260,"<="&$E71) -> 759 | K71: =SUMIFS($I$2:$I$260,$A$2:$A$260,$A71,$B$2:$B$260,$B71,$E$2:$E$260,"<="&$E71) -> 334 | L71: =J71-K71 -> 425 | M71: =SUMIFS($H$2:$H$260,$A$2:$A$260,$A71,$B$2:$B$260,$B71) -> 884 | N71: =IF(M71=0,"",L71/M71) -> 0.48076923 | O71: Twin_Harbors_Evening_Tides_Cumulative_Ingress_Sept_24_2013.pdf
A72: Twin Harbors | B72: 2013-09-24 | C72: Evening (pooled) | D72: Evening tide | E72: 11 | F72: 1:00 - 0:45 | G72: -60 | H72: 40 | I72: 92 | J72: =SUMIFS($H$2:$H$260,$A$2:$A$260,$A72,$B$2:$B$260,$B72,$E$2:$E$260,"<="&$E72) -> 799 | K72: =SUMIFS($I$2:$I$260,$A$2:$A$260,$A72,$B$2:$B$260,$B72,$E$2:$E$260,"<="&$E72) -> 426 | L72: =J72-K72 -> 373 | M72: =SUMIFS($H$2:$H$260,$A$2:$A$260,$A72,$B$2:$B$260,$B72) -> 884 | N72: =IF(M72=0,"",L72/M72) -> 0.4219457 | O72: Twin_Harbors_Evening_Tides_Cumulative_Ingress_Sept_24_2013.pdf
A73: Twin Harbors | B73: 2013-09-24 | C73: Evening (pooled) | D73: Evening tide | E73: 12 | F73: 0:45 - 0:30 | G73: -45 | H73: 23 | I73: 99 | J73: =SUMIFS($H$2:$H$260,$A$2:$A$260,$A73,$B$2:$B$260,$B73,$E$2:$E$260,"<="&$E73) -> 822 | K73: =SUMIFS($I$2:$I$260,$A$2:$A$260,$A73,$B$2:$B$260,$B73,$E$2:$E$260,"<="&$E73) -> 525 | L73: =J73-K73 -> 297 | M73: =SUMIFS($H$2:$H$260,$A$2:$A$260,$A73,$B$2:$B$260,$B73) -> 884 | N73: =IF(M73=0,"",L73/M73) -> 0.33597285 | O73: Twin_Harbors_Evening_Tides_Cumulative_Ingress_Sept_24_2013.pdf
... A79: Twin Harbors | B79: 2013-09-24 | C79: Evening (pooled) | D79: Evening tide | E79: 18 | F79: 0:45 - 1:00 | G79: 45 | H79: 4 | I79: 15 | J79: =SUMIFS($H$2:$H$260,$A$2:$A$260,$A79,$B$2:$B$260,$B79,$E$2:$E$260,"<="&$E79) -> 884 | K79: =SUMIFS($I$2:$I$260,$A$2:$A$260,$A79,$B$2:$B$260,$B79,$E$2:$E$260,"<="&$E79) -> 834 | L79: =J79-K79 -> 50 | M79: =SUMIFS($H$2:$H$260,$A$2:$A$260,$A79,$B$2:$B$260,$B79) -> 884 | N79: =IF(M79=0,"",L79/M79) -> 0.056561086 | O79: Twin_Harbors_Evening_Tides_Cumulative_Ingress_Sept_24_2013.pdf
A80: Copalis | B80: 2010-11-03 | C80: Evening (pooled) | D80: Evening tide | E80: 0 | F80: Prior to start | H80: 25 | I80: 0 | J80: =SUMIFS($H$2:$H$260,$A$2:$A$260,$A80,$B$2:$B$260,$B80,$E$2:$E$260,"<="&$E80) -> 25 | K80: =SUMIFS($I$2:$I$260,$A$2:$A$260,$A80,$B$2:$B$260,$B80,$E$2:$E$260,"<="&$E80) -> 0 | L80: =J80-K80 -> 25 | M80: =SUMIFS($H$2:$H$260,$A$2:$A$260,$A80,$B$2:$B$260,$B80) -> 717 | N80: =IF(M80=0,"",L80/M80) -> 0.034867503 | O80: Copalis/Mocrocks_Evening_Tides_Cumulative_Ingress.pdf
A81: Copalis | B81: 2010-11-03 | C81: Evening (pooled) | D81: Evening tide | E81: 1 | F81: 3:30 - 3:15 | G81: -210 | H81: 12 | I81: 2 | J81: =SUMIFS($H$2:$H$260,$A$2:$A$260,$A81,$B$2:$B$260,$B81,$E$2:$E$260,"<="&$E81) -> 37 | K81: =SUMIFS($I$2:$I$260,$A$2:$A$260,$A81,$B$2:$B$260,$B81,$E$2:$E$260,"<="&$E81) -> 2 | L81: =J81-K81 -> 35 | M81: =SUMIFS($H$2:$H$260,$A$2:$A$260,$A81,$B$2:$B$260,$B81) -> 717 | N81: =IF(M81=0,"",L81/M81) -> 0.048814505 | O81: Copalis/Mocrocks_Evening_Tides_Cumulative_Ingress.pdf
A82: Copalis | B82: 2010-11-03 | C82: Evening (pooled) | D82: Evening tide | E82: 2 | F82: 3:15 - 3:00 | G82: -195 | H82: 42 | I82: 2 | J82: =SUMIFS($H$2:$H$260,$A$2:$A$260,$A82,$B$2:$B$260,$B82,$E$2:$E$260,"<="&$E82) -> 79 | K82: =SUMIFS($I$2:$I$260,$A$2:$A$260,$A82,$B$2:$B$260,$B82,$E$2:$E$260,"<="&$E82) -> 4 | L82: =J82-K82 -> 75 | M82: =SUMIFS($H$2:$H$260,$A$2:$A$260,$A82,$B$2:$B$260,$B82) -> 717 | N82: =IF(M82=0,"",L82/M82) -> 0.10460251 | O82: Copalis/Mocrocks_Evening_Tides_Cumulative_Ingress.pdf
A83: Copalis | B83: 2010-11-03 | C83: Evening (pooled) | D83: Evening tide | E83: 3 | F83: 3:00 - 2:45 | G83: -180 | H83: 43 | I83: 5 | J83: =SUMIFS($H$2:$H$260,$A$2:$A$260,$A83,$B$2:$B$260,$B83,$E$2:$E$260,"<="&$E83) -> 122 | K83: =SUMIFS($I$2:$I$260,$A$2:$A$260,$A83,$B$2:$B$260,$B83,$E$2:$E$260,"<="&$E83) -> 9 | L83: =J83-K83 -> 113 | M83: =SUMIFS($H$2:$H$260,$A$2:$A$260,$A83,$B$2:$B$260,$B83) -> 717 | N83: =IF(M83=0,"",L83/M83) -> 0.15760112 | O83: Copalis/Mocrocks_Evening_Tides_Cumulative_Ingress.pdf
A84: Copalis | B84: 2010-11-03 | C84: Evening (pooled) | D84: Evening tide | E84: 4 | F84: 2:45 - 2:30 | G84: -165 | H84: 67 | I84: 6 | J84: =SUMIFS($H$2:$H$260,$A$2:$A$260,$A84,$B$2:$B$260,$B84,$E$2:$E$260,"<="&$E84) -> 189 | K84: =SUMIFS($I$2:$I$260,$A$2:$A$260,$A84,$B$2:$B$260,$B84,$E$2:$E$260,"<="&$E84) -> 15 | L84: =J84-K84 -> 174 | M84: =SUMIFS($H$2:$H$260,$A$2:$A$260,$A84,$B$2:$B$260,$B84) -> 717 | N84: =IF(M84=0,"",L84/M84) -> 0.24267782 | O84: Copalis/Mocrocks_Evening_Tides_Cumulative_Ingress.pdf
A85: Copalis | B85: 2010-11-03 | C85: Evening (pooled) | D85: Evening tide | E85: 5 | F85: 2:30 - 2:15 | G85: -150 | H85: 75 | I85: 3 | J85: =SUMIFS($H$2:$H$260,$A$2:$A$260,$A85,$B$2:$B$260,$B85,$E$2:$E$260,"<="&$E85) -> 264 | K85: =SUMIFS($I$2:$I$260,$A$2:$A$260,$A85,$B$2:$B$260,$B85,$E$2:$E$260,"<="&$E85) -> 18 | L85: =J85-K85 -> 246 | M85: =SUMIFS($H$2:$H$260,$A$2:$A$260,$A85,$B$2:$B$260,$B85) -> 717 | N85: =IF(M85=0,"",L85/M85) -> 0.34309623 | O85: Copalis/Mocrocks_Evening_Tides_Cumulative_Ingress.pdf
A86: Copalis | B86: 2010-11-03 | C86: Evening (pooled) | D86: Evening tide | E86: 6 | F86: 2:15 - 2:00 | G86: -135 | H86: 83 | I86: 14 | J86: =SUMIFS($H$2:$H$260,$A$2:$A$260,$A86,$B$2:$B$260,$B86,$E$2:$E$260,"<="&$E86) -> 347 | K86: =SUMIFS($I$2:$I$260,$A$2:$A$260,$A86,$B$2:$B$260,$B86,$E$2:$E$260,"<="&$E86) -> 32 | L86: =J86-K86 -> 315 | M86: =SUMIFS($H$2:$H$260,$A$2:$A$260,$A86,$B$2:$B$260,$B86) -> 717 | N86: =IF(M86=0,"",L86/M86) -> 0.43933054 | O86: Copalis/Mocrocks_Evening_Tides_Cumulative_Ingress.pdf
A87: Copalis | B87: 2010-11-03 | C87: Evening (pooled) | D87: Evening tide | E87: 7 | F87: 2:00 - 1:45 | G87: -120 | H87: 54 | I87: 20 | J87: =SUMIFS($H$2:$H$260,$A$2:$A$260,$A87,$B$2:$B$260,$B87,$E$2:$E$260,"<="&$E87) -> 401 | K87: =SUMIFS($I$2:$I$260,$A$2:$A$260,$A87,$B$2:$B$260,$B87,$E$2:$E$260,"<="&$E87) -> 52 | L87: =J87-K87 -> 349 | M87: =SUMIFS($H$2:$H$260,$A$2:$A$260,$A87,$B$2:$B$260,$B87) -> 717 | N87: =IF(M87=0,"",L87/M87) -> 0.48675035 | O87: Copalis/Mocrocks_Evening_Tides_Cumulative_Ingress.pdf
A88: Copalis | B88: 2010-11-03 | C88: Evening (pooled) | D88: Evening tide | E88: 8 | F88: 1:45 - 1:30 | G88: -105 | H88: 55 | I88: 47 | J88: =SUMIFS($H$2:$H$260,$A$2:$A$260,$A88,$B$2:$B$260,$B88,$E$2:$E$260,"<="&$E88) -> 456 | K88: =SUMIFS($I$2:$I$260,$A$2:$A$260,$A88,$B$2:$B$260,$B88,$E$2:$E$260,"<="&$E88) -> 99 | L88: =J88-K88 -> 357 | M88: =SUMIFS($H$2:$H$260,$A$2:$A$260,$A88,$B$2:$B$260,$B88) -> 717 | N88: =IF(M88=0,"",L88/M88) -> 0.49790795 | O88: Copalis/Mocrocks_Evening_Tides_Cumulative_Ingress.pdf
A89: Copalis | B89: 2010-11-03 | C89: Evening (pooled) | D89: Evening tide | E89: 9 | F89: 1:30 - 1:15 | G89: -90 | H89: 62 | I89: 64 | J89: =SUMIFS($H$2:$H$260,$A$2:$A$260,$A89,$B$2:$B$260,$B89,$E$2:$E$260,"<="&$E89) -> 518 | K89: =SUMIFS($I$2:$I$260,$A$2:$A$260,$A89,$B$2:$B$260,$B89,$E$2:$E$260,"<="&$E89) -> 163 | L89: =J89-K89 -> 355 | M89: =SUMIFS($H$2:$H$260,$A$2:$A$260,$A89,$B$2:$B$260,$B89) -> 717 | N89: =IF(M89=0,"",L89/M89) -> 0.49511855 | O89: Copalis/Mocrocks_Evening_Tides_Cumulative_Ingress.pdf
A90: Copalis | B90: 2010-11-03 | C90: Evening (pooled) | D90: Evening tide | E90: 10 | F90: 1:15 - 1:00 | G90: -75 | H90: 61 | I90: 59 | J90: =SUMIFS($H$2:$H$260,$A$2:$A$260,$A90,$B$2:$B$260,$B90,$E$2:$E$260,"<="&$E90) -> 579 | K90: =SUMIFS($I$2:$I$260,$A$2:$A$260,$A90,$B$2:$B$260,$B90,$E$2:$E$260,"<="&$E90) -> 222 | L90: =J90-K90 -> 357 | M90: =SUMIFS($H$2:$H$260,$A$2:$A$260,$A90,$B$2:$B$260,$B90) -> 717 | N90: =IF(M90=0,"",L90/M90) -> 0.49790795 | O90: Copalis/Mocrocks_Evening_Tides_Cumulative_Ingress.pdf
A91: Copalis | B91: 2010-11-03 | C91: Evening (pooled) | D91: Evening tide | E91: 11 | F91: 1:00 - 0:45 | G91: -60 | H91: 30 | I91: 90 | J91: =SUMIFS($H$2:$H$260,$A$2:$A$260,$A91,$B$2:$B$260,$B91,$E$2:$E$260,"<="&$E91) -> 609 | K91: =SUMIFS($I$2:$I$260,$A$2:$A$260,$A91,$B$2:$B$260,$B91,$E$2:$E$260,"<="&$E91) -> 312 | L91: =J91-K91 -> 297 | M91: =SUMIFS($H$2:$H$260,$A$2:$A$260,$A91,$B$2:$B$260,$B91) -> 717 | N91: =IF(M91=0,"",L91/M91) -> 0.41422594 | O91: Copalis/Mocrocks_Evening_Tides_Cumulative_Ingress.pdf
A92: Copalis | B92: 2010-11-03 | C92: Evening (pooled) | D92: Evening tide | E92: 12 | F92: 0:45 - 0:30 | G92: -45 | H92: 32 | I92: 94 | J92: =SUMIFS($H$2:$H$260,$A$2:$A$260,$A92,$B$2:$B$260,$B92,$E$2:$E$260,"<="&$E92) -> 641 | K92: =SUMIFS($I$2:$I$260,$A$2:$A$260,$A92,$B$2:$B$260,$B92,$E$2:$E$260,"<="&$E92) -> 406 | L92: =J92-K92 -> 235 | M92: =SUMIFS($H$2:$H$260,$A$2:$A$260,$A92,$B$2:$B$260,$B92) -> 717 | N92: =IF(M92=0,"",L92/M92) -> 0.32775453 | O92: Copalis/Mocrocks_Evening_Tides_Cumulative_Ingress.pdf
... A98: Copalis | B98: 2010-11-03 | C98: Evening (pooled) | D98: Evening tide | E98: 18 | F98: 0:45 - 1:00 | G98: 45 | H98: 5 | I98: 26 | J98: =SUMIFS($H$2:$H$260,$A$2:$A$260,$A98,$B$2:$B$260,$B98,$E$2:$E$260,"<="&$E98) -> 717 | K98: =SUMIFS($I$2:$I$260,$A$2:$A$260,$A98,$B$2:$B$260,$B98,$E$2:$E$260,"<="&$E98) -> 670 | L98: =J98-K98 -> 47 | M98: =SUMIFS($H$2:$H$260,$A$2:$A$260,$A98,$B$2:$B$260,$B98) -> 717 | N98: =IF(M98=0,"",L98/M98) -> 0.065550907 | O98: Copalis/Mocrocks_Evening_Tides_Cumulative_Ingress.pdf
A99: Copalis | B99: 2012-12-19 | C99: Evening (pooled) | D99: Evening tide | E99: 0 | F99: Prior to start | H99: 25 | I99: 0 | J99: =SUMIFS($H$2:$H$260,$A$2:$A$260,$A99,$B$2:$B$260,$B99,$E$2:$E$260,"<="&$E99) -> 25 | K99: =SUMIFS($I$2:$I$260,$A$2:$A$260,$A99,$B$2:$B$260,$B99,$E$2:$E$260,"<="&$E99) -> 0 | L99: =J99-K99 -> 25 | M99: =SUMIFS($H$2:$H$260,$A$2:$A$260,$A99,$B$2:$B$260,$B99) -> 859 | N99: =IF(M99=0,"",L99/M99) -> 0.029103609 | O99: 20121219Copalis_Evening_Tides_Cumulative_Ingress.pdf
A100: Copalis | B100: 2012-12-19 | C100: Evening (pooled) | D100: Evening tide | E100: 1 | F100: 3:30 - 3:15 | G100: -210 | H100: 12 | I100: 2 | J100: =SUMIFS($H$2:$H$260,$A$2:$A$260,$A100,$B$2:$B$260,$B100,$E$2:$E$260,"<="&$E100) -> 37 | K100: =SUMIFS($I$2:$I$260,$A$2:$A$260,$A100,$B$2:$B$260,$B100,$E$2:$E$260,"<="&$E100) -> 2 | L100: =J100-K100 -> 35 | M100: =SUMIFS($H$2:$H$260,$A$2:$A$260,$A100,$B$2:$B$260,$B100) -> 859 | N100: =IF(M100=0,"",L100/M100) -> 0.040745052 | O100: 20121219Copalis_Evening_Tides_Cumulative_Ingress.pdf
A101: Copalis | B101: 2012-12-19 | C101: Evening (pooled) | D101: Evening tide | E101: 2 | F101: 3:15 - 3:00 | G101: -195 | H101: 56 | I101: 5 | J101: =SUMIFS($H$2:$H$260,$A$2:$A$260,$A101,$B$2:$B$260,$B101,$E$2:$E$260,"<="&$E101) -> 93 | K101: =SUMIFS($I$2:$I$260,$A$2:$A$260,$A101,$B$2:$B$260,$B101,$E$2:$E$260,"<="&$E101) -> 7 | L101: =J101-K101 -> 86 | M101: =SUMIFS($H$2:$H$260,$A$2:$A$260,$A101,$B$2:$B$260,$B101) -> 859 | N101: =IF(M101=0,"",L101/M101) -> 0.10011641 | O101: 20121219Copalis_Evening_Tides_Cumulative_Ingress.pdf
A102: Copalis | B102: 2012-12-19 | C102: Evening (pooled) | D102: Evening tide | E102: 3 | F102: 3:00 - 2:45 | G102: -180 | H102: 47 | I102: 6 | J102: =SUMIFS($H$2:$H$260,$A$2:$A$260,$A102,$B$2:$B$260,$B102,$E$2:$E$260,"<="&$E102) -> 140 | K102: =SUMIFS($I$2:$I$260,$A$2:$A$260,$A102,$B$2:$B$260,$B102,$E$2:$E$260,"<="&$E102) -> 13 | L102: =J102-K102 -> 127 | M102: =SUMIFS($H$2:$H$260,$A$2:$A$260,$A102,$B$2:$B$260,$B102) -> 859 | N102: =IF(M102=0,"",L102/M102) -> 0.14784633 | O102: 20121219Copalis_Evening_Tides_Cumulative_Ingress.pdf
A103: Copalis | B103: 2012-12-19 | C103: Evening (pooled) | D103: Evening tide | E103: 4 | F103: 2:45 - 2:30 | G103: -165 | H103: 77 | I103: 6 | J103: =SUMIFS($H$2:$H$260,$A$2:$A$260,$A103,$B$2:$B$260,$B103,$E$2:$E$260,"<="&$E103) -> 217 | K103: =SUMIFS($I$2:$I$260,$A$2:$A$260,$A103,$B$2:$B$260,$B103,$E$2:$E$260,"<="&$E103) -> 19 | L103: =J103-K103 -> 198 | M103: =SUMIFS($H$2:$H$260,$A$2:$A$260,$A103,$B$2:$B$260,$B103) -> 859 | N103: =IF(M103=0,"",L103/M103) -> 0.23050058 | O103: 20121219Copalis_Evening_Tides_Cumulative_Ingress.pdf
A104: Copalis | B104: 2012-12-19 | C104: Evening (pooled) | D104: Evening tide | E104: 5 | F104: 2:30 - 2:15 | G104: -150 | H104: 84 | I104: 3 | J104: =SUMIFS($H$2:$H$260,$A$2:$A$260,$A104,$B$2:$B$260,$B104,$E$2:$E$260,"<="&$E104) -> 301 | K104: =SUMIFS($I$2:$I$260,$A$2:$A$260,$A104,$B$2:$B$260,$B104,$E$2:$E$260,"<="&$E104) -> 22 | L104: =J104-K104 -> 279 | M104: =SUMIFS($H$2:$H$260,$A$2:$A$260,$A104,$B$2:$B$260,$B104) -> 859 | N104: =IF(M104=0,"",L104/M104) -> 0.32479627 | O104: 20121219Copalis_Evening_Tides_Cumulative_Ingress.pdf
A105: Copalis | B105: 2012-12-19 | C105: Evening (pooled) | D105: Evening tide | E105: 6 | F105: 2:15 - 2:00 | G105: -135 | H105: 91 | I105: 16 | J105: =SUMIFS($H$2:$H$260,$A$2:$A$260,$A105,$B$2:$B$260,$B105,$E$2:$E$260,"<="&$E105) -> 392 | K105: =SUMIFS($I$2:$I$260,$A$2:$A$260,$A105,$B$2:$B$260,$B105,$E$2:$E$260,"<="&$E105) -> 38 | L105: =J105-K105 -> 354 | M105: =SUMIFS($H$2:$H$260,$A$2:$A$260,$A105,$B$2:$B$260,$B105) -> 859 | N105: =IF(M105=0,"",L105/M105) -> 0.4121071 | O105: 20121219Copalis_Evening_Tides_Cumulative_Ingress.pdf
A106: Copalis | B106: 2012-12-19 | C106: Evening (pooled) | D106: Evening tide | E106: 7 | F106: 2:00 - 1:45 | G106: -120 | H106: 72 | I106: 22 | J106: =SUMIFS($H$2:$H$260,$A$2:$A$260,$A106,$B$2:$B$260,$B106,$E$2:$E$260,"<="&$E106) -> 464 | K106: =SUMIFS($I$2:$I$260,$A$2:$A$260,$A106,$B$2:$B$260,$B106,$E$2:$E$260,"<="&$E106) -> 60 | L106: =J106-K106 -> 404 | M106: =SUMIFS($H$2:$H$260,$A$2:$A$260,$A106,$B$2:$B$260,$B106) -> 859 | N106: =IF(M106=0,"",L106/M106) -> 0.47031432 | O106: 20121219Copalis_Evening_Tides_Cumulative_Ingress.pdf
A107: Copalis | B107: 2012-12-19 | C107: Evening (pooled) | D107: Evening tide | E107: 8 | F107: 1:45 - 1:30 | G107: -105 | H107: 72 | I107: 51 | J107: =SUMIFS($H$2:$H$260,$A$2:$A$260,$A107,$B$2:$B$260,$B107,$E$2:$E$260,"<="&$E107) -> 536 | K107: =SUMIFS($I$2:$I$260,$A$2:$A$260,$A107,$B$2:$B$260,$B107,$E$2:$E$260,"<="&$E107) -> 111 | L107: =J107-K107 -> 425 | M107: =SUMIFS($H$2:$H$260,$A$2:$A$260,$A107,$B$2:$B$260,$B107) -> 859 | N107: =IF(M107=0,"",L107/M107) -> 0.49476135 | O107: 20121219Copalis_Evening_Tides_Cumulative_Ingress.pdf
A108: Copalis | B108: 2012-12-19 | C108: Evening (pooled) | D108: Evening tide | E108: 9 | F108: 1:30 - 1:15 | G108: -90 | H108: 78 | I108: 65 | J108: =SUMIFS($H$2:$H$260,$A$2:$A$260,$A108,$B$2:$B$260,$B108,$E$2:$E$260,"<="&$E108) -> 614 | K108: =SUMIFS($I$2:$I$260,$A$2:$A$260,$A108,$B$2:$B$260,$B108,$E$2:$E$260,"<="&$E108) -> 176 | L108: =J108-K108 -> 438 | M108: =SUMIFS($H$2:$H$260,$A$2:$A$260,$A108,$B$2:$B$260,$B108) -> 859 | N108: =IF(M108=0,"",L108/M108) -> 0.50989523 | O108: 20121219Copalis_Evening_Tides_Cumulative_Ingress.pdf
A109: Copalis | B109: 2012-12-19 | C109: Evening (pooled) | D109: Evening tide | E109: 10 | F109: 1:15 - 1:00 | G109: -75 | H109: 80 | I109: 71 | J109: =SUMIFS($H$2:$H$260,$A$2:$A$260,$A109,$B$2:$B$260,$B109,$E$2:$E$260,"<="&$E109) -> 694 | K109: =SUMIFS($I$2:$I$260,$A$2:$A$260,$A109,$B$2:$B$260,$B109,$E$2:$E$260,"<="&$E109) -> 247 | L109: =J109-K109 -> 447 | M109: =SUMIFS($H$2:$H$260,$A$2:$A$260,$A109,$B$2:$B$260,$B109) -> 859 | N109: =IF(M109=0,"",L109/M109) -> 0.52037253 | O109: 20121219Copalis_Evening_Tides_Cumulative_Ingress.pdf
A110: Copalis | B110: 2012-12-19 | C110: Evening (pooled) | D110: Evening tide | E110: 11 | F110: 1:00 - 0:45 | G110: -60 | H110: 41 | I110: 101 | J110: =SUMIFS($H$2:$H$260,$A$2:$A$260,$A110,$B$2:$B$260,$B110,$E$2:$E$260,"<="&$E110) -> 735 | K110: =SUMIFS($I$2:$I$260,$A$2:$A$260,$A110,$B$2:$B$260,$B110,$E$2:$E$260,"<="&$E110) -> 348 | L110: =J110-K110 -> 387 | M110: =SUMIFS($H$2:$H$260,$A$2:$A$260,$A110,$B$2:$B$260,$B110) -> 859 | N110: =IF(M110=0,"",L110/M110) -> 0.45052386 | O110: 20121219Copalis_Evening_Tides_Cumulative_Ingress.pdf
A111: Copalis | B111: 2012-12-19 | C111: Evening (pooled) | D111: Evening tide | E111: 12 | F111: 0:45 - 0:30 | G111: -45 | H111: 36 | I111: 110 | J111: =SUMIFS($H$2:$H$260,$A$2:$A$260,$A111,$B$2:$B$260,$B111,$E$2:$E$260,"<="&$E111) -> 771 | K111: =SUMIFS($I$2:$I$260,$A$2:$A$260,$A111,$B$2:$B$260,$B111,$E$2:$E$260,"<="&$E111) -> 458 | L111: =J111-K111 -> 313 | M111: =SUMIFS($H$2:$H$260,$A$2:$A$260,$A111,$B$2:$B$260,$B111) -> 859 | N111: =IF(M111=0,"",L111/M111) -> 0.36437718 | O111: 20121219Copalis_Evening_Tides_Cumulative_Ingress.pdf
... A117: Copalis | B117: 2012-12-19 | C117: Evening (pooled) | D117: Evening tide | E117: 18 | F117: 0:45 - 1:00 | G117: 45 | H117: 6 | I117: 36 | J117: =SUMIFS($H$2:$H$260,$A$2:$A$260,$A117,$B$2:$B$260,$B117,$E$2:$E$260,"<="&$E117) -> 859 | K117: =SUMIFS($I$2:$I$260,$A$2:$A$260,$A117,$B$2:$B$260,$B117,$E$2:$E$260,"<="&$E117) -> 807 | L117: =J117-K117 -> 52 | M117: =SUMIFS($H$2:$H$260,$A$2:$A$260,$A117,$B$2:$B$260,$B117) -> 859 | N117: =IF(M117=0,"",L117/M117) -> 0.060535506 | O117: 20121219Copalis_Evening_Tides_Cumulative_Ingress.pdf
A118: Mocrocks | B118: 2010-11-03 | C118: Evening (pooled) | D118: Evening tide | E118: 0 | F118: Prior to start | H118: 25 | I118: 1 | J118: =SUMIFS($H$2:$H$260,$A$2:$A$260,$A118,$B$2:$B$260,$B118,$E$2:$E$260,"<="&$E118) -> 25 | K118: =SUMIFS($I$2:$I$260,$A$2:$A$260,$A118,$B$2:$B$260,$B118,$E$2:$E$260,"<="&$E118) -> 1 | L118: =J118-K118 -> 24 | M118: =SUMIFS($H$2:$H$260,$A$2:$A$260,$A118,$B$2:$B$260,$B118) -> 643 | N118: =IF(M118=0,"",L118/M118) -> 0.037325039 | O118: Copalis/Mocrocks_Evening_Tides_Cumulative_Ingress.pdf
A119: Mocrocks | B119: 2010-11-03 | C119: Evening (pooled) | D119: Evening tide | E119: 1 | F119: 3:30 - 3:15 | G119: -210 | H119: 15 | I119: 3 | J119: =SUMIFS($H$2:$H$260,$A$2:$A$260,$A119,$B$2:$B$260,$B119,$E$2:$E$260,"<="&$E119) -> 40 | K119: =SUMIFS($I$2:$I$260,$A$2:$A$260,$A119,$B$2:$B$260,$B119,$E$2:$E$260,"<="&$E119) -> 4 | L119: =J119-K119 -> 36 | M119: =SUMIFS($H$2:$H$260,$A$2:$A$260,$A119,$B$2:$B$260,$B119) -> 643 | N119: =IF(M119=0,"",L119/M119) -> 0.055987558 | O119: Copalis/Mocrocks_Evening_Tides_Cumulative_Ingress.pdf
A120: Mocrocks | B120: 2010-11-03 | C120: Evening (pooled) | D120: Evening tide | E120: 2 | F120: 3:15 - 3:00 | G120: -195 | H120: 53 | I120: 4 | J120: =SUMIFS($H$2:$H$260,$A$2:$A$260,$A120,$B$2:$B$260,$B120,$E$2:$E$260,"<="&$E120) -> 93 | K120: =SUMIFS($I$2:$I$260,$A$2:$A$260,$A120,$B$2:$B$260,$B120,$E$2:$E$260,"<="&$E120) -> 8 | L120: =J120-K120 -> 85 | M120: =SUMIFS($H$2:$H$260,$A$2:$A$260,$A120,$B$2:$B$260,$B120) -> 643 | N120: =IF(M120=0,"",L120/M120) -> 0.13219285 | O120: Copalis/Mocrocks_Evening_Tides_Cumulative_Ingress.pdf
A121: Mocrocks | B121: 2010-11-03 | C121: Evening (pooled) | D121: Evening tide | E121: 3 | F121: 3:00 - 2:45 | G121: -180 | H121: 55 | I121: 10 | J121: =SUMIFS($H$2:$H$260,$A$2:$A$260,$A121,$B$2:$B$260,$B121,$E$2:$E$260,"<="&$E121) -> 148 | K121: =SUMIFS($I$2:$I$260,$A$2:$A$260,$A121,$B$2:$B$260,$B121,$E$2:$E$260,"<="&$E121) -> 18 | L121: =J121-K121 -> 130 | M121: =SUMIFS($H$2:$H$260,$A$2:$A$260,$A121,$B$2:$B$260,$B121) -> 643 | N121: =IF(M121=0,"",L121/M121) -> 0.20217729 | O121: Copalis/Mocrocks_Evening_Tides_Cumulative_Ingress.pdf
A122: Mocrocks | B122: 2010-11-03 | C122: Evening (pooled) | D122: Evening tide | E122: 4 | F122: 2:45 - 2:30 | G122: -165 | H122: 69 | I122: 2 | J122: =SUMIFS($H$2:$H$260,$A$2:$A$260,$A122,$B$2:$B$260,$B122,$E$2:$E$260,"<="&$E122) -> 217 | K122: =SUMIFS($I$2:$I$260,$A$2:$A$260,$A122,$B$2:$B$260,$B122,$E$2:$E$260,"<="&$E122) -> 20 | L122: =J122-K122 -> 197 | M122: =SUMIFS($H$2:$H$260,$A$2:$A$260,$A122,$B$2:$B$260,$B122) -> 643 | N122: =IF(M122=0,"",L122/M122) -> 0.30637636 | O122: Copalis/Mocrocks_Evening_Tides_Cumulative_Ingress.pdf
A123: Mocrocks | B123: 2010-11-03 | C123: Evening (pooled) | D123: Evening tide | E123: 5 | F123: 2:30 - 2:15 | G123: -150 | H123: 64 | I123: 2 | J123: =SUMIFS($H$2:$H$260,$A$2:$A$260,$A123,$B$2:$B$260,$B123,$E$2:$E$260,"<="&$E123) -> 281 | K123: =SUMIFS($I$2:$I$260,$A$2:$A$260,$A123,$B$2:$B$260,$B123,$E$2:$E$260,"<="&$E123) -> 22 | L123: =J123-K123 -> 259 | M123: =SUMIFS($H$2:$H$260,$A$2:$A$260,$A123,$B$2:$B$260,$B123) -> 643 | N123: =IF(M123=0,"",L123/M123) -> 0.40279938 | O123: Copalis/Mocrocks_Evening_Tides_Cumulative_Ingress.pdf
A124: Mocrocks | B124: 2010-11-03 | C124: Evening (pooled) | D124: Evening tide | E124: 6 | F124: 2:15 - 2:00 | G124: -135 | H124: 64 | I124: 8 | J124: =SUMIFS($H$2:$H$260,$A$2:$A$260,$A124,$B$2:$B$260,$B124,$E$2:$E$260,"<="&$E124) -> 345 | K124: =SUMIFS($I$2:$I$260,$A$2:$A$260,$A124,$B$2:$B$260,$B124,$E$2:$E$260,"<="&$E124) -> 30 | L124: =J124-K124 -> 315 | M124: =SUMIFS($H$2:$H$260,$A$2:$A$260,$A124,$B$2:$B$260,$B124) -> 643 | N124: =IF(M124=0,"",L124/M124) -> 0.48989114 | O124: Copalis/Mocrocks_Evening_Tides_Cumulative_Ingress.pdf
A125: Mocrocks | B125: 2010-11-03 | C125: Evening (pooled) | D125: Evening tide | E125: 7 | F125: 2:00 - 1:45 | G125: -120 | H125: 66 | I125: 14 | J125: =SUMIFS($H$2:$H$260,$A$2:$A$260,$A125,$B$2:$B$260,$B125,$E$2:$E$260,"<="&$E125) -> 411 | K125: =SUMIFS($I$2:$I$260,$A$2:$A$260,$A125,$B$2:$B$260,$B125,$E$2:$E$260,"<="&$E125) -> 44 | L125: =J125-K125 -> 367 | M125: =SUMIFS($H$2:$H$260,$A$2:$A$260,$A125,$B$2:$B$260,$B125) -> 643 | N125: =IF(M125=0,"",L125/M125) -> 0.57076205 | O125: Copalis/Mocrocks_Evening_Tides_Cumulative_Ingress.pdf
A126: Mocrocks | B126: 2010-11-03 | C126: Evening (pooled) | D126: Evening tide | E126: 8 | F126: 1:45 - 1:30 | G126: -105 | H126: 59 | I126: 30 | J126: =SUMIFS($H$2:$H$260,$A$2:$A$260,$A126,$B$2:$B$260,$B126,$E$2:$E$260,"<="&$E126) -> 470 | K126: =SUMIFS($I$2:$I$260,$A$2:$A$260,$A126,$B$2:$B$260,$B126,$E$2:$E$260,"<="&$E126) -> 74 | L126: =J126-K126 -> 396 | M126: =SUMIFS($H$2:$H$260,$A$2:$A$260,$A126,$B$2:$B$260,$B126) -> 643 | N126: =IF(M126=0,"",L126/M126) -> 0.61586314 | O126: Copalis/Mocrocks_Evening_Tides_Cumulative_Ingress.pdf
A127: Mocrocks | B127: 2010-11-03 | C127: Evening (pooled) | D127: Evening tide | E127: 9 | F127: 1:30 - 1:15 | G127: -90 | H127: 53 | I127: 48 | J127: =SUMIFS($H$2:$H$260,$A$2:$A$260,$A127,$B$2:$B$260,$B127,$E$2:$E$260,"<="&$E127) -> 523 | K127: =SUMIFS($I$2:$I$260,$A$2:$A$260,$A127,$B$2:$B$260,$B127,$E$2:$E$260,"<="&$E127) -> 122 | L127: =J127-K127 -> 401 | M127: =SUMIFS($H$2:$H$260,$A$2:$A$260,$A127,$B$2:$B$260,$B127) -> 643 | N127: =IF(M127=0,"",L127/M127) -> 0.62363919 | O127: Copalis/Mocrocks_Evening_Tides_Cumulative_Ingress.pdf
A128: Mocrocks | B128: 2010-11-03 | C128: Evening (pooled) | D128: Evening tide | E128: 10 | F128: 1:15 - 1:00 | G128: -75 | H128: 29 | I128: 59 | J128: =SUMIFS($H$2:$H$260,$A$2:$A$260,$A128,$B$2:$B$260,$B128,$E$2:$E$260,"<="&$E128) -> 552 | K128: =SUMIFS($I$2:$I$260,$A$2:$A$260,$A128,$B$2:$B$260,$B128,$E$2:$E$260,"<="&$E128) -> 181 | L128: =J128-K128 -> 371 | M128: =SUMIFS($H$2:$H$260,$A$2:$A$260,$A128,$B$2:$B$260,$B128) -> 643 | N128: =IF(M128=0,"",L128/M128) -> 0.57698289 | O128: Copalis/Mocrocks_Evening_Tides_Cumulative_Ingress.pdf
A129: Mocrocks | B129: 2010-11-03 | C129: Evening (pooled) | D129: Evening tide | E129: 11 | F129: 1:00 - 0:45 | G129: -60 | H129: 33 | I129: 76 | J129: =SUMIFS($H$2:$H$260,$A$2:$A$260,$A129,$B$2:$B$260,$B129,$E$2:$E$260,"<="&$E129) -> 585 | K129: =SUMIFS($I$2:$I$260,$A$2:$A$260,$A129,$B$2:$B$260,$B129,$E$2:$E$260,"<="&$E129) -> 257 | L129: =J129-K129 -> 328 | M129: =SUMIFS($H$2:$H$260,$A$2:$A$260,$A129,$B$2:$B$260,$B129) -> 643 | N129: =IF(M129=0,"",L129/M129) -> 0.51010886 | O129: Copalis/Mocrocks_Evening_Tides_Cumulative_Ingress.pdf
A130: Mocrocks | B130: 2010-11-03 | C130: Evening (pooled) | D130: Evening tide | E130: 12 | F130: 0:45 - 0:30 | G130: -45 | H130: 16 | I130: 75 | J130: =SUMIFS($H$2:$H$260,$A$2:$A$260,$A130,$B$2:$B$260,$B130,$E$2:$E$260,"<="&$E130) -> 601 | K130: =SUMIFS($I$2:$I$260,$A$2:$A$260,$A130,$B$2:$B$260,$B130,$E$2:$E$260,"<="&$E130) -> 332 | L130: =J130-K130 -> 269 | M130: =SUMIFS($H$2:$H$260,$A$2:$A$260,$A130,$B$2:$B$260,$B130) -> 643 | N130: =IF(M130=0,"",L130/M130) -> 0.41835148 | O130: Copalis/Mocrocks_Evening_Tides_Cumulative_Ingress.pdf
... A136: Mocrocks | B136: 2010-11-03 | C136: Evening (pooled) | D136: Evening tide | E136: 18 | F136: 0:45 - 1:00 | G136: 45 | H136: 0 | I136: 16 | J136: =SUMIFS($H$2:$H$260,$A$2:$A$260,$A136,$B$2:$B$260,$B136,$E$2:$E$260,"<="&$E136) -> 643 | K136: =SUMIFS($I$2:$I$260,$A$2:$A$260,$A136,$B$2:$B$260,$B136,$E$2:$E$260,"<="&$E136) -> 590 | L136: =J136-K136 -> 53 | M136: =SUMIFS($H$2:$H$260,$A$2:$A$260,$A136,$B$2:$B$260,$B136) -> 643 | N136: =IF(M136=0,"",L136/M136) -> 0.082426128 | O136: Copalis/Mocrocks_Evening_Tides_Cumulative_Ingress.pdf
A137: Mocrocks | B137: 2013-09-18 | C137: Evening (pooled) | D137: Evening tide | E137: 0 | F137: Prior to start | H137: 25 | I137: 1 | J137: =SUMIFS($H$2:$H$260,$A$2:$A$260,$A137,$B$2:$B$260,$B137,$E$2:$E$260,"<="&$E137) -> 25 | K137: =SUMIFS($I$2:$I$260,$A$2:$A$260,$A137,$B$2:$B$260,$B137,$E$2:$E$260,"<="&$E137) -> 1 | L137: =J137-K137 -> 24 | M137: =SUMIFS($H$2:$H$260,$A$2:$A$260,$A137,$B$2:$B$260,$B137) -> 762 | N137: =IF(M137=0,"",L137/M137) -> 0.031496063 | O137: Mocrocks_Evening_Tides_Cumulative_Ingress_20130918.pdf
...

Sheet Reference_Tables_Pct
A1: beach_label | B1: source_file | C1: source_sheet | D1: condition_label | E1: bin_ord | F1: bin | G1: min_from_low | H1: pct_available_published | I1: traced_to_survey | J1: hand_appended
A2: Copalis | B2: Master_Tables.xls | C2: Copalis Daylight Table | D2: Daylight / good weather | E2: 0 | F2: Prior to start | H2: 0.026737968 | I2: WB-COP-2004-04-23
A3: Copalis | B3: Master_Tables.xls | C3: Copalis Daylight Table | D3: Daylight / good weather | E3: 3 | F3: 3:00 - 2:45 | G3: -180 | H3: 0.088235294 | I3: WB-COP-2004-04-23
A4: Copalis | B4: Master_Tables.xls | C4: Copalis Daylight Table | D4: Daylight / good weather | E4: 4 | F4: 2:45 - 2:30 | G4: -165 | H4: 0.15508021 | I4: WB-COP-2004-04-23
A5: Copalis | B5: Master_Tables.xls | C5: Copalis Daylight Table | D5: Daylight / good weather | E5: 5 | F5: 2:30 - 2:15 | G5: -150 | H5: 0.2459893 | I5: WB-COP-2004-04-23
A6: Copalis | B6: Master_Tables.xls | C6: Copalis Daylight Table | D6: Daylight / good weather | E6: 6 | F6: 2:15 - 2:00 | G6: -135 | H6: 0.3368984 | I6: WB-COP-2004-04-23
A7: Copalis | B7: Master_Tables.xls | C7: Copalis Daylight Table | D7: Daylight / good weather | E7: 7 | F7: 2:00 - 1:45 | G7: -120 | H7: 0.35828877 | I7: WB-COP-2004-04-23
A8: Copalis | B8: Master_Tables.xls | C8: Copalis Daylight Table | D8: Daylight / good weather | E8: 8 | F8: 1:45 - 1:30 | G8: -105 | H8: 0.44652406 | I8: WB-COP-2004-04-23
A9: Copalis | B9: Master_Tables.xls | C9: Copalis Daylight Table | D9: Daylight / good weather | E9: 9 | F9: 1:30 - 1:15 | G9: -90 | H9: 0.52406417 | I9: WB-COP-2004-04-23
A10: Copalis | B10: Master_Tables.xls | C10: Copalis Daylight Table | D10: Daylight / good weather | E10: 10 | F10: 1:15 - 1:00 | G10: -75 | H10: 0.54545455 | I10: WB-COP-2004-04-23
A11: Copalis | B11: Master_Tables.xls | C11: Copalis Daylight Table | D11: Daylight / good weather | E11: 11 | F11: 1:00 - 0:45 | G11: -60 | H11: 0.52139037 | I11: WB-COP-2004-04-23
A12: Copalis | B12: Master_Tables.xls | C12: Copalis Daylight Table | D12: Daylight / good weather | E12: 12 | F12: 0:45 - 0:30 | G12: -45 | H12: 0.46791444 | I12: WB-COP-2004-04-23
A13: Copalis | B13: Master_Tables.xls | C13: Copalis Daylight Table | D13: Daylight / good weather | E13: 13 | F13: 0:30 - 0:15 | G13: -30 | H13: 0.3342246 | I13: WB-COP-2004-04-23
A14: Copalis | B14: Master_Tables.xls | C14: Copalis Daylight Table | D14: Daylight / good weather | E14: 14 | F14: 0:15 - 0:00 | G14: -15 | H14: 0.26470588 | I14: WB-COP-2004-04-23
... A19: Copalis | B19: Master_Tables.xls | C19: Copalis Daylight Table | D19: Daylight / good weather | E19: 19 | F19: 1:00 - 1:15 | G19: 60 | H19: 0.016042781 | I19: WB-COP-2004-04-23
A20: Copalis | B20: Master_Tables.xls | C20: Copalis Daylight Table | D20: Daylight / good weather | E20: 20 | F20: 1:15 - 1:30 | G20: 75 | H20: 0.015 | I20: WB-COP-2004-04-23 | J20: Yes
A21: Copalis | B21: Master_Tables.xls | C21: Copalis Near Dark Table | D21: Low tide just after dark | E21: 0 | F21: Prior to start | H21: 0.069264069 | I21: WB-COP-2008-11-13
A22: Copalis | B22: Master_Tables.xls | C22: Copalis Near Dark Table | D22: Low tide just after dark | E22: 3 | F22: 3:00 - 2:45 | G22: -180 | H22: 0.086580087 | I22: WB-COP-2008-11-13
A23: Copalis | B23: Master_Tables.xls | C23: Copalis Near Dark Table | D23: Low tide just after dark | E23: 4 | F23: 2:45 - 2:30 | G23: -165 | H23: 0.14718615 | I23: WB-COP-2008-11-13
A24: Copalis | B24: Master_Tables.xls | C24: Copalis Near Dark Table | D24: Low tide just after dark | E24: 5 | F24: 2:30 - 2:15 | G24: -150 | H24: 0.25541126 | I24: WB-COP-2008-11-13
A25: Copalis | B25: Master_Tables.xls | C25: Copalis Near Dark Table | D25: Low tide just after dark | E25: 6 | F25: 2:15 - 2:00 | G25: -135 | H25: 0.32467532 | I25: WB-COP-2008-11-13
A26: Copalis | B26: Master_Tables.xls | C26: Copalis Near Dark Table | D26: Low tide just after dark | E26: 7 | F26: 2:00 - 1:45 | G26: -120 | H26: 0.35064935 | I26: WB-COP-2008-11-13
A27: Copalis | B27: Master_Tables.xls | C27: Copalis Near Dark Table | D27: Low tide just after dark | E27: 8 | F27: 1:45 - 1:30 | G27: -105 | H27: 0.33766234 | I27: WB-COP-2008-11-13
A28: Copalis | B28: Master_Tables.xls | C28: Copalis Near Dark Table | D28: Low tide just after dark | E28: 9 | F28: 1:30 - 1:15 | G28: -90 | H28: 0.35064935 | I28: WB-COP-2008-11-13
A29: Copalis | B29: Master_Tables.xls | C29: Copalis Near Dark Table | D29: Low tide just after dark | E29: 10 | F29: 1:15 - 1:00 | G29: -75 | H29: 0.35064935 | I29: WB-COP-2008-11-13
A30: Copalis | B30: Master_Tables.xls | C30: Copalis Near Dark Table | D30: Low tide just after dark | E30: 11 | F30: 1:00 - 0:45 | G30: -60 | H30: 0.29437229 | I30: WB-COP-2008-11-13
A31: Copalis | B31: Master_Tables.xls | C31: Copalis Near Dark Table | D31: Low tide just after dark | E31: 12 | F31: 0:45 - 0:30 | G31: -45 | H31: 0.26839827 | I31: WB-COP-2008-11-13
A32: Copalis | B32: Master_Tables.xls | C32: Copalis Near Dark Table | D32: Low tide just after dark | E32: 13 | F32: 0:30 - 0:15 | G32: -30 | H32: 0.22943723 | I32: WB-COP-2008-11-13
A33: Copalis | B33: Master_Tables.xls | C33: Copalis Near Dark Table | D33: Low tide just after dark | E33: 14 | F33: 0:15 - 0:00 | G33: -15 | H33: 0.18614719 | I33: WB-COP-2008-11-13
... A37: Copalis | B37: Master_Tables.xls | C37: Copalis Near Dark Table | D37: Low tide just after dark | E37: 18 | F37: 0:45 - 1:00 | G37: 45 | H37: 0.034632035 | I37: WB-COP-2008-11-13
A38: Mocrocks | B38: Master_Tables.xls | C38: Mocrocks Daylight Table | D38: Daylight / good weather | E38: 0 | F38: Prior to start | H38: 0.055162659 | I38: WB-MOC-2004-04-24
A39: Mocrocks | B39: Master_Tables.xls | C39: Mocrocks Daylight Table | D39: Daylight / good weather | E39: 3 | F39: 3:00 - 2:45 | G39: -180 | H39: 0.093352192 | I39: WB-MOC-2004-04-24
A40: Mocrocks | B40: Master_Tables.xls | C40: Mocrocks Daylight Table | D40: Daylight / good weather | E40: 4 | F40: 2:45 - 2:30 | G40: -165 | H40: 0.15841584 | I40: WB-MOC-2004-04-24
A41: Mocrocks | B41: Master_Tables.xls | C41: Mocrocks Daylight Table | D41: Daylight / good weather | E41: 5 | F41: 2:30 - 2:15 | G41: -150 | H41: 0.26449788 | I41: WB-MOC-2004-04-24
A42: Mocrocks | B42: Master_Tables.xls | C42: Mocrocks Daylight Table | D42: Daylight / good weather | E42: 6 | F42: 2:15 - 2:00 | G42: -135 | H42: 0.39321075 | I42: WB-MOC-2004-04-24
A43: Mocrocks | B43: Master_Tables.xls | C43: Mocrocks Daylight Table | D43: Daylight / good weather | E43: 7 | F43: 2:00 - 1:45 | G43: -120 | H43: 0.50636492 | I43: WB-MOC-2004-04-24
A44: Mocrocks | B44: Master_Tables.xls | C44: Mocrocks Daylight Table | D44: Daylight / good weather | E44: 8 | F44: 1:45 - 1:30 | G44: -105 | H44: 0.58557284 | I44: WB-MOC-2004-04-24
A45: Mocrocks | B45: Master_Tables.xls | C45: Mocrocks Daylight Table | D45: Daylight / good weather | E45: 9 | F45: 1:30 - 1:15 | G45: -90 | H45: 0.62942008 | I45: WB-MOC-2004-04-24
A46: Mocrocks | B46: Master_Tables.xls | C46: Mocrocks Daylight Table | D46: Daylight / good weather | E46: 10 | F46: 1:15 - 1:00 | G46: -75 | H46: 0.6096181 | I46: WB-MOC-2004-04-24
A47: Mocrocks | B47: Master_Tables.xls | C47: Mocrocks Daylight Table | D47: Daylight / good weather | E47: 11 | F47: 1:00 - 0:45 | G47: -60 | H47: 0.58274399 | I47: WB-MOC-2004-04-24
A48: Mocrocks | B48: Master_Tables.xls | C48: Mocrocks Daylight Table | D48: Daylight / good weather | E48: 12 | F48: 0:45 - 0:30 | G48: -45 | H48: 0.55304102 | I48: WB-MOC-2004-04-24
A49: Mocrocks | B49: Master_Tables.xls | C49: Mocrocks Daylight Table | D49: Daylight / good weather | E49: 13 | F49: 0:30 - 0:15 | G49: -30 | H49: 0.47949081 | I49: WB-MOC-2004-04-24
A50: Mocrocks | B50: Master_Tables.xls | C50: Mocrocks Daylight Table | D50: Daylight / good weather | E50: 14 | F50: 0:15 - 0:00 | G50: -15 | H50: 0.40452617 | I50: WB-MOC-2004-04-24
... A54: Mocrocks | B54: Master_Tables.xls | C54: Mocrocks Daylight Table | D54: Daylight / good weather | E54: 18 | F54: 0:45 - 1:00 | G54: 45 | H54: 0.20509194 | I54: WB-MOC-2004-04-24
A55: Mocrocks | B55: Master_Tables.xls | C55: Mocrocks Daylight Table | D55: Daylight / good weather | E55: 19 | F55: 1:00 - 1:15 | G55: 60 | H55: 0.1548 | I55: WB-MOC-2004-04-24 | J55: Yes
A56: Mocrocks | B56: Master_Tables.xls | C56: Mocrocks Daylight Table | D56: Daylight / good weather | E56: 20 | F56: 1:15 - 1:30 | G56: 75 | H56: 0.0953 | I56: WB-MOC-2004-04-24 | J56: Yes
A57: Mocrocks | B57: Master_Tables.xls | C57: Mocrocks Daylight Table | D57: Daylight / good weather | E57: 21 | F57: 1:30 - 1:45 | G57: 90 | H57: 0.052 | I57: WB-MOC-2004-04-24 | J57: Yes
A58: Mocrocks | B58: Master_Tables.xls | C58: Mocrocks Daylight Table | D58: Daylight / good weather | E58: 22 | F58: 1:45 - 2:00 | G58: 105 | H58: 0.012 | I58: WB-MOC-2004-04-24 | J58: Yes
A59: Mocrocks | B59: Master_Tables.xls | C59: Mocrocks Daylight weather | D59: Daylight / poor weather | E59: 0 | F59: Prior to start | H59: 0.042471042 | I59: WB-MOC-2006-11-04
A60: Mocrocks | B60: Master_Tables.xls | C60: Mocrocks Daylight weather | D60: Daylight / poor weather | E60: 3 | F60: 3:00 - 2:45 | G60: -180 | H60: 0.088803089 | I60: WB-MOC-2006-11-04
A61: Mocrocks | B61: Master_Tables.xls | C61: Mocrocks Daylight weather | D61: Daylight / poor weather | E61: 4 | F61: 2:45 - 2:30 | G61: -165 | H61: 0.16216216 | I61: WB-MOC-2006-11-04
A62: Mocrocks | B62: Master_Tables.xls | C62: Mocrocks Daylight weather | D62: Daylight / poor weather | E62: 5 | F62: 2:30 - 2:15 | G62: -150 | H62: 0.26254826 | I62: WB-MOC-2006-11-04
A63: Mocrocks | B63: Master_Tables.xls | C63: Mocrocks Daylight weather | D63: Daylight / poor weather | E63: 6 | F63: 2:15 - 2:00 | G63: -135 | H63: 0.35907336 | I63: WB-MOC-2006-11-04
A64: Mocrocks | B64: Master_Tables.xls | C64: Mocrocks Daylight weather | D64: Daylight / poor weather | E64: 7 | F64: 2:00 - 1:45 | G64: -120 | H64: 0.50579151 | I64: WB-MOC-2006-11-04
A65: Mocrocks | B65: Master_Tables.xls | C65: Mocrocks Daylight weather | D65: Daylight / poor weather | E65: 8 | F65: 1:45 - 1:30 | G65: -105 | H65: 0.62548263 | I65: WB-MOC-2006-11-04
A66: Mocrocks | B66: Master_Tables.xls | C66: Mocrocks Daylight weather | D66: Daylight / poor weather | E66: 9 | F66: 1:30 - 1:15 | G66: -90 | H66: 0.6988417 | I66: WB-MOC-2006-11-04
A67: Mocrocks | B67: Master_Tables.xls | C67: Mocrocks Daylight weather | D67: Daylight / poor weather | E67: 10 | F67: 1:15 - 1:00 | G67: -75 | H67: 0.71428571 | I67: WB-MOC-2006-11-04
A68: Mocrocks | B68: Master_Tables.xls | C68: Mocrocks Daylight weather | D68: Daylight / poor weather | E68: 11 | F68: 1:00 - 0:45 | G68: -60 | H68: 0.64864865 | I68: WB-MOC-2006-11-04
A69: Mocrocks | B69: Master_Tables.xls | C69: Mocrocks Daylight weather | D69: Daylight / poor weather | E69: 12 | F69: 0:45 - 0:30 | G69: -45 | H69: 0.52895753 | I69: WB-MOC-2006-11-04
A70: Mocrocks | B70: Master_Tables.xls | C70: Mocrocks Daylight weather | D70: Daylight / poor weather | E70: 13 | F70: 0:30 - 0:15 | G70: -30 | H70: 0.37065637 | I70: WB-MOC-2006-11-04
A71: Mocrocks | B71: Master_Tables.xls | C71: Mocrocks Daylight weather | D71: Daylight / poor weather | E71: 14 | F71: 0:15 - 0:00 | G71: -15 | H71: 0.28185328 | I71: WB-MOC-2006-11-04
... A88: Kalaloch | B88: Master_Tables.xls | C88: Kalaloch Daylight Table | D88: Daylight | E88: 19 | F88: 1:00 - 1:15 | G88: 60 | H88: 0.182 | I88: WB-MOC-1998-04-01 (Mocrocks!)

Sheet Table_Provenance
A1: beach | B1: table | C1: component surveys | D1: verification | E1: status
A2: Longbeach | B2: 2011-01-25 | C2: DB-07 (2011-01-21 PM) + DB-09 (2009-01-10 PM) | D2: Exact. All 23 bins, cars-on and cars-off, reproduce the published table. Totals 1252 on / 1217 off. | E2: Verified
A3: Longbeach | B3: 2013-02-11 | C3: 2011-01-25 table + one unlocated evening survey | D3: Difference is non-negative in every bin: 585 cars on, 555 cars off. See Reconstructed_Surveys. | E3: Partly verified
A4: Twin Harbors | B4: 2011-01-25 | C4: DB-16 (2011-01-22 PM) alone | D4: Exact. Single survey, prior-to-start left in place. Totals 245 on / 219 off. | E4: Verified
A5: Twin Harbors | B5: 2013-09-24 | C5: DB-16 + DB-15 (2011-02-17 PM) + one unlocated evening survey | D5: Priors summed into Prior-to-start (no folding). Residual is non-negative: 346 cars on, 336 cars off. | E5: Partly verified
A6: Copalis | B6: 2010-11-03 | C6: DB-17 (2008-11-13 PM) + DB-20 (2010-10-08 PM) | D6: Exact, but ONLY if DB-17's prior-to-start (16 on) is folded into the 3:15-3:00 bin. Totals 717 on / 670 off. | E6: Verified
A7: Copalis | B7: 2012-12-19 | C7: 2010-11-03 table + one unlocated evening survey | D7: Difference non-negative in every bin: 142 cars on, 137 cars off. | E7: Partly verified
A8: Mocrocks | B8: 2010-11-03 | C8: DB-02 (2006-11-04 PM) + DB-03 (2008-11-13 PM) + DB-04 (2010-10-09 PM) | D8: Exact. Also recovers DB-04's true prior / 3:30-3:15 / 3:15-3:00 split (25/15/15 on, 1/3/4 off), which the database collapsed into one cell. Totals 643 on / 590 off. | E8: Verified
A9: Mocrocks | B9: 2013-09-18 | C9: 2010-11-03 table + one unlocated evening survey | D9: Difference non-negative in every bin: 119 cars on, 106 cars off. | E9: Partly verified
A10: Copalis | B10: Master_Tables daylight | C10: WB-COP-2004-04-23 alone | D10: 18 of 19 bins match to 1e-9. One hand-appended value (0.015 at 1:15-1:30) has no survey behind it. | E10: Verified
A11: Copalis | B11: Master_Tables near dark | C11: WB-COP-2008-11-13 alone | D11: All 17 bins match to 1e-9. | E11: Verified
A12: Mocrocks | B12: Master_Tables daylight | C12: WB-MOC-2004-04-24 alone | D12: 17 bins match to 1e-9. Four hand-appended tail values (0.1548, 0.0953, 0.052, 0.012) have no survey behind them. | E12: Verified
... A14: Kalaloch | B14: Master_Tables daylight | C14: WB-MOC-1998-04-01 (a MOCROCKS survey) | D14: All 13 values are the Mocrocks 01-Apr-1998 % available column rounded to 3 dp. The cars-left value 303 also carries across. There is no Kalaloch egress survey in any file. | E14: Verified

Sheet Reconstructed_Surveys
A1: beach | B1: reconstruction | C1: method | D1: bin_ord | E1: bin | F1: min_from_low | G1: cars_on | H1: cars_off | I1: cum_cars_on | J1: cum_cars_off | K1: cars_on_beach | L1: total_cars_on | M1: pct_available
A2: Longbeach | B2: LB evening survey(s), between 2011-01-25 and 2013-02-11 | C2: Published 2013-02-11 table minus published 2011-01-25 table. Non-negative in every bin. NOTE: this survey's window ends at low water (no counts after 0:15-0:00). See Data_Issues #15. | D2: 0 | E2: Prior to start | G2: 0 | H2: 0 | I2: =SUMIFS($G$2:$G$120,$B$2:$B$120,$B2,$D$2:$D$120,"<="&$D2) -> 0 | J2: =SUMIFS($H$2:$H$120,$B$2:$B$120,$B2,$D$2:$D$120,"<="&$D2) -> 0 | K2: =I2-J2 -> 0 | L2: =SUMIF($B$2:$B$120,$B2,$G$2:$G$120) -> 585 | M2: =IF(L2=0,"",K2/L2) -> 0
A3: Longbeach | B3: LB evening survey(s), between 2011-01-25 and 2013-02-11 | C3: Published 2013-02-11 table minus published 2011-01-25 table. Non-negative in every bin. NOTE: this survey's window ends at low water (no counts after 0:15-0:00). See Data_Issues #15. | D3: 1 | E3: 3:30 - 3:15 | F3: -210 | G3: 194 | H3: 0 | I3: =SUMIFS($G$2:$G$120,$B$2:$B$120,$B3,$D$2:$D$120,"<="&$D3) -> 194 | J3: =SUMIFS($H$2:$H$120,$B$2:$B$120,$B3,$D$2:$D$120,"<="&$D3) -> 0 | K3: =I3-J3 -> 194 | L3: =SUMIF($B$2:$B$120,$B3,$G$2:$G$120) -> 585 | M3: =IF(L3=0,"",K3/L3) -> 0.33162393
A4: Longbeach | B4: LB evening survey(s), between 2011-01-25 and 2013-02-11 | C4: Published 2013-02-11 table minus published 2011-01-25 table. Non-negative in every bin. NOTE: this survey's window ends at low water (no counts after 0:15-0:00). See Data_Issues #15. | D4: 2 | E4: 3:15 - 3:00 | F4: -195 | G4: 76 | H4: 6 | I4: =SUMIFS($G$2:$G$120,$B$2:$B$120,$B4,$D$2:$D$120,"<="&$D4) -> 270 | J4: =SUMIFS($H$2:$H$120,$B$2:$B$120,$B4,$D$2:$D$120,"<="&$D4) -> 6 | K4: =I4-J4 -> 264 | L4: =SUMIF($B$2:$B$120,$B4,$G$2:$G$120) -> 585 | M4: =IF(L4=0,"",K4/L4) -> 0.45128205
A5: Longbeach | B5: LB evening survey(s), between 2011-01-25 and 2013-02-11 | C5: Published 2013-02-11 table minus published 2011-01-25 table. Non-negative in every bin. NOTE: this survey's window ends at low water (no counts after 0:15-0:00). See Data_Issues #15. | D5: 3 | E5: 3:00 - 2:45 | F5: -180 | G5: 82 | H5: 5 | I5: =SUMIFS($G$2:$G$120,$B$2:$B$120,$B5,$D$2:$D$120,"<="&$D5) -> 352 | J5: =SUMIFS($H$2:$H$120,$B$2:$B$120,$B5,$D$2:$D$120,"<="&$D5) -> 11 | K5: =I5-J5 -> 341 | L5: =SUMIF($B$2:$B$120,$B5,$G$2:$G$120) -> 585 | M5: =IF(L5=0,"",K5/L5) -> 0.58290598
A6: Longbeach | B6: LB evening survey(s), between 2011-01-25 and 2013-02-11 | C6: Published 2013-02-11 table minus published 2011-01-25 table. Non-negative in every bin. NOTE: this survey's window ends at low water (no counts after 0:15-0:00). See Data_Issues #15. | D6: 4 | E6: 2:45 - 2:30 | F6: -165 | G6: 99 | H6: 2 | I6: =SUMIFS($G$2:$G$120,$B$2:$B$120,$B6,$D$2:$D$120,"<="&$D6) -> 451 | J6: =SUMIFS($H$2:$H$120,$B$2:$B$120,$B6,$D$2:$D$120,"<="&$D6) -> 13 | K6: =I6-J6 -> 438 | L6: =SUMIF($B$2:$B$120,$B6,$G$2:$G$120) -> 585 | M6: =IF(L6=0,"",K6/L6) -> 0.74871795
A7: Longbeach | B7: LB evening survey(s), between 2011-01-25 and 2013-02-11 | C7: Published 2013-02-11 table minus published 2011-01-25 table. Non-negative in every bin. NOTE: this survey's window ends at low water (no counts after 0:15-0:00). See Data_Issues #15. | D7: 5 | E7: 2:30 - 2:15 | F7: -150 | G7: 55 | H7: 3 | I7: =SUMIFS($G$2:$G$120,$B$2:$B$120,$B7,$D$2:$D$120,"<="&$D7) -> 506 | J7: =SUMIFS($H$2:$H$120,$B$2:$B$120,$B7,$D$2:$D$120,"<="&$D7) -> 16 | K7: =I7-J7 -> 490 | L7: =SUMIF($B$2:$B$120,$B7,$G$2:$G$120) -> 585 | M7: =IF(L7=0,"",K7/L7) -> 0.83760684
A8: Longbeach | B8: LB evening survey(s), between 2011-01-25 and 2013-02-11 | C8: Published 2013-02-11 table minus published 2011-01-25 table. Non-negative in every bin. NOTE: this survey's window ends at low water (no counts after 0:15-0:00). See Data_Issues #15. | D8: 6 | E8: 2:15 - 2:00 | F8: -135 | G8: 33 | H8: 28 | I8: =SUMIFS($G$2:$G$120,$B$2:$B$120,$B8,$D$2:$D$120,"<="&$D8) -> 539 | J8: =SUMIFS($H$2:$H$120,$B$2:$B$120,$B8,$D$2:$D$120,"<="&$D8) -> 44 | K8: =I8-J8 -> 495 | L8: =SUMIF($B$2:$B$120,$B8,$G$2:$G$120) -> 585 | M8: =IF(L8=0,"",K8/L8) -> 0.84615385
A9: Longbeach | B9: LB evening survey(s), between 2011-01-25 and 2013-02-11 | C9: Published 2013-02-11 table minus published 2011-01-25 table. Non-negative in every bin. NOTE: this survey's window ends at low water (no counts after 0:15-0:00). See Data_Issues #15. | D9: 7 | E9: 2:00 - 1:45 | F9: -120 | G9: 25 | H9: 35 | I9: =SUMIFS($G$2:$G$120,$B$2:$B$120,$B9,$D$2:$D$120,"<="&$D9) -> 564 | J9: =SUMIFS($H$2:$H$120,$B$2:$B$120,$B9,$D$2:$D$120,"<="&$D9) -> 79 | K9: =I9-J9 -> 485 | L9: =SUMIF($B$2:$B$120,$B9,$G$2:$G$120) -> 585 | M9: =IF(L9=0,"",K9/L9) -> 0.82905983
A10: Longbeach | B10: LB evening survey(s), between 2011-01-25 and 2013-02-11 | C10: Published 2013-02-11 table minus published 2011-01-25 table. Non-negative in every bin. NOTE: this survey's window ends at low water (no counts after 0:15-0:00). See Data_Issues #15. | D10: 8 | E10: 1:45 - 1:30 | F10: -105 | G10: 12 | H10: 68 | I10: =SUMIFS($G$2:$G$120,$B$2:$B$120,$B10,$D$2:$D$120,"<="&$D10) -> 576 | J10: =SUMIFS($H$2:$H$120,$B$2:$B$120,$B10,$D$2:$D$120,"<="&$D10) -> 147 | K10: =I10-J10 -> 429 | L10: =SUMIF($B$2:$B$120,$B10,$G$2:$G$120) -> 585 | M10: =IF(L10=0,"",K10/L10) -> 0.73333333
A11: Longbeach | B11: LB evening survey(s), between 2011-01-25 and 2013-02-11 | C11: Published 2013-02-11 table minus published 2011-01-25 table. Non-negative in every bin. NOTE: this survey's window ends at low water (no counts after 0:15-0:00). See Data_Issues #15. | D11: 9 | E11: 1:30 - 1:15 | F11: -90 | G11: 7 | H11: 94 | I11: =SUMIFS($G$2:$G$120,$B$2:$B$120,$B11,$D$2:$D$120,"<="&$D11) -> 583 | J11: =SUMIFS($H$2:$H$120,$B$2:$B$120,$B11,$D$2:$D$120,"<="&$D11) -> 241 | K11: =I11-J11 -> 342 | L11: =SUMIF($B$2:$B$120,$B11,$G$2:$G$120) -> 585 | M11: =IF(L11=0,"",K11/L11) -> 0.58461538
A12: Longbeach | B12: LB evening survey(s), between 2011-01-25 and 2013-02-11 | C12: Published 2013-02-11 table minus published 2011-01-25 table. Non-negative in every bin. NOTE: this survey's window ends at low water (no counts after 0:15-0:00). See Data_Issues #15. | D12: 10 | E12: 1:15 - 1:00 | F12: -75 | G12: 1 | H12: 136 | I12: =SUMIFS($G$2:$G$120,$B$2:$B$120,$B12,$D$2:$D$120,"<="&$D12) -> 584 | J12: =SUMIFS($H$2:$H$120,$B$2:$B$120,$B12,$D$2:$D$120,"<="&$D12) -> 377 | K12: =I12-J12 -> 207 | L12: =SUMIF($B$2:$B$120,$B12,$G$2:$G$120) -> 585 | M12: =IF(L12=0,"",K12/L12) -> 0.35384615
A13: Longbeach | B13: LB evening survey(s), between 2011-01-25 and 2013-02-11 | C13: Published 2013-02-11 table minus published 2011-01-25 table. Non-negative in every bin. NOTE: this survey's window ends at low water (no counts after 0:15-0:00). See Data_Issues #15. | D13: 11 | E13: 1:00 - 0:45 | F13: -60 | G13: 0 | H13: 65 | I13: =SUMIFS($G$2:$G$120,$B$2:$B$120,$B13,$D$2:$D$120,"<="&$D13) -> 584 | J13: =SUMIFS($H$2:$H$120,$B$2:$B$120,$B13,$D$2:$D$120,"<="&$D13) -> 442 | K13: =I13-J13 -> 142 | L13: =SUMIF($B$2:$B$120,$B13,$G$2:$G$120) -> 585 | M13: =IF(L13=0,"",K13/L13) -> 0.24273504
A14: Longbeach | B14: LB evening survey(s), between 2011-01-25 and 2013-02-11 | C14: Published 2013-02-11 table minus published 2011-01-25 table. Non-negative in every bin. NOTE: this survey's window ends at low water (no counts after 0:15-0:00). See Data_Issues #15. | D14: 12 | E14: 0:45 - 0:30 | F14: -45 | G14: 0 | H14: 71 | I14: =SUMIFS($G$2:$G$120,$B$2:$B$120,$B14,$D$2:$D$120,"<="&$D14) -> 584 | J14: =SUMIFS($H$2:$H$120,$B$2:$B$120,$B14,$D$2:$D$120,"<="&$D14) -> 513 | K14: =I14-J14 -> 71 | L14: =SUMIF($B$2:$B$120,$B14,$G$2:$G$120) -> 585 | M14: =IF(L14=0,"",K14/L14) -> 0.12136752
... A21: Longbeach | B21: LB evening survey(s), between 2011-01-25 and 2013-02-11 | C21: Published 2013-02-11 table minus published 2011-01-25 table. Non-negative in every bin. NOTE: this survey's window ends at low water (no counts after 0:15-0:00). See Data_Issues #15. | D21: 19 | E21: 1:00 - 1:15 | F21: 60 | G21: 0 | H21: 0 | I21: =SUMIFS($G$2:$G$120,$B$2:$B$120,$B21,$D$2:$D$120,"<="&$D21) -> 585 | J21: =SUMIFS($H$2:$H$120,$B$2:$B$120,$B21,$D$2:$D$120,"<="&$D21) -> 555 | K21: =I21-J21 -> 30 | L21: =SUMIF($B$2:$B$120,$B21,$G$2:$G$120) -> 585 | M21: =IF(L21=0,"",K21/L21) -> 0.051282051
A22: Twin Harbors | B22: TH evening survey, between 2011-02-17 and 2013-09-24 | C22: Published 2013-09-24 table minus (DB-16 + DB-15). Non-negative in every bin. | D22: 0 | E22: Prior to start | G22: 21 | H22: 1 | I22: =SUMIFS($G$2:$G$120,$B$2:$B$120,$B22,$D$2:$D$120,"<="&$D22) -> 21 | J22: =SUMIFS($H$2:$H$120,$B$2:$B$120,$B22,$D$2:$D$120,"<="&$D22) -> 1 | K22: =I22-J22 -> 20 | L22: =SUMIF($B$2:$B$120,$B22,$G$2:$G$120) -> 346 | M22: =IF(L22=0,"",K22/L22) -> 0.057803468
A23: Twin Harbors | B23: TH evening survey, between 2011-02-17 and 2013-09-24 | C23: Published 2013-09-24 table minus (DB-16 + DB-15). Non-negative in every bin. | D23: 1 | E23: 3:30 - 3:15 | F23: -210 | G23: 0 | H23: 0 | I23: =SUMIFS($G$2:$G$120,$B$2:$B$120,$B23,$D$2:$D$120,"<="&$D23) -> 21 | J23: =SUMIFS($H$2:$H$120,$B$2:$B$120,$B23,$D$2:$D$120,"<="&$D23) -> 1 | K23: =I23-J23 -> 20 | L23: =SUMIF($B$2:$B$120,$B23,$G$2:$G$120) -> 346 | M23: =IF(L23=0,"",K23/L23) -> 0.057803468
A24: Twin Harbors | B24: TH evening survey, between 2011-02-17 and 2013-09-24 | C24: Published 2013-09-24 table minus (DB-16 + DB-15). Non-negative in every bin. | D24: 2 | E24: 3:15 - 3:00 | F24: -195 | G24: 0 | H24: 0 | I24: =SUMIFS($G$2:$G$120,$B$2:$B$120,$B24,$D$2:$D$120,"<="&$D24) -> 21 | J24: =SUMIFS($H$2:$H$120,$B$2:$B$120,$B24,$D$2:$D$120,"<="&$D24) -> 1 | K24: =I24-J24 -> 20 | L24: =SUMIF($B$2:$B$120,$B24,$G$2:$G$120) -> 346 | M24: =IF(L24=0,"",K24/L24) -> 0.057803468
A25: Twin Harbors | B25: TH evening survey, between 2011-02-17 and 2013-09-24 | C25: Published 2013-09-24 table minus (DB-16 + DB-15). Non-negative in every bin. | D25: 3 | E25: 3:00 - 2:45 | F25: -180 | G25: 20 | H25: 2 | I25: =SUMIFS($G$2:$G$120,$B$2:$B$120,$B25,$D$2:$D$120,"<="&$D25) -> 41 | J25: =SUMIFS($H$2:$H$120,$B$2:$B$120,$B25,$D$2:$D$120,"<="&$D25) -> 3 | K25: =I25-J25 -> 38 | L25: =SUMIF($B$2:$B$120,$B25,$G$2:$G$120) -> 346 | M25: =IF(L25=0,"",K25/L25) -> 0.10982659
A26: Twin Harbors | B26: TH evening survey, between 2011-02-17 and 2013-09-24 | C26: Published 2013-09-24 table minus (DB-16 + DB-15). Non-negative in every bin. | D26: 4 | E26: 2:45 - 2:30 | F26: -165 | G26: 30 | H26: 2 | I26: =SUMIFS($G$2:$G$120,$B$2:$B$120,$B26,$D$2:$D$120,"<="&$D26) -> 71 | J26: =SUMIFS($H$2:$H$120,$B$2:$B$120,$B26,$D$2:$D$120,"<="&$D26) -> 5 | K26: =I26-J26 -> 66 | L26: =SUMIF($B$2:$B$120,$B26,$G$2:$G$120) -> 346 | M26: =IF(L26=0,"",K26/L26) -> 0.19075145
A27: Twin Harbors | B27: TH evening survey, between 2011-02-17 and 2013-09-24 | C27: Published 2013-09-24 table minus (DB-16 + DB-15). Non-negative in every bin. | D27: 5 | E27: 2:30 - 2:15 | F27: -150 | G27: 45 | H27: 3 | I27: =SUMIFS($G$2:$G$120,$B$2:$B$120,$B27,$D$2:$D$120,"<="&$D27) -> 116 | J27: =SUMIFS($H$2:$H$120,$B$2:$B$120,$B27,$D$2:$D$120,"<="&$D27) -> 8 | K27: =I27-J27 -> 108 | L27: =SUMIF($B$2:$B$120,$B27,$G$2:$G$120) -> 346 | M27: =IF(L27=0,"",K27/L27) -> 0.31213873
A28: Twin Harbors | B28: TH evening survey, between 2011-02-17 and 2013-09-24 | C28: Published 2013-09-24 table minus (DB-16 + DB-15). Non-negative in every bin. | D28: 6 | E28: 2:15 - 2:00 | F28: -135 | G28: 56 | H28: 10 | I28: =SUMIFS($G$2:$G$120,$B$2:$B$120,$B28,$D$2:$D$120,"<="&$D28) -> 172 | J28: =SUMIFS($H$2:$H$120,$B$2:$B$120,$B28,$D$2:$D$120,"<="&$D28) -> 18 | K28: =I28-J28 -> 154 | L28: =SUMIF($B$2:$B$120,$B28,$G$2:$G$120) -> 346 | M28: =IF(L28=0,"",K28/L28) -> 0.44508671
A29: Twin Harbors | B29: TH evening survey, between 2011-02-17 and 2013-09-24 | C29: Published 2013-09-24 table minus (DB-16 + DB-15). Non-negative in every bin. | D29: 7 | E29: 2:00 - 1:45 | F29: -120 | G29: 59 | H29: 14 | I29: =SUMIFS($G$2:$G$120,$B$2:$B$120,$B29,$D$2:$D$120,"<="&$D29) -> 231 | J29: =SUMIFS($H$2:$H$120,$B$2:$B$120,$B29,$D$2:$D$120,"<="&$D29) -> 32 | K29: =I29-J29 -> 199 | L29: =SUMIF($B$2:$B$120,$B29,$G$2:$G$120) -> 346 | M29: =IF(L29=0,"",K29/L29) -> 0.57514451
A30: Twin Harbors | B30: TH evening survey, between 2011-02-17 and 2013-09-24 | C30: Published 2013-09-24 table minus (DB-16 + DB-15). Non-negative in every bin. | D30: 8 | E30: 1:45 - 1:30 | F30: -105 | G30: 39 | H30: 40 | I30: =SUMIFS($G$2:$G$120,$B$2:$B$120,$B30,$D$2:$D$120,"<="&$D30) -> 270 | J30: =SUMIFS($H$2:$H$120,$B$2:$B$120,$B30,$D$2:$D$120,"<="&$D30) -> 72 | K30: =I30-J30 -> 198 | L30: =SUMIF($B$2:$B$120,$B30,$G$2:$G$120) -> 346 | M30: =IF(L30=0,"",K30/L30) -> 0.57225434
A31: Twin Harbors | B31: TH evening survey, between 2011-02-17 and 2013-09-24 | C31: Published 2013-09-24 table minus (DB-16 + DB-15). Non-negative in every bin. | D31: 9 | E31: 1:30 - 1:15 | F31: -90 | G31: 29 | H31: 60 | I31: =SUMIFS($G$2:$G$120,$B$2:$B$120,$B31,$D$2:$D$120,"<="&$D31) -> 299 | J31: =SUMIFS($H$2:$H$120,$B$2:$B$120,$B31,$D$2:$D$120,"<="&$D31) -> 132 | K31: =I31-J31 -> 167 | L31: =SUMIF($B$2:$B$120,$B31,$G$2:$G$120) -> 346 | M31: =IF(L31=0,"",K31/L31) -> 0.48265896
A32: Twin Harbors | B32: TH evening survey, between 2011-02-17 and 2013-09-24 | C32: Published 2013-09-24 table minus (DB-16 + DB-15). Non-negative in every bin. | D32: 10 | E32: 1:15 - 1:00 | F32: -75 | G32: 20 | H32: 57 | I32: =SUMIFS($G$2:$G$120,$B$2:$B$120,$B32,$D$2:$D$120,"<="&$D32) -> 319 | J32: =SUMIFS($H$2:$H$120,$B$2:$B$120,$B32,$D$2:$D$120,"<="&$D32) -> 189 | K32: =I32-J32 -> 130 | L32: =SUMIF($B$2:$B$120,$B32,$G$2:$G$120) -> 346 | M32: =IF(L32=0,"",K32/L32) -> 0.37572254
A33: Twin Harbors | B33: TH evening survey, between 2011-02-17 and 2013-09-24 | C33: Published 2013-09-24 table minus (DB-16 + DB-15). Non-negative in every bin. | D33: 11 | E33: 1:00 - 0:45 | F33: -60 | G33: 8 | H33: 61 | I33: =SUMIFS($G$2:$G$120,$B$2:$B$120,$B33,$D$2:$D$120,"<="&$D33) -> 327 | J33: =SUMIFS($H$2:$H$120,$B$2:$B$120,$B33,$D$2:$D$120,"<="&$D33) -> 250 | K33: =I33-J33 -> 77 | L33: =SUMIF($B$2:$B$120,$B33,$G$2:$G$120) -> 346 | M33: =IF(L33=0,"",K33/L33) -> 0.22254335
A34: Twin Harbors | B34: TH evening survey, between 2011-02-17 and 2013-09-24 | C34: Published 2013-09-24 table minus (DB-16 + DB-15). Non-negative in every bin. | D34: 12 | E34: 0:45 - 0:30 | F34: -45 | G34: 9 | H34: 33 | I34: =SUMIFS($G$2:$G$120,$B$2:$B$120,$B34,$D$2:$D$120,"<="&$D34) -> 336 | J34: =SUMIFS($H$2:$H$120,$B$2:$B$120,$B34,$D$2:$D$120,"<="&$D34) -> 283 | K34: =I34-J34 -> 53 | L34: =SUMIF($B$2:$B$120,$B34,$G$2:$G$120) -> 346 | M34: =IF(L34=0,"",K34/L34) -> 0.15317919
... A40: Twin Harbors | B40: TH evening survey, between 2011-02-17 and 2013-09-24 | C40: Published 2013-09-24 table minus (DB-16 + DB-15). Non-negative in every bin. | D40: 18 | E40: 0:45 - 1:00 | F40: 45 | G40: 0 | H40: 0 | I40: =SUMIFS($G$2:$G$120,$B$2:$B$120,$B40,$D$2:$D$120,"<="&$D40) -> 346 | J40: =SUMIFS($H$2:$H$120,$B$2:$B$120,$B40,$D$2:$D$120,"<="&$D40) -> 336 | K40: =I40-J40 -> 10 | L40: =SUMIF($B$2:$B$120,$B40,$G$2:$G$120) -> 346 | M40: =IF(L40=0,"",K40/L40) -> 0.028901734
A41: Copalis | B41: COP evening survey, between 2010-11-03 and 2012-12-19 | C41: Published 2012-12-19 table minus published 2010-11-03 table. Non-negative in every bin. | D41: 0 | E41: Prior to start | G41: 0 | H41: 0 | I41: =SUMIFS($G$2:$G$120,$B$2:$B$120,$B41,$D$2:$D$120,"<="&$D41) -> 0 | J41: =SUMIFS($H$2:$H$120,$B$2:$B$120,$B41,$D$2:$D$120,"<="&$D41) -> 0 | K41: =I41-J41 -> 0 | L41: =SUMIF($B$2:$B$120,$B41,$G$2:$G$120) -> 142 | M41: =IF(L41=0,"",K41/L41) -> 0
A42: Copalis | B42: COP evening survey, between 2010-11-03 and 2012-12-19 | C42: Published 2012-12-19 table minus published 2010-11-03 table. Non-negative in every bin. | D42: 1 | E42: 3:30 - 3:15 | F42: -210 | G42: 0 | H42: 0 | I42: =SUMIFS($G$2:$G$120,$B$2:$B$120,$B42,$D$2:$D$120,"<="&$D42) -> 0 | J42: =SUMIFS($H$2:$H$120,$B$2:$B$120,$B42,$D$2:$D$120,"<="&$D42) -> 0 | K42: =I42-J42 -> 0 | L42: =SUMIF($B$2:$B$120,$B42,$G$2:$G$120) -> 142 | M42: =IF(L42=0,"",K42/L42) -> 0
A43: Copalis | B43: COP evening survey, between 2010-11-03 and 2012-12-19 | C43: Published 2012-12-19 table minus published 2010-11-03 table. Non-negative in every bin. | D43: 2 | E43: 3:15 - 3:00 | F43: -195 | G43: 14 | H43: 3 | I43: =SUMIFS($G$2:$G$120,$B$2:$B$120,$B43,$D$2:$D$120,"<="&$D43) -> 14 | J43: =SUMIFS($H$2:$H$120,$B$2:$B$120,$B43,$D$2:$D$120,"<="&$D43) -> 3 | K43: =I43-J43 -> 11 | L43: =SUMIF($B$2:$B$120,$B43,$G$2:$G$120) -> 142 | M43: =IF(L43=0,"",K43/L43) -> 0.077464789
A44: Copalis | B44: COP evening survey, between 2010-11-03 and 2012-12-19 | C44: Published 2012-12-19 table minus published 2010-11-03 table. Non-negative in every bin. | D44: 3 | E44: 3:00 - 2:45 | F44: -180 | G44: 4 | H44: 1 | I44: =SUMIFS($G$2:$G$120,$B$2:$B$120,$B44,$D$2:$D$120,"<="&$D44) -> 18 | J44: =SUMIFS($H$2:$H$120,$B$2:$B$120,$B44,$D$2:$D$120,"<="&$D44) -> 4 | K44: =I44-J44 -> 14 | L44: =SUMIF($B$2:$B$120,$B44,$G$2:$G$120) -> 142 | M44: =IF(L44=0,"",K44/L44) -> 0.098591549
A45: Copalis | B45: COP evening survey, between 2010-11-03 and 2012-12-19 | C45: Published 2012-12-19 table minus published 2010-11-03 table. Non-negative in every bin. | D45: 4 | E45: 2:45 - 2:30 | F45: -165 | G45: 10 | H45: 0 | I45: =SUMIFS($G$2:$G$120,$B$2:$B$120,$B45,$D$2:$D$120,"<="&$D45) -> 28 | J45: =SUMIFS($H$2:$H$120,$B$2:$B$120,$B45,$D$2:$D$120,"<="&$D45) -> 4 | K45: =I45-J45 -> 24 | L45: =SUMIF($B$2:$B$120,$B45,$G$2:$G$120) -> 142 | M45: =IF(L45=0,"",K45/L45) -> 0.16901408
A46: Copalis | B46: COP evening survey, between 2010-11-03 and 2012-12-19 | C46: Published 2012-12-19 table minus published 2010-11-03 table. Non-negative in every bin. | D46: 5 | E46: 2:30 - 2:15 | F46: -150 | G46: 9 | H46: 0 | I46: =SUMIFS($G$2:$G$120,$B$2:$B$120,$B46,$D$2:$D$120,"<="&$D46) -> 37 | J46: =SUMIFS($H$2:$H$120,$B$2:$B$120,$B46,$D$2:$D$120,"<="&$D46) -> 4 | K46: =I46-J46 -> 33 | L46: =SUMIF($B$2:$B$120,$B46,$G$2:$G$120) -> 142 | M46: =IF(L46=0,"",K46/L46) -> 0.23239437
A47: Copalis | B47: COP evening survey, between 2010-11-03 and 2012-12-19 | C47: Published 2012-12-19 table minus published 2010-11-03 table. Non-negative in every bin. | D47: 6 | E47: 2:15 - 2:00 | F47: -135 | G47: 8 | H47: 2 | I47: =SUMIFS($G$2:$G$120,$B$2:$B$120,$B47,$D$2:$D$120,"<="&$D47) -> 45 | J47: =SUMIFS($H$2:$H$120,$B$2:$B$120,$B47,$D$2:$D$120,"<="&$D47) -> 6 | K47: =I47-J47 -> 39 | L47: =SUMIF($B$2:$B$120,$B47,$G$2:$G$120) -> 142 | M47: =IF(L47=0,"",K47/L47) -> 0.27464789
A48: Copalis | B48: COP evening survey, between 2010-11-03 and 2012-12-19 | C48: Published 2012-12-19 table minus published 2010-11-03 table. Non-negative in every bin. | D48: 7 | E48: 2:00 - 1:45 | F48: -120 | G48: 18 | H48: 2 | I48: =SUMIFS($G$2:$G$120,$B$2:$B$120,$B48,$D$2:$D$120,"<="&$D48) -> 63 | J48: =SUMIFS($H$2:$H$120,$B$2:$B$120,$B48,$D$2:$D$120,"<="&$D48) -> 8 | K48: =I48-J48 -> 55 | L48: =SUMIF($B$2:$B$120,$B48,$G$2:$G$120) -> 142 | M48: =IF(L48=0,"",K48/L48) -> 0.38732394
A49: Copalis | B49: COP evening survey, between 2010-11-03 and 2012-12-19 | C49: Published 2012-12-19 table minus published 2010-11-03 table. Non-negative in every bin. | D49: 8 | E49: 1:45 - 1:30 | F49: -105 | G49: 17 | H49: 4 | I49: =SUMIFS($G$2:$G$120,$B$2:$B$120,$B49,$D$2:$D$120,"<="&$D49) -> 80 | J49: =SUMIFS($H$2:$H$120,$B$2:$B$120,$B49,$D$2:$D$120,"<="&$D49) -> 12 | K49: =I49-J49 -> 68 | L49: =SUMIF($B$2:$B$120,$B49,$G$2:$G$120) -> 142 | M49: =IF(L49=0,"",K49/L49) -> 0.47887324
A50: Copalis | B50: COP evening survey, between 2010-11-03 and 2012-12-19 | C50: Published 2012-12-19 table minus published 2010-11-03 table. Non-negative in every bin. | D50: 9 | E50: 1:30 - 1:15 | F50: -90 | G50: 16 | H50: 1 | I50: =SUMIFS($G$2:$G$120,$B$2:$B$120,$B50,$D$2:$D$120,"<="&$D50) -> 96 | J50: =SUMIFS($H$2:$H$120,$B$2:$B$120,$B50,$D$2:$D$120,"<="&$D50) -> 13 | K50: =I50-J50 -> 83 | L50: =SUMIF($B$2:$B$120,$B50,$G$2:$G$120) -> 142 | M50: =IF(L50=0,"",K50/L50) -> 0.58450704
A51: Copalis | B51: COP evening survey, between 2010-11-03 and 2012-12-19 | C51: Published 2012-12-19 table minus published 2010-11-03 table. Non-negative in every bin. | D51: 10 | E51: 1:15 - 1:00 | F51: -75 | G51: 19 | H51: 12 | I51: =SUMIFS($G$2:$G$120,$B$2:$B$120,$B51,$D$2:$D$120,"<="&$D51) -> 115 | J51: =SUMIFS($H$2:$H$120,$B$2:$B$120,$B51,$D$2:$D$120,"<="&$D51) -> 25 | K51: =I51-J51 -> 90 | L51: =SUMIF($B$2:$B$120,$B51,$G$2:$G$120) -> 142 | M51: =IF(L51=0,"",K51/L51) -> 0.63380282
A52: Copalis | B52: COP evening survey, between 2010-11-03 and 2012-12-19 | C52: Published 2012-12-19 table minus published 2010-11-03 table. Non-negative in every bin. | D52: 11 | E52: 1:00 - 0:45 | F52: -60 | G52: 11 | H52: 11 | I52: =SUMIFS($G$2:$G$120,$B$2:$B$120,$B52,$D$2:$D$120,"<="&$D52) -> 126 | J52: =SUMIFS($H$2:$H$120,$B$2:$B$120,$B52,$D$2:$D$120,"<="&$D52) -> 36 | K52: =I52-J52 -> 90 | L52: =SUMIF($B$2:$B$120,$B52,$G$2:$G$120) -> 142 | M52: =IF(L52=0,"",K52/L52) -> 0.63380282
A53: Copalis | B53: COP evening survey, between 2010-11-03 and 2012-12-19 | C53: Published 2012-12-19 table minus published 2010-11-03 table. Non-negative in every bin. | D53: 12 | E53: 0:45 - 0:30 | F53: -45 | G53: 4 | H53: 16 | I53: =SUMIFS($G$2:$G$120,$B$2:$B$120,$B53,$D$2:$D$120,"<="&$D53) -> 130 | J53: =SUMIFS($H$2:$H$120,$B$2:$B$120,$B53,$D$2:$D$120,"<="&$D53) -> 52 | K53: =I53-J53 -> 78 | L53: =SUMIF($B$2:$B$120,$B53,$G$2:$G$120) -> 142 | M53: =IF(L53=0,"",K53/L53) -> 0.54929577
... A59: Copalis | B59: COP evening survey, between 2010-11-03 and 2012-12-19 | C59: Published 2012-12-19 table minus published 2010-11-03 table. Non-negative in every bin. | D59: 18 | E59: 0:45 - 1:00 | F59: 45 | G59: 1 | H59: 10 | I59: =SUMIFS($G$2:$G$120,$B$2:$B$120,$B59,$D$2:$D$120,"<="&$D59) -> 142 | J59: =SUMIFS($H$2:$H$120,$B$2:$B$120,$B59,$D$2:$D$120,"<="&$D59) -> 137 | K59: =I59-J59 -> 5 | L59: =SUMIF($B$2:$B$120,$B59,$G$2:$G$120) -> 142 | M59: =IF(L59=0,"",K59/L59) -> 0.035211268
A60: Mocrocks | B60: MOC evening survey, between 2010-11-03 and 2013-09-18 | C60: Published 2013-09-18 table minus published 2010-11-03 table. Non-negative in every bin. | D60: 0 | E60: Prior to start | G60: 0 | H60: 0 | I60: =SUMIFS($G$2:$G$120,$B$2:$B$120,$B60,$D$2:$D$120,"<="&$D60) -> 0 | J60: =SUMIFS($H$2:$H$120,$B$2:$B$120,$B60,$D$2:$D$120,"<="&$D60) -> 0 | K60: =I60-J60 -> 0 | L60: =SUMIF($B$2:$B$120,$B60,$G$2:$G$120) -> 119 | M60: =IF(L60=0,"",K60/L60) -> 0
A61: Mocrocks | B61: MOC evening survey, between 2010-11-03 and 2013-09-18 | C61: Published 2013-09-18 table minus published 2010-11-03 table. Non-negative in every bin. | D61: 1 | E61: 3:30 - 3:15 | F61: -210 | G61: 0 | H61: 0 | I61: =SUMIFS($G$2:$G$120,$B$2:$B$120,$B61,$D$2:$D$120,"<="&$D61) -> 0 | J61: =SUMIFS($H$2:$H$120,$B$2:$B$120,$B61,$D$2:$D$120,"<="&$D61) -> 0 | K61: =I61-J61 -> 0 | L61: =SUMIF($B$2:$B$120,$B61,$G$2:$G$120) -> 119 | M61: =IF(L61=0,"",K61/L61) -> 0
A62: Mocrocks | B62: MOC evening survey, between 2010-11-03 and 2013-09-18 | C62: Published 2013-09-18 table minus published 2010-11-03 table. Non-negative in every bin. | D62: 2 | E62: 3:15 - 3:00 | F62: -195 | G62: 7 | H62: 0 | I62: =SUMIFS($G$2:$G$120,$B$2:$B$120,$B62,$D$2:$D$120,"<="&$D62) -> 7 | J62: =SUMIFS($H$2:$H$120,$B$2:$B$120,$B62,$D$2:$D$120,"<="&$D62) -> 0 | K62: =I62-J62 -> 7 | L62: =SUMIF($B$2:$B$120,$B62,$G$2:$G$120) -> 119 | M62: =IF(L62=0,"",K62/L62) -> 0.058823529
A63: Mocrocks | B63: MOC evening survey, between 2010-11-03 and 2013-09-18 | C63: Published 2013-09-18 table minus published 2010-11-03 table. Non-negative in every bin. | D63: 3 | E63: 3:00 - 2:45 | F63: -180 | G63: 10 | H63: 1 | I63: =SUMIFS($G$2:$G$120,$B$2:$B$120,$B63,$D$2:$D$120,"<="&$D63) -> 17 | J63: =SUMIFS($H$2:$H$120,$B$2:$B$120,$B63,$D$2:$D$120,"<="&$D63) -> 1 | K63: =I63-J63 -> 16 | L63: =SUMIF($B$2:$B$120,$B63,$G$2:$G$120) -> 119 | M63: =IF(L63=0,"",K63/L63) -> 0.13445378
A64: Mocrocks | B64: MOC evening survey, between 2010-11-03 and 2013-09-18 | C64: Published 2013-09-18 table minus published 2010-11-03 table. Non-negative in every bin. | D64: 4 | E64: 2:45 - 2:30 | F64: -165 | G64: 10 | H64: 3 | I64: =SUMIFS($G$2:$G$120,$B$2:$B$120,$B64,$D$2:$D$120,"<="&$D64) -> 27 | J64: =SUMIFS($H$2:$H$120,$B$2:$B$120,$B64,$D$2:$D$120,"<="&$D64) -> 4 | K64: =I64-J64 -> 23 | L64: =SUMIF($B$2:$B$120,$B64,$G$2:$G$120) -> 119 | M64: =IF(L64=0,"",K64/L64) -> 0.19327731
A65: Mocrocks | B65: MOC evening survey, between 2010-11-03 and 2013-09-18 | C65: Published 2013-09-18 table minus published 2010-11-03 table. Non-negative in every bin. | D65: 5 | E65: 2:30 - 2:15 | F65: -150 | G65: 25 | H65: 1 | I65: =SUMIFS($G$2:$G$120,$B$2:$B$120,$B65,$D$2:$D$120,"<="&$D65) -> 52 | J65: =SUMIFS($H$2:$H$120,$B$2:$B$120,$B65,$D$2:$D$120,"<="&$D65) -> 5 | K65: =I65-J65 -> 47 | L65: =SUMIF($B$2:$B$120,$B65,$G$2:$G$120) -> 119 | M65: =IF(L65=0,"",K65/L65) -> 0.39495798
