Workbook

Sheet Harvest
A1: Date | B1: Day | C1: Tide | D1: Time | E1: Longbeach | G1: Twin Harbors | I1: Copalis | K1: Mocrocks | M1: Kalaloch | O1: Daily Totals
A2: 40102 | B2: =+A2 -> 40102 | C2: -0.2 | D2: 0.79097222 | F2: 26480 | H2: 14564 | J2: 67449 | L2: CLOSED | N2: CLOSED | O2: =+F2+H2+J2 -> 108493
A3: 40103 | B3: =+A3 -> 40103 | C3: -0.7 | D3: 0.78055556 | F3: 64965 | H3: 25353 | J3: 100367 | L3: 46405 | N3: 5826.3051 | O3: =+F3+H3+J3+L3+N3 -> 242916.31
A4: 40104 | B4: =+A4 -> 40104 | C4: -1 | D4: 0.80972222 | E4: * | F4: =(H4+J4)*(F2+F3)/(H2+H3+J2+J3) -> 27625.473 | H4: 20115 | J4: 42641 | L4: 18037 | N4: 2814.1557 | O4: =+F4+H4+J4+L4+N4 -> 111232.63
A5: 40105 | B5: =+A5 -> 40105 | C5: -1.1 | D5: 0.83819444 | F5: CLOSED | H5: 19410 | J5: CLOSED | L5: CLOSED | N5: CLOSED | O5: =+H5 -> 19410
A7: 40121 | B7: =+A7 -> 40121 | C7: -1.2 | D7: 0.8125 | F7: 12676 | H7: 15951 | J7: CLOSED | L7: CLOSED | N7: CLOSED | O7: =F7+H7 -> 28627
A8: 40122 | B8: =+A8 -> 40122 | C8: -1.1 | D8: 0.84444444 | F8: CLOSED | H8: 1600 | J8: CLOSED | L8: CLOSED | N8: CLOSED | O8: =H8 -> 1600
A9: 40123 | B9: =+A9 -> 40123 | C9: -0.8 | D9: 0.87916667 | F9: 1776.3788 | G9: * | H9: 650.90338 | J9: CLOSED | L9: CLOSED | N9: CLOSED | O9: =F9+H9 -> 2427.2822
A10: 40124 | B10: =+A10 -> 40124 | C10: -0.4 | D10: 0.91666667 | F10: =H10*F7/H7 -> 5903.7053 | H10: 7429 | J10: CLOSED | L10: CLOSED | N10: CLOSED | O10: =F10+H10 -> 13332.705
A12: 40131 | B12: =+A12 -> 40131 | C12: -0.4 | D12: 0.69861111 | F12: 62016 | H12: 24308 | J12: 59043 | L12: 39565 | N12: CLOSED | O12: =F12+H12+J12+L12 -> 184932
A13: 40132 | B13: =+A13 -> 40132 | C13: -0.8 | D13: 0.72916667 | F13: 21871 | H13: 6430 | J13: 43442 | L13: 15162 | N13: CLOSED | O13: =F13+H13+J13+L13 -> 86905
A14: 40133 | B14: =+A14 -> 40133 | C14: -1 | D14: 0.75694444 | E14: * | F14: =J14*(F12+F13)/(J12+J13) -> 1620.6885 | G14: * | H14: =J14*(H12+H13)/(J12+J13) -> 593.8551 | J14: 1980 | K14: * | L14: =J14*(L12+L13)/(J12+J13) -> 1057.3202 | M14: + | N14: 0 | O14: =F14+H14+J14+L14+N14 -> 5251.8638
A15: 40134 | B15: =+A15 -> 40134 | C15: -0.9 | D15: 0.78402778 | F15: CLOSED | H15: 2901 | J15: CLOSED | L15: CLOSED | N15: CLOSED | O15: =H15 -> 2901
A17: 40149 | B17: =+A17 -> 40149 | C17: -1.5 | D17: 0.77222222 | F17: 20288 | H17: 9801 | J17: CLOSED | L17: CLOSED | N17: CLOSED | O17: =F17+H17 -> 30089
A18: 40150 | B18: =+A18 -> 40150 | C18: -1.6 | D18: 0.80347222 | F18: CLOSED | H18: 5295 | J18: 20455 | L18: 7196 | N18: CLOSED | O18: =H18+J18+L18 -> 32946
A19: 40151 | B19: =+A19 -> 40151 | C19: -1.5 | D19: 0.83611111 | F19: 13077 | G19: * | H19: =(J19+L19)*(H18+H20)/(J18+L18+J20+L20) -> 6245.2478 | J19: 21434 | L19: 12344 | N19: 1908.9138 | O19: =F19+H19+J19+L19+N19 -> 55009.162
A20: 40152 | B20: =+A20 -> 40152 | C20: -1.1 | D20: 0.86875 | E20: * | F20: =H20*F17/H17 -> 11877.619 | H20: 5738 | J20: 20200 | L20: 11822 | N20: 2735.7263 | O20: =F20+H20+J20+L20+N20 -> 52373.345
A22: 40178 | B22: =+A22 -> 40178 | C22: -1.6 | D22: 0.7625 | F22: 25927 | H22: 4351 | J22: 28707 | L22: 12106 | N22: 573.56355 | O22: =F22+H22+J22+L22+N22 -> 71664.564
A23: 40179 | B23: =+A23 -> 40179 | C23: -1.8 | D23: 0.79236111 | E23: * | F23: =(J23+L23)*(F22+F24)/(J22+L22+J24+L24) -> 18908.155 | G23: * | H23: =(J23+L23)*(H22+H24)/(J22+L22+J24+L24) -> 3361.5674 | J23: 19791 | L23: 16258 | N23: 660.59983 | O23: =F23+H23+J23+L23+N23 -> 58979.322
A24: 40180 | B24: =+A24 -> 40180 | C24: -1.6 | D24: 0.82291667 | F24: 41925 | H24: 7712 | J24: 62498 | L24: 26051 | N24: CLOSED | O24: =F24+H24+J24+L24 -> 138186
A25: 40181 | B25: =+A25 -> 40181 | C25: -1.2 | D25: 0.85347222 | F25: CLOSED | H25: 5250 | J25: CLOSED | L25: CLOSED | N25: CLOSED | O25: =H25 -> 5250
A27: 40206 | B27: =A27 -> 40206 | C27: -1.1 | D27: 0.71736111 | F27: CLOSED | H27: 12915 | J27: CLOSED | L27: CLOSED | N27: CLOSED | O27: =H27 -> 12915
A28: 40207 | B28: =A28 -> 40207 | C28: -1.5 | D28: 0.74861111 | F28: CLOSED | H28: 25275 | J28: 65435 | L28: 28597 | N28: CLOSED | O28: =H28+J28+L28 -> 119307
A29: 40208 | B29: =A29 -> 40208 | C29: -1.5 | D29: 0.77847222 | F29: CLOSED | H29: 37350 | J29: 64017 | L29: 42276 | N29: 1075.0327 | O29: =H29+J29+L29+N29 -> 144718.03
A30: 40209 | B30: =A30 -> 40209 | C30: -1.2 | D30: 0.80763889 | F30: CLOSED | H30: 5848.2177 | J30: 33358 | L30: 13902 | N30: 1108.1596 | O30: =H30+J30+L30+N30 -> 54216.377
A32: 40235 | B32: =A32 -> 40235 | C32: -0.7 | D32: 0.70069444 | F32: 40476 | H32: 19245 | J32: 61050 | L32: 25870 | N32: CLOSED | O32: =F32+H32+J32+L32 -> 146641
A33: 40236 | B33: =A33 -> 40236 | C33: -0.9 | D33: 0.73194444 | F33: 69000 | H33: 8000 | J33: 42500 | L33: 10000 | N33: 338.78341 | O33: =F33+H33+J33+L33+N33 -> 129838.78
A34: 40237 | B34: =A34 -> 40237 | C34: -0.8 | D34: 0.76111111 | F34: 69915 | H34: 26623 | J34: 141678 | L34: 33868 | N34: 2373.1992 | O34: =F34+H34+J34+L34+N34 -> 274457.2
A35: 40238 | B35: =A35 -> 40238 | C35: -0.4 | D35: 0.78888889 | F35: 4702 | H35: 12984 | J35: CLOSED | L35: CLOSED | N35: CLOSED | O35: =F35+H35 -> 17686
A37: 40263 | B37: =A37 -> 40263 | C37: 0.1 | D37: 0.68680556 | F37: 61344 | H37: 17021 | J37: CLOSED | L37: CLOSED | N37: 2835.6659 | O37: =F37+H37+N37 -> 81200.666
A38: 40264 | B38: =A38 -> 40264 | C38: -0.1 | D38: 0.72152778 | E38: * | F38: =(J38+L38)*F39/(J39+L39) -> 56443.799 | H38: 53531 | J38: 113112 | L38: 74693 | N38: 6094.241 | O38: =F38+H38+J38+L38+N38 -> 303874.04
A39: 40265 | B39: =A39 -> 40265 | C39: 0 | D39: 0.75277778 | F39: 9435 | G39: * | H39: =(J39+L39)*H38/(J38+L38) -> 8948.1041 | J39: 18036 | L39: 13357 | N39: CLOSED | O39: =F39+H39+J39+L39 -> 49776.104
A40: 40266 | B40: =A40 -> 40266 | C40: -0.1 | D40: 0.27430556 | F40: 186 | H40: 0 | J40: CLOSED | L40: CLOSED | N40: CLOSED | O40: =F40+H40 -> 186
A41: 40267 | B41: =A41 -> 40267 | C41: -0.7 | D41: 0.30694444 | F41: 8811 | G41: * | H41: =F41*H42/F42 -> 4760.7512 | J41: CLOSED | L41: CLOSED | N41: CLOSED | O41: =F41+H41 -> 13571.751
A42: 40268 | B42: =A42 -> 40268 | C42: -1 | D42: 0.33819444 | F42: 27456 | H42: 14835 | J42: CLOSED | L42: CLOSED | N42: CLOSED | O42: =F42+H42 -> 42291
A43: 40269 | B43: =A43 -> 40269 | C43: -1 | D43: 0.36944444 | F43: 29372 | G43: * | H43: =F43*H42/F42 -> 15870.251 | J43: CLOSED | L43: CLOSED | N43: CLOSED | O43: =F43+H43 -> 45242.251
A45: 40284 | B45: =A45 -> 40284 | C45: -0.7 | D45: 0.35555556 | F45: 49598 | H45: 26202 | J45: CLOSED | L45: CLOSED | N45: CLOSED | O45: =F45+H45 -> 75800
A46: 40285 | B46: =A46 -> 40285 | C46: -0.7 | D46: 0.38333333 | F46: 106682 | H46: 75878 | J46: CLOSED | L46: CLOSED | N46: 4603.9197 | O46: =F46+H46+N46 -> 187163.92
A47: 40286 | B47: =A47 -> 40286 | C47: -0.6 | D47: 0.41527778 | F47: 92567 | H47: 79617 | J47: CLOSED | L47: CLOSED | N47: 7992.6457 | O47: =F47+H47+N47 -> 180176.65
A49: 40295 | B49: =A49 -> 40295 | C49: -1 | D49: 0.26458333 | F49: 10575 | H49: 7443 | J49: CLOSED | L49: CLOSED | N49: CLOSED | O49: =F49+H49 -> 18018
A50: 40296 | B50: =A50 -> 40296 | C50: -1.4 | D50: 0.29583333 | F50: 19638 | H50: 17070 | J50: CLOSED | L50: CLOSED | N50: CLOSED | O50: =F50+H50 -> 36708
A51: 40297 | B51: =A51 -> 40297 | C51: -1.6 | D51: 0.32638889 | F51: 32732 | H51: 13080 | J51: CLOSED | L51: CLOSED | N51: CLOSED | O51: =F51+H51 -> 45812
A52: 40298 | B52: =A52 -> 40298 | C52: -1.5 | D52: 0.35625 | F52: 47910 | H52: 14925 | J52: 37954 | L52: 23923 | N52: CLOSED | O52: =F52+H52+J52+L52 -> 124712
A53: 40299 | B53: =A53 -> 40299 | C53: -1.1 | D53: 0.38541667 | F53: 84345 | H53: 34517 | J53: 107192 | L53: 43321 | N53: 3106.6071 | O53: =F53+H53+J53+L53+N53 -> 272481.61
A54: 40300 | B54: =A54 -> 40300 | C54: -0.7 | D54: 0.41527778 | F54: 94080 | G54: * | H54: =(F54+J54+L54)*H53/(F53+J53+L53) -> 34034.352 | J54: 101428 | L54: 36066 | N54: 2325.4135 | O54: =F54+H54+J54+L54+N54 -> 267933.77
A56: 40313 | B56: =A56 -> 40313 | C56: -1.6 | D56: 0.34375 | F56: 82950 | G56: * | H56: =(J56+L56+F56)*H53/(J53+L53+F53) -> 28966.544 | J56: 72491 | L56: 41651 | N56: CLOSED | O56: =F56+H56+J56+L56 -> 226058.54
A57: 40314 | B57: =A57 -> 40314 | C57: -1.6 | D57: 0.37361111 | E57: * | F57: =H57*F47/H47 -> 49180.252 | H57: 42300 | J57: CLOSED | L57: CLOSED | N57: CLOSED | O57: =F57+H57 -> 91480.252
A59: FALL 2009 - SPRING 2010 SEASON TOTALS: | F59: =SUM(F2:F58) -> 1404335.1 | H59: =SUM(H2:H58) -> 824298.79 | J59: =SUM(J2:J58) -> 1346258 | L59: =SUM(L3:L58) -> 593527.32 | N59: =SUM(N3:N58) -> 46372.932 | O59: =SUM(O2:O58) -> 4214792.1
A60: ESTIMATED WASTAGE RATE: | F60: 0.036631483 | H60: 0.042781962 | J60: 0.032 | L60: 0.072
A61: ESTIMATED TOTAL WASTAGE: | F61: 20000 | H61: 14100 | J61: 10442 | L61: 10342 | O61: =F61+H61+J61+L61+N61 -> 54884
A62: SEASON TOTAL INCLUDING WASTAGE: | F62: =F59+F61 -> 1424335.1 | H62: =H59+H61 -> 838398.79 | J62: =J59+J61 -> 1356700 | L62: =L59+L61 -> 603869.32 | N62: =N59+N61 -> 46372.932 | O62: =O59+O61 -> 4269676.1
A63: Fall 2009 / Spring 2010 Harvest Rate (clams/day): | F63: =F59/37 -> 37955.002 | H63: =H62/46 -> 18226.061 | J63: =J59/24 -> 56094.083 | L63: =L59/23 -> 25805.536 | N63: =N59/17 -> 2727.8195 | O63: =F63+H63+J63+L63+N63 -> 140808.5
A64: % of TAC Harvested: | F64: =F62/TAC!B4 -> 0.8460302 | H64: =H62/TAC!B5 -> 0.71187304 | J64: =J62/TAC!B6 -> 1.3280397 | L64: =L62/TAC!B7 -> 0.9590842 | N64: =N62/TAC!B8 -> 0.10337334 | O64: =O62/TAC!B9 -> 0.86063158
A65: clams left in TAC : | F65: =TAC!B4-F62 -> 259216.03 | H65: =TAC!B5-Harvest!H62 -> 339337.61 | J65: =TAC!B6-J62 -> -335119.07 | L65: =TAC!B7-L62 -> 25761.862 | N65: =TAC!B8-N62 -> 402223.69 | O65: =TAC!B9-Harvest!O59 -> 746304.12
A66: *- estimate based on comparison of other beaches. + - no harvest due to very heavy surf and storm warnings.

Sheet CPUE
A1: Date | B1: Day | C1: Tide | D1: Time | E1: Longbeach | G1: Twin Harbors | I1: Copalis | K1: Mocrocks | M1: Kalaloch | O1: Daily Totals
A2: 40102 | B2: =+A2 -> 40102 | C2: -0.2 | D2: 0.79097222 | F2: =+Harvest!F2/Effort!F2 -> 10.466403 | H2: =+Harvest!H2/Effort!H2 -> 11.88898 | J2: =+Harvest!J2/Effort!J2 -> 13.69801 | L2: CLOSED | N2: CLOSED | O2: =Harvest!O2/Effort!O2 -> 12.500634
A3: 40103 | B3: =+A3 -> 40103 | C3: -0.7 | D3: 0.78055556 | F3: =+Harvest!F3/Effort!F3 -> 15 | H3: =+Harvest!H3/Effort!H3 -> 13.204688 | J3: =+Harvest!J3/Effort!J3 -> 14.818692 | L3: =+Harvest!L3/Effort!L3 -> 13.273741 | N3: =+Harvest!N3/Effort!N3 -> 13.635766 | O3: =Harvest!O3/Effort!O3 -> 14.333645
A4: 40104 | B4: =+A4 -> 40104 | C4: -1 | D4: 0.80972222 | E4: * | F4: =+Harvest!F4/Effort!F4 -> 14.22532 | H4: =+Harvest!H4/Effort!H4 -> 15 | J4: =+Harvest!J4/Effort!J4 -> 14.909441 | L4: =+Harvest!L4/Effort!L4 -> 15.005824 | N4: =+Harvest!N4/Effort!N4 -> 14.606859 | O4: =Harvest!O4/Effort!O4 -> 14.756932
A5: 40105 | B5: =+A5 -> 40105 | C5: -1.1 | D5: 0.83819444 | F5: CLOSED | H5: =+Harvest!H5/Effort!H5 -> 15 | J5: CLOSED | L5: CLOSED | N5: CLOSED | O5: =Harvest!O5/Effort!O5 -> 15
A7: 40121 | B7: =+A7 -> 40121 | C7: -1.2 | D7: 0.8125 | F7: =+Harvest!F7/Effort!F7 -> 14.654335 | H7: =+Harvest!H7/Effort!H7 -> 14.977465 | J7: CLOSED | L7: CLOSED | N7: CLOSED | O7: =Harvest!O7/Effort!O7 -> 14.832642
A8: 40122 | B8: =+A8 -> 40122 | C8: -1.1 | D8: 0.84444444 | F8: CLOSED | H8: =+Harvest!H8/Effort!H8 -> 10.25641 | J8: CLOSED | L8: CLOSED | N8: CLOSED | O8: =Harvest!O8/Effort!O8 -> 10.25641
A9: 40123 | B9: =+A9 -> 40123 | C9: -0.8 | D9: 0.87916667 | F9: =+Harvest!F9/Effort!F9 -> 4.8211508 | G9: * | H9: =+Harvest!H9/Effort!H9 -> 4.4889888 | J9: CLOSED | L9: CLOSED | N9: CLOSED | O9: =Harvest!O9/Effort!O9 -> 4.7273481
A10: 40124 | B10: =+A10 -> 40124 | C10: -0.4 | D10: 0.91666667 | F10: =+Harvest!F10/Effort!F10 -> 11.994594 | H10: =+Harvest!H10/Effort!H10 -> 12.259076 | J10: CLOSED | L10: CLOSED | N10: CLOSED | O10: =Harvest!O10/Effort!O10 -> 12.140539
A12: 40131 | B12: =+A12 -> 40131 | C12: -0.4 | D12: 0.69861111 | F12: =+Harvest!F12/Effort!F12 -> 14.482952 | H12: =+Harvest!H12/Effort!H12 -> 14.026544 | J12: =+Harvest!J12/Effort!J12 -> 15.000762 | L12: =+Harvest!L12/Effort!L12 -> 14.998105 | N12: CLOSED | O12: =Harvest!O12/Effort!O12 -> 14.689967
A13: 40132 | B13: =+A13 -> 40132 | C13: -0.8 | D13: 0.72916667 | F13: =+Harvest!F13/Effort!F13 -> 12.75277 | H13: =+Harvest!H13/Effort!H13 -> 10.288 | J13: =+Harvest!J13/Effort!J13 -> 11.333681 | L13: =+Harvest!L13/Effort!L13 -> 11.443019 | N13: CLOSED | O13: =Harvest!O13/Effort!O13 -> 11.590424
A14: 40133 | B14: =+A14 -> 40133 | C14: -1 | D14: 0.75694444 | E14: * | F14: =+Harvest!F14/Effort!F14 -> 5.3835161 | G14: * | H14: =+Harvest!H14/Effort!H14 -> 5.0169203 | J14: =+Harvest!J14/Effort!J14 -> 5.0769231 | K14: * | L14: =+Harvest!L14/Effort!L14 -> 5.3147516 | M14: + | N14: 0 | O14: =Harvest!O14/Effort!O14 -> 5.0971274
A15: 40134 | B15: =+A15 -> 40134 | C15: -0.9 | D15: 0.78402778 | F15: CLOSED | H15: =+Harvest!H15/Effort!H15 -> 10.250883 | J15: CLOSED | L15: CLOSED | N15: CLOSED | O15: =Harvest!O15/Effort!O15 -> 10.250883
A17: 40149 | B17: =+A17 -> 40149 | C17: -1.5 | D17: 0.77222222 | F17: =+Harvest!F17/Effort!F17 -> 14.532951 | H17: =+Harvest!H17/Effort!H17 -> 15.0553 | J17: CLOSED | L17: CLOSED | N17: CLOSED | O17: =Harvest!O17/Effort!O17 -> 14.699072
A18: 40150 | B18: =+A18 -> 40150 | C18: -1.6 | D18: 0.80347222 | F18: CLOSED | H18: =+Harvest!H18/Effort!H18 -> 13.542199 | J18: =+Harvest!J18/Effort!J18 -> 14.996334 | L18: =+Harvest!L18/Effort!L18 -> 13.131387 | N18: CLOSED | O18: =Harvest!O18/Effort!O18 -> 14.305688
A19: 40151 | B19: =+A19 -> 40151 | C19: -1.5 | D19: 0.83611111 | F19: =+Harvest!F19/Effort!F19 -> 14.627517 | G19: * | H19: =+Harvest!H19/Effort!H19 -> 13.443564 | J19: =+Harvest!J19/Effort!J19 -> 14.443396 | L19: =+Harvest!L19/Effort!L19 -> 13.062434 | N19: =+Harvest!N19/Effort!N19 -> 11.788098 | O19: =Harvest!O19/Effort!O19 -> 13.928173
A20: 40152 | B20: =+A20 -> 40152 | C20: -1.1 | D20: 0.86875 | E20: * | F20: =+Harvest!F20/Effort!F20 -> 14.461928 | H20: =+Harvest!H20/Effort!H20 -> 14.981723 | J20: =+Harvest!J20/Effort!J20 -> 14.996288 | L20: =+Harvest!L20/Effort!L20 -> 15.002538 | N20: =+Harvest!N20/Effort!N20 -> 12.47764 | O20: =Harvest!O20/Effort!O20 -> 14.717596
A22: 40178 | B22: =+A22 -> 40178 | C22: -1.6 | D22: 0.7625 | F22: =+Harvest!F22/Effort!F22 -> 12.803457 | H22: =+Harvest!H22/Effort!H22 -> 5.4049689 | J22: =+Harvest!J22/Effort!J22 -> 8.7950368 | L22: =+Harvest!L22/Effort!L22 -> 8.1412239 | N22: =+Harvest!N22/Effort!N22 -> 1.9137194 | O22: =Harvest!O22/Effort!O22 -> 9.0936668
A23: 40179 | B23: =+A23 -> 40179 | C23: -1.8 | D23: 0.79236111 | E23: * | F23: =+Harvest!F23/Effort!F23 -> 4.565972 | G23: * | H23: =+Harvest!H23/Effort!H23 -> 2.6365685 | J23: =+Harvest!J23/Effort!J23 -> 3.034964 | L23: =+Harvest!L23/Effort!L23 -> 5.7327221 | N23: =+Harvest!N23/Effort!N23 -> 3.2571429 | O23: =Harvest!O23/Effort!O23 -> 3.9382834
A24: 40180 | B24: =+A24 -> 40180 | C24: -1.6 | D24: 0.82291667 | F24: =+Harvest!F24/Effort!F24 -> 15 | H24: =+Harvest!H24/Effort!H24 -> 11.357879 | J24: =+Harvest!J24/Effort!J24 -> 14.99832 | L24: =+Harvest!L24/Effort!L24 -> 13.203751 | N24: CLOSED | O24: =Harvest!O24/Effort!O24 -> 14.373414
A25: 40181 | B25: =+A25 -> 40181 | C25: -1.2 | D25: 0.85347222 | F25: CLOSED | H25: =+Harvest!H25/Effort!H25 -> 15 | J25: CLOSED | L25: CLOSED | N25: CLOSED | O25: =Harvest!O25/Effort!O25 -> 15
A27: 40206 | B27: =A27 -> 40206 | C27: -1.1 | D27: 0.71736111 | F27: CLOSED | H27: =+Harvest!H27/Effort!H27 -> 15 | J27: CLOSED | L27: CLOSED | N27: CLOSED | O27: =Harvest!O27/Effort!O27 -> 15
A28: 40207 | B28: =A28 -> 40207 | C28: -1.5 | D28: 0.74861111 | F28: CLOSED | H28: =+Harvest!H28/Effort!H28 -> 15 | J28: =+Harvest!J28/Effort!J28 -> 14.29336 | L28: =+Harvest!L28/Effort!L28 -> 12.025652 | N28: CLOSED | O28: =Harvest!O28/Effort!O28 -> 13.807083
A29: 40208 | B29: =A29 -> 40208 | C29: -1.5 | D29: 0.77847222 | F29: CLOSED | H29: =+Harvest!H29/Effort!H29 -> 15 | J29: =+Harvest!J29/Effort!J29 -> 12.216985 | L29: =+Harvest!L29/Effort!L29 -> 12.368637 | N29: =+Harvest!N29/Effort!N29 -> 4.7046358 | O29: =Harvest!O29/Effort!O29 -> 12.720781
A30: 40209 | B30: =A30 -> 40209 | C30: -1.2 | D30: 0.80763889 | F30: CLOSED | H30: =+Harvest!H30/Effort!H30 -> 10.830033 | J30: =+Harvest!J30/Effort!J30 -> 12.187797 | L30: =+Harvest!L30/Effort!L30 -> 14.996764 | N30: =+Harvest!N30/Effort!N30 -> 9.9259259 | O30: =Harvest!O30/Effort!O30 -> 12.562758
A32: 40235 | B32: =A32 -> 40235 | C32: -0.7 | D32: 0.70069444 | F32: =+Harvest!F32/Effort!F32 -> 14.974473 | H32: =+Harvest!H32/Effort!H32 -> 15 | J32: =+Harvest!J32/Effort!J32 -> 14.933953 | L32: =+Harvest!L32/Effort!L32 -> 14.997101 | N32: CLOSED | O32: =Harvest!O32/Effort!O32 -> 14.964894
A33: 40236 | B33: =A33 -> 40236 | C33: -0.9 | D33: 0.73194444 | E33: * | F33: 15 | G33: * | H33: 15 | I33: * | J33: 15 | K33: * | L33: 15 | N33: =+Harvest!N33/Effort!N33 -> 2.6261682 | O33: =Harvest!O33/Effort!O33 -> 14.702609
A34: 40237 | B34: =A34 -> 40237 | C34: -0.8 | D34: 0.76111111 | F34: =+Harvest!F34/Effort!F34 -> 15 | H34: =+Harvest!H34/Effort!H34 -> 14.252141 | J34: =+Harvest!J34/Effort!J34 -> 14.844719 | L34: =+Harvest!L34/Effort!L34 -> 14.750871 | N34: =+Harvest!N34/Effort!N34 -> 14.346154 | O34: =Harvest!O34/Effort!O34 -> 14.80797
A35: 40238 | B35: =A35 -> 40238 | C35: -0.4 | D35: 0.78888889 | F35: =+Harvest!F35/Effort!F35 -> 3.3323884 | H35: =+Harvest!H35/Effort!H35 -> 13.036145 | J35: CLOSED | L35: CLOSED | N35: CLOSED
A37: 40263 | B37: =A37 -> 40263 | C37: 0.1 | D37: 0.68680556 | F37: =+Harvest!F37/Effort!F37 -> 14.788814 | H37: =+Harvest!H37/Effort!H37 -> 14.762359 | J37: CLOSED | L37: CLOSED | N37: =+Harvest!N37/Effort!N37 -> 11.867876 | O37: =Harvest!O37/Effort!O37 -> 14.657329
A38: 40264 | B38: =A38 -> 40264 | C38: -0.1 | D38: 0.72152778 | E38: * | F38: =+Harvest!F38/Effort!F38 -> 10.666873 | H38: =+Harvest!H38/Effort!H38 -> 14.734655 | J38: =+Harvest!J38/Effort!J38 -> 13.84141 | L38: =+Harvest!L38/Effort!L38 -> 14.069128 | N38: =+Harvest!N38/Effort!N38 -> 11.859813 | O38: =Harvest!O38/Effort!O38 -> 13.2584
A39: 40265 | B39: =A39 -> 40265 | C39: 0 | D39: 0.75277778 | F39: =+Harvest!F39/Effort!F39 -> 3.9626207 | G39: * | H39: =+Harvest!H39/Effort!H39 -> 5.4737547 | J39: =+Harvest!J39/Effort!J39 -> 4.3376623 | L39: =+Harvest!L39/Effort!L39 -> 7.0005241 | N39: CLOSED | O39: =Harvest!O39/Effort!O39 -> 4.9372588
A40: 40266 | B40: =A40 -> 40266 | C40: -0.1 | D40: 0.27430556 | F40: =+Harvest!F40/Effort!F40 -> 1.0689655 | H40: =+Harvest!H40/Effort!H40 -> 0 | J40: CLOSED | L40: CLOSED | N40: CLOSED | O40: =Harvest!O40/Effort!O40 -> 0.69924812
A41: 40267 | B41: =A41 -> 40267 | C41: -0.7 | D41: 0.30694444 | F41: =+Harvest!F41/Effort!F41 -> 5.266587 | G41: * | H41: =+Harvest!H41/Effort!H41 -> 6.6724296 | J41: CLOSED | L41: CLOSED | N41: CLOSED | O41: =Harvest!O41/Effort!O41 -> 5.6868948
A42: 40268 | B42: =A42 -> 40268 | C42: -1 | D42: 0.33819444 | F42: =+Harvest!F42/Effort!F42 -> 11.839586 | H42: =+Harvest!H42/Effort!H42 -> 15 | J42: CLOSED | L42: CLOSED | N42: CLOSED | O42: =Harvest!O42/Effort!O42 -> 12.784462
A43: 40269 | B43: =A43 -> 40269 | C43: -1 | D43: 0.36944444 | E43: * | F43: =+Harvest!F43/Effort!F43 -> 10.523827 | G43: * | H43: =+Harvest!H43/Effort!H43 -> 13.333017 | J43: CLOSED | L43: CLOSED | N43: CLOSED | O43: =Harvest!O43/Effort!O43 -> 11.363696
A45: 40284 | B45: =A45 -> 40284 | C45: -0.7 | D45: 0.35555556 | F45: =+Harvest!F45/Effort!F45 -> 14.721876 | H45: =+Harvest!H45/Effort!H45 -> 14.492257 | J45: CLOSED | L45: CLOSED | N45: CLOSED | O45: =Harvest!O45/Effort!O45 -> 14.641684
A46: 40285 | B46: =A46 -> 40285 | C46: -0.7 | D46: 0.38333333 | F46: =+Harvest!F46/Effort!F46 -> 14.605969 | H46: =+Harvest!H46/Effort!H46 -> 14.747911 | J46: CLOSED | L46: CLOSED | N46: =+Harvest!N46/Effort!N46 -> 7.8068182 | O46: =Harvest!O46/Effort!O46 -> 14.354459
A47: 40286 | B47: =A47 -> 40286 | C47: -0.6 | D47: 0.41527778 | F47: =+Harvest!F47/Effort!F47 -> 14.100076 | H47: =+Harvest!H47/Effort!H47 -> 14.965602 | J47: CLOSED | L47: CLOSED | N47: =+Harvest!N47/Effort!N47 -> 12.506353 | O47: =Harvest!O47/Effort!O47 -> 14.38641
A49: 40295 | B49: =A49 -> 40295 | C49: -1 | D49: 0.26458333 | F49: =+Harvest!F49/Effort!F49 -> 15 | H49: =+Harvest!H49/Effort!H49 -> 14.797217 | J49: CLOSED | L49: CLOSED | N49: CLOSED | O49: =Harvest!O49/Effort!O49 -> 14.915563
A50: 40296 | B50: =A50 -> 40296 | C50: -1.4 | D50: 0.29583333 | F50: =+Harvest!F50/Effort!F50 -> 14.888552 | H50: =+Harvest!H50/Effort!H50 -> 15 | J50: CLOSED | L50: CLOSED | N50: CLOSED | O50: =Harvest!O50/Effort!O50 -> 14.940171
A51: 40297 | B51: =A51 -> 40297 | C51: -1.6 | D51: 0.32638889 | F51: =+Harvest!F51/Effort!F51 -> 14.878182 | H51: =+Harvest!H51/Effort!H51 -> 15 | J51: CLOSED | L51: CLOSED | N51: CLOSED | O51: =Harvest!O51/Effort!O51 -> 14.91276
A52: 40298 | B52: =A52 -> 40298 | C52: -1.5 | D52: 0.35625 | F52: =+Harvest!F52/Effort!F52 -> 15 | H52: =+Harvest!H52/Effort!H52 -> 15 | J52: =+Harvest!J52/Effort!J52 -> 14.848983 | L52: =+Harvest!L52/Effort!L52 -> 14.896015 | N52: CLOSED | O52: =Harvest!O52/Effort!O52 -> 14.93378
A53: 40299 | B53: =A53 -> 40299 | C53: -1.1 | D53: 0.38541667 | F53: =+Harvest!F53/Effort!F53 -> 15 | H53: =+Harvest!H53/Effort!H53 -> 14.744554 | J53: =+Harvest!J53/Effort!J53 -> 15.059286 | L53: =+Harvest!L53/Effort!L53 -> 15.000346 | N53: =+Harvest!N53/Effort!N53 -> 13.385965 | O53: =Harvest!O53/Effort!O53 -> 14.969807
A54: 40300 | B54: =A54 -> 40300 | C54: -0.7 | D54: 0.41527778 | F54: =+Harvest!F54/Effort!F54 -> 15 | G54: * | H54: =+Harvest!H54/Effort!H54 -> 14.710629 | J54: =+Harvest!J54/Effort!J54 -> 14.999704 | L54: =+Harvest!L54/Effort!L54 -> 14.952736 | N54: =+Harvest!N54/Effort!N54 -> 13.385965 | O54: =Harvest!O54/Effort!O54 -> 14.940564
A56: 40313 | B56: =A56 -> 40313 | C56: -1.6 | D56: 0.34375 | F56: =+Harvest!F56/Effort!F56 -> 15 | H56: =+Harvest!H56/Effort!H56 -> 14.618387 | J56: =+Harvest!J56/Effort!J56 -> 14.727956 | L56: =+Harvest!L56/Effort!L56 -> 14.99856 | N56: CLOSED | O56: =Harvest!O56/Effort!O56 -> 14.861992
A57: 40314 | B57: =A57 -> 40314 | C57: -1.6 | D57: 0.37361111 | F57: =+Harvest!F57/Effort!F57 -> 14.132485 | H57: =+Harvest!H57/Effort!H57 -> 15 | J57: CLOSED | L57: CLOSED | N57: CLOSED | O57: =Harvest!O57/Effort!O57 -> 14.520805
A59: SEASON TOTALS : | F59: =Harvest!F59/Effort!F59 -> 13.172325 | H59: =Harvest!H59/Effort!H59 -> 13.641566 | J59: =Harvest!J59/Effort!J59 -> 12.994618 | L59: =Harvest!L59/Effort!L59 -> 12.967679 | N59: =Harvest!N59/Effort!N59 -> 10.197145
A60: *- estimate based on comparison of other beaches. + - no harvest due to very heavy surf and storm warnings.

Sheet Effort
A1: Date | B1: Day | C1: Tide | D1: Time | E1: Longbeach | G1: Twin Harbors | I1: Copalis | K1: Mocrocks | M1: Kalaloch | O1: Daily Totals
A2: 40102 | B2: =+A2 -> 40102 | C2: -0.2 | D2: 0.79097222 | F2: 2530 | H2: 1225 | J2: 4924 | L2: CLOSED | N2: CLOSED | O2: =+F2+H2+J2 -> 8679
A3: 40103 | B3: =+A3 -> 40103 | C3: -0.7 | D3: 0.78055556 | F3: 4331 | H3: 1920 | J3: 6773 | L3: 3496 | N3: 427.28109 | O3: =+F3+H3+J3+L3+N3 -> 16947.281
A4: 40104 | B4: =+A4 -> 40104 | C4: -1 | D4: 0.80972222 | E4: * | F4: =(H4+J4)*(F2+F3)/(H2+H3+J2+J3) -> 1941.9931 | H4: 1341 | J4: 2860 | L4: 1202 | N4: 192.65988 | O4: =+F4+H4+J4+L4+N4 -> 7537.6529
A5: 40105 | B5: =+A5 -> 40105 | C5: -1.1 | D5: 0.83819444 | F5: CLOSED | H5: 1294 | J5: CLOSED | L5: CLOSED | N5: CLOSED | O5: =+H5 -> 1294
A7: 40121 | B7: =+A7 -> 40121 | C7: -1.2 | D7: 0.8125 | F7: 865 | H7: 1065 | J7: CLOSED | L7: CLOSED | N7: CLOSED | O7: =F7+H7 -> 1930
A8: 40122 | B8: =+A8 -> 40122 | C8: -1.1 | D8: 0.84444444 | F8: CLOSED | H8: 156 | J8: CLOSED | L8: CLOSED | N8: CLOSED | O8: =H8 -> 156
A9: 40123 | B9: =+A9 -> 40123 | C9: -0.8 | D9: 0.87916667 | F9: 368.45535 | G9: * | H9: 145 | J9: CLOSED | L9: CLOSED | N9: CLOSED | O9: =F9+H9 -> 513.45535
A10: 40124 | B10: =+A10 -> 40124 | C10: -0.4 | D10: 0.91666667 | F10: =H10*F7/H7 -> 492.19718 | H10: 606 | J10: CLOSED | L10: CLOSED | N10: CLOSED | O10: =F10+H10 -> 1098.1972
A12: 40131 | B12: =+A12 -> 40131 | C12: -0.4 | D12: 0.69861111 | F12: 4282 | H12: 1733 | J12: 3936 | L12: 2638 | N12: CLOSED | O12: =F12+H12+J12+L12 -> 12589
A13: 40132 | B13: =+A13 -> 40132 | C13: -0.8 | D13: 0.72916667 | F13: 1715 | H13: 625 | J13: 3833 | L13: 1325 | N13: CLOSED | O13: =F13+H13+J13+L13 -> 7498
A14: 40133 | B14: =+A14 -> 40133 | C14: -1 | D14: 0.75694444 | E14: * | F14: =J14*(F12+F13)/(J12+J13) -> 301.04647 | G14: * | H14: =J14*(H12+H13)/(J12+J13) -> 118.37045 | J14: 390 | K14: * | L14: =J14*(L12+L13)/(J12+J13) -> 198.94066 | M14: + | N14: 22 | O14: =F14+H14+J14+L14+N14 -> 1030.3576
A15: 40134 | B15: =+A15 -> 40134 | C15: -0.9 | D15: 0.78402778 | F15: CLOSED | H15: 283 | J15: CLOSED | L15: CLOSED | N15: CLOSED | O15: =H15 -> 283
A17: 40149 | B17: =+A17 -> 40149 | C17: -1.5 | D17: 0.77222222 | F17: 1396 | H17: 651 | J17: CLOSED | L17: CLOSED | N17: CLOSED | O17: =F17+H17 -> 2047
A18: 40150 | B18: =+A18 -> 40150 | C18: -1.6 | D18: 0.80347222 | F18: CLOSED | H18: 391 | J18: 1364 | L18: 548 | N18: CLOSED | O18: =H18+J18+L18 -> 2303
A19: 40151 | B19: =+A19 -> 40151 | C19: -1.5 | D19: 0.83611111 | F19: 894 | G19: * | H19: =(J19+L19)*(H18+H20)/(J18+L18+J20+L20) -> 464.553 | J19: 1484 | L19: 945 | N19: 161.93569 | O19: =F19+H19+J19+L19+N19 -> 3949.4887
A20: 40152 | B20: =+A20 -> 40152 | C20: -1.1 | D20: 0.86875 | E20: * | F20: =H20*F17/H17 -> 821.30261 | H20: 383 | J20: 1347 | L20: 788 | N20: 219.2503 | O20: =F20+H20+J20+L20+N20 -> 3558.5529
A22: 40178 | B22: =+A22 -> 40178 | C22: -1.6 | D22: 0.7625 | F22: 2025 | H22: 805 | J22: 3264 | L22: 1487 | N22: 299.71141 | O22: =F22+H22+J22+L22+N22 -> 7880.7114
A23: 40179 | B23: =+A23 -> 40179 | C23: -1.8 | D23: 0.79236111 | E23: * | F23: =(J23+L23)*(F22+F24)/(J22+L22+J24+L24) -> 4141.1018 | G23: * | H23: =(J23+L23)*(H22+H24)/(J22+L22+J24+L24) -> 1274.9782 | J23: 6521 | L23: 2836 | N23: 202.81574 | O23: =F23+H23+J23+L23+N23 -> 14975.896
A24: 40180 | B24: =+A24 -> 40180 | C24: -1.6 | D24: 0.82291667 | F24: 2795 | H24: 679 | J24: 4167 | L24: 1973 | N24: CLOSED | O24: =F24+H24+J24+L24 -> 9614
A25: 40181 | B25: =+A25 -> 40181 | C25: -1.2 | D25: 0.85347222 | F25: CLOSED | H25: 350 | J25: CLOSED | L25: CLOSED | N25: CLOSED | O25: =H25 -> 350
A27: 40206 | B27: =A27 -> 40206 | C27: -1.1 | D27: 0.71736111 | F27: CLOSED | H27: 861 | J27: CLOSED | L27: CLOSED | N27: CLOSED | O27: =H27 -> 861
A28: 40207 | B28: =A28 -> 40207 | C28: -1.5 | D28: 0.74861111 | F28: CLOSED | H28: 1685 | J28: 4578 | L28: 2378 | N28: CLOSED | O28: =H28+J28+L28 -> 8641
A29: 40208 | B29: =A29 -> 40208 | C29: -1.5 | D29: 0.77847222 | F29: CLOSED | H29: 2490 | J29: 5240 | L29: 3418 | N29: 228.50498 | O29: =H29+J29+L29+N29 -> 11376.505
A30: 40209 | B30: =A30 -> 40209 | C30: -1.2 | D30: 0.80763889 | F30: CLOSED | H30: 540 | J30: 2737 | L30: 927 | N30: 111.64295 | O30: =H30+J30+L30+N30 -> 4315.6429
A32: 40235 | B32: =A32 -> 40235 | C32: -0.7 | D32: 0.70069444 | F32: 2703 | H32: 1283 | J32: 4088 | L32: 1725 | N32: CLOSED | O32: =F32+H32+J32+L32 -> 9799
A33: 40236 | B33: =A33 -> 40236 | C33: -0.9 | D33: 0.73194444 | E33: * | F33: 4600 | G33: * | H33: 550 | I33: * | J33: =+J34*0.3 -> 2863.2 | K33: * | L33: =+L34*0.3 -> 688.8 | N33: 129.00294 | O33: =F33+H33+J33+L33+N33 -> 8831.0029
A34: 40237 | B34: =A34 -> 40237 | C34: -0.8 | D34: 0.76111111 | F34: 4661 | H34: 1868 | J34: 9544 | L34: 2296 | N34: 165.42407 | O34: =F34+H34+J34+L34+N34 -> 18534.424
A35: 40238 | B35: =A35 -> 40238 | C35: -0.4 | D35: 0.78888889 | F35: 1411 | H35: 996 | J35: CLOSED | L35: CLOSED | N35: CLOSED | O35: =F35+H35 -> 2407
A37: 40263 | B37: =A37 -> 40263 | C37: 0.1 | D37: 0.68680556 | F37: 4148 | H37: 1153 | J37: CLOSED | L37: CLOSED | N37: 238.93626 | O37: =F37+H37+N37 -> 5539.9363
A38: 40264 | B38: =A38 -> 40264 | C38: -0.1 | D38: 0.72152778 | E38: * | F38: =(J38+L38)*F39/(J39+L39) -> 5291.5036 | H38: 3633 | J38: 8172 | L38: 5309 | N38: 513.85641 | O38: =F38+H38+J38+L38+N38 -> 22919.36
A39: 40265 | B39: =A39 -> 40265 | C39: 0 | D39: 0.75277778 | F39: 2381 | G39: * | H39: =(J39+L39)*H38/(J38+L38) -> 1634.7287 | J39: 4158 | L39: 1908 | N39: CLOSED | O39: =F39+H39+J39+L39 -> 10081.729
A40: 40266 | B40: =A40 -> 40266 | C40: -0.1 | D40: 0.27430556 | F40: 174 | H40: 92 | J40: CLOSED | L40: CLOSED | N40: CLOSED | O40: =F40+H40 -> 266
A41: 40267 | B41: =A41 -> 40267 | C41: -0.7 | D41: 0.30694444 | F41: 1673 | G41: * | H41: =F41*H42/F42 -> 713.4959 | J41: CLOSED | L41: CLOSED | N41: CLOSED | O41: =F41+H41 -> 2386.4959
A42: 40268 | B42: =A42 -> 40268 | C42: -1 | D42: 0.33819444 | F42: 2319 | H42: 989 | J42: CLOSED | L42: CLOSED | N42: CLOSED | O42: =F42+H42 -> 3308
A43: 40269 | B43: =A43 -> 40269 | C43: -1 | D43: 0.36944444 | F43: 2791 | G43: * | H43: =F43*H42/F42 -> 1190.2971 | J43: CLOSED | L43: CLOSED | N43: CLOSED | O43: =F43+H43 -> 3981.2971
A45: 40284 | B45: =A45 -> 40284 | C45: -0.7 | D45: 0.35555556 | F45: 3369 | H45: 1808 | J45: CLOSED | L45: CLOSED | N45: CLOSED | O45: =F45+H45 -> 5177
A46: 40285 | B46: =A46 -> 40285 | C46: -0.7 | D46: 0.38333333 | F46: 7304 | H46: 5145 | J46: CLOSED | L46: CLOSED | N46: 589.73061 | O46: =F46+H46+N46 -> 13038.731
A47: 40286 | B47: =A47 -> 40286 | C47: -0.6 | D47: 0.41527778 | F47: 6565 | H47: 5320 | J47: CLOSED | L47: CLOSED | N47: 639.08682 | O47: =F47+H47+N47 -> 12524.087
A49: 40295 | B49: =A49 -> 40295 | C49: -1 | D49: 0.26458333 | F49: 705 | H49: 503 | J49: CLOSED | L49: CLOSED | N49: CLOSED | O49: =F49+H49 -> 1208
A50: 40296 | B50: =A50 -> 40296 | C50: -1.4 | D50: 0.29583333 | F50: 1319 | H50: 1138 | J50: CLOSED | L50: CLOSED | N50: CLOSED | O50: =F50+H50 -> 2457
A51: 40297 | B51: =A51 -> 40297 | C51: -1.6 | D51: 0.32638889 | F51: 2200 | H51: 872 | J51: CLOSED | L51: CLOSED | N51: CLOSED | O51: =F51+H51 -> 3072
A52: 40298 | B52: =A52 -> 40298 | C52: -1.5 | D52: 0.35625 | F52: 3194 | H52: 995 | J52: 2556 | L52: 1606 | N52: CLOSED | O52: =F52+H52+J52+L52 -> 8351
A53: 40299 | B53: =A53 -> 40299 | C53: -1.1 | D53: 0.38541667 | F53: 5623 | H53: 2341 | J53: 7118 | L53: 2888 | N53: 232.07943 | O53: =F53+H53+J53+L53+N53 -> 18202.079
A54: 40300 | B54: =A54 -> 40300 | C54: -0.7 | D54: 0.41527778 | F54: 6272 | G54: * | H54: =(F54+J54+L54)*H53/(F53+J53+L53) -> 2313.5892 | J54: 6762 | L54: 2412 | N54: 173.72028 | O54: =F54+H54+J54+L54+N54 -> 17933.31
A56: 40313 | B56: =A56 -> 40313 | C56: -1.6 | D56: 0.34375 | F56: 5530 | G56: * | H56: =(J56+L56+F56)*H53/(J53+L53+F53) -> 1981.5144 | J56: 4922 | L56: 2777 | N56: CLOSED | O56: =F56+H56+J56+L56 -> 15210.514
A57: 40314 | B57: =A57 -> 40314 | C57: -1.6 | D57: 0.37361111 | E57: * | F57: =H57*F47/H47 -> 3479.9436 | H57: 2820 | J57: CLOSED | L57: CLOSED | N57: CLOSED | O57: =F57+H57 -> 6299.9436
A59: SEASON TOTALS : | F59: =SUM(F2:F58) -> 106612.54 | H59: =SUM(H2:H58) -> 60425.527 | J59: =SUM(J2:J58) -> 103601.2 | L59: =SUM(L3:L58) -> 45769.741 | N59: =SUM(N3:N58) -> 4547.6389 | O59: =SUM(O2:O57) -> 320956.65
A60: *- estimate based on comparison of other beaches. + - no harvest due to very heavy surf and storm warnings.

Sheet Summary Table
A1: 2009-2010 State (non-Indian) Recreational Razor Clam Effort, Harvest and CPUE totals.
E2: LONG BEACH | H2: TWIN HARBORS | K2: COPALIS | N2: MOCROCKS | Q2: KALALOCH | T2: DAILY TOTALS
A3: DATE | B3: DAY | C3: TIDE | D3: TIME | E3: Effort | F3: Harvest | G3: CPUE | H3: Effort | I3: Harvest | J3: CPUE | K3: Effort | L3: Harvest | M3: CPUE | N3: Effort | O3: Harvest | P3: CPUE | Q3: Effort | R3: Harvest | S3: CPUE | T3: Effort | U3: Harvest
A4: 40102 | B4: =+A4 -> 40102 | C4: -0.2 | D4: 0.79097222 | E4: =Effort!F2 -> 2530 | F4: =Harvest!F2 -> 26480 | G4: =CPUE!F2 -> 10.466403 | H4: =Effort!H2 -> 1225 | I4: =Harvest!H2 -> 14564 | J4: =CPUE!H2 -> 11.88898 | K4: =Effort!J2 -> 4924 | L4: =Harvest!J2 -> 67449 | M4: =CPUE!J2 -> 13.69801 | N4: =Effort!L2 -> CLOSED | O4: =Harvest!L2 -> CLOSED | P4: =CPUE!L2 -> CLOSED | Q4: =Effort!N2 -> CLOSED | R4: =Harvest!N2 -> CLOSED | S4: =CPUE!N2 -> CLOSED | T4: =E4+H4+K4 -> 8679 | U4: =F4+I4+L4 -> 108493
A5: 40103 | B5: =+A5 -> 40103 | C5: -0.7 | D5: 0.78055556 | E5: =Effort!F3 -> 4331 | F5: =Harvest!F3 -> 64965 | G5: =CPUE!F3 -> 15 | H5: =Effort!H3 -> 1920 | I5: =Harvest!H3 -> 25353 | J5: =CPUE!H3 -> 13.204688 | K5: =Effort!J3 -> 6773 | L5: =Harvest!J3 -> 100367 | M5: =CPUE!J3 -> 14.818692 | N5: =Effort!L3 -> 3496 | O5: =Harvest!L3 -> 46405 | P5: =CPUE!L3 -> 13.273741 | Q5: =Effort!N3 -> 427.28109 | R5: =Harvest!N3 -> 5826.3051 | S5: =CPUE!N3 -> 13.635766 | T5: =E5+H5+K5+N5+Q5 -> 16947.281 | U5: =F5+I5+L5+O5+R5 -> 242916.31
A6: 40104 | B6: =+A6 -> 40104 | C6: -1 | D6: 0.80972222 | E6: =Effort!F4 -> 1941.9931 | F6: =Harvest!F4 -> 27625.473 | G6: =CPUE!F4 -> 14.22532 | H6: =Effort!H4 -> 1341 | I6: =Harvest!H4 -> 20115 | J6: =CPUE!H4 -> 15 | K6: =Effort!J4 -> 2860 | L6: =Harvest!J4 -> 42641 | M6: =CPUE!J4 -> 14.909441 | N6: =Effort!L4 -> 1202 | O6: =Harvest!L4 -> 18037 | P6: =CPUE!L4 -> 15.005824 | Q6: =Effort!N4 -> 192.65988 | R6: =Harvest!N4 -> 2814.1557 | S6: =CPUE!N4 -> 14.606859 | T6: =E6+H6+K6+N6+Q6 -> 7537.6529 | U6: =F6+I6+L6+O6+R6 -> 111232.63
A7: 40105 | B7: =+A7 -> 40105 | C7: -1.1 | D7: 0.83819444 | E7: =Effort!F5 -> CLOSED | F7: =Harvest!F5 -> CLOSED | G7: =CPUE!F5 -> CLOSED | H7: =Effort!H5 -> 1294 | I7: =Harvest!H5 -> 19410 | J7: =CPUE!H5 -> 15 | K7: =Effort!J5 -> CLOSED | L7: =Harvest!J5 -> CLOSED | M7: =CPUE!J5 -> CLOSED | N7: =Effort!L5 -> CLOSED | O7: =Harvest!L5 -> CLOSED | P7: =CPUE!L5 -> CLOSED | Q7: =Effort!N5 -> CLOSED | R7: =Harvest!N5 -> CLOSED | S7: =CPUE!N5 -> CLOSED | T7: =+H7 -> 1294 | U7: =+I7 -> 19410
A8: Tide Series Totals | E8: =SUM(E4:E7) -> 8802.9931 | F8: =SUM(F4:F7) -> 119070.47 | G8: =F8/E8 -> 13.526135 | H8: =SUM(H4:H7) -> 5780 | I8: =SUM(I4:I7) -> 79442 | J8: =I8/H8 -> 13.744291 | K8: =SUM(K4:K7) -> 14557 | L8: =SUM(L4:L7) -> 210457 | M8: =L8/K8 -> 14.457443 | N8: =SUM(N5:N7) -> 4698 | O8: =SUM(O5:O7) -> 64442 | P8: =O8/N8 -> 13.716901 | Q8: =SUM(Q5:Q7) -> 619.94097 | R8: =SUM(R5:R7) -> 8640.4608 | S8: =R8/Q8 -> 13.937554 | T8: =SUM(T4:T7) -> 34457.934 | U8: =SUM(U4:U7) -> 482051.93
A9: 40121 | B9: 40121 | C9: -1.2 | D9: 0.8125 | E9: =Effort!F7 -> 865 | F9: =Harvest!F7 -> 12676 | G9: =CPUE!F7 -> 14.654335 | H9: =Effort!H7 -> 1065 | I9: =Harvest!H7 -> 15951 | J9: =CPUE!H7 -> 14.977465 | K9: =Effort!J7 -> CLOSED | L9: =Harvest!J7 -> CLOSED | M9: =CPUE!J7 -> CLOSED | N9: =Effort!L7 -> CLOSED | O9: =Harvest!L7 -> CLOSED | P9: =CPUE!L7 -> CLOSED | Q9: =Effort!N7 -> CLOSED | R9: =Harvest!N7 -> CLOSED | S9: =CPUE!N7 -> CLOSED | T9: =E9+H9 -> 1930 | U9: =F9+I9 -> 28627
A10: 40122 | B10: =+A10 -> 40122 | C10: -1.1 | D10: 0.84444444 | E10: =Effort!F8 -> CLOSED | F10: =Harvest!F8 -> CLOSED | G10: =CPUE!F8 -> CLOSED | H10: =Effort!H8 -> 156 | I10: =Harvest!H8 -> 1600 | J10: =CPUE!H8 -> 10.25641 | K10: =Effort!J8 -> CLOSED | L10: =Harvest!J8 -> CLOSED | M10: =CPUE!J8 -> CLOSED | N10: =Effort!L8 -> CLOSED | O10: =Harvest!L8 -> CLOSED | P10: =CPUE!L8 -> CLOSED | Q10: =Effort!N8 -> CLOSED | R10: =Harvest!N8 -> CLOSED | S10: =CPUE!N8 -> CLOSED | T10: =H10 -> 156 | U10: =I10 -> 1600
A11: 40123 | B11: 40123 | C11: -0.8 | D11: 0.87916667 | E11: =Effort!F9 -> 368.45535 | F11: =Harvest!F9 -> 1776.3788 | G11: =CPUE!F9 -> 4.8211508 | H11: =Effort!H9 -> 145 | I11: =Harvest!H9 -> 650.90338 | J11: =CPUE!H9 -> 4.4889888 | K11: =Effort!J9 -> CLOSED | L11: =Harvest!J9 -> CLOSED | M11: =CPUE!J9 -> CLOSED | N11: =Effort!L9 -> CLOSED | O11: =Harvest!L9 -> CLOSED | P11: =CPUE!L9 -> CLOSED | Q11: =Effort!N9 -> CLOSED | R11: =Harvest!N9 -> CLOSED | S11: =CPUE!N9 -> CLOSED | T11: =E11+H11 -> 513.45535 | U11: =F11+I11 -> 2427.2822
A12: 40124 | B12: 40124 | C12: -0.4 | D12: 0.91666667 | E12: =Effort!F10 -> 492.19718 | F12: =Harvest!F10 -> 5903.7053 | G12: =CPUE!F10 -> 11.994594 | H12: =Effort!H10 -> 606 | I12: =Harvest!H10 -> 7429 | J12: =CPUE!H10 -> 12.259076 | K12: =Effort!J10 -> CLOSED | L12: =Harvest!J10 -> CLOSED | M12: =CPUE!J10 -> CLOSED | N12: =Effort!L10 -> CLOSED | O12: =Harvest!L10 -> CLOSED | P12: =CPUE!L10 -> CLOSED | Q12: =Effort!N10 -> CLOSED | R12: =Harvest!N10 -> CLOSED | S12: =CPUE!N10 -> CLOSED | T12: =E12+H12 -> 1098.1972 | U12: =F12+I12 -> 13332.705
A13: Tide Series Totals | E13: =SUM(E9:E12) -> 1725.6525 | F13: =SUM(F9:F12) -> 20356.084 | G13: =F13/E13 -> 11.796166 | H13: =SUM(H9:H12) -> 1972 | I13: =SUM(I9:I12) -> 25630.903 | J13: =I13/H13 -> 12.997416 | T13: =SUM(T9:T12) -> 3697.6525 | U13: =SUM(U9:U12) -> 45986.988
A14: 40131 | B14: 40131 | C14: -0.4 | D14: 0.69861111 | E14: =Effort!F12 -> 4282 | F14: =Harvest!F12 -> 62016 | G14: =CPUE!F12 -> 14.482952 | H14: =Effort!H12 -> 1733 | I14: =Harvest!H12 -> 24308 | J14: =CPUE!H12 -> 14.026544 | K14: =Effort!J12 -> 3936 | L14: =Harvest!J12 -> 59043 | M14: =CPUE!J12 -> 15.000762 | N14: =Effort!L12 -> 2638 | O14: =Harvest!L12 -> 39565 | P14: =CPUE!L12 -> 14.998105 | Q14: =Effort!N12 -> CLOSED | R14: =Harvest!N12 -> CLOSED | S14: =CPUE!N12 -> CLOSED | T14: =E14+H14+K14+N14 -> 12589 | U14: =F14+I14+L14+O14 -> 184932
A15: 40132 | B15: 40132 | C15: -0.8 | D15: 0.72916667 | E15: =Effort!F13 -> 1715 | F15: =Harvest!F13 -> 21871 | G15: =CPUE!F13 -> 12.75277 | H15: =Effort!H13 -> 625 | I15: =Harvest!H13 -> 6430 | J15: =CPUE!H13 -> 10.288 | K15: =Effort!J13 -> 3833 | L15: =Harvest!J13 -> 43442 | M15: =CPUE!J13 -> 11.333681 | N15: =Effort!L13 -> 1325 | O15: =Harvest!L13 -> 15162 | P15: =CPUE!L13 -> 11.443019 | Q15: =Effort!N13 -> CLOSED | R15: =Harvest!N13 -> CLOSED | S15: =CPUE!N13 -> CLOSED | T15: =E15+H15+K15+N15 -> 7498 | U15: =F15+I15+L15+O15 -> 86905
A16: 40133 | B16: 40133 | C16: -1 | D16: 0.75694444 | E16: =Effort!F14 -> 301.04647 | F16: =Harvest!F14 -> 1620.6885 | G16: =CPUE!F14 -> 5.3835161 | H16: =Effort!H14 -> 118.37045 | I16: =Harvest!H14 -> 593.8551 | J16: =CPUE!H14 -> 5.0169203 | K16: =Effort!J14 -> 390 | L16: =Harvest!J14 -> 1980 | M16: =CPUE!J14 -> 5.0769231 | N16: =Effort!L14 -> 198.94066 | O16: =Harvest!L14 -> 1057.3202 | P16: =CPUE!L14 -> 5.3147516 | Q16: =Effort!N14 -> 22 | R16: =Harvest!N14 -> 0 | S16: =CPUE!N14 -> 0 | T16: =E16+H16+K16+N16+Q16 -> 1030.3576 | U16: =F16+I16+L16+O16+R16 -> 5251.8638
A17: 40134 | B17: 40134 | C17: -0.9 | D17: 0.78402778 | E17: =Effort!F15 -> CLOSED | F17: =Harvest!F15 -> CLOSED | G17: =CPUE!F15 -> CLOSED | H17: =Effort!H15 -> 283 | I17: =Harvest!H15 -> 2901 | J17: =CPUE!H15 -> 10.250883 | K17: =Effort!J15 -> CLOSED | L17: =Harvest!J15 -> CLOSED | M17: =CPUE!J15 -> CLOSED | N17: =Effort!L15 -> CLOSED | O17: =Harvest!L15 -> CLOSED | P17: =CPUE!L15 -> CLOSED | Q17: =Effort!N15 -> CLOSED | R17: =Harvest!N15 -> CLOSED | S17: =CPUE!N15 -> CLOSED | T17: =H17 -> 283 | U17: =I17 -> 2901
A18: Tide Series Totals | E18: =SUM(E14:E17) -> 6298.0465 | F18: =SUM(F14:F17) -> 85507.688 | G18: =F18/E18 -> 13.576859 | H18: =SUM(H14:H17) -> 2759.3704 | I18: =SUM(I14:I17) -> 34232.855 | J18: =I18/H18 -> 12.406038 | K18: =SUM(K14:K17) -> 8159 | L18: =SUM(L14:L17) -> 104465 | M18: =L18/K18 -> 12.803652 | N18: =SUM(N14:N17) -> 4161.9407 | O18: =SUM(O14:O17) -> 55784.32 | P18: =O18/N18 -> 13.40344 | Q18: =SUM(Q14:Q17) -> 22 | R18: =SUM(R14:R17) -> 0 | S18: 0 | T18: =SUM(T14:T17) -> 21400.358 | U18: =SUM(U14:U17) -> 279989.86
A19: 40149 | B19: 40149 | C19: -1.5 | D19: 0.77222222 | E19: =Effort!F17 -> 1396 | F19: =Harvest!F17 -> 20288 | G19: =CPUE!F17 -> 14.532951 | H19: =Effort!H17 -> 651 | I19: =Harvest!H17 -> 9801 | J19: =CPUE!H17 -> 15.0553 | K19: =Effort!J17 -> CLOSED | L19: =Harvest!J17 -> CLOSED | M19: =CPUE!J17 -> CLOSED | N19: =Effort!L17 -> CLOSED | O19: =Harvest!L17 -> CLOSED | P19: =CPUE!L17 -> CLOSED | Q19: =Effort!N17 -> CLOSED | R19: =Harvest!N17 -> CLOSED | S19: =CPUE!N17 -> CLOSED | T19: =E19+H19 -> 2047 | U19: =F19+I19 -> 30089
A20: 40150 | B20: 40150 | C20: -1.6 | D20: 0.80347222 | E20: =Effort!F18 -> CLOSED | F20: =Harvest!F18 -> CLOSED | G20: =CPUE!F18 -> CLOSED | H20: =Effort!H18 -> 391 | I20: =Harvest!H18 -> 5295 | J20: =CPUE!H18 -> 13.542199 | K20: =Effort!J18 -> 1364 | L20: =Harvest!J18 -> 20455 | M20: =CPUE!J18 -> 14.996334 | N20: =Effort!L18 -> 548 | O20: =Harvest!L18 -> 7196 | P20: =CPUE!L18 -> 13.131387 | Q20: =Effort!N18 -> CLOSED | R20: =Harvest!N18 -> CLOSED | S20: =CPUE!N18 -> CLOSED | T20: =H20+K20+N20 -> 2303 | U20: =I20+L20+O20 -> 32946
A21: 40151 | B21: 40151 | C21: -1.5 | D21: 0.83611111 | E21: =Effort!F19 -> 894 | F21: =Harvest!F19 -> 13077 | G21: =CPUE!F19 -> 14.627517 | H21: =Effort!H19 -> 464.553 | I21: =Harvest!H19 -> 6245.2478 | J21: =CPUE!H19 -> 13.443564 | K21: =Effort!J19 -> 1484 | L21: =Harvest!J19 -> 21434 | M21: =CPUE!J19 -> 14.443396 | N21: =Effort!L19 -> 945 | O21: =Harvest!L19 -> 12344 | P21: =CPUE!L19 -> 13.062434 | Q21: =Effort!N19 -> 161.93569 | R21: =Harvest!N19 -> 1908.9138 | S21: =CPUE!N19 -> 11.788098 | T21: =E21+H21+K21+N21+Q21 -> 3949.4887 | U21: =F21+I21+L21+O21+R21 -> 55009.162
A22: 40152 | B22: 40152 | C22: -1.1 | D22: 0.86875 | E22: =Effort!F20 -> 821.30261 | F22: =Harvest!F20 -> 11877.619 | G22: =CPUE!F20 -> 14.461928 | H22: =Effort!H20 -> 383 | I22: =Harvest!H20 -> 5738 | J22: =CPUE!H20 -> 14.981723 | K22: =Effort!J20 -> 1347 | L22: =Harvest!J20 -> 20200 | M22: =CPUE!J20 -> 14.996288 | N22: =Effort!L20 -> 788 | O22: =Harvest!L20 -> 11822 | P22: =CPUE!L20 -> 15.002538 | Q22: =Effort!N20 -> 219.2503 | R22: =Harvest!N20 -> 2735.7263 | S22: =CPUE!N20 -> 12.47764 | T22: =E22+H22+K22+N22+Q22 -> 3558.5529 | U22: =F22+I22+L22+O22+R22 -> 52373.345
A23: Tide Series Totals | E23: =SUM(E19:E22) -> 3111.3026 | F23: =SUM(F19:F22) -> 45242.619 | G23: =F23/E23 -> 14.541375 | H23: =SUM(H19:H22) -> 1889.553 | I23: =SUM(I19:I22) -> 27079.248 | J23: =I23/H23 -> 14.331034 | K23: =SUM(K19:K22) -> 4195 | L23: =SUM(L19:L22) -> 62089 | M23: =L23/K23 -> 14.800715 | N23: =SUM(N19:N22) -> 2281 | O23: =SUM(O19:O22) -> 31362 | P23: =O23/N23 -> 13.749233 | Q23: =SUM(Q19:Q22) -> 381.18599 | R23: =SUM(R19:R22) -> 4644.6401 | S23: =R23/Q23 -> 12.184708 | T23: =SUM(T19:T22) -> 11858.042 | U23: =SUM(U19:U22) -> 170417.51
A24: 40178 | B24: =A24 -> 40178 | C24: -1.6 | D24: 0.7625 | E24: =Effort!F22 -> 2025 | F24: =Harvest!F22 -> 25927 | G24: =CPUE!F22 -> 12.803457 | H24: =Effort!H22 -> 805 | I24: =Harvest!H22 -> 4351 | J24: =CPUE!H22 -> 5.4049689 | K24: =Effort!J22 -> 3264 | L24: =Harvest!J22 -> 28707 | M24: =CPUE!J22 -> 8.7950368 | N24: =Effort!L22 -> 1487 | O24: =Harvest!L22 -> 12106 | P24: =CPUE!L22 -> 8.1412239 | Q24: =Effort!N22 -> 299.71141 | R24: =Harvest!N22 -> 573.56355 | S24: =CPUE!N22 -> 1.9137194 | T24: =E24+H24+K24+N24+Q24 -> 7880.7114 | U24: =F24+I24+L24+O24+R24 -> 71664.564
A25: 40179 | B25: =A25 -> 40179 | C25: -1.8 | D25: 0.79236111 | E25: =Effort!F23 -> 4141.1018 | F25: =Harvest!F23 -> 18908.155 | G25: =CPUE!F23 -> 4.565972 | H25: =Effort!H23 -> 1274.9782 | I25: =Harvest!H23 -> 3361.5674 | J25: =CPUE!H23 -> 2.6365685 | K25: =Effort!J23 -> 6521 | L25: =Harvest!J23 -> 19791 | M25: =CPUE!J23 -> 3.034964 | N25: =Effort!L23 -> 2836 | O25: =Harvest!L23 -> 16258 | P25: =CPUE!L23 -> 5.7327221 | Q25: =Effort!N23 -> 202.81574 | R25: =Harvest!N23 -> 660.59983 | S25: =CPUE!N23 -> 3.2571429 | T25: =E25+H25+K25+N25+Q25 -> 14975.896 | U25: =F25+I25+L25+O25+R25 -> 58979.322
A26: 40180 | B26: =A26 -> 40180 | C26: -1.6 | D26: 0.82291667 | E26: =Effort!F24 -> 2795 | F26: =Harvest!F24 -> 41925 | G26: =CPUE!F24 -> 15 | H26: =Effort!H24 -> 679 | I26: =Harvest!H24 -> 7712 | J26: =CPUE!H24 -> 11.357879 | K26: =Effort!J24 -> 4167 | L26: =Harvest!J24 -> 62498 | M26: =CPUE!J24 -> 14.99832 | N26: =Effort!L24 -> 1973 | O26: =Harvest!L24 -> 26051 | P26: =CPUE!L24 -> 13.203751 | Q26: =Effort!N24 -> CLOSED | R26: =Harvest!N24 -> CLOSED | S26: =CPUE!N24 -> CLOSED | T26: =E26+H26+K26+N26 -> 9614 | U26: =F26+I26+L26+O26 -> 138186
A27: 40181 | B27: =A27 -> 40181 | C27: -1.2 | D27: 0.85347222 | E27: =Effort!F25 -> CLOSED | F27: =Harvest!F25 -> CLOSED | G27: =CPUE!F25 -> CLOSED | H27: =Effort!H25 -> 350 | I27: =Harvest!H25 -> 5250 | J27: =CPUE!H25 -> 15 | K27: =Effort!J25 -> CLOSED | L27: =Harvest!J25 -> CLOSED | M27: =CPUE!J25 -> CLOSED | N27: =Effort!L25 -> CLOSED | O27: =Harvest!L25 -> CLOSED | P27: =CPUE!L25 -> CLOSED | Q27: =Effort!N25 -> CLOSED | R27: =Harvest!N25 -> CLOSED | S27: =CPUE!N25 -> CLOSED | T27: =H27 -> 350 | U27: =I27 -> 5250
A28: Tide Series Totals | E28: =SUM(E24:E27) -> 8961.1018 | F28: =SUM(F24:F27) -> 86760.155 | G28: =F28/E28 -> 9.6818624 | H28: =SUM(H24:H27) -> 3108.9782 | I28: =SUM(I24:I27) -> 20674.567 | J28: =I28/H28 -> 6.6499557 | K28: =SUM(K24:K27) -> 13952 | L28: =SUM(L24:L27) -> 110996 | M28: =L28/K28 -> 7.9555619 | N28: =SUM(N24:N27) -> 6296 | O28: =SUM(O24:O27) -> 54415 | P28: =O28/N28 -> 8.6427891 | Q28: =SUM(Q24:Q27) -> 502.52715 | R28: =SUM(R24:R27) -> 1234.1634 | S28: =R28/Q28 -> 2.4559138 | T28: =SUM(T24:T27) -> 32820.607 | U28: =SUM(U24:U27) -> 274079.89
A29: 40206 | B29: =A29 -> 40206 | C29: -1.1 | D29: 0.71736111 | E29: =Effort!F27 -> CLOSED | F29: =Harvest!F27 -> CLOSED | G29: =CPUE!F27 -> CLOSED | H29: =Effort!H27 -> 861 | I29: =Harvest!H27 -> 12915 | J29: =CPUE!H27 -> 15 | K29: =Effort!J27 -> CLOSED | L29: =Harvest!J27 -> CLOSED | M29: =CPUE!J27 -> CLOSED | N29: =Effort!L27 -> CLOSED | O29: =Harvest!L27 -> CLOSED | P29: =CPUE!L27 -> CLOSED | Q29: =Effort!N27 -> CLOSED | R29: =Harvest!N27 -> CLOSED | S29: =CPUE!N27 -> CLOSED | T29: =H29 -> 861 | U29: =I29 -> 12915
A30: 40207 | B30: =A30 -> 40207 | C30: -1.5 | D30: 0.74861111 | E30: =Effort!F28 -> CLOSED | F30: =Harvest!F28 -> CLOSED | G30: =CPUE!F28 -> CLOSED | H30: =Effort!H28 -> 1685 | I30: =Harvest!H28 -> 25275 | J30: =CPUE!H28 -> 15 | K30: =Effort!J28 -> 4578 | L30: =Harvest!J28 -> 65435 | M30: =CPUE!J28 -> 14.29336 | N30: =Effort!L28 -> 2378 | O30: =Harvest!L28 -> 28597 | P30: =CPUE!L28 -> 12.025652 | Q30: =Effort!N28 -> CLOSED | R30: =Harvest!N28 -> CLOSED | S30: =CPUE!N28 -> CLOSED | T30: =H30+K30+N30 -> 8641 | U30: =I30+L30+O30 -> 119307
A31: 40208 | B31: =A31 -> 40208 | C31: -1.5 | D31: 0.77847222 | E31: =Effort!F29 -> CLOSED | F31: =Harvest!F29 -> CLOSED | G31: =CPUE!F29 -> CLOSED | H31: =Effort!H29 -> 2490 | I31: =Harvest!H29 -> 37350 | J31: =CPUE!H29 -> 15 | K31: =Effort!J29 -> 5240 | L31: =Harvest!J29 -> 64017 | M31: =CPUE!J29 -> 12.216985 | N31: =Effort!L29 -> 3418 | O31: =Harvest!L29 -> 42276 | P31: =CPUE!L29 -> 12.368637 | Q31: =Effort!N29 -> 228.50498 | R31: =Harvest!N29 -> 1075.0327 | S31: =CPUE!N29 -> 4.7046358 | T31: =H31+K31+N31+Q31 -> 11376.505 | U31: =I31+L31+O31+R31 -> 144718.03
A32: 40209 | B32: =A32 -> 40209 | C32: -1.2 | D32: 0.80763889 | E32: =Effort!F30 -> CLOSED | F32: =Harvest!F30 -> CLOSED | G32: =CPUE!F30 -> CLOSED | H32: =Effort!H30 -> 540 | I32: =Harvest!H30 -> 5848.2177 | J32: =CPUE!H30 -> 10.830033 | K32: =Effort!J30 -> 2737 | L32: =Harvest!J30 -> 33358 | M32: =CPUE!J30 -> 12.187797 | N32: =Effort!L30 -> 927 | O32: =Harvest!L30 -> 13902 | P32: =CPUE!L30 -> 14.996764 | Q32: =Effort!N30 -> 111.64295 | R32: =Harvest!N30 -> 1108.1596 | S32: =CPUE!N30 -> 9.9259259 | T32: =H32+K32+N32+Q32 -> 4315.6429 | U32: =I32+L32+O32+R32 -> 54216.377
A33: Tide Series Totals | E33: =SUM(E29:E32) -> 0 | F33: =SUM(F29:F32) -> 0 | G33: =F33/E33 -> #DIV/0! | H33: =SUM(H29:H32) -> 5576 | I33: =SUM(I29:I32) -> 81388.218 | J33: =I33/H33 -> 14.596165 | K33: =SUM(K29:K32) -> 12555 | L33: =SUM(L29:L32) -> 162810 | M33: =L33/K33 -> 12.967742 | N33: =SUM(N29:N32) -> 6723 | O33: =SUM(O29:O32) -> 84775 | P33: =O33/N33 -> 12.609698 | Q33: =SUM(Q29:Q32) -> 340.14792 | R33: =SUM(R29:R32) -> 2183.1923 | S33: =R33/Q33 -> 6.4183615 | T33: =SUM(T29:T32) -> 25194.148 | U33: =SUM(U29:U32) -> 331156.41
A34: 40235 | B34: 40235 | C34: -0.7 | D34: 0.70069444 | E34: =Effort!F32 -> 2703 | F34: =Harvest!F32 -> 40476 | G34: =CPUE!F32 -> 14.974473 | H34: =Effort!H32 -> 1283 | I34: =Harvest!H32 -> 19245 | J34: =CPUE!H32 -> 15 | K34: =Effort!J32 -> 4088 | L34: =Harvest!J32 -> 61050 | M34: =CPUE!J32 -> 14.933953 | N34: =Effort!L32 -> 1725 | O34: =Harvest!L32 -> 25870 | P34: =CPUE!L32 -> 14.997101 | Q34: =Effort!N32 -> CLOSED | R34: =Harvest!N32 -> CLOSED | S34: =CPUE!N32 -> CLOSED | T34: =E34+H34+K34+N34 -> 9799 | U34: =F34+I34+L34+O34 -> 146641
A35: 40236 | B35: 40236 | C35: -0.9 | D35: 0.73194444 | E35: =Effort!F33 -> 4600 | F35: =Harvest!F33 -> 69000 | G35: =CPUE!F33 -> 15 | H35: =Effort!H33 -> 550 | I35: =Harvest!H33 -> 8000 | J35: =CPUE!H33 -> 15 | K35: =Effort!J33 -> 2863.2 | L35: =Harvest!J33 -> 42500 | M35: =CPUE!J33 -> 15 | N35: =Effort!L33 -> 688.8 | O35: =Harvest!L33 -> 10000 | P35: =CPUE!L33 -> 15 | Q35: =Effort!N33 -> 129.00294 | R35: =Harvest!N33 -> 338.78341 | S35: =CPUE!N33 -> 2.6261682 | T35: =E35+H35+K35+N35+Q35 -> 8831.0029 | U35: =F35+I35+L35+O35+R35 -> 129838.78
A36: 40237 | B36: 40237 | C36: -0.8 | D36: 0.76111111 | E36: =Effort!F34 -> 4661 | F36: =Harvest!F34 -> 69915 | G36: =CPUE!F34 -> 15 | H36: =Effort!H34 -> 1868 | I36: =Harvest!H34 -> 26623 | J36: =CPUE!H34 -> 14.252141 | K36: =Effort!J34 -> 9544 | L36: =Harvest!J34 -> 141678 | M36: =CPUE!J34 -> 14.844719 | N36: =Effort!L34 -> 2296 | O36: =Harvest!L34 -> 33868 | P36: =CPUE!L34 -> 14.750871 | Q36: =Effort!N34 -> 165.42407 | R36: =Harvest!N34 -> 2373.1992 | S36: =CPUE!N34 -> 14.346154 | T36: =E36+H36+K36+N36+Q36 -> 18534.424 | U36: =F36+I36+L36+O36+R36 -> 274457.2
A37: 40238 | B37: 40238 | C37: -0.4 | D37: 0.78888889 | E37: =Effort!F35 -> 1411 | F37: =Harvest!F35 -> 4702 | G37: =CPUE!F35 -> 3.3323884 | H37: =Effort!H35 -> 996 | I37: =Harvest!H35 -> 12984 | J37: =CPUE!H35 -> 13.036145 | K37: =Effort!J35 -> CLOSED | L37: =Harvest!J35 -> CLOSED | M37: =CPUE!J35 -> CLOSED | N37: =Effort!L35 -> CLOSED | O37: =Harvest!L35 -> CLOSED | P37: =CPUE!L35 -> CLOSED | Q37: =Effort!N35 -> CLOSED | R37: =Harvest!N35 -> CLOSED | S37: =CPUE!N35 -> CLOSED | T37: =E37+H37 -> 2407 | U37: =F37+I37 -> 17686
A38: Tide Series Totals | E38: =SUM(E34:E37) -> 13375 | F38: =SUM(F34:F37) -> 184093 | G38: =F38/E38 -> 13.763963 | H38: =SUM(H34:H37) -> 4697 | I38: =SUM(I34:I37) -> 66852 | J38: =I38/H38 -> 14.232915 | K38: =SUM(K34:K37) -> 16495.2 | L38: =SUM(L34:L37) -> 245228 | M38: =L38/K38 -> 14.866628 | N38: =SUM(N34:N37) -> 4709.8 | O38: =SUM(O34:O37) -> 69738 | P38: =O38/N38 -> 14.806998 | Q38: =SUM(Q34:Q37) -> 294.42701 | R38: =SUM(R34:R37) -> 2711.9826 | S38: =R38/Q38 -> 9.2110524 | T38: =SUM(T34:T37) -> 39571.427 | U38: =SUM(U34:U37) -> 568622.98
A39: 40263 | B39: 40263 | C39: 0.1 | D39: 0.68680556 | E39: =Effort!F37 -> 4148 | F39: =Harvest!F37 -> 61344 | G39: =CPUE!F37 -> 14.788814 | H39: =Effort!H37 -> 1153 | I39: =Harvest!H37 -> 17021 | J39: =CPUE!H37 -> 14.762359 | K39: =Effort!J37 -> CLOSED | L39: =Harvest!J37 -> CLOSED | M39: =CPUE!J37 -> CLOSED | N39: =Effort!L37 -> CLOSED | O39: =Harvest!L37 -> CLOSED | P39: =CPUE!L37 -> CLOSED | Q39: =Effort!N37 -> 238.93626 | R39: =Harvest!N37 -> 2835.6659 | S39: =CPUE!N37 -> 11.867876 | T39: =+E39+H39+Q39 -> 5539.9363 | U39: =+F39+I39+R39 -> 81200.666
A40: 40264 | B40: 40264 | C40: -0.1 | D40: 0.72152778 | E40: =Effort!F38 -> 5291.5036 | F40: =Harvest!F38 -> 56443.799 | G40: =CPUE!F38 -> 10.666873 | H40: =Effort!H38 -> 3633 | I40: =Harvest!H38 -> 53531 | J40: =CPUE!H38 -> 14.734655 | K40: =Effort!J38 -> 8172 | L40: =Harvest!J38 -> 113112 | M40: =CPUE!J38 -> 13.84141 | N40: =Effort!L38 -> 5309 | O40: =Harvest!L38 -> 74693 | P40: =CPUE!L38 -> 14.069128 | Q40: =Effort!N38 -> 513.85641 | R40: =Harvest!N38 -> 6094.241 | S40: =CPUE!N38 -> 11.859813 | T40: =+E40+H40+K40+N40+Q40 -> 22919.36 | U40: =+F40+I40+L40+O40+R40 -> 303874.04
A41: 40265 | B41: 40265 | C41: 0 | D41: 0.75277778 | E41: =Effort!F39 -> 2381 | F41: =Harvest!F39 -> 9435 | G41: =CPUE!F39 -> 3.9626207 | H41: =Effort!H39 -> 1634.7287 | I41: =Harvest!H39 -> 8948.1041 | J41: =CPUE!H39 -> 5.4737547 | K41: =Effort!J39 -> 4158 | L41: =Harvest!J39 -> 18036 | M41: =CPUE!J39 -> 4.3376623 | N41: =Effort!L39 -> 1908 | O41: =Harvest!L39 -> 13357 | P41: =CPUE!L39 -> 7.0005241 | Q41: =Effort!N39 -> CLOSED | R41: =Harvest!N39 -> CLOSED | S41: =CPUE!N39 -> CLOSED | T41: =+E41+H41+K41+N41 -> 10081.729 | U41: =+F41+I41+L41+O41 -> 49776.104
A42: 40266 | B42: 40266 | C42: -0.1 | D42: 0.27430556 | E42: =Effort!F40 -> 174 | F42: =Harvest!F40 -> 186 | G42: =CPUE!F40 -> 1.0689655 | H42: =Effort!H40 -> 92 | I42: =Harvest!H40 -> 0 | J42: =CPUE!H40 -> 0 | K42: =Effort!J40 -> CLOSED | L42: =Harvest!J40 -> CLOSED | M42: =CPUE!J40 -> CLOSED | N42: =Effort!L40 -> CLOSED | O42: =Harvest!L40 -> CLOSED | P42: =CPUE!L40 -> CLOSED | Q42: =Effort!N40 -> CLOSED | R42: =Harvest!N40 -> CLOSED | S42: =CPUE!N40 -> CLOSED | T42: =+E42+H42 -> 266 | U42: =+F42+I42 -> 186
A43: 40267 | B43: 40267 | C43: -0.7 | D43: 0.30694444 | E43: =Effort!F41 -> 1673 | F43: =Harvest!F41 -> 8811 | G43: =CPUE!F41 -> 5.266587 | H43: =Effort!H41 -> 713.4959 | I43: =Harvest!H41 -> 4760.7512 | J43: =CPUE!H41 -> 6.6724296 | K43: =Effort!J41 -> CLOSED | L43: =Harvest!J41 -> CLOSED | M43: =CPUE!J41 -> CLOSED | N43: =Effort!L41 -> CLOSED | O43: =Harvest!L41 -> CLOSED | P43: =CPUE!L41 -> CLOSED | Q43: =Effort!N41 -> CLOSED | R43: =Harvest!N41 -> CLOSED | S43: =CPUE!N41 -> CLOSED | T43: =+E43+H43 -> 2386.4959 | U43: =+F43+I43 -> 13571.751
A44: 40268 | B44: 40268 | C44: -1 | D44: 0.33819444 | E44: =Effort!F42 -> 2319 | F44: =Harvest!F42 -> 27456 | G44: =CPUE!F42 -> 11.839586 | H44: =Effort!H42 -> 989 | I44: =Harvest!H42 -> 14835 | J44: =CPUE!H42 -> 15 | K44: =Effort!J42 -> CLOSED | L44: =Harvest!J42 -> CLOSED | M44: =CPUE!J42 -> CLOSED | N44: =Effort!L42 -> CLOSED | O44: =Harvest!L42 -> CLOSED | P44: =CPUE!L42 -> CLOSED | Q44: =Effort!N42 -> CLOSED | R44: =Harvest!N42 -> CLOSED | S44: =CPUE!N42 -> CLOSED | T44: =+E44+H44 -> 3308 | U44: =+F44+I44 -> 42291
A45: 40269 | B45: 40269 | C45: -1 | D45: 0.36944444 | E45: =Effort!F43 -> 2791 | F45: =Harvest!F43 -> 29372 | G45: =CPUE!F43 -> 10.523827 | H45: =Effort!H43 -> 1190.2971 | I45: =Harvest!H43 -> 15870.251 | J45: =CPUE!H43 -> 13.333017 | K45: =Effort!J43 -> CLOSED | L45: =Harvest!J43 -> CLOSED | M45: =CPUE!J43 -> CLOSED | N45: =Effort!L43 -> CLOSED | O45: =Harvest!L43 -> CLOSED | P45: =CPUE!L43 -> CLOSED | Q45: =Effort!N43 -> CLOSED | R45: =Harvest!N43 -> CLOSED | S45: =CPUE!N43 -> CLOSED | T45: =+E45+H45 -> 3981.2971 | U45: =+F45+I45 -> 45242.251
A46: Tide Series Totals | E46: =SUM(E39:E45) -> 18777.504 | F46: =SUM(F39:F45) -> 193047.8 | G46: =F46/E46 -> 10.280802 | H46: =SUM(H39:H45) -> 9405.5217 | I46: =SUM(I39:I45) -> 114966.11 | J46: =I46/H46 -> 12.223257 | K46: =SUM(K40:K45) -> 12330 | L46: =SUM(L40:L45) -> 131148 | M46: =L46/K46 -> 10.636496 | N46: =SUM(N40:N45) -> 7217 | O46: =SUM(O40:O45) -> 88050 | P46: =O46/N46 -> 12.20036 | Q46: =SUM(Q39:Q45) -> 752.79267 | R46: =SUM(R39:R45) -> 8929.9069 | S46: =R46/Q46 -> 11.862372 | T46: =SUM(T39:T45) -> 48482.818 | U46: =SUM(U39:U45) -> 536141.81
A47: 40284 | B47: 40284 | C47: -0.7 | D47: 0.35555556 | E47: =Effort!F45 -> 3369 | F47: =Harvest!F45 -> 49598 | G47: =CPUE!F45 -> 14.721876 | H47: =Effort!H45 -> 1808 | I47: =Harvest!H45 -> 26202 | J47: =CPUE!H45 -> 14.492257 | K47: =Effort!J45 -> CLOSED | L47: =Harvest!J45 -> CLOSED | M47: =CPUE!J45 -> CLOSED | N47: =Effort!L45 -> CLOSED | O47: =Harvest!L45 -> CLOSED | P47: =CPUE!L45 -> CLOSED | Q47: =Effort!N45 -> CLOSED | R47: =Harvest!N45 -> CLOSED | S47: =CPUE!N45 -> CLOSED | T47: =E47+H47 -> 5177 | U47: =F47+I47 -> 75800
A48: 40285 | B48: 40285 | C48: -0.7 | D48: 0.38333333 | E48: =Effort!F46 -> 7304 | F48: =Harvest!F46 -> 106682 | G48: =CPUE!F46 -> 14.605969 | H48: =Effort!H46 -> 5145 | I48: =Harvest!H46 -> 75878 | J48: =CPUE!H46 -> 14.747911 | K48: =Effort!J46 -> CLOSED | L48: =Harvest!J46 -> CLOSED | M48: =CPUE!J46 -> CLOSED | N48: =Effort!L46 -> CLOSED | O48: =Harvest!L46 -> CLOSED | P48: =CPUE!L46 -> CLOSED | Q48: =Effort!N46 -> 589.73061 | R48: =Harvest!N46 -> 4603.9197 | S48: =CPUE!N46 -> 7.8068182 | T48: =E48+H48+Q48 -> 13038.731 | U48: =F48+I48+R48 -> 187163.92
A49: 40286 | B49: 40286 | C49: -0.6 | D49: 0.41527778 | E49: =Effort!F47 -> 6565 | F49: =Harvest!F47 -> 92567 | G49: =CPUE!F47 -> 14.100076 | H49: =Effort!H47 -> 5320 | I49: =Harvest!H47 -> 79617 | J49: =CPUE!H47 -> 14.965602 | K49: =Effort!J47 -> CLOSED | L49: =Harvest!J47 -> CLOSED | M49: =CPUE!J47 -> CLOSED | N49: =Effort!L47 -> CLOSED | O49: =Harvest!L47 -> CLOSED | P49: =CPUE!L47 -> CLOSED | Q49: =Effort!N47 -> 639.08682 | R49: =Harvest!N47 -> 7992.6457 | S49: =CPUE!N47 -> 12.506353 | T49: =E49+H49+Q49 -> 12524.087 | U49: =F49+I49+R49 -> 180176.65
A50: Tide Series Totals | E50: =SUM(E47:E49) -> 17238 | F50: =SUM(F47:F49) -> 248847 | G50: =F50/E50 -> 14.435955 | H50: =SUM(H47:H49) -> 12273 | I50: =SUM(I47:I49) -> 181697 | J50: =I50/H50 -> 14.804612 | Q50: =SUM(Q48:Q49) -> 1228.8174 | R50: =SUM(R48:R49) -> 12596.565 | S50: =R50/Q50 -> 10.250966 | T50: =SUM(T47:T49) -> 30739.817 | U50: =SUM(U47:U49) -> 443140.57
A51: 40295 | B51: 40295 | C51: -1 | D51: 0.26458333 | E51: =Effort!F49 -> 705 | F51: =Harvest!F49 -> 10575 | G51: =CPUE!F49 -> 15 | H51: =Effort!H49 -> 503 | I51: =Harvest!H49 -> 7443 | J51: =CPUE!H49 -> 14.797217 | K51: =Effort!J49 -> CLOSED | L51: =Harvest!J49 -> CLOSED | M51: =CPUE!J49 -> CLOSED | N51: =Effort!L49 -> CLOSED | O51: =Harvest!L49 -> CLOSED | P51: =CPUE!L49 -> CLOSED | Q51: =Effort!N49 -> CLOSED | R51: =Harvest!N49 -> CLOSED | S51: =CPUE!N49 -> CLOSED | T51: =E51+H51 -> 1208 | U51: =F51+I51 -> 18018
A52: 40296 | B52: 40296 | C52: -1.4 | D52: 0.29583333 | E52: =Effort!F50 -> 1319 | F52: =Harvest!F50 -> 19638 | G52: =CPUE!F50 -> 14.888552 | H52: =Effort!H50 -> 1138 | I52: =Harvest!H50 -> 17070 | J52: =CPUE!H50 -> 15 | K52: =Effort!J50 -> CLOSED | L52: =Harvest!J50 -> CLOSED | M52: =CPUE!J50 -> CLOSED | N52: =Effort!L50 -> CLOSED | O52: =Harvest!L50 -> CLOSED | P52: =CPUE!L50 -> CLOSED | Q52: =Effort!N50 -> CLOSED | R52: =Harvest!N50 -> CLOSED | S52: =CPUE!N50 -> CLOSED | T52: =E52+H52 -> 2457 | U52: =F52+I52 -> 36708
A53: 40297 | B53: 40297 | C53: -1.6 | D53: 0.32638889 | E53: =Effort!F51 -> 2200 | F53: =Harvest!F51 -> 32732 | G53: =CPUE!F51 -> 14.878182 | H53: =Effort!H51 -> 872 | I53: =Harvest!H51 -> 13080 | J53: =CPUE!H51 -> 15 | K53: =Effort!J51 -> CLOSED | L53: =Harvest!J51 -> CLOSED | M53: =CPUE!J51 -> CLOSED | N53: =Effort!L51 -> CLOSED | O53: =Harvest!L51 -> CLOSED | P53: =CPUE!L51 -> CLOSED | Q53: =Effort!N51 -> CLOSED | R53: =Harvest!N51 -> CLOSED | S53: =CPUE!N51 -> CLOSED | T53: =E53+H53 -> 3072 | U53: =F53+I53 -> 45812
A54: 40298 | B54: 40298 | C54: -1.5 | D54: 0.35625 | E54: =Effort!F52 -> 3194 | F54: =Harvest!F52 -> 47910 | G54: =CPUE!F52 -> 15 | H54: =Effort!H52 -> 995 | I54: =Harvest!H52 -> 14925 | J54: =CPUE!H52 -> 15 | K54: =Effort!J52 -> 2556 | L54: =Harvest!J52 -> 37954 | M54: =CPUE!J52 -> 14.848983 | N54: =Effort!L52 -> 1606 | O54: =Harvest!L52 -> 23923 | P54: =CPUE!L52 -> 14.896015 | Q54: =Effort!N52 -> CLOSED | R54: =Harvest!N52 -> CLOSED | S54: =CPUE!N52 -> CLOSED | T54: =E54+H54+K54+N54 -> 8351 | U54: =F54+I54+L54+O54 -> 124712
A55: 40299 | B55: 40299 | C55: -1.1 | D55: 0.38541667 | E55: =Effort!F53 -> 5623 | F55: =Harvest!F53 -> 84345 | G55: =CPUE!F53 -> 15 | H55: =Effort!H53 -> 2341 | I55: =Harvest!H53 -> 34517 | J55: =CPUE!H53 -> 14.744554 | K55: =Effort!J53 -> 7118 | L55: =Harvest!J53 -> 107192 | M55: =CPUE!J53 -> 15.059286 | N55: =Effort!L53 -> 2888 | O55: =Harvest!L53 -> 43321 | P55: =CPUE!L53 -> 15.000346 | Q55: =Effort!N53 -> 232.07943 | R55: =Harvest!N53 -> 3106.6071 | S55: =CPUE!N53 -> 13.385965 | T55: =E55+H55+K55+N55+Q55 -> 18202.079 | U55: =F55+I55+L55+O55+R55 -> 272481.61
A56: 40300 | B56: 40300 | C56: -0.7 | D56: 0.41527778 | E56: =Effort!F54 -> 6272 | F56: =Harvest!F54 -> 94080 | G56: =CPUE!F54 -> 15 | H56: =Effort!H54 -> 2313.5892 | I56: =Harvest!H54 -> 34034.352 | J56: =CPUE!H54 -> 14.710629 | K56: =Effort!J54 -> 6762 | L56: =Harvest!J54 -> 101428 | M56: =CPUE!J54 -> 14.999704 | N56: =Effort!L54 -> 2412 | O56: =Harvest!L54 -> 36066 | P56: =CPUE!L54 -> 14.952736 | Q56: =Effort!N54 -> 173.72028 | R56: =Harvest!N54 -> 2325.4135 | S56: =CPUE!N54 -> 13.385965 | T56: =E56+H56+K56+N56+Q56 -> 17933.31 | U56: =F56+I56+L56+O56+R56 -> 267933.77
A57: Tide Series Totals | E57: =SUM(E51:E56) -> 19313 | F57: =SUM(F51:F56) -> 289280 | G57: =F57/E57 -> 14.978512 | H57: =SUM(H51:H56) -> 8162.5892 | I57: =SUM(I51:I56) -> 121069.35 | J57: =I57/H57 -> 14.832224 | K57: =SUM(K54:K56) -> 16436 | L57: =SUM(L54:L56) -> 246574 | M57: =L57/K57 -> 15.002069 | N57: =SUM(N54:N56) -> 6906 | O57: =SUM(O54:O56) -> 103310 | P57: =O57/N57 -> 14.959456 | Q57: =SUM(Q55:Q56) -> 405.79971 | R57: =SUM(R55:R56) -> 5432.0206 | S57: =R57/Q57 -> 13.385965 | T57: =E57+H57+K57+N57+Q57 -> 51223.389 | U57: =F57+I57+L57+O57+R57 -> 765665.37
A58: 40313 | B58: 40313 | C58: -1.6 | D58: 0.34375 | E58: =Effort!F56 -> 5530 | F58: =Harvest!F56 -> 82950 | G58: =CPUE!F56 -> 15 | H58: =Effort!H56 -> 1981.5144 | I58: =Harvest!H56 -> 28966.544 | J58: =CPUE!H56 -> 14.618387 | K58: =Effort!J56 -> 4922 | L58: =Harvest!J56 -> 72491 | M58: =CPUE!J56 -> 14.727956 | N58: =Effort!L56 -> 2777 | O58: =Harvest!L56 -> 41651 | P58: =CPUE!L56 -> 14.99856 | Q58: =Effort!N56 -> CLOSED | R58: =Harvest!N56 -> CLOSED | S58: =CPUE!N56 -> CLOSED | T58: =E58+H58+K58+N58 -> 15210.514 | U58: =F58+I58+L58+O58 -> 226058.54
A59: 40314 | B59: 40314 | C59: -1.6 | D59: 0.37361111 | E59: =Effort!F57 -> 3479.9436 | F59: =Harvest!F57 -> 49180.252 | G59: =CPUE!F57 -> 14.132485 | H59: =Effort!H57 -> 2820 | I59: =Harvest!H57 -> 42300 | J59: =CPUE!H57 -> 15 | K59: =Effort!J57 -> CLOSED | L59: =Harvest!J57 -> CLOSED | M59: =CPUE!J57 -> CLOSED | N59: =Effort!L57 -> CLOSED | O59: =Harvest!L57 -> CLOSED | P59: =CPUE!L57 -> CLOSED | Q59: =Effort!N57 -> CLOSED | R59: =Harvest!N57 -> CLOSED | S59: =CPUE!N57 -> CLOSED | T59: =E59+H59 -> 6299.9436 | U59: =F59+I59 -> 91480.252
A60: Tide Series Totals | E60: =SUM(E58:E59) -> 9009.9436 | F60: =SUM(F58:F59) -> 132130.25 | G60: =F60/E60 -> 14.664937 | H60: =SUM(H58:H59) -> 4801.5144 | I60: =SUM(I58:I59) -> 71266.544 | J60: =I60/H60 -> 14.842514 | K60: =SUM(K58:K59) -> 4922 | L60: =SUM(L58:L59) -> 72491 | M60: =L60/K60 -> 14.727956 | N60: =SUM(N58:N59) -> 2777 | O60: =SUM(O58:O59) -> 41651 | P60: =O60/N60 -> 14.99856 | T60: =E60+H60+K60+N60+Q60 -> 21510.458 | U60: =F60+I60+L60+O60+R60 -> 317538.8
A61: SEASON SUBTOTALS: | E61: =E8+E13+E18+E23+E28+E33+E38+E46+E50+E57+E60 -> 106612.54 | F61: =F8+F13+F18+F23+F28+F33+F38+F46+F50+F57+F60 -> 1404335.1 | G61: =F61/E61 -> 13.172325 | H61: =H8+H13+H18+H23+H28+H33+H38+H46+H50+H57+H60 -> 60425.527 | I61: =I8+I13+I18+I23+I28+I33+I38+I46+I50+I57+I60 -> 824298.79 | J61: =I61/H61 -> 13.641566 | K61: =K8+K13+K18+K23+K28+K33+K38+K46+K50+K57+K60 -> 103601.2 | L61: =L8+L13+L18+L23+L28+L33+L38+L46+L50+L57+L60 -> 1346258 | M61: =L61/K61 -> 12.994618 | N61: =N8+N13+N18+N23+N28+N33+N38+N46+N50+N57+N60 -> 45769.741 | O61: =O8+O13+O18+O23+O28+O33+O38+O46+O50+O57+O60 -> 593527.32 | P61: =O61/N61 -> 12.967679 | Q61: =Q8+Q13+Q18+Q23+Q28+Q33+Q38+Q46+Q50+Q57 -> 4547.6389 | R61: =R8+R13+R18+R23+R28+R33+R38+R46+R50+R57 -> 46372.932 | S61: =R61/Q61 -> 10.197145 | T61: =T8+T13+T18+T23+T28+T33+T38+T46+T50+T57+T60 -> 320956.65 | U61: =U8+U13+U18+U23+U28+U33+U38+U46+U50+U57+U60 -> 4214792.1
A62: WASTAGE | F62: =+Harvest!F61 -> 20000 | I62: =Harvest!H61 -> 14100 | L62: =Harvest!J61 -> 10442 | O62: =Harvest!L61 -> 10342 | U62: =F62+I62+L62+O62+R62 -> 54884
A63: SEASON TOTALS: | E63: =E61 -> 106612.54 | F63: =F61+F62 -> 1424335.1 | G63: =F63/E63 -> 13.35992 | H63: =H61 -> 60425.527 | I63: =I61+I62 -> 838398.79 | J63: =I63/H63 -> 13.874911 | K63: =K61 -> 103601.2 | L63: =L61+L62 -> 1356700 | M63: =L63/K63 -> 13.095408 | N63: =N61 -> 45769.741 | O63: =O61+O62 -> 603869.32 | P63: =O63/N63 -> 13.193636 | Q63: =Q61 -> 4547.6389 | R63: =R61+R62 -> 46372.932 | S63: =R63/Q63 -> 10.197145 | T63: =SUM(T61:T62) -> 320956.65 | U63: =SUM(U61:U62) -> 4269676.1
A64: % of TAC Harvested: | F64: =Harvest!F64 -> 0.8460302 | I64: =Harvest!H64 -> 0.71187304 | L64: =Harvest!J64 -> 1.3280397 | O64: =Harvest!L64 -> 0.9590842 | R64: =Harvest!N64 -> 0.10337334

Sheet TAC
A1: 2009 FALL - 2010 SPRING NON-TRIBAL TOTAL ALLOWABLE CATCH (TAC)
A4: LONG BEACH | B4: 1683551.1
A5: TWIN HARBORS | B5: 1177736.4
A6: COPALIS | B6: 1021580.9
A7: MOCROCKS | B7: 629631.18
A8: KALALOCH | B8: 448596.62
A9: COASTWIDE TAC | B9: =SUM(B4:B8) -> 4961096.2

Sheet Tribal Update
A1: 2009-2010 State (non-Indian) Recreational Razor Clam Effort, Harvest and CPUE totals - FINAL
E2: COPALIS | I2: MOCROCKS | M2: KALALOCH | Q2: DAILY TOTALS
A3: DATE | B3: DAY | C3: TIDE | D3: TIME | E3: Effort | F3: Harvest | G3: CPUE | H3: Size (mm) | I3: Effort | J3: Harvest | K3: CPUE | L3: Size (mm) | M3: Effort | N3: Harvest | O3: CPUE | P3: Size (mm) | Q3: Effort | R3: Harvest
A4: 40102 | B4: =+A4 -> 40102 | C4: -0.2 | D4: 0.79097222 | E4: =Effort!J2 -> 4924 | F4: =Harvest!J2 -> 67449 | G4: =CPUE!J2 -> 13.69801 | I4: =Effort!L2 -> CLOSED | J4: =Harvest!L2 -> CLOSED | K4: =CPUE!L2 -> CLOSED | M4: =Effort!N2 -> CLOSED | N4: =Harvest!N2 -> CLOSED | O4: =CPUE!N2 -> CLOSED | Q4: =E4 -> 4924 | R4: =F4 -> 67449
A5: 40103 | B5: =+A5 -> 40103 | C5: -0.7 | D5: 0.78055556 | E5: =Effort!J3 -> 6773 | F5: =Harvest!J3 -> 100367 | G5: =CPUE!J3 -> 14.818692 | I5: =Effort!L3 -> 3496 | J5: =Harvest!L3 -> 46405 | K5: =CPUE!L3 -> 13.273741 | M5: =Effort!N3 -> 427.28109 | N5: =Harvest!N3 -> 5826.3051 | O5: =CPUE!N3 -> 13.635766 | Q5: =E5+I5+M5 -> 10696.281 | R5: =F5+J5+N5 -> 152598.31
A6: 40104 | B6: =+A6 -> 40104 | C6: -1 | D6: 0.80972222 | E6: =Effort!J4 -> 2860 | F6: =Harvest!J4 -> 42641 | G6: =CPUE!J4 -> 14.909441 | I6: =Effort!L4 -> 1202 | J6: =Harvest!L4 -> 18037 | K6: =CPUE!L4 -> 15.005824 | M6: =Effort!N4 -> 192.65988 | N6: =Harvest!N4 -> 2814.1557 | O6: =CPUE!N4 -> 14.606859 | Q6: =E6+I6+M6 -> 4254.6599 | R6: =F6+J6+N6 -> 63492.156
A7: 40105 | B7: =+A7 -> 40105 | C7: -1.1 | D7: 0.83819444 | E7: =Effort!J5 -> CLOSED | F7: =Harvest!J5 -> CLOSED | G7: =CPUE!J5 -> CLOSED | I7: =Effort!L5 -> CLOSED | J7: =Harvest!L5 -> CLOSED | K7: =CPUE!L5 -> CLOSED | M7: =Effort!N5 -> CLOSED | N7: =Harvest!N5 -> CLOSED | O7: =CPUE!N5 -> CLOSED | Q7: 0 | R7: 0
A8: Tide Series Totals | E8: =SUM(E4:E7) -> 14557 | F8: =SUM(F4:F7) -> 210457 | G8: =F8/E8 -> 14.457443 | H8: 117.74 | I8: =SUM(I5:I7) -> 4698 | J8: =SUM(J5:J7) -> 64442 | K8: =J8/I8 -> 13.716901 | L8: 124.27 | M8: =SUM(M5:M7) -> 619.94097 | N8: =SUM(N5:N7) -> 8640.4608 | O8: =N8/M8 -> 13.937554 | P8: 103.83 | Q8: =SUM(Q4:Q7) -> 19874.941 | R8: =SUM(R4:R7) -> 283539.46
A9: 40131 | B9: 40131 | C9: -0.4 | D9: 0.69861111 | E9: 3582 | F9: 53730 | G9: 15 | I9: 2232 | J9: 33480 | K9: 15 | M9: CLOSED | N9: CLOSED | O9: CLOSED | Q9: =E9+I9 -> 5814 | R9: =F9+J9 -> 87210
A10: 40132 | B10: 40132 | C10: -0.8 | D10: 0.72916667 | E10: 2196 | F10: 26314 | G10: 11.982696 | I10: 942 | J10: 10426 | K10: 11.067941 | M10: CLOSED | N10: CLOSED | O10: CLOSED | Q10: =E10+I10 -> 3138 | R10: =F10+J10 -> 36740
A11: 40133 | B11: 40133 | C11: -1 | D11: 0.75694444 | E11: 355 | F11: 1695 | G11: 4.7746479 | I11: 195.01038 | J11: 929.74701 | K11: 4.7676795 | M11: 22 | N11: 0 | O11: 0 | Q11: =E11+I11+M11 -> 572.01038 | R11: =F11+J11+N11 -> 2624.747
A12: 40134 | B12: 40134 | C12: -0.9 | D12: 0.78402778 | E12: CLOSED | F12: CLOSED | G12: CLOSED | I12: CLOSED | J12: CLOSED | K12: CLOSED | M12: CLOSED | N12: CLOSED | O12: CLOSED | Q12: 0 | R12: 0
A13: Tide Series Totals | E13: =SUM(E9:E12) -> 6133 | F13: =SUM(F9:F12) -> 81739 | G13: =F13/E13 -> 13.327735 | H13: 123.95 | I13: =SUM(I9:I12) -> 3369.0104 | J13: =SUM(J9:J12) -> 44835.747 | K13: =J13/I13 -> 13.308284 | L13: 123.14 | M13: =SUM(M11:M12) -> 22 | N13: =SUM(N11:N12) -> 0 | O13: =N13/M13 -> 0 | Q13: =SUM(Q9:Q12) -> 9524.0104 | R13: =SUM(R9:R12) -> 126574.75
A14: 40149 | B14: 40149 | C14: -1.5 | D14: 0.77222222 | E14: CLOSED | F14: CLOSED | G14: CLOSED | I14: CLOSED | J14: CLOSED | K14: CLOSED | M14: CLOSED | N14: CLOSED | O14: CLOSED | Q14: 0 | R14: 0
A15: 40150 | B15: 40150 | C15: -1.6 | D15: 0.80347222 | E15: 1231 | F15: 18465 | G15: 15 | I15: 459 | J15: 6181 | K15: 13.466231 | M15: CLOSED | N15: CLOSED | O15: CLOSED | Q15: =E15+I15 -> 1690 | R15: =F15+J15 -> 24646
A16: 40151 | B16: 40151 | C16: -1.5 | D16: 0.83611111 | E16: 1395 | F16: 20242 | G16: 14.510394 | I16: 813 | J16: 10653 | K16: 13.103321 | M16: 161.93569 | N16: 1908.9138 | O16: 11.788098 | Q16: =E16+I16+M16 -> 2369.9357 | R16: =F16+J16+N16 -> 32803.914
A17: 40152 | B17: 40152 | C17: -1.1 | D17: 0.86875 | E17: 1071 | F17: 16065 | G17: 15 | I17: 576 | J17: 8640 | K17: 15 | M17: 219.2503 | N17: 2735.7263 | O17: 12.47764 | Q17: =E17+I17+M17 -> 1866.2503 | R17: =F17+J17+N17 -> 27440.726
A18: Tide Series Totals | E18: =SUM(E15:E17) -> 3697 | F18: =SUM(F15:F17) -> 54772 | G18: =F18/E18 -> 14.815256 | H18: 123.34177 | I18: =SUM(I15:I17) -> 1848 | J18: =SUM(J15:J17) -> 25474 | K18: =J18/I18 -> 13.784632 | L18: 122.88333 | M18: =SUM(M16:M17) -> 381.18599 | N18: =SUM(N16:N17) -> 4644.6401 | O18: =N18/M18 -> 12.184708 | P18: 102.7 | Q18: =SUM(Q14:Q17) -> 5926.186 | R18: =SUM(R14:R17) -> 84890.64
A19: 40178 | B19: =A19 -> 40178 | C19: -1.6 | D19: 0.7625 | E19: 2742 | F19: 24193 | G19: 8.8231218 | I19: 1150 | J19: 8692 | K19: 7.5582609 | M19: 299.71141 | N19: 573.56355 | O19: 1.9137194 | Q19: =E19+I19 -> 3892 | R19: =F19+J19 -> 32885
A20: 40179 | B20: =A20 -> 40179 | C20: -1.8 | D20: 0.79236111 | E20: 3582 | F20: 10871.84 | G20: 3.0351312 | I20: 1884 | J20: 10283 | K20: 5.4580679 | M20: 202.81574 | N20: 660.59983 | O20: 3.2571429 | Q20: =E20+I20 -> 5466 | R20: =F20+J20 -> 21154.84
A21: 40180 | B21: =A21 -> 40180 | C21: -1.6 | D21: 0.82291667 | E21: 3727 | F21: 55905 | G21: 15 | I21: 1578 | J21: 20832 | K21: 13.201521 | M21: CLOSED | N21: CLOSED | O21: CLOSED | Q21: =E21+I21 -> 5305 | R21: =F21+J21 -> 76737
A22: 40181 | B22: =A22 -> 40181 | C22: -1.2 | D22: 0.85347222 | E22: CLOSED | F22: CLOSED | G22: CLOSED | I22: CLOSED | J22: CLOSED | K22: CLOSED | M22: CLOSED | N22: CLOSED | O22: CLOSED | Q22: 0 | R22: 0
A23: Tide Series Totals | E23: =SUM(E19:E22) -> 10051 | F23: =SUM(F19:F22) -> 90969.84 | G23: =F23/E23 -> 9.0508248 | H23: 121.3 | I23: =SUM(I19:I22) -> 4612 | J23: =SUM(J19:J22) -> 39807 | K23: =J23/I23 -> 8.6311795 | L23: 121.16 | M23: 502.52715 | N23: 1234.1634 | O23: 2.4559138 | P23: 100.56 | Q23: =SUM(Q19:Q22) -> 14663 | R23: =SUM(R19:R22) -> 130776.84
A24: 40206 | B24: 40206 | C24: -1.1 | D24: 0.71736111 | E24: CLOSED | F24: CLOSED | G24: CLOSED | I24: CLOSED | J24: CLOSED | K24: CLOSED | M24: CLOSED | N24: CLOSED | O24: CLOSED | Q24: 0 | R24: 0
A25: 40207 | B25: 40207 | C25: -1.5 | D25: 0.74861111 | E25: 3899 | F25: 55727 | G25: 14.292639 | I25: 1690 | J25: 20938 | K25: 12.389349 | M25: CLOSED | N25: CLOSED | O25: CLOSED | Q25: =E25+I25 -> 5589 | R25: =F25+J25 -> 76665
A26: 40208 | B26: 40208 | C26: -1.5 | D26: 0.77847222 | E26: 4402 | F26: 49673 | G26: 11.284189 | I26: 2584 | J26: 32381 | K26: 12.531347 | M26: 228.50498 | N26: 1075.0327 | O26: 4.7046358 | Q26: =E26+I26+M26 -> 7214.505 | R26: =F26+J26+N26 -> 83129.033
A27: 40209 | B27: 40209 | C27: -1.2 | D27: 0.80763889 | E27: 1568 | F27: 18018 | G27: 11.491071 | I27: 994.44801 | J27: 14916.72 | K27: 15 | M27: 111.64295 | N27: 1108.1596 | O27: 9.9259259 | Q27: =E27+I27+M27 -> 2674.091 | R27: =F27+J27+N27 -> 34042.88
A28: Tide Series Totals | E28: =SUM(E24:E27) -> 9869 | F28: =SUM(F24:F27) -> 123418 | G28: =F28/E28 -> 12.505624 | H28: 121.38 | I28: =SUM(I24:I27) -> 5268.448 | J28: =SUM(J24:J27) -> 68235.72 | K28: =J28/I28 -> 12.951769 | L28: 120.85 | M28: 340.14792 | N28: 2183.1923 | O28: 6.4183615 | P28: 102.41 | Q28: =SUM(Q24:Q27) -> 15477.596 | R28: =SUM(R24:R27) -> 193836.91
A29: 40235 | B29: 40235 | C29: -0.7 | D29: 0.70069444 | E29: 3187 | F29: 47579 | G29: 14.929087 | I29: 1560 | J29: 23400 | K29: 15 | M29: CLOSED | N29: CLOSED | O29: CLOSED | Q29: =E29+I29 -> 4747 | R29: =F29+J29 -> 70979
A30: 40236 | B30: 40236 | C30: -0.9 | D30: 0.73194444 | E30: 1500 | F30: 22000 | G30: 15 | I30: 550 | J30: 8000 | K30: 15 | M30: 129.00294 | N30: 338.78341 | O30: 2.6261682 | Q30: =E30+I30+M30 -> 2179.0029 | R30: =F30+J30+N30 -> 30338.783
A31: 40237 | B31: 40237 | C31: -0.8 | D31: 0.76111111 | E31: 5079 | F31: 75395 | G31: 14.844458 | I31: 1843 | J31: 27069 | K31: 14.687466 | M31: 165.42407 | N31: 2373.1992 | O31: 14.346154 | Q31: =E31+I31+M31 -> 7087.4241 | R31: =F31+J31+N31 -> 104837.2
A32: 40238 | B32: 40238 | C32: -0.4 | D32: 0.78888889 | E32: CLOSED | F32: CLOSED | G32: CLOSED | I32: CLOSED | J32: CLOSED | K32: CLOSED | M32: CLOSED | N32: CLOSED | O32: CLOSED | Q32: 0 | R32: 0
A33: Tide Series Totals | E33: =SUM(E29:E32) -> 9766 | F33: =SUM(F29:F32) -> 144974 | G33: =F33/E33 -> 14.844768 | H33: 122.26 | I33: =SUM(I29:I32) -> 3953 | J33: =SUM(J29:J32) -> 58469 | K33: =J33/I33 -> 14.791045 | L33: 119.11 | M33: 294.42701 | N33: 2711.9826 | O33: 9.2110524 | P33: 104.02 | Q33: =SUM(Q29:Q32) -> 14013.427 | R33: =SUM(R29:R32) -> 206154.98
A34: 40263 | B34: 40263 | C34: 0.1 | D34: 0.68680556 | E34: CLOSED | F34: CLOSED | G34: CLOSED | I34: CLOSED | J34: CLOSED | K34: CLOSED | M34: 238.93626 | N34: 2835.6659 | O34: 11.867876 | Q34: =M34 -> 238.93626 | R34: =N34 -> 2835.6659
A35: 40264 | B35: 40264 | C35: -0.1 | D35: 0.72152778 | E35: 6205 | F35: 85952 | G35: 13.852055 | I35: 4730 | J35: 66540 | K35: 14.067653 | M35: 513.85641 | N35: 6094.241 | O35: 11.859813 | Q35: =E35+I35+M35 -> 11448.856 | R35: =F35+J35+N35 -> 158586.24
A36: 40265 | B36: 40265 | C36: 0 | D36: 0.75277778 | E36: 3097 | F36: 13071 | G36: 4.220536 | I36: 1516 | J36: 11425 | K36: 7.5362797 | M36: CLOSED | N36: CLOSED | O36: CLOSED | Q36: =E36+I36 -> 4613 | R36: =F36+J36 -> 24496
A37: Tide Series Totals | E37: =SUM(E35:E36) -> 9302 | F37: =SUM(F35:F36) -> 99023 | G37: =F37/E37 -> 10.645345 | H37: 125.7 | I37: =SUM(I35:I36) -> 6246 | J37: =SUM(J35:J36) -> 77965 | K37: =J37/I37 -> 12.482389 | L37: 127.27 | M37: =SUM(M34:M36) -> 752.79267 | N37: =SUM(N34:N36) -> 8929.9069 | O37: =N37/M37 -> 11.862372 | P37: 106.98 | Q37: =SUM(Q34:Q36) -> 16300.793 | R37: =SUM(R34:R36) -> 185917.91
A38: 40285 | B38: 40264 | C38: -0.7 | D38: 0.38333333 | E38: CLOSED | F38: CLOSED | G38: CLOSED | I38: CLOSED | J38: CLOSED | K38: CLOSED | M38: 590 | N38: 4604 | O38: 7.8 | Q38: =M38 -> 590 | R38: =N38 -> 4604
A39: 40286 | B39: 40265 | C39: -0.6 | D39: 0.41527778 | E39: CLOSED | F39: CLOSED | G39: CLOSED | I39: CLOSED | J39: CLOSED | K39: CLOSED | M39: 639 | N39: 7993 | O39: 12.5 | Q39: =M39 -> 639 | R39: =N39 -> 7993
A40: Tide Series Totals | E40: =SUM(E38:E39) -> 0 | F40: =SUM(F38:F39) -> 0 | G40: =F40/E40 -> #DIV/0! | H40: 125.7 | I40: =SUM(I38:I39) -> 0 | J40: =SUM(J38:J39) -> 0 | K40: =J40/I40 -> #DIV/0! | L40: 127.27 | M40: =SUM(M38:M39) -> 1229 | N40: =SUM(N38:N39) -> 12597 | O40: =N40/M40 -> 10.249797 | P40: 106.7 | Q40: =SUM(Q37:Q39) -> 17529.793 | R40: =SUM(R37:R39) -> 198514.91
A41: 40298 | B41: 40298 | C41: -1.5 | D41: 0.35625 | E41: 1947 | F41: 28915 | G41: 14.851053 | I41: 1351 | J41: 20147 | K41: 14.912657 | M41: CLOSED | N41: CLOSED | O41: CLOSED | Q41: =E41+I41 -> 3298 | R41: =F41+J41 -> 49062
A42: 40299 | B42: 40299 | C42: -1.1 | D42: 0.38541667 | E42: 5098 | F42: 76770 | G42: 15.058847 | I42: 2349 | J42: 35235 | K42: 15 | M42: 232.07943 | N42: 3106.6071 | O42: 13.385965 | Q42: =E42+I42+M42 -> 7679.0794 | R42: =F42+J42+N42 -> 115111.61
A43: 40300 | B43: 40300 | C43: -0.7 | D43: 0.41527778 | E43: 5149 | F43: 77235 | G43: 15 | I43: 1990 | J43: 29741 | K43: 14.945226 | M43: 173.72028 | N43: 2325.4135 | O43: 13.385965 | Q43: =E43+I43+M43 -> 7312.7203 | R43: =F43+J43+N43 -> 109301.41
A44: Tide Series Totals | E44: =SUM(E41:E43) -> 12194 | F44: =SUM(F41:F43) -> 182920 | G44: =F44/E44 -> 15.00082 | H44: 126.51 | I44: =SUM(I41:I43) -> 5690 | J44: =SUM(J41:J43) -> 85123 | K44: =J44/I44 -> 14.960105 | L44: 130.05 | M44: 405.79971 | N44: 5432.0206 | O44: 13.385965 | P44: 104.94 | Q44: =SUM(Q41:Q43) -> 18289.8 | R44: =SUM(R41:R43) -> 273475.02
A45: 40313 | B45: 40313 | C45: -1.6 | D45: 0.34375 | E45: 3748 | F45: 55147 | G45: 14.713714 | I45: 2186 | J45: 32790 | K45: 15 | M45: =Effort!J40 -> CLOSED | N45: =Harvest!J40 -> CLOSED | O45: =CPUE!J40 -> CLOSED | Q45: =E45+I45 -> 5934 | R45: =F45+J45 -> 87937
A46: 40314 | B46: 40314 | C46: -1.6 | D46: 0.37361111 | E46: CLOSED | F46: CLOSED | G46: CLOSED | I46: CLOSED | J46: CLOSED | K46: CLOSED | M46: =Effort!J41 -> CLOSED | N46: =Harvest!J41 -> CLOSED | O46: =CPUE!J41 -> CLOSED
A47: Tide Series Totals | E47: 3748 | F47: 55147 | G47: 14.713714 | H47: 129.11 | I47: 2186 | J47: 32790 | K47: 15 | L47: 135.1 | Q47: =SUM(Q45:Q46) -> 5934 | R47: =SUM(R45:R46) -> 87937
A48: SEASON TOTALS: | E48: =E8+E13+E18+E23+E28+E33+E37+E44+E47 -> 79317 | F48: =F8+F13+F18+F23+F28+F33+F37+F44+F47 -> 1043419.8 | G48: =F48/E48 -> 13.155059 | I48: =I8+I13+I18+I23+I28+I33+I37+I44+I47 -> 37870.458 | J48: =J8+J13+J18+J23+J28+J33+J37+J44+J47 -> 497141.47 | K48: =J48/I48 -> 13.127421 | M48: =M8+M13+M18+M23+M28+M33+M37+M40+M44 -> 4547.8214 | N48: =N8+N13+N18+N23+N28+N33+N37+N40+N44 -> 46373.367 | O48: =N48/M48 -> 10.196831 | Q48: =Q8+Q13+Q18+Q23+Q28+Q33+Q37+Q44+Q47 -> 120003.75 | R48: =R8+R13+R18+R23+R28+R33+R37+R44+R47 -> 1573103.5
A49: Wastage: | F49: 7700 | J49: 8500 | R49: =F49+J49+N49 -> 16200
A50: Season total, including Wastage | F50: =F48+F49 -> 1051119.8 | J50: =J48+J49 -> 505641.47 | N50: =N48+N49 -> 46373.367 | R50: =F50+J50+N50 -> 1603134.7
A51: % of TAC Harvested: | F51: =Harvest!J64 -> 1.3280397 | J51: =Harvest!L64 -> 0.9590842 | N51: =Harvest!N64 -> 0.10337334
A52: Clams left in TAC: | F52: =Harvest!J65 -> -335119.07 | J52: =Harvest!L65 -> 25761.862 | N52: =Harvest!N65 -> 402223.69

Sheet TH Wastage
B2: Total Harvest | C2: Wastage% | D2: Clams Wasted | H2: EventID | I2: LocationID | J2: SumOfNHoles | K2: SumOfNClams | L2: SumOfNMorts | M2: Avg. Wastage | N2: =+(L5+L10)/(J5+J10) -> 0.034
A3: 40131 | B3: 24308 | C3: 0.04 | D3: =B3*C3 -> 972.32 | H3: 252 | I3: 21200 | J3: 100 | K3: 2 | L3: 2 | N3: =+L5/J5 -> 0.02
A4: 40132 | B4: 6430 | C4: 0 | D4: =B4*C4 -> 0 | H4: 252 | I4: 22307 | J4: 100 | K4: 3 | L4: 2
A5: 40133 | B5: 650.90338 | C5: 0 | D5: =B5*C5 -> 0 | J5: =SUM(J3:J4) -> 200 | K5: =SUM(K3:K4) -> 5 | L5: =SUM(L3:L4) -> 4
A6: 40134 | B6: 2901 | C6: 0 | D6: =B6*C6 -> 0
D7: =SUM(D3:D6) -> 972.32 | H7: 254 | I7: 21200 | J7: 100 | K7: 6 | L7: 5 | N7: =+L10/J10 -> 0.043333333
H8: 254 | I8: 22307 | J8: 100 | K8: 5 | L8: 5
A9: 40284 | B9: 26202 | C9: 0.02 | D9: =B9*C9 -> 524.04 | H9: 254 | I9: 22309 | J9: 100 | K9: 3 | L9: 3
A10: 40285 | B10: 75878 | C10: 0.034 | D10: =B10*C10 -> 2579.852 | J10: =SUM(J7:J9) -> 300 | K10: =SUM(K7:K9) -> 14 | L10: =SUM(L7:L9) -> 13
A11: 40286 | B11: 79617 | C11: 0.043333333 | D11: =B11*C11 -> 3450.07
D12: =SUM(D9:D11) -> 6553.962
H13: EventID | I13: BeachName | J13: Date | K13: LocationID | L13: NHoles | M13: NClams | N13: NMorts
A14: 40295 | B14: 10068 | C14: 0.042 | D14: =B14*C14 -> 422.856 | H14: 263 | I14: Twin Harbors | J14: 40296 | K14: 21200 | L14: 100 | M14: 3 | N14: 3 | O14: =N14/L14 -> 0.03
A15: 40296 | B15: 17070 | C15: 0.03 | D15: =B15*C15 -> 512.1
A16: 40297 | B16: 13080 | C16: 0.045 | D16: =B16*C16 -> 588.6 | H16: 264 | I16: Twin Harbors | J16: 40297 | K16: 21200 | L16: 100 | M16: 10 | N16: 8
A17: 40298 | B17: 14925 | C17: 0.042 | D17: =B17*C17 -> 626.85 | H17: 264 | I17: Twin Harbors | J17: 40297 | K17: 22307 | L17: 100 | M17: 1 | N17: 1
A18: 40299 | B18: 34517 | C18: 0.045 | D18: =B18*C18 -> 1553.265 | L18: =SUM(L16:L17) -> 200 | M18: =SUM(M16:M17) -> 11 | N18: =SUM(N16:N17) -> 9 | O18: =N18/L18 -> 0.045
A19: 40300 | B19: 35344.283 | C19: 0.042 | D19: =B19*C19 -> 1484.4599
D20: =SUM(D14:D19) -> 5188.1309 | H20: 268 | I20: Twin Harbors | J20: 40299 | K20: 21200 | L20: 100 | M20: 6 | N20: 6
H21: 268 | I21: Twin Harbors | J21: 40299 | K21: 22307 | L21: 100 | M21: 4 | N21: 3
A22: Total wastage for season | D22: =D7+D12+D20+D28 -> 14161.228 | L22: =SUM(L20:L21) -> 200 | M22: =SUM(M20:M21) -> 10 | N22: =SUM(N20:N21) -> 9 | O22: =N22/L22 -> 0.045
D23: =SUM(B3,B9:B11,B14:B19,C26:C27) -> 331009.32 | E23: =D22/D23 -> 0.042781962
J24: AVG wastage for tide series | L24: =L22+L18+L14 -> 500 | M24: =M22+M18+M14 -> 24 | N24: =N22+N18+N14 -> 21 | O24: =N24/L24 -> 0.042
A26: 40313 | B26: 30040.777 | C26: 0.02 | D26: =B26*C26 -> 600.81554
A27: 40314 | B27: 42300 | C27: 0.02 | D27: =B27*C27 -> 846 | H27: EventID | I27: BeachName | J27: Date | K27: LocationID | L27: NHoles | M27: NClams | N27: NMorts
D28: =SUM(D26:D27) -> 1446.8155 | H28: 276 | I28: Twin Harbors | J28: 40314 | K28: 21200 | L28: 100 | M28: 2 | N28: 2 | O28: =N28/L28 -> 0.02

Sheet LB Wastage
B1: Total Harvest | C1: Wastage% | D1: Clams Wasted | G1: EventID | H1: BeachName | I1: Date | J1: LocationID | K1: NHoles | L1: NClams | M1: NMorts
A2: 40284 | B2: 49598 | C2: 0.05 | D2: =B2*C2 -> 2479.9 | G2: 267 | H2: LongBeach | I2: 40298 | J2: 12400 | K2: 100 | L2: 0 | M2: 0
A3: 40285 | B3: 106682 | C3: 0.065 | D3: =B3*C3 -> 6934.33 | G3: 267 | H3: LongBeach | I3: 40298 | J3: 12500 | K3: 100 | L3: 3 | M3: 3
A4: 40286 | B4: 92567 | C4: 0.08 | D4: =B4*C4 -> 7405.36 | G4: 267 | H4: LongBeach | I4: 40298 | J4: 12600 | K4: 100 | L4: 0 | M4: 0
B5: =SUM(B2:B4) -> 248847 | D5: =SUM(D2:D4) -> 16819.59 | K5: =SUM(K2:K4) -> 300 | L5: =SUM(L2:L4) -> 3 | M5: =SUM(M2:M4) -> 3 | N5: =M5/K5 -> 0.01
A8: 40295 | B8: 10575 | C8: 0.01 | D8: =B8*C8 -> 105.75
A9: 40296 | B9: 19638 | C9: 0.01 | D9: =B9*C9 -> 196.38
A10: 40297 | B10: 32732 | C10: 0.01 | D10: =B10*C10 -> 327.32
A11: 40298 | B11: 47910 | C11: 0.01 | D11: =B11*C11 -> 479.1
A12: 40299 | B12: 84345 | C12: 0.01 | D12: =B12*C12 -> 843.45
A13: 40300 | B13: 94080 | C13: 0.01 | D13: =B13*C13 -> 940.8
B14: =SUM(B8:B13) -> 289280 | C14: 0.01 | D14: =B14*C14 -> 2892.8
B17: =B5+B14 -> 538127 | C17: =D5+D14 -> 19712.39 | D17: =C17/B17 -> 0.036631483

Sheet Cop Wastage
A2: 40298 | B2: 28915 | C2: 0.03 | D2: =B2*C2 -> 867.45 | H2: EventID | I2: Date | J2: LocationID | K2: NHoles | L2: NClams | M2: NMorts | N2: % Wastage
A3: 40299 | B3: 76770 | C3: 0.017391304 | D3: =B3*C3 -> 1335.1304 | H3: 259 | I3: 40298 | J3: 33012 | K3: 100 | L3: 3 | M3: 3 | N3: =M3/K3 -> 0.03
A4: 40300 | B4: 77235 | C4: 0.05 | D4: =B4*C4 -> 3861.75 | H4: 269 | I4: 40299 | J4: 31005 | K4: 130 | L4: 3 | M4: 3 | N4: =(M4+M5)/(K4+K5) -> 0.017391304
B5: =SUM(B2:B4) -> 182920 | D5: =SUM(D2:D4) -> 6064.3304 | E5: =D5/B5 -> 0.033152911 | H5: 269 | I5: 40299 | J5: 32007 | K5: 100 | L5: 1 | M5: 1
H6: 270 | I6: 40300 | J6: 31002 | K6: 100 | L6: 5 | M6: 5 | N6: =M6/K6 -> 0.05
J7: Totals | K7: =SUM(K3:K6) -> 430 | L7: =SUM(L3:L6) -> 12 | M7: =SUM(M3:M6) -> 12 | N7: =M7/K7 -> 0.027906977
H10: EventID | I10: Date | J10: LocationID | K10: NHoles | L10: NClams | M10: NMorts
A11: 40313 | B11: 55147 | C11: 0.03 | D11: =B11*C11 -> 1654.41 | H11: 275 | I11: 40313 | J11: 31005 | K11: 100 | L11: 5 | M11: 5
H12: 275 | I12: 40313 | J12: 31005 | K12: 100 | L12: 2 | M12: 2
B13: =+B5+B11 -> 238067 | D13: =+D5+D11 -> 7718.7404 | E13: =D13/B13 -> 0.032422555 | H13: 275 | I13: 40313 | J13: 33012 | K13: 100 | L13: 2 | M13: 2
K14: =SUM(K11:K13) -> 300 | L14: =SUM(L11:L13) -> 9 | M14: =SUM(M11:M13) -> 9 | N14: =M14/K14 -> 0.03

Sheet Moc Wastage
A2: 40298 | B2: 20147 | C2: 0.03 | D2: =B2*C2 -> 604.41 | H2: EventID | I2: Date | J2: LocationID | K2: NHoles | L2: NClams | M2: NMorts | N2: % Wastage
A3: 40299 | B3: 35235 | C3: 0.06 | D3: =B3*C3 -> 2114.1 | H3: 258 | I3: 40298 | J3: 42600 | K3: 100 | L3: 3 | M3: 3
A4: 40300 | B4: 29741 | C4: 0.04 | D4: =B4*C4 -> 1189.64 | H4: 258 | I4: 40298 | J4: 42500 | K4: 100 | L4: 3 | M4: 3 | N4: =(M3+M4)/(K3+K4) -> 0.03
B5: =SUM(B2:B4) -> 85123 | D5: =SUM(D2:D4) -> 3908.15 | E5: =D5/B5 -> 0.045911798 | H5: 266 | I5: 40299 | J5: 41400 | K5: 100 | L5: 6 | M5: 6 | N5: =M5/K5 -> 0.06
H6: 271 | I6: 40300 | J6: 41400 | K6: 100 | L6: 5 | M6: 5
H7: 271 | I7: 40300 | J7: 41300 | K7: 100 | L7: 3 | M7: 3 | N7: =(M6+M7)/(K6+K7) -> 0.04
J8: Totals | K8: =SUM(K3:K7) -> 500 | L8: =SUM(L3:L7) -> 20 | M8: =SUM(M3:M7) -> 20 | N8: =M8/K8 -> 0.04
H11: EventID | I11: Date | J11: LocationID | K11: NHoles | L11: NClams | M11: NMorts
A12: 40313 | B12: 32790 | C12: 0.14 | D12: =B12*C12 -> 4590.6 | H12: 274 | I12: 40313 | J12: 41400 | K12: 100 | L12: 14 | M12: 14 | N12: =M12/K12 -> 0.14
B14: =+B5+B12 -> 117913 | D14: =+D5+D12 -> 8498.75 | E14: =D14/B14 -> 0.072076446

Sheet Egress
K1: Est Count compared
B2: Date | C2: Estimated count | D2: Ingress Count | G2: Ingress Count | H2: Beach count | K2: to egress survey
A3: Mocrocks | B3: 39025 | C3: 815 | D3: =259*3.01 -> 779.59 | E3: Roosevelt South to Copalis River. | F3: PPL count | J3: =C3-D3 -> 35.41 | K3: =J3/D3 -> 0.045421311
A4: Copalis | B4: 39765 | C4: 472 | D4: =231*2.5 -> 577.5 | E4: Ocean City North to Copalis River. | F4: PPL count | J4: =C4-D4 -> -105.5 | K4: =J4/D4 -> -0.18268398
A5: Mocrocks | B5: 39765 | C5: 346 | D5: =194*2.384 -> 462.496 | E5: Roosevelt South to Copalis River. | F5: PPL count | J5: =C5-D5 -> -116.496 | K5: =J5/D5 -> -0.25188542
A6: Longbeach | B6: 39823 | C6: 2997 | D6: =972*3 -> 2916 | E6: Oysterville North | F6: Car count | G6: 972 | H6: 898 | J6: =C6-D6 -> 81 | K6: =J6/D6 -> 0.027777778
A7: Twin Harbors | B7: 40295 | C7: 503 | D7: =232*2.47 -> 573.04 | E7: Cranberry Rd. South | F7: PPL count | J7: =C7-D7 -> -70.04 | K7: =J7/D7 -> -0.12222532
C9: =SUM(C3:C7) -> 5133 | D9: =SUM(D3:D7) -> 5308.626 | J9: =C9-D9 -> -175.626 | K9: =J9/D9 -> -0.033083137

Sheet Copy Sheet
A1: BeachName | B1: Date | C1: LocationID | D1: CPUE | E1: CorrectionFactor | F1: Calc People | G1: EstCorEffort | H1: TotHarvest
A2: Copalis | B2: 40102 | C2: 31002 | D2: 13.661972 | E2: 1.4884 | F2: 11 | G2: 16 | H2: 219
A3: Copalis | B3: 40102 | C3: 31005 | D3: 10.47619 | E3: 1.4884 | F3: 758 | G3: 1128 | H3: 15411
A4: Copalis | B4: 40102 | C4: 32007 | D4: 15 | E4: 1.4884 | F4: 467 | G4: 695 | H4: 9495
A5: Copalis | B5: 40102 | C5: 32009 | D5: 15 | E5: 1.4884 | F5: 397 | G5: 591 | H5: 8074
A6: Copalis | B6: 40102 | C6: 33012 | D6: 15 | E6: 1.4884 | F6: 868 | G6: 1292 | H6: 17651
A7: Copalis | B7: 40102 | C7: 33013 | D7: 13.661972 | E7: 1.4884 | F7: 18 | G7: 27 | H7: 369
F8: =SUM(F2:F7) -> 2519 | G8: =SUM(G2:G7) -> 3749 | H8: =SUM(H2:H7) -> 51219
A10: BeachName | B10: Date | C10: LocationID | D10: CPUE | E10: CorrectionFactor | F10: Calc People | G10: EstCorEffort | H10: TotHarvest
A11: Copalis | B11: 40103 | C11: 31002 | D11: 14.817073 | E11: 1.490625 | F11: 56 | G11: 81 | H11: 1200
A12: Copalis | B12: 40103 | C12: 31005 | D12: 14.25 | E12: 1.490625 | F12: 1177 | G12: 1713 | H12: 25382
A13: Copalis | B13: 40103 | C13: 32007 | D13: 15 | E13: 1.490625 | F13: 869 | G13: 1265 | H13: 18744
A14: Copalis | B14: 40103 | C14: 32009 | D14: 15 | E14: 1.490625 | F14: 475 | G14: 691 | H14: 10239
A15: Copalis | B15: 40103 | C15: 33012 | D15: 15 | E15: 1.490625 | F15: 948 | G15: 1379 | H15: 20433
A16: Copalis | B16: 40103 | C16: 33013 | D16: 14.817073 | E16: 1.490625 | F16: 8 | G16: 12 | H16: 178
F17: =SUM(F11:F16) -> 3533 | G17: =SUM(G11:G16) -> 5141 | H17: =SUM(H11:H16) -> 76176
A19: BeachName | B19: Date | C19: LocationID | D19: CPUE | E19: CorrectionFactor | F19: Calc People | G19: EstCorEffort | H19: TotHarvest
A20: Copalis | B20: 40104 | C20: 31002 | D20: 14.907895 | E20: 1.490625 | F20: 15 | G20: 21 | H20: 313
A21: Copalis | B21: 40104 | C21: 31005 | D21: 14.75 | E21: 1.490625 | F21: 396 | G21: 547 | H21: 8068
A22: Copalis | B22: 40104 | C22: 32007 | D22: 15 | E22: 1.490625 | F22: 276 | G22: 381 | H22: 5715
A23: Copalis | B23: 40104 | C23: 32009 | D23: 15 | E23: 1.490625 | F23: 206 | G23: 285 | H23: 4275
A24: Copalis | B24: 40104 | C24: 33012 | D24: 15 | E24: 1.490625 | F24: 671 | G24: 927 | H24: 13820
A25: Copalis | B25: 40104 | C25: 33013 | D25: 14.907895 | E25: 1.490625 | F25: 8 | G25: 11 | H25: 164
F26: =SUM(F20:F25) -> 1572 | G26: =SUM(G20:G25) -> 2172 | H26: =SUM(H20:H25) -> 32355
A28: BeachName | B28: Date | C28: LocationID | D28: CPUE | E28: CorrectionFactor | F28: Calc People | G28: EstCorEffort | H28: TotHarvest
A29: Mocrocks | B29: 40103 | C29: 41100 | D29: 13.272727 | E29: 1.412325 | F29: 71 | G29: 99 | H29: 1314
A30: Mocrocks | B30: 40103 | C30: 41200 | D30: 13.272727 | E30: 1.412325 | F30: 128 | G30: 179 | H30: 2376
A31: Mocrocks | B31: 40103 | C31: 41300 | D31: 13.272727 | E31: 1.412325 | F31: 574 | G31: 802 | H31: 10645
A32: Mocrocks | B32: 40103 | C32: 41400 | D32: 15 | E32: 1.412325 | F32: 549 | G32: 767 | H32: 11505
A33: Mocrocks | B33: 40103 | C33: 42500 | D33: 9.7857143 | E33: 1.412325 | F33: 231 | G33: 323 | H33: 3161
A34: Mocrocks | B34: 40103 | C34: 42600 | D34: 14.8 | E34: 1.412325 | F34: 525 | G34: 733 | H34: 10848
F35: =SUM(F29:F34) -> 2078 | G35: =SUM(G29:G34) -> 2903 | H35: =SUM(H29:H34) -> 39849
A37: BeachName | B37: Date | C37: LocationID | D37: CPUE | E37: CorrectionFactor | F37: Calc People | G37: EstCorEffort | H37: TotHarvest
A38: Mocrocks | B38: 40104 | C38: 41100 | D38: 15 | E38: 1.3927667 | F38: 25 | G38: 33 | H38: 495
A39: Mocrocks | B39: 40104 | C39: 41200 | D39: 15 | E39: 1.3927667 | F39: 55 | G39: 74 | H39: 1110
A40: Mocrocks | B40: 40104 | C40: 41300 | D40: 15 | E40: 1.3927667 | F40: 192 | G40: 257 | H40: 3855
A41: Mocrocks | B41: 40104 | C41: 41400 | D41: 15 | E41: 1.3927667 | F41: 241 | G41: 322 | H41: 4830
A42: Mocrocks | B42: 40104 | C42: 42500 | D42: 15 | E42: 1.3927667 | F42: 53 | G42: 71 | H42: 1065
A43: Mocrocks | B43: 40104 | C43: 42600 | D43: 15 | E43: 1.3927667 | F43: 194 | G43: 260 | H43: 3900
F44: =SUM(F38:F43) -> 760 | G44: =SUM(G38:G43) -> 1017 | H44: =SUM(H38:H43) -> 15255
A46: BeachName | B46: Date | C46: LocationID | D46: CPUE | E46: CorrectionFactor | F46: Calc People | G46: EstCorEffort | H46: TotHarvest
A47: Twin Harbors | B47: 40102 | C47: 21100 | D47: 11.634615 | E47: 1.4352334 | F47: 21 | G47: 30 | H47: 349
A48: Twin Harbors | B48: 40102 | C48: 21200 | D48: 13.75 | E48: 1.4352334 | F48: 233 | G48: 328 | H48: 4510
A49: Twin Harbors | B49: 40102 | C49: 22307 | D49: 10.695652 | E49: 1.4352334 | F49: 289 | G49: 407 | H49: 4353
A50: Twin Harbors | B50: 40102 | C50: 22309 | D50: 10.692308 | E50: 1.4352334 | F50: 327 | G50: 460 | H50: 5352
F51: =SUM(F47:F50) -> 870 | G51: =SUM(G47:G50) -> 1225 | H51: =SUM(H47:H50) -> 14564
A53: BeachName | B53: Date | C53: LocationID | D53: CPUE | E53: CorrectionFactor | F53: Calc People | G53: EstCorEffort | H53: TotHarvest
A54: Twin Harbors | B54: 40103 | C54: 21100 | D54: 13.205128 | E54: 1.3785334 | F54: 9 | G54: 12 | H54: 158
A55: Twin Harbors | B55: 40103 | C55: 21200 | D55: 13.666667 | E55: 1.3785334 | F55: 389 | G55: 536 | H55: 7078
A56: Twin Harbors | B56: 40103 | C56: 22307 | D56: 9.8888889 | E56: 1.3785334 | F56: 449 | G56: 619 | H56: 8174
A57: Twin Harbors | B57: 40103 | C57: 22309 | D57: 15 | E57: 1.3785334 | F57: 546 | G57: 753 | H57: 9943
F58: =SUM(F54:F57) -> 1393 | G58: =SUM(G54:G57) -> 1920 | H58: =SUM(H54:H57) -> 25353
A60: BeachName | B60: Date | C60: LocationID | D60: CPUE | E60: CorrectionFactor | F60: Calc People | G60: EstCorEffort | H60: TotHarvest
A61: Twin Harbors | B61: 40104 | C61: 21100 | D61: 15 | E61: 1.5157 | F61: 16 | G61: 23 | H61: 345
A62: Twin Harbors | B62: 40104 | C62: 21200 | D62: 15 | E62: 1.5157 | F62: 210 | G62: 308 | H62: 4620
A63: Twin Harbors | B63: 40104 | C63: 22307 | D63: 15 | E63: 1.5157 | F63: 316 | G63: 463 | H63: 6945
A64: Twin Harbors | B64: 40104 | C64: 22309 | D64: 15 | E64: 1.5157 | F64: 373 | G64: 547 | H64: 8205
G65: =SUM(G61:G64) -> 1341 | H65: =SUM(H61:H64) -> 20115
A67: BeachName | B67: Date | C67: LocationID | D67: CPUE | E67: CorrectionFactor | F67: Calc People | G67: EstCorEffort | H67: TotHarvest
A68: Twin Harbors | B68: 40105 | C68: 21100 | D68: 15 | E68: 1.5157 | F68: 8 | G68: 12 | H68: 180
A69: Twin Harbors | B69: 40105 | C69: 21200 | D69: 15 | E69: 1.5157 | F69: 196 | G69: 297 | H69: 4455
A70: Twin Harbors | B70: 40105 | C70: 22307 | D70: 15 | E70: 1.5157 | F70: 280 | G70: 424 | H70: 6360
A71: Twin Harbors | B71: 40105 | C71: 22309 | D71: 15 | E71: 1.5157 | F71: 370 | G71: 561 | H71: 8415
F72: =SUM(F68:F71) -> 854 | G72: =SUM(G68:G71) -> 1294 | H72: =SUM(H68:H71) -> 19410
A74: BeachName | B74: Date | C74: LocationID | D74: CPUE | E74: CorrectionFactor | F74: Calc People | G74: EstCorEffort | H74: TotHarvest
A75: LongBeach | B75: 40102 | C75: 11101 | D75: 15 | E75: 1.4973 | F75: 29 | G75: 43 | H75: 645
A76: LongBeach | B76: 40102 | C76: 11104 | D76: 4.25 | E76: 1.4973 | F76: 79 | G76: 118 | H76: 502
A77: LongBeach | B77: 40102 | C77: 11200 | D77: 5.6923077 | E77: 1.4973 | F77: 145 | G77: 217 | H77: 1235
A78: LongBeach | B78: 40102 | C78: 12300 | D78: 8.3846154 | E78: 1.4973 | F78: 74 | G78: 111 | H78: 931
A79: LongBeach | B79: 40102 | C79: 12400 | D79: 12.764706 | E79: 1.4973 | F79: 295 | G79: 442 | H79: 5642
A80: LongBeach | B80: 40102 | C80: 12500 | D80: 13.928571 | E80: 1.4973 | F80: 525 | G80: 786 | H80: 8615
A81: LongBeach | B81: 40102 | C81: 12600 | D81: 15 | E81: 1.4973 | F81: 543 | G81: 813 | H81: 8910
F82: =SUM(F75:F81) -> 1690 | G82: =SUM(G75:G81) -> 2530 | H82: =SUM(H75:H81) -> 26480
A84: BeachName | B84: Date | C84: LocationID | D84: CPUE | E84: CorrectionFactor | F84: Calc People | G84: EstCorEffort | H84: TotHarvest
A85: LongBeach | B85: 40103 | C85: 11101 | D85: 15 | E85: 1.4442 | F85: 55 | G85: 79 | H85: 1185
A86: LongBeach | B86: 40103 | C86: 11104 | D86: 15 | E86: 1.4442 | F86: 149 | G86: 215 | H86: 3225
A87: LongBeach | B87: 40103 | C87: 11200 | D87: 15 | E87: 1.4442 | F87: 273 | G87: 394 | H87: 5910
A88: LongBeach | B88: 40103 | C88: 12300 | D88: 15 | E88: 1.4442 | F88: 139 | G88: 201 | H88: 3015
A89: LongBeach | B89: 40103 | C89: 12400 | D89: 15 | E89: 1.4442 | F89: 568 | G89: 820 | H89: 12300
A90: LongBeach | B90: 40103 | C90: 12500 | D90: 15 | E90: 1.4442 | F90: 692 | G90: 999 | H90: 14985
A91: LongBeach | B91: 40103 | C91: 12600 | D91: 15 | E91: 1.4442 | F91: 1124 | G91: 1623 | H91: 24345
F92: =SUM(F85:F91) -> 3000 | G92: =SUM(G85:G91) -> 4331 | H92: =SUM(H85:H91) -> 64965
A94: BeachName | B94: Date | C94: LocationID | D94: CPUE | E94: CorrFactor | F94: CalcPeople | G94: EstCorrEffort | H94: TotHarvest
A95: Kalaloch | B95: 40103 | C95: South beach | E95: 1.457 | F95: 0 | G95: 0 | H95: 0
A96: Kalaloch | B96: 40103 | C96: Trail 1 | E96: 1.457 | F96: 20 | G96: 28.568627 | H96: 418.81608
A97: Kalaloch | B97: 40103 | C97: Trail 2 | D97: 9.5777778 | E97: 1.457 | F97: 62 | G97: 90.334 | H97: 865.19898
A98: Kalaloch | B98: 40103 | C98: Campground | E98: 1.457 | F98: 133 | G98: 189.98137 | H98: 2785.1269
A99: Kalaloch | B99: 40103 | C99: Guard rail | D99: 14.84127 | E99: 1.457 | F99: 89 | G99: 118.39709 | H99: 1757.1631
F100: =SUM(F95:F99) -> 304 | G100: =SUM(G95:G99) -> 427.28109 | H100: =SUM(H95:H99) -> 5826.3051
A103: Kalaloch | B103: 40104 | C103: South beach | E103: 1.406 | F103: 6 | G103: 8.2705882 | H103: 121.24682
A104: Kalaloch | B104: 40104 | C104: Trail 1 | E104: 1.41 | F104: 13 | G104: 17.970588 | H104: 263.44882
A105: Kalaloch | B105: 40104 | C105: Trail 2 | D105: 14.285714 | E105: 1.41 | F105: 39 | G105: 54.99 | H105: 785.57143
A106: Kalaloch | B106: 40104 | C106: Campground | E106: 1.41 | F106: 53 | G106: 73.264706 | H106: 1074.0606
A107: Kalaloch | B107: 40104 | C107: Guard rail | D107: 14.931034 | E107: 1.41 | F107: 28 | G107: 38.164 | H107: 569.828
F108: =SUM(F103:F107) -> 139 | G108: =SUM(G103:G107) -> 192.65988 | H108: =SUM(H103:H107) -> 2814.1557
A110: BeachName | B110: Date | C110: LocationID | D110: CPUE | E110: CorrectionFactor | F110: Calc People | G110: EstCorEffort | H110: TotHarvest
A111: Twin Harbors | B111: 40121 | C111: 21100 | D111: 14.970588 | E111: 1.4696667 | F111: 5 | G111: 7 | H111: 105
A112: Twin Harbors | B112: 40121 | C112: 21200 | D112: 15 | E112: 1.4696667 | F112: 174 | G112: 256 | H112: 3840
A113: Twin Harbors | B113: 40121 | C113: 22307 | D113: 14.875 | E113: 1.4696667 | F113: 247 | G113: 363 | H113: 5434
A114: Twin Harbors | B114: 40121 | C114: 22309 | D114: 15 | E114: 1.4696667 | F114: 299 | G114: 439 | H114: 6572
...

Sheet Sheet2
A1: BeachName | B1: Date | C1: Calc People | D1: EstCorEffort | E1: TotHarvest
A2: LongBeach | B2: 40102 | C2: 29 | D2: 43 | E2: 645
A3: LongBeach | B3: 40102 | C3: 79 | D3: 118 | E3: 502
A4: LongBeach | B4: 40102 | C4: 145 | D4: 217 | E4: 1235
A5: LongBeach | B5: 40102 | C5: 74 | D5: 111 | E5: 931
A6: LongBeach | B6: 40102 | C6: 295 | D6: 442 | E6: 5642
A7: LongBeach | B7: 40102 | C7: 525 | D7: 786 | E7: 8615
A8: LongBeach | B8: 40102 | C8: 543 | D8: 813 | E8: 8910
C9: 1690 | D9: 2530 | E9: 26480
H10: copalis | K10: Mocrocks | N10: Twin Harbors | Q10: Longbeach
A11: BeachName | B11: Date | C11: Calc People | D11: EstCorEffort | E11: TotHarvest | H11: 2519 | I11: 3749 | K11: 2078 | L11: 2903 | N11: 870 | O11: 1225 | Q11: 1690 | R11: 2530 | S11: 2530
A12: LongBeach | B12: 40103 | C12: 55 | D12: 79 | E12: 1185 | H12: 3533 | I12: 5141 | K12: 760 | L12: 1017 | N12: 1393 | O12: 1920 | Q12: 3000 | R12: 4331 | S12: 4331
A13: LongBeach | B13: 40103 | C13: 149 | D13: 215 | E13: 3225 | H13: 1572 | I13: 2172 | K13: 1752 | L13: 2232 | N13: 915 | O13: 1341 | S13: 2002.7165 | T13: =S13+S15+S16+S19+S22+S24+S27+S31+S47 -> 20641.814
A14: LongBeach | B14: 40103 | C14: 273 | D14: 394 | E14: 5910 | H14: 2787 | I14: 3582 | K14: 635 | L14: 942 | N14: 854 | O14: 1294 | Q14: 524 | R14: 865 | S14: 865
A15: LongBeach | B15: 40103 | C15: 139 | D15: 201 | E15: 3015 | H15: 1352 | I15: 2196 | K15: 319 | L15: 459 | N15: 725 | O15: 1065 | Q15: 2955 | R15: 4282 | S15: 368.45535
A16: LongBeach | B16: 40103 | C16: 568 | D16: 820 | E16: 12300 | H16: 273 | I16: 355 | K16: 560 | L16: 813 | N16: 106 | O16: 156 | Q16: 1333 | R16: 1715 | S16: 492.19718
A17: LongBeach | B17: 40103 | C17: 692 | D17: 999 | E17: 14985 | H17: 765 | I17: 1231 | K17: 374 | L17: 576 | N17: 432 | O17: 606 | Q17: 997 | R17: 1396 | S17: 4282
A18: LongBeach | B18: 40103 | C18: 1124 | D18: 1623 | E18: 24345 | H18: 848 | I18: 1395 | K18: 795 | L18: 1150 | N18: 1416 | O18: 1733 | Q18: 744 | R18: 894 | S18: 1715
C19: 3000 | D19: 4331 | E19: 64965 | H19: 662 | I19: 1071 | K19: 1304 | L19: 1884 | N19: 477 | O19: 625 | Q19: 1533 | R19: 2025 | S19: 368.45535
H20: 2187 | I20: 3582 | K20: 1205 | L20: 1578 | N20: 205 | O20: 283 | Q20: 2297 | R20: 2795 | S20: 1396
A21: BeachName | B21: Date | C21: CalcPeople | D21: EstCorrEffort | E21: TotHarvest | H21: 2174 | I21: 3727 | K21: 1099 | L21: 1690 | N21: 472 | O21: 651 | Q21: 2126 | R21: 2703 | S21: 894
A22: Kalaloch | B22: 40103 | C22: 0 | D22: 0 | E22: 0 | H22: 1693 | I22: 2742 | K22: 1730 | L22: 2584 | N22: 284 | O22: 391 | Q22: 3629 | R22: 4661 | S22: 821.30261
A23: Kalaloch | B23: 40103 | C23: 20 | D23: 28.568627 | E23: 418.81608 | H23: 2416 | I23: 3899 | K23: 714 | L23: 994.44801 | N23: 262 | O23: 383 | Q23: 1207 | R23: 1411 | S23: 2025
A24: Kalaloch | B24: 40103 | C24: 62 | D24: 90.334 | E24: 865.19898 | H24: 2832 | I24: 4402 | K24: 1191 | L24: 1560 | N24: 659 | O24: 805 | Q24: 2877 | R24: 4148 | S24: 2864.6428
A25: Kalaloch | B25: 40103 | C25: 133 | D25: 189.98137 | E25: 2785.1269 | H25: 966 | I25: 1568 | K25: 1373 | L25: 1843 | N25: 576 | O25: 679 | Q25: 1714 | R25: 2381 | S25: 2795
A26: Kalaloch | B26: 40103 | C26: 89 | D26: 118.39709 | E26: 1757.1631 | H26: 2168 | I26: 3187 | K26: 3614 | L26: 4730 | N26: 254 | O26: 350 | Q26: 137 | R26: 174 | S26: 2703
C27: 304 | D27: 427.28109 | E27: 5826.3051 | H27: 3150 | I27: 5079 | K27: 1088 | L27: 1516 | N27: 593 | O27: 861 | Q27: 1328 | R27: 1673 | S27: 4600
H28: 4245 | I28: 6205 | K28: 984 | L28: 1351 | N28: 1174 | O28: 1685 | Q28: 1655 | R28: 2319 | S28: 4661
H29: 2057 | I29: 3097 | K29: 1640 | L29: 2349 | N29: 1735 | O29: 2490 | Q29: 1929 | R29: 2791 | S29: 1411
A30: Kalaloch | B30: 40104 | C30: 6 | D30: 8.2705882 | E30: 121.24682 | H30: 1327 | I30: 1947 | K30: 1590 | L30: 1990 | N30: 376 | O30: 540.05184 | Q30: 2378 | R30: 3369 | S30: 4148
A31: Kalaloch | B31: 40104 | C31: 13 | D31: 17.970588 | E31: 263.44882 | H31: 3326 | I31: 5098 | K31: 1495 | L31: 2186 | N31: 877 | O31: 1283 | Q31: 5117 | R31: 7304 | S31: 5644.1004
A32: Kalaloch | B32: 40104 | C32: 39 | D32: 54.99 | E32: 785.57143 | H32: 3685 | I32: 5149 | L32: 550 | N32: 1516 | O32: 1868 | Q32: 5000 | R32: 6565 | S32: 2381
A33: Kalaloch | B33: 40104 | C33: 53 | D33: 73.264706 | E33: 1074.0606 | H33: 2564 | I33: 3748 | L33: 195 | N33: 742 | O33: 996 | Q33: 494 | R33: 705 | S33: 174
A34: Kalaloch | B34: 40104 | C34: 28 | D34: 38.164 | E34: 569.828 | I34: 1500 | K34: =SUM(K11:K33) -> 26300 | L34: =SUM(L11:L33) -> 37092.448 | N34: 836 | O34: 1153 | Q34: 931 | R34: 1319 | S34: 1673
C35: 139 | D35: 192.65988 | E35: 2814.1557 | H35: =SUM(H11:H34) -> 49101 | I35: =SUM(I11:I34) -> 75822 | N35: 2801 | O35: 3633 | Q35: 1572 | R35: 2200 | S35: 2319
N36: 83 | O36: 92 | Q36: 2211 | R36: 3194 | S36: 2791
A37: BeachName | B37: Date | C37: Calc People | D37: EstCorEffort | E37: TotHarvest | N37: 717 | O37: 989 | Q37: 3893 | R37: 5623 | S37: 3369
A38: LongBeach | B38: 40121 | C38: 9 | D38: 15 | E38: 220 | N38: 1256 | O38: 1808 | Q38: 4058 | R38: 6272 | S38: 7304
A39: LongBeach | B39: 40121 | C39: 27 | D39: 45 | E39: 660 | N39: 1715 | O39: 5145 | Q39: 3578 | R39: 5530 | S39: 6565
A40: LongBeach | B40: 40121 | C40: 47 | D40: 78 | E40: 1144 | N40: 3591 | O40: 5320 | S40: 705
A41: LongBeach | B41: 40121 | C41: 25 | D41: 41 | E41: 601 | N41: 422 | O41: 678 | R41: 20641.814 | S41: 1319
A42: LongBeach | B42: 40121 | C42: 137 | D42: 226 | E42: 3164 | N42: 742 | O42: 1138 | S42: 2200
A43: LongBeach | B43: 40121 | C43: 117 | D43: 193 | E43: 2852 | N43: 608 | O43: 872 | S43: 3194
A44: LongBeach | B44: 40121 | C44: 162 | D44: 267 | E44: 4035 | N44: 750 | O44: 995 | Q44: =SUM(Q11:Q43) -> 60907 | R44: =SUM(R11:R43) -> 105816.81 | S44: 5623
C45: 524 | D45: 865 | E45: 12676 | N45: 1412 | O45: 2341 | R45: 105816.81 | S45: 6272
N46: 1965 | O46: 2820 | R46: =R45-R44 -> 0 | S46: 5530
A47: BeachName | B47: Date | C47: Calc People | D47: EstCorEffort | E47: TotHarvest | O47: 550 | S47: 3479.9436
A48: LongBeach | B48: 40131 | C48: 54 | D48: 78 | E48: 1130 | O48: 145
A49: LongBeach | B49: 40131 | C49: 147 | D49: 213 | E49: 3085 | O49: 9430.8069 | S49: =SUM(S11:S48) -> 105816.81
A50: LongBeach | B50: 40131 | C50: 269 | D50: 390 | E50: 5648 | N50: =SUM(N11:N49) -> 33811 | O50: =SUM(O11:O49) -> 60339.859
A51: LongBeach | B51: 40131 | C51: 138 | D51: 200 | E51: 2897
A52: LongBeach | B52: 40131 | C52: 592 | D52: 858 | E52: 12426
A53: LongBeach | B53: 40131 | C53: 723 | D53: 1048 | E53: 15178
A54: LongBeach | B54: 40131 | C54: 1032 | D54: 1495 | E54: 21652
C55: 2955 | D55: 4282 | E55: 62016
A57: BeachName | B57: Date | C57: Calc People | D57: EstCorEffort | E57: TotHarvest
A58: LongBeach | B58: 40132 | C58: 24 | D58: 31 | E58: 406
A59: LongBeach | B59: 40132 | C59: 66 | D59: 85 | E59: 1113
A60: LongBeach | B60: 40132 | C60: 122 | D60: 157 | E60: 2056
A61: LongBeach | B61: 40132 | C61: 62 | D61: 80 | E61: 1047
A62: LongBeach | B62: 40132 | C62: 251 | D62: 323 | E62: 3645
A63: LongBeach | B63: 40132 | C63: 381 | D63: 490 | E63: 6416
A64: LongBeach | B64: 40132 | C64: 427 | D64: 549 | E64: 7188
C65: 1333 | D65: 1715 | E65: 21871
A67: BeachName | B67: Date | C67: Calc People | D67: EstCorEffort | E67: TotHarvest
A68: LongBeach | B68: 40149 | C68: 47 | D68: 66 | E68: 990
A69: LongBeach | B69: 40149 | C69: 69 | D69: 97 | E69: 1229
A70: LongBeach | B70: 40149 | C70: 64 | D70: 90 | E70: 1157
A71: LongBeach | B71: 40149 | C71: 34 | D71: 48 | E71: 720
A72: LongBeach | B72: 40149 | C72: 163 | D72: 228 | E72: 3420
A73: LongBeach | B73: 40149 | C73: 269 | D73: 376 | E73: 5640
A74: LongBeach | B74: 40149 | C74: 351 | D74: 491 | E74: 7132
C75: 997 | D75: 1396 | E75: 20288
A77: BeachName | B77: Date | C77: Calc People | D77: EstCorEffort | E77: TotHarvest
A78: Twin Harbors | B78: 40150 | C78: 0 | D78: 0 | E78: 0
A79: Twin Harbors | B79: 40150 | C79: 88 | D79: 121 | E79: 1646
A80: Twin Harbors | B80: 40150 | C80: 88 | D80: 121 | E80: 1742
A81: Twin Harbors | B81: 40150 | C81: 108 | D81: 149 | E81: 1907
C82: 284 | D82: 391 | E82: 5295
A84: BeachName | B84: Date | C84: Calc People | D84: EstCorEffort | E84: TotHarvest
A85: LongBeach | B85: 40151 | C85: 22 | D85: 26 | E85: 380
A86: LongBeach | B86: 40151 | C86: 43 | D86: 52 | E86: 760
A87: LongBeach | B87: 40151 | C87: 61 | D87: 73 | E87: 1067
A88: LongBeach | B88: 40151 | C88: 30 | D88: 36 | E88: 526
A89: LongBeach | B89: 40151 | C89: 108 | D89: 130 | E89: 1788
A90: LongBeach | B90: 40151 | C90: 266 | D90: 320 | E90: 4800
A91: LongBeach | B91: 40151 | C91: 214 | D91: 257 | E91: 3756
C92: 744 | D92: 894 | E92: 13077
A94: BeachName | B94: Date | C94: Calc People | D94: EstCorEffort | E94: TotHarvest
A95: LongBeach | B95: 40178 | C95: 45 | D95: 59 | E95: 755
A96: LongBeach | B96: 40178 | C96: 88 | D96: 116 | E96: 1485
A97: LongBeach | B97: 40178 | C97: 124 | D97: 164 | E97: 2100
A98: LongBeach | B98: 40178 | C98: 64 | D98: 85 | E98: 1088
A99: LongBeach | B99: 40178 | C99: 274 | D99: 362 | E99: 4635
A100: LongBeach | B100: 40178 | C100: 402 | D100: 531 | E100: 6799
A101: LongBeach | B101: 40178 | C101: 536 | D101: 708 | E101: 9065
C102: 1533 | D102: 2025 | E102: 25927
A104: BeachName | B104: Date | C104: Calc People | D104: EstCorEffort | E104: TotHarvest
A105: LongBeach | B105: 40180 | C105: 69 | D105: 84 | E105: 1260
A106: LongBeach | B106: 40180 | C106: 134 | D106: 163 | E106: 2445
...

Sheet % Interviewed
B1: Longbeach | C1: Twin harbors | D1: Copalis | E1: Mocrocks
A2: # of ppl Interviewed | B2: 1480 | C2: 1514 | D2: 1500 | E2: 1174
A3: # of ppl counted | B3: 60907 | C3: 33811 | D3: 49101 | E3: 26300
A4: Expanded # of ppl | B4: 105816.81 | C4: 60340 | D4: 75822 | E4: 37092.448
A5: % ppl counted | B5: =B2/B3 -> 0.024299342 | C5: =C2/C3 -> 0.044778327 | D5: =D2/D3 -> 0.030549276 | E5: =E2/E3 -> 0.044638783
A6: % ppl counted (expanded) | B6: =B2/B4 -> 0.013986435 | C6: =C2/C4 -> 0.02509115 | D6: =D2/D4 -> 0.019783176 | E6: =E2/E4 -> 0.031650648
A7: Harvest days | B7: 37 | C7: 45 | D7: 24 | E7: 23
A8: # of days sampled | B8: 30 | C8: 35 | D8: 23 | E8: 21
A9: % of harvest days sampled | B9: =B8/B7 -> 0.81081081 | C9: =C8/C7 -> 0.77777778 | D9: =D8/D7 -> 0.95833333 | E9: =E8/E7 -> 0.91304348
A12: November 16th, 2009: Winter storm with High surf and Heavy rain. Crews
A13: were cancelled on all beaches except Copalis beach.
A15: February 27th, 2010: There was a Tsunami warning on the coast of
A16: Washington and all crews were instructed to stay off of the beaches.
A18: Copalis: No crew on Feb. 27
A19: Mocrocks: 2 days with no crew. Feb 27th and Nov 16th.
