Workbook

Sheet Harvest
A1: Date | B1: Day | C1: Tide | D1: Time | E1: Longbeach | G1: Twin Harbors | I1: Copalis | K1: Mocrocks | M1: Kalaloch | O1: Daily Totals
A2: 40458 | B2: =+A2 -> 40458 | C2: -1 | D2: 0.78819444 | F2: CLOSED | H2: 40766 | J2: CLOSED | L2: CLOSED | N2: CLOSED | O2: =+H2 -> 40766
A3: 40459 | B3: =+A3 -> 40459 | C3: -1.4 | D3: 0.82083333 | F3: 56759 | H3: 26842 | J3: 59524 | L3: 29166 | N3: 3363.3312 | O3: =+F3+H3+J3+L3+N3 -> 175654.33
A4: 40460 | B4: =+A4 -> 40460 | C4: -1.5 | D4: 0.85277778 | E4: * | F4: =+(J4+L4)*F3/(J3+L3) -> 13173.157 | G4: * | H4: =+(J4+L4)*H3/(J3+L3) -> 6229.741 | J4: 12380 | L4: 8204 | N4: 1551.3522 | O4: =+F4+H4+J4+L4+N4 -> 41538.25
A5: 40461 | B5: =+A5 -> 40461 | C5: -1.3 | D5: 0.88541667 | F5: CLOSED | H5: 10719 | J5: CLOSED | L5: CLOSED | N5: CLOSED | O5: =+H5 -> 10719
A7: 40487 | B7: =+A7 -> 40487 | C7: -1.4 | D7: 0.77847222 | F7: 37260 | G7: * | H7: =(J7+L7)*H8/(J8+L8) -> 12577.853 | J7: 56503 | L7: 30058 | N7: 4249.9857 | O7: =+F7+H7+J7+L7+N7 -> 140648.84
A8: 40488 | B8: =+A8 -> 40488 | C8: -1.6 | D8: 0.80972222 | E8: * | F8: =(J8+L8)*F7/(J7+L7) -> 23852.84 | H8: 8052 | J8: 41437 | L8: 13977 | N8: 524.96226 | O8: =+F8+H8+J8+L8+N8 -> 87843.802
A9: 40489 | B9: =+A9 -> 40489 | C9: -1.5 | D9: 0.79930556 | F9: CLOSED | H9: 12021 | J9: CLOSED | L9: CLOSED | N9: CLOSED | O9: =+H9 -> 12021
A10: 40490 | B10: =+A10 -> 40490 | C10: -1.2 | D10: 0.82986111 | F10: CLOSED | H10: 5728 | J10: CLOSED | L10: CLOSED | N10: CLOSED | O10: =+H10 -> 5728
A12: 40502 | B12: =+A12 -> 40502 | C12: -0.4 | D12: 0.73541667 | F12: 28648 | H12: 22251 | J12: CLOSED | L12: CLOSED | N12: CLOSED | O12: =+F12+H12 -> 50899
A13: 40503 | B13: =+A13 -> 40503 | C13: -0.7 | D13: 0.76180556 | F13: 10620 | H13: 5625 | J13: CLOSED | L13: CLOSED | N13: CLOSED | O13: =+F13+H13 -> 16245
A15: 40515 | B15: =+A15 -> 40515 | C15: -0.8 | D15: 0.69652778 | F15: CLOSED | H15: 18750 | J15: CLOSED | L15: CLOSED | N15: CLOSED | O15: =+H15 -> 18750
A16: 40516 | B16: =+A16 -> 40516 | C16: -1.2 | D16: 0.72847222 | F16: 32130 | H16: 28935 | J16: 66481 | L16: 22553 | N16: 2162.5895 | O16: =+F16+H16+J16+L16+N16 -> 152261.59
A17: 40517 | B17: =+A17 -> 40517 | C17: -1.3 | D17: 0.75972222 | F17: 15360 | G17: * | H17: =+(J17+L17)*H16/(J16+L16) -> 11507.832 | J17: 25368 | L17: 10042 | N17: 1042.6654 | O17: =+F17+H17+J17+L17+N17 -> 63320.498
A18: 40518 | B18: =+A18 -> 40518 | C18: -1.2 | D18: 0.78888889 | F18: CLOSED | H18: 5430 | J18: CLOSED | L18: CLOSED | N18: CLOSED | O18: =+H18 -> 5430
A20: 40543 | B20: =+A20 -> 40543 | C20: 0 | D20: 0.65277778 | F20: 68435 | G20: * | H20: =+(J20+L20)*H16/(J16+L16) -> 60964.538 | J20: 127837 | L20: 59753 | N20: 2567.3764 | O20: =+F20+H20+J20+L20+N20 -> 319556.91
A21: 40544 | B21: =+A21 -> 40544 | C21: -0.4 | D21: 0.68888889 | F21: 65284 | G21: * | H21: =+(J21+L21)*H16/(J16+L16) -> 43550.045 | J21: 61643 | L21: 72362 | N21: 543.07584 | O21: =+F21+H21+J21+L21+N21 -> 243382.12
A22: 40545 | B22: =+A22 -> 40545 | C22: -0.7 | D22: 0.72083333 | F22: CLOSED | H22: 9395 | J22: CLOSED | L22: CLOSED | N22: CLOSED | O22: =+H22 -> 9395
A24: 40563 | B24: =+A24 -> 40563 | C24: -1.3 | D24: 0.79097222 | F24: 3652 | H24: 738 | J24: CLOSED | L24: CLOSED | N24: CLOSED | O24: =+F24+H24 -> 4390
A25: 40564 | B25: =+A25 -> 40564 | C25: -1.1 | D25: 0.81805556 | F25: 7684 | H25: 1922.9378 | J25: CLOSED | L25: CLOSED | N25: 123.7801 | O25: =+F25+H25+N25 -> 9730.7178
A26: 40565 | B26: =+A26 -> 40565 | C26: -0.6 | D26: 0.84652778 | F26: 27187 | H26: 13550 | J26: CLOSED | L26: CLOSED | N26: 298.63725 | O26: =+F26+H26+N26 -> 41035.637
A28: 40591 | B28: =+A28 -> 40591 | C28: -0.9 | D28: 0.74513889 | F28: CLOSED | H28: 23720 | J28: CLOSED | L28: CLOSED | N28: CLOSED | O28: =+H28 -> 23720
A29: 40592 | B29: =+A29 -> 40592 | C29: -0.9 | D29: 0.77291667 | F29: 29901 | G29: * | H29: =+(J29+L29)*(H16+H8)/(J8+L8+J16+L16) -> 26271.248 | J29: 81453 | L29: 21146 | N29: 204.48825 | O29: =+F29+H29+J29+L29+N29 -> 158975.74
A30: 40593 | B30: =+A30 -> 40593 | C30: -0.5 | D30: 0.80069444 | F30: 61662 | G30: * | H30: =+(J30+L30)*(H16+H8)/(J8+L8+J16+L16) -> 32891.872 | J30: 83649 | L30: 44806 | N30: 304.88973 | O30: =+F30+H30+J30+L30+N30 -> 223313.76
A32: 40621 | B32: =+A32 -> 40621 | C32: -0.1 | D32: 0.79444444 | F32: 57414 | H32: 12212 | J32: 50610 | L32: 50640 | N32: CLOSED | O32: =+F32+H32+J32+L32 -> 170876
A33: 40622 | B33: =+A33 -> 40622 | C33: -0.5 | D33: 0.31666667 | F33: 43099 | H33: 20431 | J33: 79431 | L33: 26959 | N33: CLOSED | O33: =+F33+H33+J33+L33 -> 169920
A34: 40623 | B34: =+A34 -> 40623 | C34: -0.9 | D34: 0.34930556 | F34: 35088 | H34: 9299 | J34: CLOSED | L34: CLOSED | N34: CLOSED | O34: =+F34+H34 -> 44387
A35: 40624 | B35: =+A35 -> 40624 | C35: -1 | D35: 0.38333333 | F35: 25950 | H35: 9450 | J35: CLOSED | L35: CLOSED | N35: CLOSED | O35: =+F35+H35 -> 35400
A37: 40640 | B37: =+A37 -> 40640 | C37: 0.1 | D37: 0.40069444 | F37: 30618 | H37: 23027 | J37: CLOSED | L37: CLOSED | N37: CLOSED | O37: =+F37+H37 -> 53645
A38: 40641 | B38: =+A38 -> 40641 | C38: 0.2 | D38: 0.42986111 | F38: 48762 | H38: 27976 | J38: CLOSED | L38: CLOSED | N38: CLOSED | O38: =+F38+H38 -> 76738
A39: 40642 | B39: =+A39 -> 40642 | C39: 0.4 | D39: 0.46319444 | F39: 68684 | H39: 45169 | J39: CLOSED | L39: CLOSED | N39: CLOSED | O39: =+F39+H39 -> 113853
A41: 40652 | B41: =+A41 -> 40652 | C41: -1.8 | D41: 0.33819444 | F41: 29264 | H41: 21525 | J41: CLOSED | L41: CLOSED | N41: CLOSED | O41: =+F41+H41 -> 50789
A42: 40653 | B42: =+A42 -> 40653 | C42: -1.7 | D42: 0.37083333 | F42: 35981 | H42: 15315 | J42: CLOSED | L42: CLOSED | N42: CLOSED | O42: =+F42+H42 -> 51296
A43: 40654 | B43: =+A43 -> 40654 | C43: -1.4 | D43: 0.40486111 | F43: 31425 | H43: 14745 | J43: 45645 | L43: 20657 | N43: CLOSED | O43: =+F43+H43+J43+L43 -> 112472
A44: 40655 | B44: =+A44 -> 40655 | C44: -0.8 | D44: 0.43958333 | F44: 32445 | G44: * | H44: =(+J44+L44)*(H43+H45)/(J43+L43+J45+L45) -> 15359.578 | J44: 52168 | L44: 28547 | N44: CLOSED | O44: =+F44+H44+J44+L44 -> 128519.58
A45: 40656 | B45: =+A45 -> 40656 | C45: -0.2 | D45: 0.47708333 | F45: 45480 | H45: 27474 | J45: 106039 | L45: 49521 | N45: CLOSED | O45: =+F45+H45+J45+L45 -> 228514
A47: 40666 | B47: =+A47 -> 40666 | C47: -0.6 | D47: 0.31180556 | F47: 5265 | H47: 4380 | J47: CLOSED | L47: CLOSED | N47: CLOSED | O47: =+F47+H47 -> 9645
A48: 40667 | B48: =+A48 -> 40667 | C48: -0.8 | D48: 0.33611111 | F48: 12630 | H48: 6735 | J48: CLOSED | L48: CLOSED | N48: CLOSED | O48: =+F48+H48 -> 19365
A49: 40668 | B49: =+A49 -> 40668 | C49: -0.8 | D49: 0.36111111 | F49: 14310 | H49: 6840 | J49: CLOSED | L49: CLOSED | N49: CLOSED | O49: =+F49+H49 -> 21150
A50: 40669 | B50: =+A50 -> 40669 | C50: -0.8 | D50: 0.3875 | F50: 24270 | H50: 14070 | J50: CLOSED | L50: CLOSED | N50: CLOSED | O50: =+F50+H50 -> 38340
A51: 40670 | B51: =+A51 -> 40670 | C51: -0.6 | D51: 0.41666667 | F51: 28155 | H51: 12596 | J51: CLOSED | L51: 31730 | N51: CLOSED | O51: =+F51+H51+L51 -> 72481
A52: 40671 | B52: =+A52 -> 40671 | C52: -0.4 | D52: 0.44861111 | F52: 16875 | H52: 13826 | J52: CLOSED | L52: 30023 | N52: CLOSED | O52: =+F52+H52+L52 -> 60724
A54: 40681 | B54: =+A54 -> 40681 | C54: -2.2 | D54: 0.32777778 | F54: CLOSED | H54: 13128 | J54: CLOSED | L54: CLOSED | N54: CLOSED | O54: =+H54 -> 13128
A55: 40682 | B55: =+A55 -> 40682 | C55: -2 | D55: 0.35972222 | F55: CLOSED | H55: 20662 | J55: CLOSED | L55: CLOSED | N55: CLOSED | O55: =+H55 -> 20662
A56: 40683 | B56: =+A56 -> 40683 | C56: -1.7 | D56: 0.39097222 | F56: CLOSED | H56: 16449 | J56: CLOSED | L56: 28910 | N56: CLOSED | O56: =+H56+L56 -> 45359
A57: 40684 | B57: =+A57 -> 40684 | C57: -1.1 | D57: 0.42291667 | F57: 44791 | H57: 19985 | J57: CLOSED | L57: 52086 | N57: CLOSED | O57: =+F57+H57+L57 -> 116862
A58: 40685 | B58: =+A58 -> 40685 | C58: -0.5 | D58: 0.45555556 | F58: 46140 | H58: 14570 | J58: CLOSED | L58: 37502 | N58: CLOSED | O58: =+F58+H58+L58 -> 98212
A61: FALL 2010 - SPRING 2011 SEASON TOTALS: | F61: =SUM(F2:F60) -> 1158254 | H61: =SUM(H2:H60) -> 813661.64 | J61: =SUM(J2:J60) -> 950168 | L61: =SUM(L3:L60) -> 668642 | N61: =SUM(N3:N60) -> 16937.134 | O61: =SUM(O2:O60) -> 3607662.8
A62: ESTIMATED WASTAGE RATE:
A63: ESTIMATED TOTAL WASTAGE: | F63: =+'LB Wastage'!D12 -> 8117.67 | H63: =+'TH Wastage'!D18 -> 15740.44 | J63: 15096 | L63: 14142 | O63: =F63+H63+J63+L63+N63 -> 53096.11
A64: SEASON TOTAL INCLUDING WASTAGE: | F64: =F61+F63 -> 1166371.7 | H64: =H61+H63 -> 829402.08 | J64: =J61+J63 -> 965264 | L64: =L61+L63 -> 682784 | N64: =N61+N63 -> 16937.134 | O64: =O61+O63 -> 3660758.9
A65: Fall 2010 / Spring 2011 Harvest Rate (clams/day): | F65: =F61/35 -> 33092.971 | H65: =H64/46 -> 18030.48 | J65: =J61/15 -> 63344.533 | L65: =L61/20 -> 33432.1 | N65: =N61/12 -> 1411.4278 | O65: =F65+H65+J65+L65+N65 -> 149311.51
A66: % of TAC Harvested: | F66: =F64/TAC!B4 -> 0.91390697 | H66: =H64/TAC!B5 -> 0.98104441 | J66: =J64/TAC!B6 -> 1.4129245 | L66: =L64/TAC!B7 -> 1.2514675 | N66: =N64/TAC!B8 -> 0.065413502 | O66: =O64/TAC!B9 -> 1.0142422
A67: clams left in TAC : | F67: =TAC!B4-F64 -> 109876.03 | H67: =TAC!B5-Harvest!H64 -> 16025.583 | J67: =TAC!B6-J64 -> -282096.59 | L67: =TAC!B7-L64 -> -137197.31 | N67: =TAC!B8-N64 -> 241986.99 | O67: =TAC!B9-Harvest!O61 -> 1690.8071
A68: *- estimate based on comparison of other beaches. + - no harvest due to very heavy surf and storm warnings.

Sheet CPUE
A1: Date | B1: Day | C1: Tide | D1: Time | E1: Longbeach | G1: Twin Harbors | I1: Copalis | K1: Mocrocks | M1: Kalaloch | O1: Daily Totals
A2: 40458 | B2: =+A2 -> 40458 | C2: -1 | D2: 0.78819444 | F2: CLOSED | H2: =+Harvest!H2/Effort!H2 -> 14.648221 | J2: CLOSED | L2: CLOSED | N2: CLOSED | O2: =Harvest!O2/Effort!O2 -> 14.648221
A3: 40459 | B3: =+A3 -> 40459 | C3: -1.4 | D3: 0.82083333 | F3: =+Harvest!F3/Effort!F3 -> 15.035497 | H3: =+Harvest!H3/Effort!H3 -> 14.75646 | J3: =+Harvest!J3/Effort!J3 -> 14.918296 | L3: =+Harvest!L3/Effort!L3 -> 14.410079 | N3: =+Harvest!N3/Effort!N3 -> 14.516129 | O3: =Harvest!O3/Effort!O3 -> 14.836051
A4: 40460 | B4: =+A4 -> 40460 | C4: -1.5 | D4: 0.85277778 | E4: * | F4: =+Harvest!F4/Effort!F4 -> 5.063045 | H4: =+Harvest!H4/Effort!H4 -> 4.9690822 | J4: =+Harvest!J4/Effort!J4 -> 5.0304754 | L4: =+Harvest!L4/Effort!L4 -> 4.871734 | N4: =+Harvest!N4/Effort!N4 -> 9.4444444 | O4: =Harvest!O4/Effort!O4 -> 5.0874877
A5: 40461 | B5: =+A5 -> 40461 | C5: -1.3 | D5: 0.88541667 | F5: CLOSED | H5: =+Harvest!H5/Effort!H5 -> 10.16019 | J5: CLOSED | L5: CLOSED | N5: CLOSED | O5: =Harvest!O5/Effort!O5 -> 10.16019
A7: 40487 | B7: =+A7 -> 40487 | C7: -1.4 | D7: 0.77847222 | F7: =+Harvest!F7/Effort!F7 -> 15 | H7: =+Harvest!H7/Effort!H7 -> 8.5405099 | J7: =+Harvest!J7/Effort!J7 -> 13.737661 | L7: =+Harvest!L7/Effort!L7 -> 15.549922 | N7: =+Harvest!N7/Effort!N7 -> 14.907407 | O7: =Harvest!O7/Effort!O7 -> 13.671393
A8: 40488 | B8: =+A8 -> 40488 | C8: -1.6 | D8: 0.80972222 | F8: =+Harvest!F8/Effort!F8 -> 11.19716 | H8: =+Harvest!H8/Effort!H8 -> 6.3752969 | J8: =+Harvest!J8/Effort!J8 -> 10.201132 | L8: =+Harvest!L8/Effort!L8 -> 12.446126 | N8: =+Harvest!N8/Effort!N8 -> 4.2238806 | O8: =Harvest!O8/Effort!O8 -> 10.094039
A9: 40489 | B9: =+A9 -> 40489 | C9: -1.5 | D9: 0.79930556 | F9: CLOSED | H9: =+Harvest!H9/Effort!H9 -> 13.598416 | J9: CLOSED | L9: CLOSED | N9: CLOSED | O9: =Harvest!O9/Effort!O9 -> 13.598416
A10: 40490 | B10: =+A10 -> 40490 | C10: -1.2 | D10: 0.82986111 | F10: CLOSED | H10: =+Harvest!H10/Effort!H10 -> 14.108374 | J10: CLOSED | L10: CLOSED | N10: CLOSED | O10: =Harvest!O10/Effort!O10 -> 14.108374
A12: 40502 | B12: =+A12 -> 40502 | C12: -0.4 | D12: 0.73541667 | F12: =+Harvest!F12/Effort!F12 -> 15.06204 | H12: =+Harvest!H12/Effort!H12 -> 14.658103 | J12: CLOSED | L12: CLOSED | N12: CLOSED | O12: =Harvest!O12/Effort!O12 -> 14.882749
A13: 40503 | B13: =+A13 -> 40503 | C13: -0.7 | D13: 0.76180556 | F13: =+Harvest!F13/Effort!F13 -> 15 | H13: =+Harvest!H13/Effort!H13 -> 15 | J13: CLOSED | L13: CLOSED | N13: CLOSED | O13: =Harvest!O13/Effort!O13 -> 15
A15: 40515 | B15: =+A15 -> 40515 | C15: -0.8 | D15: 0.69652778 | F15: CLOSED | H15: =+Harvest!H15/Effort!H15 -> 15 | J15: CLOSED | L15: CLOSED | N15: CLOSED | O15: =Harvest!O15/Effort!O15 -> 15
A16: 40516 | B16: =+A16 -> 40516 | C16: -1.2 | D16: 0.72847222 | F16: =+Harvest!F16/Effort!F16 -> 15 | H16: =+Harvest!H16/Effort!H16 -> 15 | J16: =+Harvest!J16/Effort!J16 -> 15.000226 | L16: =+Harvest!L16/Effort!L16 -> 14.995346 | N16: =+Harvest!N16/Effort!N16 -> 11.638298 | O16: =Harvest!O16/Effort!O16 -> 14.938127
A17: 40517 | B17: =+A17 -> 40517 | C17: -1.3 | D17: 0.75972222 | F17: =+Harvest!F17/Effort!F17 -> 15 | G17: * | H17: =+Harvest!H17/Effort!H17 -> 15.005248 | J17: =+Harvest!J17/Effort!J17 -> 15.001774 | L17: =+Harvest!L17/Effort!L17 -> 15.010463 | N17: =+Harvest!N17/Effort!N17 -> 10.875 | O17: =Harvest!O17/Effort!O17 -> 14.910175
A18: 40518 | B18: =+A18 -> 40518 | C18: -1.2 | D18: 0.78888889 | F18: CLOSED | H18: =+Harvest!H18/Effort!H18 -> 15 | J18: CLOSED | L18: CLOSED | N18: CLOSED | O18: =Harvest!O18/Effort!O18 -> 15
A20: 40543 | B20: =+A20 -> 40543 | C20: 0 | D20: 0.65277778 | F20: =+Harvest!F20/Effort!F20 -> 12.841997 | H20: =+Harvest!H20/Effort!H20 -> 12.920292 | J20: =+Harvest!J20/Effort!J20 -> 12.263718 | L20: =+Harvest!L20/Effort!L20 -> 14.588135 | N20: =+Harvest!N20/Effort!N20 -> 6.7575758 | O20: =Harvest!O20/Effort!O20 -> 12.809208
A21: 40544 | B21: =+A21 -> 40544 | C21: -0.4 | D21: 0.68888889 | F21: =+Harvest!F21/Effort!F21 -> 12.047241 | H21: =+Harvest!H21/Effort!H21 -> 12.129064 | J21: =+Harvest!J21/Effort!J21 -> 10.633604 | L21: =+Harvest!L21/Effort!L21 -> 13.777989 | N21: =+Harvest!N21/Effort!N21 -> 1.4 | O21: =Harvest!O21/Effort!O21 -> 11.903384
A22: 40545 | B22: =+A22 -> 40545 | C22: -0.7 | D22: 0.72083333 | F22: CLOSED | H22: =+Harvest!H22/Effort!H22 -> 7.1390578 | J22: CLOSED | L22: CLOSED | N22: CLOSED | O22: =Harvest!O22/Effort!O22 -> 7.1390578
A24: 40563 | B24: =+A24 -> 40563 | C24: -1.3 | D24: 0.79097222 | F24: =+Harvest!F24/Effort!F24 -> 4.5030826 | H24: =+Harvest!H24/Effort!H24 -> 1.3202147 | J24: CLOSED | L24: CLOSED | N24: CLOSED | O24: =Harvest!O24/Effort!O24 -> 3.2043796
A25: 40564 | B25: =+A25 -> 40564 | C25: -1.1 | D25: 0.81805556 | F25: =+Harvest!F25/Effort!F25 -> 7.6230159 | H25: =+Harvest!H25/Effort!H25 -> 3.0338983 | J25: CLOSED | L25: CLOSED | N25: =+Harvest!N25/Effort!N25 -> 0.90322581 | O25: =Harvest!O25/Effort!O25 -> 5.9267964
A26: 40565 | B26: =+A26 -> 40565 | C26: -0.6 | D26: 0.84652778 | F26: =+Harvest!F26/Effort!F26 -> 12.983286 | H26: =+Harvest!H26/Effort!H26 -> 7.0207254 | J26: CLOSED | L26: CLOSED | N26: =+Harvest!N26/Effort!N26 -> 1.5 | O26: =Harvest!O26/Effort!O26 -> 10.197723
A28: 40591 | B28: =+A28 -> 40591 | C28: -0.9 | D28: 0.74513889 | F28: CLOSED | H28: =+Harvest!H28/Effort!H28 -> 14.085511 | J28: CLOSED | L28: CLOSED | N28: CLOSED | O28: =Harvest!O28/Effort!O28 -> 14.085511
A29: 40592 | B29: =+A29 -> 40592 | C29: -0.9 | D29: 0.77291667 | F29: =+Harvest!F29/Effort!F29 -> 14.368573 | G29: * | H29: =+Harvest!H29/Effort!H29 -> 12.726588 | J29: =+Harvest!J29/Effort!J29 -> 15.000552 | L29: =+Harvest!L29/Effort!L29 -> 12.001135 | N29: =+Harvest!N29/Effort!N29 -> 1.7857143 | O29: =Harvest!O29/Effort!O29 -> 13.882169
A30: 40593 | B30: =+A30 -> 40593 | C30: -0.5 | D30: 0.80069444 | F30: =+Harvest!F30/Effort!F30 -> 14.386841 | G30: * | H30: =+Harvest!H30/Effort!H30 -> 12.058931 | J30: =+Harvest!J30/Effort!J30 -> 13.441909 | L30: =+Harvest!L30/Effort!L30 -> 13.660366 | N30: =+Harvest!N30/Effort!N30 -> 2.0571429 | O30: =Harvest!O30/Effort!O30 -> 13.400323
A32: 40621 | B32: =+A32 -> 40621 | C32: -0.1 | D32: 0.79444444 | F32: =+Harvest!F32/Effort!F32 -> 10.950601 | H32: =+Harvest!H32/Effort!H32 -> 5.4860737 | J32: =+Harvest!J32/Effort!J32 -> 12.395298 | L32: =+Harvest!L32/Effort!L32 -> 10.984816 | N32: CLOSED | O32: =Harvest!O32/Effort!O32 -> 10.572701
A33: 40622 | B33: =+A33 -> 40622 | C33: -0.5 | D33: 0.31666667 | F33: =+Harvest!F33/Effort!F33 -> 14.624703 | H33: =+Harvest!H33/Effort!H33 -> 14.03228 | J33: =+Harvest!J33/Effort!J33 -> 14.327381 | L33: =+Harvest!L33/Effort!L33 -> 14.910951 | N33: CLOSED | O33: =Harvest!O33/Effort!O33 -> 14.455125
A34: 40623 | B34: =+A34 -> 40623 | C34: -0.9 | D34: 0.34930556 | F34: =+Harvest!F34/Effort!F34 -> 13.500577 | H34: =+Harvest!H34/Effort!H34 -> 7.5663141 | J34: CLOSED | L34: CLOSED | N34: CLOSED | O34: =Harvest!O34/Effort!O34 -> 11.59535
A35: 40624 | B35: =+A35 -> 40624 | C35: -1 | D35: 0.38333333 | F35: =+Harvest!F35/Effort!F35 -> 15 | H35: =+Harvest!H35/Effort!H35 -> 13.034483 | J35: CLOSED | L35: CLOSED | N35: CLOSED | O35: =Harvest!O35/Effort!O35 -> 14.419552
A37: 40640 | B37: =+A37 -> 40640 | C37: 0.1 | D37: 0.40069444 | F37: =+Harvest!F37/Effort!F37 -> 12.15 | H37: =+Harvest!H37/Effort!H37 -> 13.846663 | J37: CLOSED | L37: CLOSED | N37: CLOSED | O37: =Harvest!O37/Effort!O37 -> 12.824528
A38: 40641 | B38: =+A38 -> 40641 | C38: 0.2 | D38: 0.42986111 | F38: =+Harvest!F38/Effort!F38 -> 11.632156 | H38: =+Harvest!H38/Effort!H38 -> 8 | J38: CLOSED | L38: CLOSED | N38: CLOSED | O38: =Harvest!O38/Effort!O38 -> 9.9802315
A39: 40642 | B39: =+A39 -> 40642 | C39: 0.4 | D39: 0.46319444 | F39: =+Harvest!F39/Effort!F39 -> 12.333273 | H39: =+Harvest!H39/Effort!H39 -> 10.894597 | J39: CLOSED | L39: CLOSED | N39: CLOSED | O39: =Harvest!O39/Effort!O39 -> 11.7193
A41: 40652 | B41: =+A41 -> 40652 | C41: -1.8 | D41: 0.33819444 | F41: =+Harvest!F41/Effort!F41 -> 15.053498 | H41: =+Harvest!H41/Effort!H41 -> 15 | J41: CLOSED | L41: CLOSED | N41: CLOSED | O41: =Harvest!O41/Effort!O41 -> 15.030778
A42: 40653 | B42: =+A42 -> 40653 | C42: -1.7 | D42: 0.37083333 | F42: =+Harvest!F42/Effort!F42 -> 14.9796 | H42: =+Harvest!H42/Effort!H42 -> 15 | J42: CLOSED | L42: CLOSED | N42: CLOSED | O42: =Harvest!O42/Effort!O42 -> 14.985685
A43: 40654 | B43: =+A43 -> 40654 | C43: -1.4 | D43: 0.40486111 | F43: =+Harvest!F43/Effort!F43 -> 15 | H43: =+Harvest!H43/Effort!H43 -> 15 | J43: =+Harvest!J43/Effort!J43 -> 15.029635 | L43: =+Harvest!L43/Effort!L43 -> 15.001452 | N43: CLOSED | O43: =Harvest!O43/Effort!O43 -> 15.01228
A44: 40655 | B44: =+A44 -> 40655 | C44: -0.8 | D44: 0.43958333 | F44: =+Harvest!F44/Effort!F44 -> 15 | G44: * | H44: =+Harvest!H44/Effort!H44 -> 14.533134 | J44: =+Harvest!J44/Effort!J44 -> 14.52743 | L44: =+Harvest!L44/Effort!L44 -> 15.001051 | N44: CLOSED | O44: =Harvest!O44/Effort!O44 -> 14.748858
A45: 40656 | B45: =+A45 -> 40656 | C45: -0.2 | D45: 0.47708333 | F45: =+Harvest!F45/Effort!F45 -> 15 | H45: =+Harvest!H45/Effort!H45 -> 14.691979 | J45: =+Harvest!J45/Effort!J45 -> 14.897303 | L45: =+Harvest!L45/Effort!L45 -> 15.010912 | N45: CLOSED | O45: =Harvest!O45/Effort!O45 -> 14.917031
A47: 40666 | B47: =+A47 -> 40666 | C47: -0.6 | D47: 0.31180556 | F47: =+Harvest!F47/Effort!F47 -> 15 | H47: =+Harvest!H47/Effort!H47 -> 15 | J47: CLOSED | L47: CLOSED | N47: CLOSED | O47: =Harvest!O47/Effort!O47 -> 15
A48: 40667 | B48: =+A48 -> 40667 | C48: -0.8 | D48: 0.33611111 | F48: =+Harvest!F48/Effort!F48 -> 15 | H48: =+Harvest!H48/Effort!H48 -> 15 | J48: CLOSED | L48: CLOSED | N48: CLOSED | O48: =Harvest!O48/Effort!O48 -> 15
A49: 40668 | B49: =+A49 -> 40668 | C49: -0.8 | D49: 0.36111111 | F49: =+Harvest!F49/Effort!F49 -> 15 | H49: =+Harvest!H49/Effort!H49 -> 15 | J49: CLOSED | L49: CLOSED | N49: CLOSED | O49: =Harvest!O49/Effort!O49 -> 15
A50: 40669 | B50: =+A50 -> 40669 | C50: -0.8 | D50: 0.3875 | F50: =+Harvest!F50/Effort!F50 -> 14.559088 | H50: =+Harvest!H50/Effort!H50 -> 15 | J50: CLOSED | L50: CLOSED | N50: CLOSED | O50: =Harvest!O50/Effort!O50 -> 14.71785
A51: 40670 | B51: =+A51 -> 40670 | C51: -0.6 | D51: 0.41666667 | F51: =+Harvest!F51/Effort!F51 -> 15 | H51: =+Harvest!H51/Effort!H51 -> 14.3626 | J51: CLOSED | L51: =+Harvest!L51/Effort!L51 -> 14.390023 | N51: CLOSED | O51: =Harvest!O51/Effort!O51 -> 14.616052
A52: 40671 | B52: =+A52 -> 40671 | C52: -0.4 | D52: 0.44861111 | F52: =+Harvest!F52/Effort!F52 -> 15 | H52: =+Harvest!H52/Effort!H52 -> 14.402083 | J52: CLOSED | L52: =+Harvest!L52/Effort!L52 -> 14.996503 | N52: CLOSED | O52: =Harvest!O52/Effort!O52 -> 14.857842
A54: 40681 | B54: =+A54 -> 40681 | C54: -2.2 | D54: 0.32777778 | F54: CLOSED | H54: =+Harvest!H54/Effort!H54 -> 15.003429 | J54: CLOSED | L54: CLOSED | N54: CLOSED | O54: =Harvest!O54/Effort!O54 -> 15.003429
A55: 40682 | B55: =+A55 -> 40682 | C55: -2 | D55: 0.35972222 | F55: CLOSED | H55: =+Harvest!H55/Effort!H55 -> 14.994194 | J55: CLOSED | L55: CLOSED | N55: CLOSED | O55: =Harvest!O55/Effort!O55 -> 14.994194
A56: 40683 | B56: =+A56 -> 40683 | C56: -1.7 | D56: 0.39097222 | F56: CLOSED | H56: =+Harvest!H56/Effort!H56 -> 14.940054 | J56: CLOSED | L56: =+Harvest!L56/Effort!L56 -> 14.963768 | N56: CLOSED | O56: =Harvest!O56/Effort!O56 -> 14.95516
A57: 40684 | B57: =+A57 -> 40684 | C57: -1.1 | D57: 0.42291667 | F57: =+Harvest!F57/Effort!F57 -> 15.18339 | H57: =+Harvest!H57/Effort!H57 -> 11.860534 | J57: CLOSED | L57: =+Harvest!L57/Effort!L57 -> 14.742712 | N57: CLOSED | O57: =Harvest!O57/Effort!O57 -> 14.307297
A58: 40685 | B58: =+A58 -> 40685 | C58: -0.5 | D58: 0.45555556 | F58: =+Harvest!F58/Effort!F58 -> 14.965942 | H58: =+Harvest!H58/Effort!H58 -> 11.181888 | J58: CLOSED | L58: =+Harvest!L58/Effort!L58 -> 15.0008 | N58: CLOSED | O58: =Harvest!O58/Effort!O58 -> 14.262562
A61: SEASON TOTALS : | F61: =Harvest!F61/Effort!F61 -> 13.301021 | H61: =Harvest!H61/Effort!H61 -> 11.96861 | J61: =Harvest!J61/Effort!J61 -> 13.197511 | L61: =Harvest!L61/Effort!L61 -> 13.78757 | N61: =Harvest!N61/Effort!N61 -> 6.9026298
A62: *- estimate based on comparison of other beaches. + - no harvest due to very heavy surf and storm warnings.

Sheet Effort
A1: Date | B1: Day | C1: Tide | D1: Time | E1: Longbeach | G1: Twin Harbors | I1: Copalis | K1: Mocrocks | M1: Kalaloch | O1: Daily Totals
A2: 40458 | B2: =+A2 -> 40458 | C2: -1 | D2: 0.78819444 | F2: CLOSED | H2: 2783 | J2: CLOSED | L2: CLOSED | N2: CLOSED | O2: =+H2 -> 2783
A3: 40459 | B3: =+A3 -> 40459 | C3: -1.4 | D3: 0.82083333 | F3: 3775 | H3: 1819 | J3: 3990 | L3: 2024 | N3: 231.69615 | O3: =+F3+H3+J3+L3+N3 -> 11839.696
A4: 40460 | B4: =+A4 -> 40460 | C4: -1.5 | D4: 0.85277778 | E4: * | F4: =+(J4+L4)*F3/(J3+L3) -> 2601.8249 | G4: * | H4: =+(J4+L4)*H3/(J3+L3) -> 1253.7005 | J4: 2461 | L4: 1684 | N4: 164.26083 | O4: =+F4+H4+J4+L4+N4 -> 8164.7863
A5: 40461 | B5: =+A5 -> 40461 | C5: -1.3 | D5: 0.88541667 | F5: CLOSED | H5: 1055 | J5: CLOSED | L5: CLOSED | N5: CLOSED | O5: =+H5 -> 1055
A7: 40487 | B7: =+A7 -> 40487 | C7: -1.4 | D7: 0.77847222 | F7: 2484 | G7: * | H7: =(J7+L7)*H8/(J8+L8) -> 1472.7286 | J7: 4113 | L7: 1933 | N7: 285.09221 | O7: =+F7+H7+J7+L7+N7 -> 10287.821
A8: 40488 | B8: =+A8 -> 40488 | C8: -1.6 | D8: 0.80972222 | E8: * | F8: =(J8+L8)*F7/(J7+L7) -> 2130.258 | H8: 1263 | J8: 4062 | L8: 1123 | N8: 124.28435 | O8: =+F8+H8+J8+L8+N8 -> 8702.5424
A9: 40489 | B9: =+A9 -> 40489 | C9: -1.5 | D9: 0.79930556 | F9: CLOSED | H9: 884 | J9: CLOSED | L9: CLOSED | N9: CLOSED | O9: =+H9 -> 884
A10: 40490 | B10: =+A10 -> 40490 | C10: -1.2 | D10: 0.82986111 | F10: CLOSED | H10: 406 | J10: CLOSED | L10: CLOSED | N10: CLOSED | O10: =+H10 -> 406
A12: 40502 | B12: =+A12 -> 40502 | C12: -0.4 | D12: 0.73541667 | F12: 1902 | H12: 1518 | J12: CLOSED | L12: CLOSED | N12: CLOSED | O12: =+F12+H12 -> 3420
A13: 40503 | B13: =+A13 -> 40503 | C13: -0.7 | D13: 0.76180556 | F13: 708 | H13: 375 | J13: CLOSED | L13: CLOSED | N13: CLOSED | O13: =+F13+H13 -> 1083
A15: 40515 | B15: =+A15 -> 40515 | C15: -0.8 | D15: 0.69652778 | F15: CLOSED | H15: 1250 | J15: CLOSED | L15: CLOSED | N15: CLOSED | O15: =+H15 -> 1250
A16: 40516 | B16: =+A16 -> 40516 | C16: -1.2 | D16: 0.72847222 | F16: 2142 | H16: 1929 | J16: 4432 | L16: 1504 | N16: 185.81665 | O16: =+F16+H16+J16+L16+N16 -> 10192.817
A17: 40517 | B17: =+A17 -> 40517 | C17: -1.3 | D17: 0.75972222 | F17: 1024 | G17: * | H17: =+(J17+L17)*H16/(J16+L16) -> 766.92049 | J17: 1691 | L17: 669 | N17: 95.877275 | O17: =+F17+H17+J17+L17+N17 -> 4246.7978
A18: 40518 | B18: =+A18 -> 40518 | C18: -1.2 | D18: 0.78888889 | F18: CLOSED | H18: 362 | J18: CLOSED | L18: CLOSED | N18: CLOSED | O18: =+H18 -> 362
A20: 40543 | B20: =+A20 -> 40543 | C20: 0 | D20: 0.65277778 | F20: 5329 | G20: * | H20: =+(J20+L20)*H16/(J16+L16) -> 4718.5108 | J20: 10424 | L20: 4096 | N20: 379.92566 | O20: =+F20+H20+J20+L20+N20 -> 24947.436
A21: 40544 | B21: =+A21 -> 40544 | C21: -0.4 | D21: 0.68888889 | F21: 5419 | G21: * | H21: =+(J21+L21)*H16/(J16+L16) -> 3590.5527 | J21: 5797 | L21: 5252 | N21: 387.91131 | O21: =+F21+H21+J21+L21+N21 -> 20446.464
A22: 40545 | B22: =+A22 -> 40545 | C22: -0.7 | D22: 0.72083333 | F22: CLOSED | H22: 1316 | J22: CLOSED | L22: CLOSED | N22: CLOSED | O22: =+H22 -> 1316
A24: 40563 | B24: =+A24 -> 40563 | C24: -1.3 | D24: 0.79097222 | F24: 811 | H24: 559 | J24: CLOSED | L24: CLOSED | N24: CLOSED | O24: =+F24+H24 -> 1370
A25: 40564 | B25: =+A25 -> 40564 | C25: -1.1 | D25: 0.81805556 | F25: 1008 | H25: 633.81747 | J25: CLOSED | L25: CLOSED | N25: 137.04225 | O25: =+F25+H25 -> 1641.8175
A26: 40565 | B26: =+A26 -> 40565 | C26: -0.6 | D26: 0.84652778 | F26: 2094 | H26: 1930 | J26: CLOSED | L26: CLOSED | N26: 199.0915 | O26: =+F26+H26 -> 4024
A28: 40591 | B28: =+A28 -> 40591 | C28: -0.9 | D28: 0.74513889 | F28: CLOSED | H28: 1684 | J28: CLOSED | L28: CLOSED | N28: CLOSED | O28: =+H28 -> 1684
A29: 40592 | B29: =+A29 -> 40592 | C29: -0.9 | D29: 0.77291667 | F29: 2081 | G29: * | H29: =+(J29+L29)*(H16+H8)/(J8+L8+J16+L16) -> 2064.2806 | J29: 5430 | L29: 1762 | N29: 114.51342 | O29: =+F29+H29+J29+L29+N29 -> 11451.794
A30: 40593 | B30: =+A30 -> 40593 | C30: -0.5 | D30: 0.80069444 | F30: 4286 | G30: * | H30: =+(J30+L30)*(H16+H8)/(J8+L8+J16+L16) -> 2727.5943 | J30: 6223 | L30: 3280 | N30: 148.21029 | O30: =+F30+H30+J30+L30+N30 -> 16664.805
A32: 40621 | B32: =+A32 -> 40621 | C32: -0.1 | D32: 0.79444444 | F32: 5243 | H32: 2226 | J32: 4083 | L32: 4610 | N32: CLOSED | O32: =+F32+H32+J32+L32 -> 16162
A33: 40622 | B33: =+A33 -> 40622 | C33: -0.5 | D33: 0.31666667 | F33: 2947 | H33: 1456 | J33: 5544 | L33: 1808 | N33: CLOSED | O33: =+F33+H33+J33+L33 -> 11755
A34: 40623 | B34: =+A34 -> 40623 | C34: -0.9 | D34: 0.34930556 | F34: 2599 | H34: 1229 | J34: CLOSED | L34: CLOSED | N34: CLOSED | O34: =+F34+H34 -> 3828
A35: 40624 | B35: =+A35 -> 40624 | C35: -1 | D35: 0.38333333 | F35: 1730 | H35: 725 | J35: CLOSED | L35: CLOSED | N35: CLOSED | O35: =+F35+H35 -> 2455
A37: 40640 | B37: =+A37 -> 40640 | C37: 0.1 | D37: 0.40069444 | F37: 2520 | H37: 1663 | J37: CLOSED | L37: CLOSED | N37: CLOSED | O37: =+F37+H37 -> 4183
A38: 40641 | B38: =+A38 -> 40641 | C38: 0.2 | D38: 0.42986111 | F38: 4192 | H38: 3497 | J38: CLOSED | L38: CLOSED | N38: CLOSED | O38: =+F38+H38 -> 7689
A39: 40642 | B39: =+A39 -> 40642 | C39: 0.4 | D39: 0.46319444 | F39: 5569 | H39: 4146 | J39: CLOSED | L39: CLOSED | N39: CLOSED | O39: =+F39+H39 -> 9715
A41: 40652 | B41: =+A41 -> 40652 | C41: -1.8 | D41: 0.33819444 | F41: 1944 | H41: 1435 | J41: CLOSED | L41: CLOSED | N41: CLOSED | O41: =+F41+H41 -> 3379
A42: 40653 | B42: =+A42 -> 40653 | C42: -1.7 | D42: 0.37083333 | F42: 2402 | H42: 1021 | J42: CLOSED | L42: CLOSED | N42: CLOSED | O42: =+F42+H42 -> 3423
A43: 40654 | B43: =+A43 -> 40654 | C43: -1.4 | D43: 0.40486111 | F43: 2095 | H43: 983 | J43: 3037 | L43: 1377 | N43: CLOSED | O43: =+F43+H43+J43+L43 -> 7492
A44: 40655 | B44: =+A44 -> 40655 | C44: -0.8 | D44: 0.43958333 | F44: 2163 | G44: * | H44: =(+J44+L44)*(H43+H45)/(J43+L43+J45+L45) -> 1056.8662 | J44: 3591 | L44: 1903 | N44: CLOSED | O44: =+F44+H44+J44+L44 -> 8713.8662
A45: 40656 | B45: =+A45 -> 40656 | C45: -0.2 | D45: 0.47708333 | F45: 3032 | H45: 1870 | J45: 7118 | L45: 3299 | N45: CLOSED | O45: =+F45+H45+J45+L45 -> 15319
A47: 40666 | B47: =+A47 -> 40666 | C47: -0.6 | D47: 0.31180556 | F47: 351 | H47: 292 | J47: CLOSED | L47: CLOSED | N47: CLOSED | O47: =+F47+H47 -> 643
A48: 40667 | B48: =+A48 -> 40667 | C48: -0.8 | D48: 0.33611111 | F48: 842 | H48: 449 | J48: CLOSED | L48: CLOSED | N48: CLOSED | O48: =+F48+H48 -> 1291
A49: 40668 | B49: =+A49 -> 40668 | C49: -0.8 | D49: 0.36111111 | F49: 954 | H49: 456 | J49: CLOSED | L49: CLOSED | N49: CLOSED | O49: =+F49+H49 -> 1410
A50: 40669 | B50: =+A50 -> 40669 | C50: -0.8 | D50: 0.3875 | F50: 1667 | H50: 938 | J50: CLOSED | L50: CLOSED | N50: CLOSED | O50: =+F50+H50 -> 2605
A51: 40670 | B51: =+A51 -> 40670 | C51: -0.6 | D51: 0.41666667 | F51: 1877 | H51: 877 | J51: CLOSED | L51: 2205 | N51: CLOSED | O51: =+F51+H51+L51 -> 4959
A52: 40671 | B52: =+A52 -> 40671 | C52: -0.4 | D52: 0.44861111 | F52: 1125 | H52: 960 | J52: CLOSED | L52: 2002 | N52: CLOSED | O52: =+F52+H52+L52 -> 4087
A54: 40681 | B54: =+A54 -> 40681 | C54: -2.2 | D54: 0.32777778 | F54: CLOSED | H54: 875 | J54: CLOSED | L54: CLOSED | N54: CLOSED | O54: =+H54 -> 875
A55: 40682 | B55: =+A55 -> 40682 | C55: -2 | D55: 0.35972222 | F55: CLOSED | H55: 1378 | J55: CLOSED | L55: CLOSED | N55: CLOSED | O55: =+H55 -> 1378
A56: 40683 | B56: =+A56 -> 40683 | C56: -1.7 | D56: 0.39097222 | F56: CLOSED | H56: 1101 | J56: CLOSED | L56: 1932 | N56: CLOSED | O56: =+H56+L56 -> 3033
A57: 40684 | B57: =+A57 -> 40684 | C57: -1.1 | D57: 0.42291667 | F57: 2950 | H57: 1685 | J57: CLOSED | L57: 3533 | N57: CLOSED | O57: =+F57+H57+L57 -> 8168
A58: 40685 | B58: =+A58 -> 40685 | C58: -0.5 | D58: 0.45555556 | F58: 3083 | H58: 1303 | J58: CLOSED | L58: 2500 | N58: CLOSED | O58: =+F58+H58+L58 -> 6886
A61: SEASON TOTALS : | F61: =SUM(F2:F60) -> 87080.083 | H61: =SUM(H2:H60) -> 67982.972 | J61: =SUM(J2:J60) -> 71996 | L61: =SUM(L3:L60) -> 48496 | N61: =SUM(N3:N60) -> 2453.7219 | O61: =SUM(O2:O59) -> 277672.64
A62: *- estimate based on comparison of other beaches. + - no harvest due to very heavy surf and storm warnings.

Sheet Summary Table
A1: 2010-2011 State (non-Indian) Recreational Razor Clam Effort, Harvest and CPUE totals.
E2: LONG BEACH | H2: TWIN HARBORS | K2: COPALIS | N2: MOCROCKS | Q2: KALALOCH | T2: DAILY TOTALS
A3: DATE | B3: DAY | C3: TIDE | D3: TIME | E3: Effort | F3: Harvest | G3: CPUE | H3: Effort | I3: Harvest | J3: CPUE | K3: Effort | L3: Harvest | M3: CPUE | N3: Effort | O3: Harvest | P3: CPUE | Q3: Effort | R3: Harvest | S3: CPUE | T3: Effort | U3: Harvest
A4: 40458 | B4: 40458 | C4: -1 | D4: 0.78819444 | E4: =Effort!F2 -> CLOSED | F4: =Harvest!F2 -> CLOSED | G4: =CPUE!F2 -> CLOSED | H4: =Effort!H2 -> 2783 | I4: =Harvest!H2 -> 40766 | J4: =CPUE!H2 -> 14.648221 | K4: =Effort!J2 -> CLOSED | L4: =Harvest!J2 -> CLOSED | M4: =CPUE!J2 -> CLOSED | N4: =Effort!L2 -> CLOSED | O4: =Harvest!L2 -> CLOSED | P4: =CPUE!L2 -> CLOSED | Q4: =Effort!N2 -> CLOSED | R4: =Harvest!N2 -> CLOSED | S4: =CPUE!N2 -> CLOSED | T4: =+H4 -> 2783 | U4: =+I4 -> 40766
A5: 40459 | B5: 40459 | C5: -1.4 | D5: 0.82083333 | E5: =Effort!F3 -> 3775 | F5: =Harvest!F3 -> 56759 | G5: =CPUE!F3 -> 15.035497 | H5: =Effort!H3 -> 1819 | I5: =Harvest!H3 -> 26842 | J5: =CPUE!H3 -> 14.75646 | K5: =Effort!J3 -> 3990 | L5: =Harvest!J3 -> 59524 | M5: =CPUE!J3 -> 14.918296 | N5: =Effort!L3 -> 2024 | O5: =Harvest!L3 -> 29166 | P5: =CPUE!L3 -> 14.410079 | Q5: =Effort!N3 -> 231.69615 | R5: =Harvest!N3 -> 3363.3312 | S5: =CPUE!N3 -> 14.516129 | T5: =E5+H5+K5+N5+Q5 -> 11839.696 | U5: =F5+I5+L5+O5+R5 -> 175654.33
A6: 40460 | B6: 40460 | C6: -1.5 | D6: 0.85277778 | E6: =Effort!F4 -> 2601.8249 | F6: =Harvest!F4 -> 13173.157 | G6: =CPUE!F4 -> 5.063045 | H6: =Effort!H4 -> 1253.7005 | I6: =Harvest!H4 -> 6229.741 | J6: =CPUE!H4 -> 4.9690822 | K6: =Effort!J4 -> 2461 | L6: =Harvest!J4 -> 12380 | M6: =CPUE!J4 -> 5.0304754 | N6: =Effort!L4 -> 1684 | O6: =Harvest!L4 -> 8204 | P6: =CPUE!L4 -> 4.871734 | Q6: =Effort!N4 -> 164.26083 | R6: =Harvest!N4 -> 1551.3522 | S6: =CPUE!N4 -> 9.4444444 | T6: =E6+H6+K6+N6+Q6 -> 8164.7863 | U6: =F6+I6+L6+O6+R6 -> 41538.25
A7: 40461 | B7: 40461 | C7: -1.3 | D7: 0.88541667 | E7: =Effort!F5 -> CLOSED | F7: =Harvest!F5 -> CLOSED | G7: =CPUE!F5 -> CLOSED | H7: =Effort!H5 -> 1055 | I7: =Harvest!H5 -> 10719 | J7: =CPUE!H5 -> 10.16019 | K7: =Effort!J5 -> CLOSED | L7: =Harvest!J5 -> CLOSED | M7: =CPUE!J5 -> CLOSED | N7: =Effort!L5 -> CLOSED | O7: =Harvest!L5 -> CLOSED | P7: =CPUE!L5 -> CLOSED | Q7: =Effort!N5 -> CLOSED | R7: =Harvest!N5 -> CLOSED | S7: =CPUE!N5 -> CLOSED | T7: =+H7 -> 1055 | U7: =+I7 -> 10719
A8: Tide Series Totals | E8: =SUM(E4:E7) -> 6376.8249 | F8: =SUM(F4:F7) -> 69932.157 | G8: =F8/E8 -> 10.966611 | H8: =SUM(H4:H7) -> 6910.7005 | I8: =SUM(I4:I7) -> 84556.741 | J8: =I8/H8 -> 12.235625 | K8: =SUM(K4:K7) -> 6451 | L8: =SUM(L4:L7) -> 71904 | M8: =L8/K8 -> 11.146179 | N8: =SUM(N5:N7) -> 3708 | O8: =SUM(O5:O7) -> 37370 | P8: =O8/N8 -> 10.078209 | Q8: =SUM(Q5:Q7) -> 395.95698 | R8: =SUM(R5:R7) -> 4914.6835 | S8: =R8/Q8 -> 12.412165 | T8: =SUM(T4:T7) -> 23842.482 | U8: =SUM(U4:U7) -> 268677.58
A9: 40487 | B9: 40487 | C9: -1.4 | D9: 0.77847222 | E9: =Effort!F7 -> 2484 | F9: =Harvest!F7 -> 37260 | G9: =CPUE!F7 -> 15 | H9: =Effort!H7 -> 1472.7286 | I9: =Harvest!H7 -> 12577.853 | J9: =CPUE!H7 -> 8.5405099 | K9: =Effort!J7 -> 4113 | L9: =Harvest!J7 -> 56503 | M9: =CPUE!J7 -> 13.737661 | N9: =Effort!L7 -> 1933 | O9: =Harvest!L7 -> 30058 | P9: =CPUE!L7 -> 15.549922 | Q9: =Effort!N7 -> 285.09221 | R9: =Harvest!N7 -> 4249.9857 | S9: =CPUE!N7 -> 14.907407 | T9: =E9+H9+K9+N9+Q9 -> 10287.821 | U9: =F9+I9+L9+O9+R9 -> 140648.84
A10: 40488 | B10: 40488 | C10: -1.6 | D10: 0.80972222 | E10: =Effort!F8 -> 2130.258 | F10: =Harvest!F8 -> 23852.84 | G10: =CPUE!F8 -> 11.19716 | H10: =Effort!H8 -> 1263 | I10: =Harvest!H8 -> 8052 | J10: =CPUE!H8 -> 6.3752969 | K10: =Effort!J8 -> 4062 | L10: =Harvest!J8 -> 41437 | M10: =CPUE!J8 -> 10.201132 | N10: =Effort!L8 -> 1123 | O10: =Harvest!L8 -> 13977 | P10: =CPUE!L8 -> 12.446126 | Q10: =Effort!N8 -> 124.28435 | R10: =Harvest!N8 -> 524.96226 | S10: =CPUE!N8 -> 4.2238806 | T10: =E10+H10+K10+N10+Q10 -> 8702.5424 | U10: =F10+I10+L10+O10+R10 -> 87843.802
A11: 40489 | B11: 40489 | C11: -1.5 | D11: 0.79930556 | E11: =Effort!F9 -> CLOSED | F11: =Harvest!F9 -> CLOSED | G11: =CPUE!F9 -> CLOSED | H11: =Effort!H9 -> 884 | I11: =Harvest!H9 -> 12021 | J11: =CPUE!H9 -> 13.598416 | K11: =Effort!J9 -> CLOSED | L11: =Harvest!J9 -> CLOSED | M11: =CPUE!J9 -> CLOSED | N11: =Effort!L9 -> CLOSED | O11: =Harvest!L9 -> CLOSED | P11: =CPUE!L9 -> CLOSED | Q11: =Effort!N9 -> CLOSED | R11: =Harvest!N9 -> CLOSED | S11: =CPUE!N9 -> CLOSED | T11: =+H11 -> 884 | U11: =+I11 -> 12021
A12: 40490 | B12: 40490 | C12: -1.2 | D12: 0.82986111 | E12: =Effort!F10 -> CLOSED | F12: =Harvest!F10 -> CLOSED | G12: =CPUE!F10 -> CLOSED | H12: =Effort!H10 -> 406 | I12: =Harvest!H10 -> 5728 | J12: =CPUE!H10 -> 14.108374 | K12: =Effort!J10 -> CLOSED | L12: =Harvest!J10 -> CLOSED | M12: =CPUE!J10 -> CLOSED | N12: =Effort!L10 -> CLOSED | O12: =Harvest!L10 -> CLOSED | P12: =CPUE!L10 -> CLOSED | Q12: =Effort!N10 -> CLOSED | R12: =Harvest!N10 -> CLOSED | S12: =CPUE!N10 -> CLOSED | T12: =H12 -> 406 | U12: =I12 -> 5728
A13: Tide Series Totals | E13: =SUM(E9:E12) -> 4614.258 | F13: =SUM(F9:F12) -> 61112.84 | G13: =F13/E13 -> 13.244348 | H13: =SUM(H9:H12) -> 4025.7286 | I13: =SUM(I9:I12) -> 38378.853 | J13: =I13/H13 -> 9.5333931 | K13: =SUM(K9:K12) -> 8175 | L13: =SUM(L9:L12) -> 97940 | M13: =L13/K13 -> 11.980428 | N13: =SUM(N9:N12) -> 3056 | O13: =SUM(O9:O12) -> 44035 | P13: =O13/N13 -> 14.409359 | Q13: =SUM(Q9:Q12) -> 409.37656 | R13: =SUM(R9:R12) -> 4774.9479 | S13: =R13/Q13 -> 11.663951 | T13: =SUM(T9:T12) -> 20280.363 | U13: =SUM(U9:U12) -> 246241.64
A14: 40502 | B14: 40502 | C14: -0.4 | D14: 0.73541667 | E14: =Effort!F12 -> 1902 | F14: =Harvest!F12 -> 28648 | G14: =CPUE!F12 -> 15.06204 | H14: =Effort!H12 -> 1518 | I14: =Harvest!H12 -> 22251 | J14: =CPUE!H12 -> 14.658103 | K14: =Effort!J12 -> CLOSED | L14: =Harvest!J12 -> CLOSED | M14: =CPUE!J12 -> CLOSED | N14: =Effort!L12 -> CLOSED | O14: =Harvest!L12 -> CLOSED | P14: =CPUE!L12 -> CLOSED | Q14: =Effort!N12 -> CLOSED | R14: =Harvest!N12 -> CLOSED | S14: =CPUE!N12 -> CLOSED | T14: =+E14+H14 -> 3420 | U14: =+F14+I14 -> 50899
A15: 40503 | B15: 40503 | C15: -0.7 | D15: 0.76180556 | E15: =Effort!F13 -> 708 | F15: =Harvest!F13 -> 10620 | G15: =CPUE!F13 -> 15 | H15: =Effort!H13 -> 375 | I15: =Harvest!H13 -> 5625 | J15: =CPUE!H13 -> 15 | K15: =Effort!J13 -> CLOSED | L15: =Harvest!J13 -> CLOSED | M15: =CPUE!J13 -> CLOSED | N15: =Effort!L13 -> CLOSED | O15: =Harvest!L13 -> CLOSED | P15: =CPUE!L13 -> CLOSED | Q15: =Effort!N13 -> CLOSED | R15: =Harvest!N13 -> CLOSED | S15: =CPUE!N13 -> CLOSED | T15: =+E15+H15 -> 1083 | U15: =+F15+I15 -> 16245
A16: Tide Series Totals | E16: =SUM(E14:E15) -> 2610 | F16: =SUM(F14:F15) -> 39268 | G16: =F16/E16 -> 15.045211 | H16: =SUM(H14:H15) -> 1893 | I16: =SUM(I14:I15) -> 27876 | J16: =I16/H16 -> 14.725832 | K16: =SUM(K14:K15) -> 0 | L16: =SUM(L14:L15) -> 0 | M16: =L16/K16 -> #DIV/0! | N16: =SUM(N14:N15) -> 0 | O16: =SUM(O14:O15) -> 0 | P16: =O16/N16 -> #DIV/0! | Q16: =SUM(Q14:Q15) -> 0 | R16: =SUM(R14:R15) -> 0 | T16: =SUM(T14:T15) -> 4503 | U16: =SUM(U14:U15) -> 67144
A17: 40515 | B17: 40515 | C17: -0.8 | D17: 0.69652778 | E17: =Effort!F15 -> CLOSED | F17: =Harvest!F15 -> CLOSED | G17: =CPUE!F15 -> CLOSED | H17: =Effort!H15 -> 1250 | I17: =Harvest!H15 -> 18750 | J17: =CPUE!H15 -> 15 | K17: =Effort!J15 -> CLOSED | L17: =Harvest!J15 -> CLOSED | M17: =CPUE!J15 -> CLOSED | N17: =Effort!L15 -> CLOSED | O17: =Harvest!L15 -> CLOSED | P17: =CPUE!L15 -> CLOSED | Q17: =Effort!N15 -> CLOSED | R17: =Harvest!N15 -> CLOSED | S17: =CPUE!N15 -> CLOSED | T17: =+H17 -> 1250 | U17: =+I17 -> 18750
A18: 40516 | B18: 40516 | C18: -1.2 | D18: 0.72847222 | E18: =Effort!F16 -> 2142 | F18: =Harvest!F16 -> 32130 | G18: =CPUE!F16 -> 15 | H18: =Effort!H16 -> 1929 | I18: =Harvest!H16 -> 28935 | J18: =CPUE!H16 -> 15 | K18: =Effort!J16 -> 4432 | L18: =Harvest!J16 -> 66481 | M18: =CPUE!J16 -> 15.000226 | N18: =Effort!L16 -> 1504 | O18: =Harvest!L16 -> 22553 | P18: =CPUE!L16 -> 14.995346 | Q18: =Effort!N16 -> 185.81665 | R18: =Harvest!N16 -> 2162.5895 | S18: =CPUE!N16 -> 11.638298 | T18: =E18+H18+K18+N18+Q18 -> 10192.817 | U18: =F18+I18+L18+O18+R18 -> 152261.59
A19: 40517 | B19: 40517 | C19: -1.3 | D19: 0.75972222 | E19: =Effort!F17 -> 1024 | F19: =Harvest!F17 -> 15360 | G19: =CPUE!F17 -> 15 | H19: =Effort!H17 -> 766.92049 | I19: =Harvest!H17 -> 11507.832 | J19: =CPUE!H17 -> 15.005248 | K19: =Effort!J17 -> 1691 | L19: =Harvest!J17 -> 25368 | M19: =CPUE!J17 -> 15.001774 | N19: =Effort!L17 -> 669 | O19: =Harvest!L17 -> 10042 | P19: =CPUE!L17 -> 15.010463 | Q19: =Effort!N17 -> 95.877275 | R19: =Harvest!N17 -> 1042.6654 | S19: =CPUE!N17 -> 10.875 | T19: =E19+H19+K19+N19+Q19 -> 4246.7978 | U19: =F19+I19+L19+O19+R19 -> 63320.498
A20: 40518 | B20: 40518 | C20: -1.2 | D20: 0.78888889 | E20: =Effort!F18 -> CLOSED | F20: =Harvest!F18 -> CLOSED | G20: =CPUE!F18 -> CLOSED | H20: =Effort!H18 -> 362 | I20: =Harvest!H18 -> 5430 | J20: =CPUE!H18 -> 15 | K20: =Effort!J18 -> CLOSED | L20: =Harvest!J18 -> CLOSED | M20: =CPUE!J18 -> CLOSED | N20: =Effort!L18 -> CLOSED | O20: =Harvest!L18 -> CLOSED | P20: =CPUE!L18 -> CLOSED | Q20: =Effort!N18 -> CLOSED | R20: =Harvest!N18 -> CLOSED | S20: =CPUE!N18 -> CLOSED | T20: =+H20 -> 362 | U20: =+I20 -> 5430
A21: Tide Series Totals | E21: =SUM(E17:E20) -> 3166 | F21: =SUM(F17:F20) -> 47490 | G21: =F21/E21 -> 15 | H21: =SUM(H17:H20) -> 4307.9205 | I21: =SUM(I17:I20) -> 64622.832 | J21: =I21/H21 -> 15.000934 | K21: =SUM(K17:K20) -> 6123 | L21: =SUM(L17:L20) -> 91849 | M21: =L21/K21 -> 15.000653 | N21: =SUM(N17:N20) -> 2173 | O21: =SUM(O17:O20) -> 32595 | P21: =O21/N21 -> 15 | Q21: =SUM(Q17:Q20) -> 281.69392 | R21: =SUM(R17:R20) -> 3205.2549 | S21: =R21/Q21 -> 11.378502 | T21: =SUM(T17:T20) -> 16051.614 | U21: =SUM(U17:U20) -> 239762.09
A22: 40543 | B22: 40543 | C22: 0 | D22: 0.65277778 | E22: =Effort!F20 -> 5329 | F22: =Harvest!F20 -> 68435 | G22: =CPUE!F20 -> 12.841997 | H22: =Effort!H20 -> 4718.5108 | I22: =Harvest!H20 -> 60964.538 | J22: =CPUE!H20 -> 12.920292 | K22: =Effort!J20 -> 10424 | L22: =Harvest!J20 -> 127837 | M22: =CPUE!J20 -> 12.263718 | N22: =Effort!L20 -> 4096 | O22: =Harvest!L20 -> 59753 | P22: =CPUE!L20 -> 14.588135 | Q22: =Effort!N20 -> 379.92566 | R22: =Harvest!N20 -> 2567.3764 | S22: =CPUE!N20 -> 6.7575758 | T22: =E22+H22+K22+N22+Q22 -> 24947.436 | U22: =F22+I22+L22+O22+R22 -> 319556.91
A23: 40544 | B23: 40544 | C23: -0.4 | D23: 0.68888889 | E23: =Effort!F21 -> 5419 | F23: =Harvest!F21 -> 65284 | G23: =CPUE!F21 -> 12.047241 | H23: =Effort!H21 -> 3590.5527 | I23: =Harvest!H21 -> 43550.045 | J23: =CPUE!H21 -> 12.129064 | K23: =Effort!J21 -> 5797 | L23: =Harvest!J21 -> 61643 | M23: =CPUE!J21 -> 10.633604 | N23: =Effort!L21 -> 5252 | O23: =Harvest!L21 -> 72362 | P23: =CPUE!L21 -> 13.777989 | Q23: =Effort!N21 -> 387.91131 | R23: =Harvest!N21 -> 543.07584 | S23: =CPUE!N21 -> 1.4 | T23: =E23+H23+K23+N23+Q23 -> 20446.464 | U23: =F23+I23+L23+O23+R23 -> 243382.12
A24: 40545 | B24: 40545 | C24: -0.7 | D24: 0.72083333 | E24: =Effort!F22 -> CLOSED | F24: =Harvest!F22 -> CLOSED | G24: =CPUE!F22 -> CLOSED | H24: =Effort!H22 -> 1316 | I24: =Harvest!H22 -> 9395 | J24: =CPUE!H22 -> 7.1390578 | K24: =Effort!J22 -> CLOSED | L24: =Harvest!J22 -> CLOSED | M24: =CPUE!J22 -> CLOSED | N24: =Effort!L22 -> CLOSED | O24: =Harvest!L22 -> CLOSED | P24: =CPUE!L22 -> CLOSED | Q24: =Effort!N22 -> CLOSED | R24: =Harvest!N22 -> CLOSED | S24: =CPUE!N22 -> CLOSED | T24: =+H24 -> 1316 | U24: =+I24 -> 9395
A25: Tide Series Totals | E25: =SUM(E22:E24) -> 10748 | F25: =SUM(F22:F24) -> 133719 | G25: =F25/E25 -> 12.441291 | H25: =SUM(H22:H24) -> 9625.0635 | I25: =SUM(I22:I24) -> 113909.58 | J25: =I25/H25 -> 11.834684 | K25: =SUM(K22:K24) -> 16221 | L25: =SUM(L22:L24) -> 189480 | M25: =L25/K25 -> 11.681154 | N25: =SUM(N22:N24) -> 9348 | O25: =SUM(O22:O24) -> 132115 | P25: =O25/N25 -> 14.13297 | Q25: =SUM(Q22:Q24) -> 767.83697 | R25: =SUM(R22:R24) -> 3110.4522 | S25: =R25/Q25 -> 4.050928 | T25: =SUM(T22:T24) -> 46709.9 | U25: =SUM(U22:U24) -> 572334.03
A26: 40563 | B26: 40563 | C26: -1.3 | D26: 0.79097222 | E26: =Effort!F24 -> 811 | F26: =Harvest!F24 -> 3652 | G26: =CPUE!F24 -> 4.5030826 | H26: =Effort!H24 -> 559 | I26: =Harvest!H24 -> 738 | J26: =CPUE!H24 -> 1.3202147 | K26: =Effort!J24 -> CLOSED | L26: =Harvest!J24 -> CLOSED | M26: =CPUE!J24 -> CLOSED | N26: =Effort!L24 -> CLOSED | O26: =Harvest!L24 -> CLOSED | P26: =CPUE!L24 -> CLOSED | Q26: =Effort!N24 -> CLOSED | R26: =Harvest!N24 -> CLOSED | S26: =CPUE!N24 -> CLOSED | T26: =E26+H26 -> 1370 | U26: =F26+I26 -> 4390
A27: 40564 | B27: 40564 | C27: -1.1 | D27: 0.81805556 | E27: =Effort!F25 -> 1008 | F27: =Harvest!F25 -> 7684 | G27: =CPUE!F25 -> 7.6230159 | H27: =Effort!H25 -> 633.81747 | I27: =Harvest!H25 -> 1922.9378 | J27: =CPUE!H25 -> 3.0338983 | K27: =Effort!J25 -> CLOSED | L27: =Harvest!J25 -> CLOSED | M27: =CPUE!J25 -> CLOSED | N27: =Effort!L25 -> CLOSED | O27: =Harvest!L25 -> CLOSED | P27: =CPUE!L25 -> CLOSED | Q27: =Effort!N25 -> 137.04225 | R27: =Harvest!N25 -> 123.7801 | S27: =CPUE!N25 -> 0.90322581 | T27: =E27+H27+Q27 -> 1778.8597 | U27: =F27+I27+R27 -> 9730.7178
A28: 40565 | B28: 40565 | C28: -0.6 | D28: 0.84652778 | E28: =Effort!F26 -> 2094 | F28: =Harvest!F26 -> 27187 | G28: =CPUE!F26 -> 12.983286 | H28: =Effort!H26 -> 1930 | I28: =Harvest!H26 -> 13550 | J28: =CPUE!H26 -> 7.0207254 | K28: =Effort!J26 -> CLOSED | L28: =Harvest!J26 -> CLOSED | M28: =CPUE!J26 -> CLOSED | N28: =Effort!L26 -> CLOSED | O28: =Harvest!L26 -> CLOSED | P28: =CPUE!L26 -> CLOSED | Q28: =Effort!N26 -> 199.0915 | R28: =Harvest!N26 -> 298.63725 | S28: =CPUE!N26 -> 1.5 | T28: =E28+H28+Q28 -> 4223.0915 | U28: =F28+I28+R28 -> 41035.637
A29: Tide Series Totals | E29: =SUM(E26:E28) -> 3913 | F29: =SUM(F26:F28) -> 38523 | G29: =F29/E29 -> 9.8448761 | H29: =SUM(H26:H28) -> 3122.8175 | I29: =SUM(I26:I28) -> 16210.938 | J29: =I29/H29 -> 5.1911256 | Q29: =SUM(Q27:Q28) -> 336.13375 | R29: =SUM(R27:R28) -> 422.41734 | S29: =R29/Q29 -> 1.2566942 | T29: =SUM(T26:T28) -> 7371.9512 | U29: =SUM(U26:U28) -> 55156.355
A30: 40591 | B30: 40591 | C30: -0.9 | D30: 0.74513889 | E30: =Effort!F28 -> CLOSED | F30: =Harvest!F28 -> CLOSED | G30: =CPUE!F28 -> CLOSED | H30: =Effort!H28 -> 1684 | I30: =Harvest!H28 -> 23720 | J30: =CPUE!H28 -> 14.085511 | K30: =Effort!J28 -> CLOSED | L30: =Harvest!J28 -> CLOSED | M30: =CPUE!J28 -> CLOSED | N30: =Effort!L28 -> CLOSED | O30: =Harvest!L28 -> CLOSED | P30: =CPUE!L28 -> CLOSED | Q30: =Effort!N28 -> CLOSED | R30: =Harvest!N28 -> CLOSED | S30: =CPUE!N28 -> CLOSED | T30: =+H30 -> 1684 | U30: =+I30 -> 23720
A31: 40592 | B31: 40592 | C31: -0.9 | D31: 0.77291667 | E31: =Effort!F29 -> 2081 | F31: =Harvest!F29 -> 29901 | G31: =CPUE!F29 -> 14.368573 | H31: =Effort!H29 -> 2064.2806 | I31: =Harvest!H29 -> 26271.248 | J31: =CPUE!H29 -> 12.726588 | K31: =Effort!J29 -> 5430 | L31: =Harvest!J29 -> 81453 | M31: =CPUE!J29 -> 15.000552 | N31: =Effort!L29 -> 1762 | O31: =Harvest!L29 -> 21146 | P31: =CPUE!L29 -> 12.001135 | Q31: =Effort!N29 -> 114.51342 | R31: =Harvest!N29 -> 204.48825 | S31: =CPUE!N29 -> 1.7857143 | T31: =E31+H31+K31+N31+Q31 -> 11451.794 | U31: =F31+I31+L31+O31+R31 -> 158975.74
A32: 40593 | B32: 40593 | C32: -0.5 | D32: 0.80069444 | E32: =Effort!F30 -> 4286 | F32: =Harvest!F30 -> 61662 | G32: =CPUE!F30 -> 14.386841 | H32: =Effort!H30 -> 2727.5943 | I32: =Harvest!H30 -> 32891.872 | J32: =CPUE!H30 -> 12.058931 | K32: =Effort!J30 -> 6223 | L32: =Harvest!J30 -> 83649 | M32: =CPUE!J30 -> 13.441909 | N32: =Effort!L30 -> 3280 | O32: =Harvest!L30 -> 44806 | P32: =CPUE!L30 -> 13.660366 | Q32: =Effort!N30 -> 148.21029 | R32: =Harvest!N30 -> 304.88973 | S32: =CPUE!N30 -> 2.0571429 | T32: =E32+H32+K32+N32+Q32 -> 16664.805 | U32: =F32+I32+L32+O32+R32 -> 223313.76
A33: Tide Series Totals | E33: =SUM(E30:E32) -> 6367 | F33: =SUM(F30:F32) -> 91563 | G33: =F33/E33 -> 14.38087 | H33: =SUM(H30:H32) -> 6475.8748 | I33: =SUM(I30:I32) -> 82883.12 | J33: =I33/H33 -> 12.798753 | K33: =SUM(K31:K32) -> 11653 | L33: =SUM(L31:L32) -> 165102 | M33: =L33/K33 -> 14.168197 | N33: =SUM(N31:N32) -> 5042 | O33: =SUM(O31:O32) -> 65952 | P33: =O33/N33 -> 13.080524 | Q33: =SUM(Q31:Q32) -> 262.72371 | R33: =SUM(R31:R32) -> 509.37798 | S33: =R33/Q33 -> 1.9388352 | T33: =E33+H33+K33+N33+Q33 -> 29800.599 | U33: =F33+I33+L33+O33+R33 -> 406009.5
A34: 40621 | B34: 40621 | C34: -0.1 | D34: 0.79444444 | E34: =Effort!F32 -> 5243 | F34: =Harvest!F32 -> 57414 | G34: =CPUE!F32 -> 10.950601 | H34: =Effort!H32 -> 2226 | I34: =Harvest!H32 -> 12212 | J34: =CPUE!H32 -> 5.4860737 | K34: =Effort!J32 -> 4083 | L34: =Harvest!J32 -> 50610 | M34: =CPUE!J32 -> 12.395298 | N34: =Effort!L32 -> 4610 | O34: =Harvest!L32 -> 50640 | P34: =CPUE!L32 -> 10.984816 | Q34: =Effort!N32 -> CLOSED | R34: =Harvest!N32 -> CLOSED | S34: =CPUE!N32 -> CLOSED | T34: =+E34+H34+K34+N34 -> 16162 | U34: =+F34+I34+L34+O34 -> 170876
A35: 40622 | B35: 40622 | C35: -0.5 | D35: 0.31666667 | E35: =Effort!F33 -> 2947 | F35: =Harvest!F33 -> 43099 | G35: =CPUE!F33 -> 14.624703 | H35: =Effort!H33 -> 1456 | I35: =Harvest!H33 -> 20431 | J35: =CPUE!H33 -> 14.03228 | K35: =Effort!J33 -> 5544 | L35: =Harvest!J33 -> 79431 | M35: =CPUE!J33 -> 14.327381 | N35: =Effort!L33 -> 1808 | O35: =Harvest!L33 -> 26959 | P35: =CPUE!L33 -> 14.910951 | Q35: =Effort!N33 -> CLOSED | R35: =Harvest!N33 -> CLOSED | S35: =CPUE!N33 -> CLOSED | T35: =+E35+H35+K35+N35 -> 11755 | U35: =+F35+I35+L35+O35 -> 169920
A36: 40623 | B36: 40623 | C36: -0.9 | D36: 0.34930556 | E36: =Effort!F34 -> 2599 | F36: =Harvest!F34 -> 35088 | G36: =CPUE!F34 -> 13.500577 | H36: =Effort!H34 -> 1229 | I36: =Harvest!H34 -> 9299 | J36: =CPUE!H34 -> 7.5663141 | K36: =Effort!J34 -> CLOSED | L36: =Harvest!J34 -> CLOSED | M36: =CPUE!J34 -> CLOSED | N36: =Effort!L34 -> CLOSED | O36: =Harvest!L34 -> CLOSED | P36: =CPUE!L34 -> CLOSED | Q36: =Effort!N34 -> CLOSED | R36: =Harvest!N34 -> CLOSED | S36: =CPUE!N34 -> CLOSED | T36: =+E36+H36 -> 3828 | U36: =+F36+I36 -> 44387
A37: 40624 | B37: 40624 | C37: -1 | D37: 0.38333333 | E37: =Effort!F35 -> 1730 | F37: =Harvest!F35 -> 25950 | G37: =CPUE!F35 -> 15 | H37: =Effort!H35 -> 725 | I37: =Harvest!H35 -> 9450 | J37: =CPUE!H35 -> 13.034483 | K37: =Effort!J35 -> CLOSED | L37: =Harvest!J35 -> CLOSED | M37: =CPUE!J35 -> CLOSED | N37: =Effort!L35 -> CLOSED | O37: =Harvest!L35 -> CLOSED | P37: =CPUE!L35 -> CLOSED | Q37: =Effort!N35 -> CLOSED | R37: =Harvest!N35 -> CLOSED | S37: =CPUE!N35 -> CLOSED | T37: =+E37+H37 -> 2455 | U37: =+F37+I37 -> 35400
A38: Tide Series Totals | E38: =SUM(E34:E37) -> 12519 | F38: =SUM(F34:F37) -> 161551 | G38: =F38/E38 -> 12.904465 | H38: =SUM(H34:H37) -> 5636 | I38: =SUM(I34:I37) -> 51392 | J38: =I38/H38 -> 9.1185238 | K38: =SUM(K34:K37) -> 9627 | L38: =SUM(L34:L37) -> 130041 | M38: =L38/K38 -> 13.507946 | N38: =SUM(N34:N37) -> 6418 | O38: =SUM(O34:O37) -> 77599 | P38: =O38/N38 -> 12.090838 | T38: =SUM(T34:T37) -> 34200 | U38: =SUM(U34:U37) -> 420583
A39: 40640 | B39: 40640 | C39: 0.1 | D39: 0.40069444 | E39: =Effort!F37 -> 2520 | F39: =Harvest!F37 -> 30618 | G39: =CPUE!F37 -> 12.15 | H39: =Effort!H37 -> 1663 | I39: =Harvest!H37 -> 23027 | J39: =CPUE!H37 -> 13.846663 | K39: =Effort!J37 -> CLOSED | L39: =Harvest!J37 -> CLOSED | M39: =CPUE!J37 -> CLOSED | N39: =Effort!L37 -> CLOSED | O39: =Harvest!L37 -> CLOSED | P39: =CPUE!L37 -> CLOSED | Q39: =Effort!N37 -> CLOSED | R39: =Harvest!N37 -> CLOSED | S39: =CPUE!N37 -> CLOSED | T39: =+E39+H39 -> 4183 | U39: =+F39+I39 -> 53645
A40: 40641 | B40: 40641 | C40: 0.2 | D40: 0.42986111 | E40: =Effort!F38 -> 4192 | F40: =Harvest!F38 -> 48762 | G40: =CPUE!F38 -> 11.632156 | H40: =Effort!H38 -> 3497 | I40: =Harvest!H38 -> 27976 | J40: =CPUE!H38 -> 8 | K40: =Effort!J38 -> CLOSED | L40: =Harvest!J38 -> CLOSED | M40: =CPUE!J38 -> CLOSED | N40: =Effort!L38 -> CLOSED | O40: =Harvest!L38 -> CLOSED | P40: =CPUE!L38 -> CLOSED | Q40: =Effort!N38 -> CLOSED | R40: =Harvest!N38 -> CLOSED | S40: =CPUE!N38 -> CLOSED | T40: =+E40+H40 -> 7689 | U40: =+F40+I40 -> 76738
A41: 40642 | B41: 40642 | C41: 0.4 | D41: 0.46319444 | E41: =Effort!F39 -> 5569 | F41: =Harvest!F39 -> 68684 | G41: =CPUE!F39 -> 12.333273 | H41: =Effort!H39 -> 4146 | I41: =Harvest!H39 -> 45169 | J41: =CPUE!H39 -> 10.894597 | K41: =Effort!J39 -> CLOSED | L41: =Harvest!J39 -> CLOSED | M41: =CPUE!J39 -> CLOSED | N41: =Effort!L39 -> CLOSED | O41: =Harvest!L39 -> CLOSED | P41: =CPUE!L39 -> CLOSED | Q41: =Effort!N39 -> CLOSED | R41: =Harvest!N39 -> CLOSED | S41: =CPUE!N39 -> CLOSED | T41: =+E41+H41 -> 9715 | U41: =+F41+I41 -> 113853
A42: Tide Series Totals | E42: =SUM(E39:E41) -> 12281 | F42: =SUM(F39:F41) -> 148064 | G42: =F42/E42 -> 12.056347 | H42: =SUM(H39:H41) -> 9306 | I42: =SUM(I39:I41) -> 96172 | J42: =I42/H42 -> 10.334408 | T42: =E42+H42+K42+N42+Q42 -> 21587 | U42: =F42+I42+L42+O42+R42 -> 244236
A43: 40652 | B43: 40652 | C43: -1.8 | D43: 0.33819444 | E43: =Effort!F41 -> 1944 | F43: =Harvest!F41 -> 29264 | G43: =CPUE!F41 -> 15.053498 | H43: =Effort!H41 -> 1435 | I43: =Harvest!H41 -> 21525 | J43: =CPUE!H41 -> 15 | K43: =Effort!J41 -> CLOSED | L43: =Harvest!J41 -> CLOSED | M43: =CPUE!J41 -> CLOSED | N43: =Effort!L41 -> CLOSED | O43: =Harvest!L41 -> CLOSED | P43: =CPUE!L41 -> CLOSED | Q43: =Effort!N41 -> CLOSED | R43: =Harvest!N41 -> CLOSED | S43: =CPUE!N41 -> CLOSED | T43: =+E43+H43 -> 3379 | U43: =+F43+I43 -> 50789
A44: 40653 | B44: 40653 | C44: -1.7 | D44: 0.37083333 | E44: =Effort!F42 -> 2402 | F44: =Harvest!F42 -> 35981 | G44: =CPUE!F42 -> 14.9796 | H44: =Effort!H42 -> 1021 | I44: =Harvest!H42 -> 15315 | J44: =CPUE!H42 -> 15 | K44: =Effort!J42 -> CLOSED | L44: =Harvest!J42 -> CLOSED | M44: =CPUE!J42 -> CLOSED | N44: =Effort!L42 -> CLOSED | O44: =Harvest!L42 -> CLOSED | P44: =CPUE!L42 -> CLOSED | Q44: =Effort!N42 -> CLOSED | R44: =Harvest!N42 -> CLOSED | S44: =CPUE!N42 -> CLOSED | T44: =+E44+H44 -> 3423 | U44: =+F44+I44 -> 51296
A45: 40654 | B45: 40654 | C45: -1.4 | D45: 0.40486111 | E45: =Effort!F43 -> 2095 | F45: =Harvest!F43 -> 31425 | G45: =CPUE!F43 -> 15 | H45: =Effort!H43 -> 983 | I45: =Harvest!H43 -> 14745 | J45: =CPUE!H43 -> 15 | K45: =Effort!J43 -> 3037 | L45: =Harvest!J43 -> 45645 | M45: =CPUE!J43 -> 15.029635 | N45: =Effort!L43 -> 1377 | O45: =Harvest!L43 -> 20657 | P45: =CPUE!L43 -> 15.001452 | Q45: =Effort!N43 -> CLOSED | R45: =Harvest!N43 -> CLOSED | S45: =CPUE!N43 -> CLOSED | T45: =+E45+H45+K45+N45 -> 7492 | U45: =+F45+I45+L45+O45 -> 112472
A46: 40655 | B46: 40655 | C46: -0.8 | D46: 0.43958333 | E46: =Effort!F44 -> 2163 | F46: =Harvest!F44 -> 32445 | G46: =CPUE!F44 -> 15 | H46: =Effort!H44 -> 1056.8662 | I46: =Harvest!H44 -> 15359.578 | J46: =CPUE!H44 -> 14.533134 | K46: =Effort!J44 -> 3591 | L46: =Harvest!J44 -> 52168 | M46: =CPUE!J44 -> 14.52743 | N46: =Effort!L44 -> 1903 | O46: =Harvest!L44 -> 28547 | P46: =CPUE!L44 -> 15.001051 | Q46: =Effort!N44 -> CLOSED | R46: =Harvest!N44 -> CLOSED | S46: =CPUE!N44 -> CLOSED | T46: =+E46+H46+K46+N46 -> 8713.8662 | U46: =+F46+I46+L46+O46 -> 128519.58
A47: 40656 | B47: 40656 | C47: -0.2 | D47: 0.47708333 | E47: =Effort!F45 -> 3032 | F47: =Harvest!F45 -> 45480 | G47: =CPUE!F45 -> 15 | H47: =Effort!H45 -> 1870 | I47: =Harvest!H45 -> 27474 | J47: =CPUE!H45 -> 14.691979 | K47: =Effort!J45 -> 7118 | L47: =Harvest!J45 -> 106039 | M47: =CPUE!J45 -> 14.897303 | N47: =Effort!L45 -> 3299 | O47: =Harvest!L45 -> 49521 | P47: =CPUE!L45 -> 15.010912 | Q47: =Effort!N45 -> CLOSED | R47: =Harvest!N45 -> CLOSED | S47: =CPUE!N45 -> CLOSED | T47: =+E47+H47+K47+N47 -> 15319 | U47: =+F47+I47+L47+O47 -> 228514
A48: Tide Series Totals | E48: =SUM(E43:E47) -> 11636 | F48: =SUM(F43:F47) -> 174595 | G48: =F48/E48 -> 15.004727 | H48: =SUM(H43:H47) -> 6365.8662 | I48: =SUM(I43:I47) -> 94418.578 | J48: =I48/H48 -> 14.832008 | K48: =SUM(K43:K47) -> 13746 | L48: =SUM(L43:L47) -> 203852 | M48: =L48/K48 -> 14.829914 | N48: =SUM(N43:N47) -> 6579 | O48: =SUM(O43:O47) -> 98725 | P48: =O48/N48 -> 15.00608 | T48: =SUM(T43:T47) -> 38326.866 | U48: =SUM(U43:U47) -> 571590.58
A49: 40666 | B49: 40666 | C49: -0.6 | D49: 0.31180556 | E49: =Effort!F47 -> 351 | F49: =Harvest!F47 -> 5265 | G49: =CPUE!F47 -> 15 | H49: =Effort!H47 -> 292 | I49: =Harvest!H47 -> 4380 | J49: =CPUE!H47 -> 15 | K49: =Effort!J47 -> CLOSED | L49: =Harvest!J47 -> CLOSED | M49: =CPUE!J47 -> CLOSED | N49: =Effort!L47 -> CLOSED | O49: =Harvest!L47 -> CLOSED | P49: =CPUE!L47 -> CLOSED | Q49: =Effort!N47 -> CLOSED | R49: =Harvest!N47 -> CLOSED | S49: =CPUE!N47 -> CLOSED | T49: =+E49+H49 -> 643 | U49: =+F49+I49 -> 9645
A50: 40667 | B50: 40667 | C50: -0.8 | D50: 0.33611111 | E50: =Effort!F48 -> 842 | F50: =Harvest!F48 -> 12630 | G50: =CPUE!F48 -> 15 | H50: =Effort!H48 -> 449 | I50: =Harvest!H48 -> 6735 | J50: =CPUE!H48 -> 15 | K50: =Effort!J48 -> CLOSED | L50: =Harvest!J48 -> CLOSED | M50: =CPUE!J48 -> CLOSED | N50: =Effort!L48 -> CLOSED | O50: =Harvest!L48 -> CLOSED | P50: =CPUE!L48 -> CLOSED | Q50: =Effort!N48 -> CLOSED | R50: =Harvest!N48 -> CLOSED | S50: =CPUE!N48 -> CLOSED | T50: =+E50+H50 -> 1291 | U50: =+F50+I50 -> 19365
A51: 40668 | B51: 40668 | C51: -0.8 | D51: 0.36111111 | E51: =Effort!F49 -> 954 | F51: =Harvest!F49 -> 14310 | G51: =CPUE!F49 -> 15 | H51: =Effort!H49 -> 456 | I51: =Harvest!H49 -> 6840 | J51: =CPUE!H49 -> 15 | K51: =Effort!J49 -> CLOSED | L51: =Harvest!J49 -> CLOSED | M51: =CPUE!J49 -> CLOSED | N51: =Effort!L49 -> CLOSED | O51: =Harvest!L49 -> CLOSED | P51: =CPUE!L49 -> CLOSED | Q51: =Effort!N49 -> CLOSED | R51: =Harvest!N49 -> CLOSED | S51: =CPUE!N49 -> CLOSED | T51: =+E51+H51 -> 1410 | U51: =+F51+I51 -> 21150
A52: 40669 | B52: 40669 | C52: -0.8 | D52: 0.3875 | E52: =Effort!F50 -> 1667 | F52: =Harvest!F50 -> 24270 | G52: =CPUE!F50 -> 14.559088 | H52: =Effort!H50 -> 938 | I52: =Harvest!H50 -> 14070 | J52: =CPUE!H50 -> 15 | K52: =Effort!J50 -> CLOSED | L52: =Harvest!J50 -> CLOSED | M52: =CPUE!J50 -> CLOSED | N52: =Effort!L50 -> CLOSED | O52: =Harvest!L50 -> CLOSED | P52: =CPUE!L50 -> CLOSED | Q52: =Effort!N50 -> CLOSED | R52: =Harvest!N50 -> CLOSED | S52: =CPUE!N50 -> CLOSED | T52: =+E52+H52 -> 2605 | U52: =+F52+I52 -> 38340
A53: 40670 | B53: 40670 | C53: -0.6 | D53: 0.41666667 | E53: =Effort!F51 -> 1877 | F53: =Harvest!F51 -> 28155 | G53: =CPUE!F51 -> 15 | H53: =Effort!H51 -> 877 | I53: =Harvest!H51 -> 12596 | J53: =CPUE!H51 -> 14.3626 | K53: =Effort!J51 -> CLOSED | L53: =Harvest!J51 -> CLOSED | M53: =CPUE!J51 -> CLOSED | N53: =Effort!L51 -> 2205 | O53: =Harvest!L51 -> 31730 | P53: =CPUE!L51 -> 14.390023 | Q53: =Effort!N51 -> CLOSED | R53: =Harvest!N51 -> CLOSED | S53: =CPUE!N51 -> CLOSED | T53: =+E53+H53+N53 -> 4959 | U53: =+F53+I53+O53 -> 72481
A54: 40671 | B54: 40671 | C54: -0.4 | D54: 0.44861111 | E54: =Effort!F52 -> 1125 | F54: =Harvest!F52 -> 16875 | G54: =CPUE!F52 -> 15 | H54: =Effort!H52 -> 960 | I54: =Harvest!H52 -> 13826 | J54: =CPUE!H52 -> 14.402083 | K54: =Effort!J52 -> CLOSED | L54: =Harvest!J52 -> CLOSED | M54: =CPUE!J52 -> CLOSED | N54: =Effort!L52 -> 2002 | O54: =Harvest!L52 -> 30023 | P54: =CPUE!L52 -> 14.996503 | Q54: =Effort!N52 -> CLOSED | R54: =Harvest!N52 -> CLOSED | S54: =CPUE!N52 -> CLOSED | T54: =+E54+H54+N54 -> 4087 | U54: =+F54+I54+O54 -> 60724
A55: Tide Series Totals | E55: =SUM(E49:E54) -> 6816 | F55: =SUM(F49:F54) -> 101505 | G55: =F55/E55 -> 14.892165 | H55: =SUM(H49:H54) -> 3972 | I55: =SUM(I49:I54) -> 58447 | J55: =I55/H55 -> 14.714753 | N55: =SUM(N49:N54) -> 4207 | O55: =SUM(O49:O54) -> 61753 | P55: =O55/N55 -> 14.678631 | T55: =SUM(T49:T54) -> 14995 | U55: =SUM(U49:U54) -> 221705
A56: 40681 | B56: 40681 | C56: -2.2 | D56: 0.32777778 | E56: =Effort!F54 -> CLOSED | F56: =Harvest!F54 -> CLOSED | G56: =CPUE!F54 -> CLOSED | H56: =Effort!H54 -> 875 | I56: =Harvest!H54 -> 13128 | J56: =CPUE!H54 -> 15.003429 | K56: =Effort!J54 -> CLOSED | L56: =Harvest!J54 -> CLOSED | M56: =CPUE!J54 -> CLOSED | N56: =Effort!L54 -> CLOSED | O56: =Harvest!L54 -> CLOSED | P56: =CPUE!L54 -> CLOSED | Q56: =Effort!N54 -> CLOSED | R56: =Harvest!N54 -> CLOSED | S56: =CPUE!N54 -> CLOSED | T56: =+H56 -> 875 | U56: =+I56 -> 13128
A57: 40682 | B57: 40682 | C57: -2 | D57: 0.35972222 | E57: =Effort!F55 -> CLOSED | F57: =Harvest!F55 -> CLOSED | G57: =CPUE!F55 -> CLOSED | H57: =Effort!H55 -> 1378 | I57: =Harvest!H55 -> 20662 | J57: =CPUE!H55 -> 14.994194 | K57: =Effort!J55 -> CLOSED | L57: =Harvest!J55 -> CLOSED | M57: =CPUE!J55 -> CLOSED | N57: =Effort!L55 -> CLOSED | O57: =Harvest!L55 -> CLOSED | P57: =CPUE!L55 -> CLOSED | Q57: =Effort!N55 -> CLOSED | R57: =Harvest!N55 -> CLOSED | S57: =CPUE!N55 -> CLOSED | T57: =+H57 -> 1378 | U57: =+I57 -> 20662
A58: 40683 | B58: 40683 | C58: -1.7 | D58: 0.39097222 | E58: =Effort!F56 -> CLOSED | F58: =Harvest!F56 -> CLOSED | G58: =CPUE!F56 -> CLOSED | H58: =Effort!H56 -> 1101 | I58: =Harvest!H56 -> 16449 | J58: =CPUE!H56 -> 14.940054 | K58: =Effort!J56 -> CLOSED | L58: =Harvest!J56 -> CLOSED | M58: =CPUE!J56 -> CLOSED | N58: =Effort!L56 -> 1932 | O58: =Harvest!L56 -> 28910 | P58: =CPUE!L56 -> 14.963768 | Q58: =Effort!N56 -> CLOSED | R58: =Harvest!N56 -> CLOSED | S58: =CPUE!N56 -> CLOSED | T58: =+H58+N58 -> 3033 | U58: =+I58+O58 -> 45359
A59: 40684 | B59: 40684 | C59: -1.1 | D59: 0.42291667 | E59: =Effort!F57 -> 2950 | F59: =Harvest!F57 -> 44791 | G59: =CPUE!F57 -> 15.18339 | H59: =Effort!H57 -> 1685 | I59: =Harvest!H57 -> 19985 | J59: =CPUE!H57 -> 11.860534 | K59: =Effort!J57 -> CLOSED | L59: =Harvest!J57 -> CLOSED | M59: =CPUE!J57 -> CLOSED | N59: =Effort!L57 -> 3533 | O59: =Harvest!L57 -> 52086 | P59: =CPUE!L57 -> 14.742712 | Q59: =Effort!N57 -> CLOSED | R59: =Harvest!N57 -> CLOSED | S59: =CPUE!N57 -> CLOSED | T59: =+E59+H59+N59 -> 8168 | U59: =+F59+I59+O59 -> 116862
A60: 40685 | B60: 40685 | C60: -0.5 | D60: 0.45555556 | E60: =Effort!F58 -> 3083 | F60: =Harvest!F58 -> 46140 | G60: =CPUE!F58 -> 14.965942 | H60: =Effort!H58 -> 1303 | I60: =Harvest!H58 -> 14570 | J60: =CPUE!H58 -> 11.181888 | K60: =Effort!J58 -> CLOSED | L60: =Harvest!J58 -> CLOSED | M60: =CPUE!J58 -> CLOSED | N60: =Effort!L58 -> 2500 | O60: =Harvest!L58 -> 37502 | P60: =CPUE!L58 -> 15.0008 | Q60: =Effort!N58 -> CLOSED | R60: =Harvest!N58 -> CLOSED | S60: =CPUE!N58 -> CLOSED | T60: =+E60+H60+N60 -> 6886 | U60: =+F60+I60+O60 -> 98212
A61: Tide Series Totals | E61: =SUM(E59:E60) -> 6033 | F61: =SUM(F59:F60) -> 90931 | G61: =F61/E61 -> 15.072269 | H61: =SUM(H56:H60) -> 6342 | I61: =SUM(I56:I60) -> 84794 | J61: =I61/H61 -> 13.37023 | N61: =SUM(N58:N60) -> 7965 | O61: =SUM(O58:O60) -> 118498 | P61: =O61/N61 -> 14.877338 | T61: =SUM(T56:T60) -> 20340 | U61: =SUM(U56:U60) -> 294223
A64: SEASON SUBTOTALS: | E64: =E8+E13+E16+E21+E25+E29+E33+E38+E48+E42+E55+E61 -> 87080.083 | F64: =F8+F13+F16+F21+F25+F29+F33+F38+F48+F42+F55+F61 -> 1158254 | G64: =F64/E64 -> 13.301021 | H64: =H8+H13+H16+H21+H25+H29+H33+H38+H48+H42+H55+H61 -> 67982.972 | I64: =I8+I13+I16+I21+I25+I29+I33+I38+I48+I42+I55+I61 -> 813661.64 | J64: =I64/H64 -> 11.96861 | K64: =K8+K13+K16+K21+K25+K29+K33+K38+K48+K42+K55+K61 -> 71996 | L64: =L8+L13+L16+L21+L25+L29+L33+L38+L48+L42+L55+L61 -> 950168 | M64: =L64/K64 -> 13.197511 | N64: =N8+N13+N16+N21+N25+N29+N33+N38+N48+N42+N55+N61 -> 48496 | O64: =O8+O13+O16+O21+O25+O29+O33+O38+O48+O42+O55+O61 -> 668642 | P64: =O64/N64 -> 13.78757 | Q64: =Q8+Q13+Q16+Q21+Q25+Q29+Q33+Q38+Q48+Q42+Q55+Q61 -> 2453.7219 | R64: =R8+R13+R16+R21+R25+R29+R33+R38+R48+R42+R55+R61 -> 16937.134 | S64: =R64/Q64 -> 6.9026298 | T64: =T8+T13+T16+T21+T25+T29+T33+T38+T48+T42+T55+T61 -> 278008.78 | U64: =U8+U13+U16+U21+U25+U29+U33+U38+U48+U42+U55+U61 -> 3607662.8
A65: WASTAGE | F65: =+Harvest!F63 -> 8117.67 | I65: =Harvest!H63 -> 15740.44 | L65: =Harvest!J63 -> 15096 | O65: =Harvest!L63 -> 14142 | U65: =F65+I65+L65+O65+R65 -> 53096.11
A66: SEASON TOTALS: | E66: =E64 -> 87080.083 | F66: =F64+F65 -> 1166371.7 | G66: =F66/E66 -> 13.394242 | H66: =H64 -> 67982.972 | I66: =I64+I65 -> 829402.08 | J66: =I66/H66 -> 12.200145 | K66: =K64 -> 71996 | L66: =L64+L65 -> 965264 | M66: =L66/K66 -> 13.407189 | N66: =N64 -> 48496 | O66: =O64+O65 -> 682784 | P66: =O66/N66 -> 14.079182 | Q66: =Q64 -> 2453.7219 | R66: =R64+R65 -> 16937.134 | S66: =R66/Q66 -> 6.9026298 | T66: =SUM(T64:T65) -> 278008.78 | U66: =SUM(U64:U65) -> 3660758.9
A67: % of TAC Harvested: | F67: =Harvest!F66 -> 0.91390697 | I67: =Harvest!H66 -> 0.98104441 | L67: =Harvest!J66 -> 1.4129245 | O67: =Harvest!L66 -> 1.2514675 | R67: =Harvest!N66 -> 0.065413502

Sheet TAC
A1: 2009 FALL - 2010 SPRING NON-TRIBAL TOTAL ALLOWABLE CATCH (TAC)
A4: LONG BEACH | B4: 1276247.7
A5: TWIN HARBORS | B5: 845427.67
A6: COPALIS | B6: 683167.41
A7: MOCROCKS | B7: 545586.69
A8: KALALOCH | B8: 258924.12
A9: COASTWIDE TAC | B9: =SUM(B4:B8) -> 3609353.6

Sheet Copy Sheet
A1: BeachName | B1: Date | C1: LocationID | D1: CPUE | E1: CorrectionFactor | F1: Calc People | G1: EstCorEffort | H1: TotHarvest
A2: Copalis | B2: 40459 | C2: 31002 | D2: 14.918367 | E2: 1.4313999 | F2: 27 | G2: 38 | H2: 567
A3: Copalis | B3: 40459 | C3: 31005 | D3: 14.666667 | E3: 1.4313999 | F3: 707 | G3: 992 | H3: 14799
A4: Copalis | B4: 40459 | C4: 32007 | D4: 15 | E4: 1.4313999 | F4: 440 | G4: 617 | H4: 9205
A5: Copalis | B5: 40459 | C5: 32009 | D5: 15 | E5: 1.4313999 | F5: 351 | G5: 492 | H5: 7340
A6: Copalis | B6: 40459 | C6: 33012 | D6: 15 | E6: 1.4313999 | F6: 784 | G6: 1100 | H6: 16410
A7: Copalis | B7: 40459 | C7: 33013 | D7: 14.918367 | E7: 1.4313999 | F7: 6 | G7: 8 | H7: 119
G8: =SUM(G2:G7) -> 3247 | H8: =SUM(H2:H7) -> 48440
A10: BeachName | B10: Date | C10: LocationID | D10: CPUE | E10: CorrectionFactor | F10: Calc People | G10: EstCorEffort | H10: TotHarvest
A11: Copalis | B11: 40460 | C11: 31002 | D11: 5.0298507 | E11: 1.4357001 | F11: 22 | G11: 31 | H11: 156
A12: Copalis | B12: 40460 | C12: 31005 | D12: 6.8888889 | E12: 1.4357001 | F12: 636 | G12: 887 | H12: 4461
A13: Copalis | B13: 40460 | C13: 32007 | D13: 4.9545455 | E13: 1.4357001 | F13: 387 | G13: 540 | H13: 2675
A14: Copalis | B14: 40460 | C14: 32009 | D14: 8.3076923 | E14: 1.4357001 | F14: 131 | G14: 183 | H14: 1520
A15: Copalis | B15: 40460 | C15: 33012 | D15: 2.5217391 | E15: 1.4357001 | F15: 334 | G15: 466 | H15: 1175
A16: Copalis | B16: 40460 | C16: 33013 | D16: 5.0298507 | E16: 1.4357001 | F16: 2 | G16: 3 | H16: 15
G17: =SUM(G11:G16) -> 2110 | H17: =SUM(H11:H16) -> 10002
A19: BeachName | B19: Date | C19: LocationID | D19: CPUE | E19: CorrectionFactor | F19: Calc People | G19: EstCorEffort | H19: TotHarvest
A20: Mocrocks | B20: 40459 | C20: 41100 | D20: 15 | E20: 1.43685 | F20: 75 | G20: 106 | H20: 1590
A21: Mocrocks | B21: 40459 | C21: 41200 | D21: 15 | E21: 1.43685 | F21: 87 | G21: 123 | H21: 1772
A22: Mocrocks | B22: 40459 | C22: 41300 | D22: 15 | E22: 1.43685 | F22: 179 | G22: 254 | H22: 3810
A23: Mocrocks | B23: 40459 | C23: 41400 | D23: 13.8 | E23: 1.43685 | F23: 388 | G23: 550 | H23: 7925
A24: Mocrocks | B24: 40459 | C24: 42500 | D24: 13.333333 | E24: 1.43685 | F24: 143 | G24: 203 | H24: 2707
A25: Mocrocks | B25: 40459 | C25: 42600 | D25: 15 | E25: 1.43685 | F25: 284 | G25: 402 | H25: 5792
G26: =SUM(G20:G25) -> 1638 | H26: =SUM(H20:H25) -> 23596
A28: BeachName | B28: Date | C28: LocationID | D28: CPUE | E28: CorrectionFactor | F28: Calc People | G28: EstCorEffort | H28: TotHarvest
A29: Mocrocks | B29: 40460 | C29: 41100 | D29: 4.8727273 | E29: 1.518425 | F29: 39 | G29: 57 | H29: 278
A30: Mocrocks | B30: 40460 | C30: 41200 | D30: 15 | E30: 1.518425 | F30: 20 | G30: 29 | H30: 435
A31: Mocrocks | B31: 40460 | C31: 41300 | D31: 6.5 | E31: 1.518425 | F31: 291 | G31: 426 | H31: 2769
A32: Mocrocks | B32: 40460 | C32: 41400 | D32: 3 | E32: 1.518425 | F32: 290 | G32: 425 | H32: 2071
A33: Mocrocks | B33: 40460 | C33: 42500 | D33: 2.3636364 | E33: 1.518425 | F33: 18 | G33: 26 | H33: 61
A34: Mocrocks | B34: 40460 | C34: 42600 | D34: 3.4 | E34: 1.518425 | F34: 202 | G34: 296 | H34: 1442
G35: =SUM(G29:G34) -> 1259 | H35: =SUM(H29:H34) -> 7056
A37: BeachName | B37: Date | C37: LocationID | D37: CPUE | E37: CorrectionFactor | F37: Calc People | G37: EstCorEffort | H37: TotHarvest
A38: Twin Harbors | B38: 40458 | C38: 21100 | D38: 14.648148 | E38: 1.3793 | F38: 3 | G38: 4 | H38: 59
A39: Twin Harbors | B39: 40458 | C39: 21200 | D39: 14.8 | E39: 1.3793 | F39: 755 | G39: 1041 | H39: 15249
A40: Twin Harbors | B40: 40458 | C40: 22307 | D40: 14.545455 | E40: 1.3793 | F40: 653 | G40: 901 | H40: 13198
A41: Twin Harbors | B41: 40458 | C41: 22309 | D41: 14.647059 | E41: 1.3793 | F41: 607 | G41: 837 | H41: 12260
G42: =SUM(G38:G41) -> 2783 | H42: =SUM(H38:H41) -> 40766
A44: BeachName | B44: Date | C44: LocationID | D44: CPUE | E44: CorrectionFactor | F44: Calc People | G44: EstCorEffort | H44: TotHarvest
A45: Twin Harbors | B45: 40459 | C45: 21100 | D45: 14.666667 | E45: 1.3793 | F45: 12 | G45: 15 | H45: 220
A46: Twin Harbors | B46: 40459 | C46: 21200 | D46: 15 | E46: 1.3793 | F46: 547 | G46: 687 | H46: 10076
A47: Twin Harbors | B47: 40459 | C47: 22307 | D47: 13.857143 | E47: 1.3793 | F47: 443 | G47: 556 | H47: 8155
A48: Twin Harbors | B48: 40459 | C48: 22309 | D48: 14.956522 | E48: 1.3793 | F48: 447 | G48: 561 | H48: 8391
G49: =SUM(G45:G48) -> 1819 | H49: =SUM(H45:H48) -> 26842
A51: BeachName | B51: Date | C51: LocationID | D51: CPUE | E51: CorrectionFactor | F51: Calc People | G51: EstCorEffort | H51: TotHarvest
A52: Twin Harbors | B52: 40461 | C52: 21100 | D52: 10.16 | E52: 1.3793 | F52: 0 | G52: 0 | H52: 0
A53: Twin Harbors | B53: 40461 | C53: 21200 | D53: 9.7142857 | E53: 1.3793 | F53: 254 | G53: 337 | H53: 3424
A54: Twin Harbors | B54: 40461 | C54: 22307 | D54: 10.142857 | E54: 1.3793 | F54: 326 | G54: 432 | H54: 4389
A55: Twin Harbors | B55: 40461 | C55: 22309 | D55: 11 | E55: 1.3793 | F55: 216 | G55: 286 | H55: 2906
G56: =SUM(G52:G55) -> 1055 | H56: =SUM(H52:H55) -> 10719
A58: BeachName | B58: Date | C58: LocationID | D58: CPUE | E58: CorrectionFactor | F58: Calc People | G58: EstCorEffort | H58: TotHarvest
A59: LongBeach | B59: 40459 | C59: 11101 | D59: 15.035714 | E59: 1.4287666 | F59: 72 | G59: 103 | H59: 1549
A60: LongBeach | B60: 40459 | C60: 11104 | D60: 15.035714 | E60: 1.4287666 | F60: 103 | G60: 147 | H60: 2210
A61: LongBeach | B61: 40459 | C61: 12300 | D61: 15.035714 | E61: 1.4287666 | F61: 195 | G61: 279 | H61: 4195
A62: LongBeach | B62: 40459 | C62: 12400 | D62: 15 | E62: 1.4287666 | F62: 513 | G62: 733 | H62: 11021
A63: LongBeach | B63: 40459 | C63: 12500 | D63: 15 | E63: 1.4287666 | F63: 870 | G63: 1243 | H63: 18689
A64: LongBeach | B64: 40459 | C64: 12600 | D64: 15.142857 | E64: 1.4287666 | F64: 889 | G64: 1270 | H64: 19095
G65: =SUM(G59:G64) -> 3775 | H65: =SUM(H59:H64) -> 56759
A67: BeachName | B67: Date | C67: LocationID | D67: CPUE | E67: CorrectionFactor | F67: Calc People | G67: EstCorEffort | H67: TotHarvest
A68: Mocrocks | B68: 40487 | C68: 41100 | D68: 15 | E68: 1.466175 | F68: 46 | G68: 67 | H68: 1005
A69: Mocrocks | B69: 40487 | C69: 41200 | D69: 15 | E69: 1.466175 | F69: 110 | G69: 161 | H69: 2503
A70: Mocrocks | B70: 40487 | C70: 41300 | D70: 15.548387 | E70: 1.466175 | F70: 182 | G70: 267 | H70: 4151
A71: Mocrocks | B71: 40487 | C71: 41400 | D71: 20 | E71: 1.466175 | F71: 302 | G71: 443 | H71: 6888
A72: Mocrocks | B72: 40487 | C72: 42500 | D72: 15.5 | E72: 1.466175 | F72: 135 | G72: 198 | H72: 3079
A73: Mocrocks | B73: 40487 | C73: 42600 | D73: 15 | E73: 1.466175 | F73: 257 | G73: 377 | H73: 5655
G74: =SUM(G68:G73) -> 1513 | H74: =SUM(H68:H73) -> 23281
A76: BeachName | B76: Date | C76: LocationID | D76: CPUE | E76: CorrectionFactor | F76: Calc People | G76: EstCorEffort | H76: TotHarvest
A77: Copalis | B77: 40487 | C77: 31002 | D77: 12 | E77: 1.6303999 | F77: 15 | G77: 24 | H77: 288
A78: Copalis | B78: 40487 | C78: 31005 | D78: 9.75 | E78: 1.6303999 | F78: 422 | G78: 688 | H78: 9453
A79: Copalis | B79: 40487 | C79: 32007 | D79: 15 | E79: 1.6303999 | F79: 285 | G79: 465 | H79: 6389
A80: Copalis | B80: 40487 | C80: 32009 | D80: 13.666667 | E80: 1.6303999 | F80: 179 | G80: 292 | H80: 4012
A81: Copalis | B81: 40487 | C81: 33012 | D81: 15.043478 | E81: 1.6303999 | F81: 607 | G81: 990 | H81: 13602
A82: Copalis | B82: 40487 | C82: 33013 | D82: 13.73913 | E82: 1.6303999 | F82: 12 | G82: 20 | H82: 275
G83: =SUM(G77:G82) -> 2479 | H83: =SUM(H77:H82) -> 34019
A85: BeachName | B85: Date | C85: LocationID | D85: CPUE | E85: CorrectionFactor | F85: Calc People | G85: EstCorEffort | H85: TotHarvest
A86: Mocrocks | B86: 40488 | C86: 41100 | D86: 15 | E86: 1.4282 | F86: 16 | G86: 22 | H86: 330
A87: Mocrocks | B87: 40488 | C87: 41200 | D87: 12.444444 | E87: 1.4282 | F87: 48 | G87: 65 | H87: 809
A88: Mocrocks | B88: 40488 | C88: 41300 | D88: 13.75 | E88: 1.4282 | F88: 182 | G88: 246 | H88: 3382
A89: Mocrocks | B89: 40488 | C89: 41400 | D89: 10.5 | E89: 1.4282 | F89: 282 | G89: 382 | H89: 4754
A90: Mocrocks | B90: 40488 | C90: 42500 | D90: 15 | E90: 1.4282 | F90: 42 | G90: 57 | H90: 855
A91: Mocrocks | B91: 40488 | C91: 42600 | D91: 10.428571 | E91: 1.4282 | F91: 128 | G91: 173 | H91: 1804
G92: =SUM(G86:G91) -> 945 | H92: =SUM(H86:H91) -> 11934
A94: BeachName | B94: Date | C94: LocationID | D94: CPUE | E94: CorrectionFactor | F94: Calc People | G94: EstCorEffort | H94: TotHarvest
A95: Copalis | B95: 40488 | C95: 31002 | D95: 10.202247 | E95: 1.5067333 | F95: 3 | G95: 4 | H95: 41
A96: Copalis | B96: 40488 | C96: 31005 | D96: 11.363636 | E96: 1.5067333 | F96: 647 | G96: 904 | H96: 9223
A97: Copalis | B97: 40488 | C97: 32007 | D97: 8.9677419 | E97: 1.5067333 | F97: 595 | G97: 831 | H97: 7452
A98: Copalis | B98: 40488 | C98: 32009 | D98: 10.9 | E98: 1.5067333 | F98: 265 | G98: 370 | H98: 4033
A99: Copalis | B99: 40488 | C99: 33012 | D99: 10.125 | E99: 1.5067333 | F99: 648 | G99: 905 | H99: 9233
A100: Copalis | B100: 40488 | C100: 33013 | D100: 10.202247 | E100: 1.5067333 | F100: 3 | G100: 4 | H100: 41
G101: =SUM(G95:G100) -> 3018 | H101: =SUM(H95:H100) -> 30023
A103: BeachName | B103: Date | C103: LocationID | D103: CPUE | E103: CorrectionFactor | F103: Calc People | G103: EstCorEffort | H103: TotHarvest
A104: Twin Harbors | B104: 40489 | C104: 21100 | D104: 13.333333 | E104: 1.4303 | F104: 4 | G104: 5 | H104: 67
A105: Twin Harbors | B105: 40489 | C105: 21200 | D105: 15 | E105: 1.4303 | F105: 284 | G105: 353 | H105: 4707
A106: Twin Harbors | B106: 40489 | C106: 22307 | D106: 11.071429 | E106: 1.4303 | F106: 311 | G106: 386 | H106: 5147
A107: Twin Harbors | B107: 40489 | C107: 22309 | D107: 15 | E107: 1.4303 | F107: 113 | G107: 140 | H107: 2100
G108: =SUM(G104:G107) -> 884 | H108: =SUM(H104:H107) -> 12021
A110: BeachName | B110: Date | C110: LocationID | D110: CPUE | E110: CorrectionFactor | F110: Calc People | G110: EstCorEffort | H110: TotHarvest
A111: LongBeach | B111: 40487 | C111: 11101 | D111: 15 | E111: 1.2647667 | F111: 54 | G111: 65 | H111: 975
A112: LongBeach | B112: 40487 | C112: 11104 | D112: 15 | E112: 1.2647667 | F112: 78 | G112: 94 | H112: 1410
A113: LongBeach | B113: 40487 | C113: 11200 | D113: 15 | E113: 1.2647667 | F113: 147 | G113: 178 | H113: 2670
...

Sheet Twin Harbors Data
A1: Date | B1: LocationID | C1: CPUE | D1: CorrectionFactor | E1: Calc People | F1: EstCorEffort | G1: TotHarvest
A2: 40458 | B2: 21100 | C2: 14.648148 | D2: 1.3793 | E2: 3 | F2: 4 | G2: 59
A3: 40458 | B3: 21200 | C3: 14.8 | D3: 1.3793 | E3: 755 | F3: 1041 | G3: 15249
A4: 40458 | B4: 22307 | C4: 14.545455 | D4: 1.3793 | E4: 653 | F4: 901 | G4: 13198
A5: 40458 | B5: 22309 | C5: 14.647059 | D5: 1.3793 | E5: 607 | F5: 837 | G5: 12260
A6: 40459 | B6: 21100 | C6: 14.666667 | D6: 1.3793 | E6: 12 | F6: 15 | G6: 220
A7: 40459 | B7: 21200 | C7: 15 | D7: 1.3793 | E7: 547 | F7: 687 | G7: 10076
A8: 40459 | B8: 22307 | C8: 13.857143 | D8: 1.3793 | E8: 443 | F8: 556 | G8: 8155
A9: 40459 | B9: 22309 | C9: 14.956522 | D9: 1.3793 | E9: 447 | F9: 561 | G9: 8391
A10: 40461 | B10: 21100 | C10: 10.16 | D10: 1.3793 | E10: 0 | F10: 0 | G10: 0
A11: 40461 | B11: 21200 | C11: 9.7142857 | D11: 1.3793 | E11: 254 | F11: 337 | G11: 3424
A12: 40461 | B12: 22307 | C12: 10.142857 | D12: 1.3793 | E12: 326 | F12: 432 | G12: 4389
A13: 40461 | B13: 22309 | C13: 11 | D13: 1.3793 | E13: 216 | F13: 286 | G13: 2906
... A53: 40563 | B53: 22309 | C53: 0.28571429 | D53: 1.5346667 | E53: 110 | F53: 169 | G53: 48
A54: 40564 | B54: 21100 | C54: 3.0338983 | D54: 1.534667 | E54: 0 | F54: =+E54*D54 -> 0 | G54: =+F54*C54 -> 0
A55: 40564 | B55: 21200 | C55: 3.0338983 | D55: 1.534667 | E55: 158.5625 | F55: =+E55*D55 -> 243.34064 | G55: =+F55*C55 -> 738.27074
A56: 40564 | B56: 22307 | C56: 3.0338983 | D56: 1.534667 | E56: 199.125 | F56: =+E56*D56 -> 305.59057 | G56: =+F56*C56 -> 927.1307
A57: 40564 | B57: 22309 | C57: 3.0338983 | D57: 1.534667 | E57: 55.3125 | F57: =+E57*D57 -> 84.886268 | G57: =+F57*C57 -> 257.53631
A58: 40565 | B58: 21100 | C58: 7.66 | D58: 1.46735 | E58: 0 | F58: 0 | G58: 0
A59: 40565 | B59: 21200 | C59: 4.7777778 | D59: 1.46735 | E59: 327 | F59: 428 | G59: 2045
A60: 40565 | B60: 22307 | C60: 12.090909 | D60: 1.46735 | E60: 653 | F60: 856 | G60: 6557
A61: 40565 | B61: 22309 | C61: 3.1 | D61: 1.46735 | E61: 493 | F61: 646 | G61: 4948
A62: 40591 | B62: 21100 | C62: 13.84507 | D62: 1.4254667 | E62: 0 | F62: 0 | G62: 0
A63: 40591 | B63: 21200 | C63: 13.916667 | D63: 1.4254667 | E63: 437 | F63: 606 | G63: 8434
A64: 40591 | B64: 22307 | C64: 12.823529 | D64: 1.4254667 | E64: 461 | F64: 639 | G64: 8847
A65: 40591 | B65: 22309 | C65: 14.666667 | D65: 1.4254667 | E65: 317 | F65: 439 | G65: 6439
A66: 40621 | B66: 21100 | C66: 5.4328358 | D66: 1.46735 | E66: 37 | F66: 47 | G66: 255
A67: 40621 | B67: 21200 | C67: 3.8333333 | D67: 1.46735 | E67: 776 | F67: 978 | G67: 5313
A68: 40621 | B68: 22307 | C68: 8.1333333 | D68: 1.46735 | E68: 865 | F68: 1090 | G68: 5922
A69: 40621 | B69: 22309 | C69: 6.5 | D69: 1.46735 | E69: 88 | F69: 111 | G69: 722
... A81: 40624 | B81: 22309 | C81: 13 | D81: 1.551 | E81: 51 | F81: 79 | G81: 1027

Sheet Tribal Update
A1: 2010-2011 State (non-Indian) Recreational Razor Clam Effort, Harvest and CPUE totals - FINAL
E2: COPALIS | I2: MOCROCKS | M2: KALALOCH | Q2: DAILY TOTALS
A3: DATE | B3: DAY | C3: TIDE | D3: TIME | E3: Effort | F3: Harvest | G3: CPUE | H3: Size (mm) | I3: Effort | J3: Harvest | K3: CPUE | L3: Size (mm) | M3: Effort | N3: Harvest | O3: CPUE | P3: Size (mm) | Q3: Effort | R3: Harvest
A4: 40459 | B4: 40459 | C4: -1.4 | D4: 0.82083333 | E4: =+'Summary Table'!K5 -> 3990 | F4: =+'Summary Table'!L5 -> 59524 | G4: =+'Summary Table'!M5 -> 14.918296 | I4: =+'Summary Table'!N5 -> 2024 | J4: =+'Summary Table'!O5 -> 29166 | K4: =+'Summary Table'!P5 -> 14.410079 | M4: =+'Summary Table'!Q5 -> 231.69615 | N4: =+'Summary Table'!R5 -> 3363.3312 | O4: =+'Summary Table'!S5 -> 14.516129 | Q4: =+E4+I4+M4 -> 6245.6962 | R4: =+F4+J4+N4 -> 92053.331
A5: 40460 | B5: 40460 | C5: -1.5 | D5: 0.85277778 | E5: =+'Summary Table'!K6 -> 2461 | F5: =+'Summary Table'!L6 -> 12380 | G5: =+'Summary Table'!M6 -> 5.0304754 | I5: =+'Summary Table'!N6 -> 1684 | J5: =+'Summary Table'!O6 -> 8204 | K5: =+'Summary Table'!P6 -> 4.871734 | M5: =+'Summary Table'!Q6 -> 164.26083 | N5: =+'Summary Table'!R6 -> 1551.3522 | O5: =+'Summary Table'!S6 -> 9.4444444 | Q5: =+E5+I5+M5 -> 4309.2608 | R5: =+F5+J5+N5 -> 22135.352
A6: Tide Series Totals | E6: =SUM(E4:E5) -> 6451 | F6: =SUM(F4:F5) -> 71904 | G6: =F6/E6 -> 11.146179 | H6: 119.83 | I6: =SUM(I4:I5) -> 3708 | J6: =SUM(J4:J5) -> 37370 | K6: =J6/I6 -> 10.078209 | L6: 117.94 | M6: =SUM(M4:M5) -> 395.95698 | N6: =SUM(N4:N5) -> 4914.6835 | O6: =N6/M6 -> 12.412165 | P6: 105.27 | Q6: =SUM(Q4:Q5) -> 10554.957 | R6: =SUM(R4:R5) -> 114188.68
A7: 40487 | B7: 40487 | C7: -1.4 | D7: 0.77847222 | E7: 2479 | F7: 34019 | G7: 13.722872 | I7: 1513 | J7: 23281 | K7: 15.38731 | M7: 235.22413 | N7: 3415.4543 | O7: 14.52 | Q7: =+E7+I7+M7 -> 4227.2241 | R7: =+F7+J7+N7 -> 60715.454
A8: 40488 | B8: 40488 | C8: -1.6 | D8: 0.80972222 | E8: 3018 | F8: 30023 | G8: 9.9479788 | I8: 945 | J8: 11934 | K8: 12.628571 | M8: 105.20581 | N8: 444.37676 | O8: 4.2238806 | Q8: =+E8+I8+M8 -> 4068.2058 | R8: =+F8+J8+N8 -> 42401.377
A9: Tide Series Totals | E9: =SUM(E7:E8) -> 5497 | F9: =SUM(F7:F8) -> 64042 | G9: =F9/E9 -> 11.650355 | H9: 108.10714 | I9: =SUM(I7:I8) -> 2458 | J9: =SUM(J7:J8) -> 35215 | K9: =J9/I9 -> 14.326688 | L9: 110.55705 | M9: =SUM(M7:M8) -> 340.42993 | N9: =SUM(N7:N8) -> 3859.8311 | O9: =N9/M9 -> 11.338107 | P9: 107.25 | Q9: =SUM(Q7:Q8) -> 8295.4299 | R9: =SUM(R7:R8) -> 103116.83
A10: 40516 | B10: 40516 | C10: -1.2 | D10: 0.72847222 | E10: 2907 | F10: 43605 | G10: 15 | I10: 1271 | J10: 19065 | K10: 15 | M10: 151.13881 | N10: 1758.9985 | O10: 11.638298 | Q10: =+E10+I10+M10 -> 4329.1388 | R10: =+F10+J10+N10 -> 64428.998
A11: 40517 | B11: 40517 | C11: -1.3 | D11: 0.75972222 | E11: 1257 | F11: 18855 | G11: 15 | I11: 573 | J11: 8595 | K11: 15 | M11: 80.19648 | N11: 879.10992 | O11: 10.961951 | Q11: =+E11+I11+M11 -> 1910.1965 | R11: =+F11+J11+N11 -> 28329.11
A12: Tide Series Totals | E12: =SUM(E10:E11) -> 4164 | F12: =SUM(F10:F11) -> 62460 | G12: =F12/E12 -> 15 | H12: 104.91 | I12: =SUM(I10:I11) -> 1844 | J12: =SUM(J10:J11) -> 27660 | K12: =J12/I12 -> 15 | L12: 110.41 | M12: =SUM(M10:M11) -> 231.33529 | N12: =SUM(N10:N11) -> 2638.1084 | O12: =N12/M12 -> 11.40383 | P12: 104.06 | Q12: =SUM(Q10:Q11) -> 6239.3353 | R12: =SUM(R10:R11) -> 92758.108
A13: 40543 | B13: 40543 | C13: 0 | D13: 0.65277778 | E13: 5756 | F13: 70587 | G13: 12.263204 | I13: 2895 | J13: 41981 | K13: 14.501209 | M13: 379.92566 | N13: 2567.3764 | O13: 6.7575758 | Q13: =+E13+I13+M13 -> 9030.9257 | R13: =+F13+J13+N13 -> 115135.38
A14: 40544 | B14: 40544 | C14: -0.4 | D14: 0.68888889 | E14: 3845 | F14: 40889 | G14: 10.63433 | I14: 2890 | J14: 39731 | K14: 13.747751 | M14: 387.91131 | N14: 543.07584 | O14: 1.4 | Q14: =+E14+I14+M14 -> 7122.9113 | R14: =+F14+J14+N14 -> 81163.076
A15: Tide Series Totals | E15: =SUM(E13:E14) -> 9601 | F15: =SUM(F13:F14) -> 111476 | G15: =F15/E15 -> 11.610874 | H15: 102.11 | I15: =SUM(I13:I14) -> 5785 | J15: =SUM(J13:J14) -> 81712 | K15: =J15/I15 -> 14.124806 | L15: 107.34 | M15: =SUM(M13:M14) -> 767.83697 | N15: =SUM(N13:N14) -> 3110.4522 | O15: =N15/M15 -> 4.050928 | P15: 99.98 | Q15: =SUM(Q13:Q14) -> 16153.837 | R15: =SUM(R13:R14) -> 196298.45
A16: 40564 | B16: 40516 | C16: -1.1 | D16: 0.81805556 | E16: CLOSED | F16: CLOSED | G16: CLOSED | I16: CLOSED | J16: CLOSED | K16: CLOSED | M16: 112 | N16: 101 | O16: 0.9 | Q16: =+M16 -> 112 | R16: =+N16 -> 101
A17: 40565 | B17: 40517 | C17: -0.6 | D17: 0.84652778 | E17: CLOSED | F17: CLOSED | G17: CLOSED | I17: CLOSED | J17: CLOSED | K17: CLOSED | M17: 167 | N17: 251 | O17: 1.5 | Q17: =+M17 -> 167 | R17: =+N17 -> 251
A18: Tide Series Totals | M18: =SUM(M16:M17) -> 279 | N18: =SUM(N16:N17) -> 352 | O18: =N18/M18 -> 1.2616487 | P18: 103.53 | Q18: =SUM(Q16:Q17) -> 279 | R18: =SUM(R16:R17) -> 352
A19: 40592 | B19: 40592 | C19: -0.9 | D19: 0.77291667 | E19: 3272 | F19: 49080 | G19: 15 | I19: 1327 | J19: 16688 | K19: 12.575735 | M19: 96 | N19: 171 | O19: 1.78125 | Q19: =+E19+I19+M19 -> 4695 | R19: =+F19+J19+N19 -> 65939
A20: 40593 | B20: 40593 | C20: -0.5 | D20: 0.80069444 | E20: 4515 | F20: 60694 | G20: 13.442746 | I20: 2679 | J20: 36265 | K20: 13.536767 | M20: 124 | N20: 255 | O20: 2.0564516 | Q20: =+E20+I20+M20 -> 7318 | R20: =+F20+J20+N20 -> 97214
A21: Tide Series Totals | E21: =SUM(E19:E20) -> 7787 | F21: =SUM(F19:F20) -> 109774 | G21: =F21/E21 -> 14.097085 | H21: 109.05 | I21: =SUM(I19:I20) -> 4006 | J21: =SUM(J19:J20) -> 52953 | K21: =J21/I21 -> 13.218422 | L21: 109.2 | M21: =SUM(M19:M20) -> 220 | N21: =SUM(N19:N20) -> 426 | O21: =N21/M21 -> 1.9363636 | P21: 104.9 | Q21: =SUM(Q19:Q20) -> 12013 | R21: =SUM(R19:R20) -> 163153
A22: 40621 | B22: 40621 | C22: -0.1 | D22: 0.79444444 | E22: 4491 | F22: 57326 | G22: 12.76464 | I22: 3609 | J22: 37253 | K22: 10.32225 | M22: CLOSED | N22: CLOSED | O22: CLOSED | Q22: =+E22+I22 -> 8100 | R22: =+F22+J22 -> 94579
A23: 40622 | B23: 40622 | C23: -0.5 | D23: 0.31666667 | E23: 3125 | F23: 44772 | G23: 14.32704 | I23: 1521 | J23: 22725 | K23: 14.940828 | M23: CLOSED | N23: CLOSED | O23: CLOSED | Q23: =+E23+I23 -> 4646 | R23: =+F23+J23 -> 67497
A24: Tide Series Totals | E24: =SUM(E22:E23) -> 7616 | F24: =SUM(F22:F23) -> 102098 | G24: =F24/E24 -> 13.405725 | H24: 111.63 | I24: =SUM(I22:I23) -> 5130 | J24: =SUM(J22:J23) -> 59978 | K24: =J24/I24 -> 11.691618 | L24: 108.62 | Q24: =SUM(Q22:Q23) -> 12746 | R24: =SUM(R22:R23) -> 162076
A25: 40654 | B25: 40654 | C25: -1.4 | D25: 0.40486111 | E25: 2323 | F25: 34911 | G25: 15.028412 | I25: 1119 | J25: 16785 | K25: 15 | M25: CLOSED | N25: CLOSED | O25: CLOSED | Q25: =+E25+I25 -> 3442 | R25: =+F25+J25 -> 51696
A26: 40655 | B26: 40655 | C26: -0.8 | D26: 0.43958333 | E26: 2746 | F26: 39892 | G26: 14.527312 | I26: 1609 | J26: 24135 | K26: 15 | M26: CLOSED | N26: CLOSED | O26: CLOSED | Q26: =+E26+I26 -> 4355 | R26: =+F26+J26 -> 64027
A27: 40656 | B27: 40656 | C27: -0.2 | D27: 0.47708333 | E27: 5442 | F27: 81067 | G27: 14.896545 | I27: 2755 | J27: 41341 | K27: 15.005808 | M27: CLOSED | N27: CLOSED | O27: CLOSED | Q27: =+E27+I27 -> 8197 | R27: =+F27+J27 -> 122408
A28: Tide Series Totals | E28: =SUM(E25:E27) -> 10511 | F28: =SUM(F25:F27) -> 155870 | G28: =F28/E28 -> 14.829227 | H28: 121.13 | I28: =SUM(I25:I27) -> 5483 | J28: =SUM(J25:J27) -> 82261 | K28: =J28/I28 -> 15.002918 | L28: 116.27 | Q28: =SUM(Q25:Q27) -> 15994 | R28: =SUM(R25:R27) -> 238131
A29: 40670 | B29: 40670 | C29: -0.6 | D29: 0.41666667 | E29: CLOSED | F29: CLOSED | G29: CLOSED | I29: 1825 | J29: 26125 | K29: 14.315068 | M29: CLOSED | N29: CLOSED | O29: CLOSED | Q29: =I29 -> 1825 | R29: =J29 -> 26125
A30: 40671 | B30: 40671 | C30: -0.4 | D30: 0.44861111 | E30: CLOSED | F30: CLOSED | G30: CLOSED | I30: 1683 | J30: 25245 | K30: 15 | M30: CLOSED | N30: CLOSED | O30: CLOSED | Q30: =I30 -> 1683 | R30: =J30 -> 25245
I31: =SUM(I29:I30) -> 3508 | J31: =SUM(J29:J30) -> 51370 | K31: =J31/I31 -> 14.643672 | L31: 111.08 | Q31: =+I31 -> 3508 | R31: =+J31 -> 51370
A32: 40683 | B32: 40683 | C32: -1.7 | D32: 0.39097222 | E32: CLOSED | F32: CLOSED | G32: CLOSED | I32: 1599 | J32: 23952 | K32: 14.979362 | M32: CLOSED | N32: CLOSED | O32: CLOSED | Q32: =+I32 -> 1599 | R32: =+J32 -> 23952
A33: 40684 | B33: 40684 | C33: -1.1 | D33: 0.42291667 | E33: CLOSED | F33: CLOSED | G33: CLOSED | I33: 2969 | J33: 43949 | K33: 14.802627 | M33: CLOSED | N33: CLOSED | O33: CLOSED | Q33: =+I33 -> 2969 | R33: =+J33 -> 43949
A34: 40685 | B34: 40685 | C34: -0.5 | D34: 0.45555556 | E34: CLOSED | F34: CLOSED | G34: CLOSED | I34: 2070 | J34: 31050 | K34: 15 | M34: CLOSED | N34: CLOSED | O34: CLOSED | Q34: =+I34 -> 2070 | R34: =+J34 -> 31050
I35: 6638 | J35: 98951 | K35: 14.906749 | L35: 115.99 | Q35: =+I35 -> 6638 | R35: =+J35 -> 98951
A36: SEASON TOTALS: | E36: =E6+E9+E12+E15+E21+E24+E28 -> 51627 | F36: =F6+F9+F12+F15+F21+F24+F28 -> 677624 | G36: =F36/E36 -> 13.12538 | I36: =I6+I9+I12+I15+I21+I24+I28+I31+I35 -> 38560 | J36: =J6+J9+J12+J15+J21+J24+J28+J31+J35 -> 527470 | K36: =J36/I36 -> 13.679201 | M36: =SUM(M6+M9+M12+M15+M18+M21) -> 2234.5592 | N36: =SUM(N6+N9+N12+N15+N18+N21) -> 15301.075 | O36: =N36/M36 -> 6.8474693 | Q36: =SUM(Q6+Q9+Q12+Q15+Q18+Q21) -> 53535.559 | R36: =SUM(R6+R9+R12+R15+R18+R21+R24) -> 831943.08
A37: Wastage: | F37: =+Harvest!J63 -> 15096 | J37: =+Harvest!L63 -> 14142 | R37: =F37+J37+N37 -> 29238
A38: Season total, including Wastage | F38: =F36+F37 -> 692720 | J38: =J36+J37 -> 541612 | N38: =N36+N37 -> 15301.075 | R38: =F38+J38+N38 -> 1249633.1
A39: % of TAC Harvested: | F39: =Harvest!J66 -> 1.4129245 | J39: =Harvest!L66 -> 1.2514675 | N39: =Harvest!N66 -> 0.065413502
A40: Clams left in TAC: | F40: =Harvest!J67 -> -282096.59 | J40: =Harvest!L67 -> -137197.31 | N40: =Harvest!N67 -> 241986.99

Sheet TH Wastage
A1: EventID | B1: BeachName | C1: Date | D1: SumOfWastage | H1: EventID | I1: BeachName | J1: Date | K1: SumOfWastage
A2: 282 | B2: Twin Harbors | C2: 40458 | D2: 1630.64 | H2: 282 | I2: Twin Harbors | J2: 40458 | K2: 1630.64
B3: Twin Harbors | C3: 40516 | D3: 4340.25 | I3: Twin Harbors | J3: 40516 | K3: 4340.25 | N3: 0.15 | O3: 28935 | P3: =+O3*N3 -> 4340.25
A4: 347 | B4: Twin Harbors | C4: 40642 | D4: 903.38 | H4: EventID | I4: BeachName | J4: Date | K4: SumOfWastage
A5: 360 | B5: Twin Harbors | C5: 40652 | D5: 1506.75 | H5: 347 | I5: Twin Harbors | J5: 40642 | K5: 903.38
A6: 361 | B6: Twin Harbors | C6: 40653 | D6: 1072.05 | H6: EventID | I6: BeachName | J6: Date | K6: SumOfWastage
A7: 362 | B7: Twin Harbors | C7: 40654 | D7: 442.35 | H7: 360 | I7: Twin Harbors | J7: 40652 | K7: 1506.75
A8: 363 | B8: Twin Harbors | C8: 40656 | D8: 1373.7 | H8: EventID | I8: BeachName | J8: Date | K8: SumOfWastage
A9: 366 | B9: Twin Harbors | C9: 40666 | D9: 87.6 | H9: 361 | I9: Twin Harbors | J9: 40653 | K9: 1072.05
A10: 371 | B10: Twin Harbors | C10: 40668 | D10: 342 | H10: EventID | I10: BeachName | J10: Date | K10: SumOfWastage
A11: 374 | B11: Twin Harbors | C11: 40669 | D11: 703.5 | H11: 362 | I11: Twin Harbors | J11: 40654 | K11: 442.35
A12: 376 | B12: Twin Harbors | C12: 40671 | D12: 1106.08 | H12: EventID | I12: BeachName | J12: Date | K12: SumOfWastage
A13: 383 | B13: Twin Harbors | C13: 40681 | D13: 918.96 | H13: 363 | I13: Twin Harbors | J13: 40656 | K13: 1373.7
A14: 384 | B14: Twin Harbors | C14: 40682 | D14: 619.86 | H14: EventID | I14: BeachName | J14: Date | K14: SumOfWastage
A15: 385 | B15: Twin Harbors | C15: 40683 | D15: 493.47 | H15: 366 | I15: Twin Harbors | J15: 40666 | K15: 87.6
A16: 386 | B16: Twin Harbors | C16: 40684 | D16: 199.85 | H16: EventID | I16: BeachName | J16: Date | K16: SumOfWastage
A17: 387 | B17: Twin Harbors | C17: 40685 | D17: 0 | H17: 371 | I17: Twin Harbors | J17: 40668 | K17: 342
D18: =SUM(D2:D17) -> 15740.44 | H18: EventID | I18: BeachName | J18: Date | K18: SumOfWastage
H19: 374 | I19: Twin Harbors | J19: 40669 | K19: 703.5
H20: EventID | I20: BeachName | J20: Date | K20: SumOfWastage
H21: 376 | I21: Twin Harbors | J21: 40671 | K21: 1106.08
H22: EventID | I22: BeachName | J22: Date | K22: SumOfWastage
H23: 383 | I23: Twin Harbors | J23: 40681 | K23: 918.96
H24: EventID | I24: BeachName | J24: Date | K24: SumOfWastage
H25: 384 | I25: Twin Harbors | J25: 40682 | K25: 619.86
H26: EventID | I26: BeachName | J26: Date | K26: SumOfWastage
H27: 385 | I27: Twin Harbors | J27: 40683 | K27: 493.47
H28: EventID | I28: BeachName | J28: Date | K28: SumOfWastage
H29: 386 | I29: Twin Harbors | J29: 40684 | K29: 199.85
H30: EventID | I30: BeachName | J30: Date | K30: SumOfWastage
H31: 387 | I31: Twin Harbors | J31: 40685 | K31: 0

Sheet LB Wastage
A1: EventID | B1: BeachName | C1: Date | D1: SumOfWastage | H1: EventID | I1: BeachName | J1: Date | K1: SumOfWastage
A2: 313 | B2: LongBeach | C2: 40543 | D2: 1368.7 | H2: 349 | I2: LongBeach | J2: 40641 | K2: 975.24
A3: 349 | B3: LongBeach | C3: 40641 | D3: 975.24 | H3: EventID | I3: BeachName | J3: Date | K3: SumOfWastage
A4: 357 | B4: LongBeach | C4: 40652 | D4: 1755.84 | H4: 357 | I4: LongBeach | J4: 40652 | K4: 1755.84
A5: 364 | B5: LongBeach | C5: 40653 | D5: 1439.24 | H5: EventID | I5: BeachName | J5: Date | K5: SumOfWastage
A6: 365 | B6: LongBeach | C6: 40654 | D6: 2199.75 | H6: 364 | I6: LongBeach | J6: 40653 | K6: 1439.24
A7: 368 | B7: LongBeach | C7: 40667 | D7: 378.9 | H7: EventID | I7: BeachName | J7: Date | K7: SumOfWastage
A8: 388 | B8: LongBeach | C8: 40684 | D8: 0 | H8: 365 | I8: LongBeach | J8: 40654 | K8: 2199.75
H9: EventID | I9: BeachName | J9: Date | K9: SumOfWastage
H10: 368 | I10: LongBeach | J10: 40667 | K10: 378.9
H11: EventID | I11: BeachName | J11: Date | K11: SumOfWastage
D12: =SUM(D2:D11) -> 8117.67 | H12: 388 | I12: LongBeach | J12: 40684 | K12: 0

Sheet Cop Wastage
A1: Date | B1: SumOfWastage | E1: EventID | F1: BeachName | G1: Date | H1: SumOfWastage
A2: 40459 | B2: 1453.2 | E2: 278 | F2: Copalis | G2: 40459 | H2: 1453.2
G3: 40516 | H3: 436
E4: 331 | F4: Copalis | G4: 40622 | H4: 3026.55
E5: 355 | F5: Copalis | G5: 40655 | H5: 1196.76
E6: 355 | F6: Copalis | G6: 40655 | H6: 1196.76
E7: 356 | F7: Copalis | G7: 40656 | H7: 3242.68
A12: 40516 | B12: 0.01 | C12: 43605 | D12: =+C12*B12 -> 436.05 | H12: =SUM(H2:H11) -> 10551.95
E23: EventID | F23: BeachName | G23: Date | H23: SumOfWastage
E24: 331 | F24: Copalis | G24: 40622 | H24: 3026.55
E25: EventID | F25: BeachName | G25: Date | H25: SumOfWastage
E26: 355 | F26: Copalis | G26: 40655 | H26: 1196.76
E27: EventID | F27: BeachName | G27: Date | H27: SumOfWastage
E28: 356 | F28: Copalis | G28: 40656 | H28: 3242.68

Sheet Moc Wastage
A1: EventID | B1: BeachName | C1: Date | D1: SumOfWastage | G1: EventID | H1: BeachName | I1: Date | J1: SumOfWastage
B2: mocrocks | C2: 40516 | D2: 953.25 | G2: 330 | H2: Mocrocks | I2: 40622 | J2: 909
A3: 309 | B3: Mocrocks | C3: 40543 | D3: 2518.86 | G3: EventID | H3: BeachName | I3: Date | J3: SumOfWastage
A4: 330 | B4: Mocrocks | C4: 40622 | D4: 909 | G4: 351 | H4: Mocrocks | I4: 40654 | J4: 1007.1
A5: 351 | B5: Mocrocks | C5: 40654 | D5: 671.4 | G5: EventID | H5: BeachName | I5: Date | J5: SumOfWastage
A6: 352 | B6: Mocrocks | C6: 40655 | D6: 965.4 | G6: 352 | H6: Mocrocks | I6: 40655 | J6: 965.4
A7: 353 | B7: Mocrocks | C7: 40656 | D7: 818.63366 | G7: EventID | H7: BeachName | I7: Date | J7: SumOfWastage
A8: 372 | B8: Mocrocks | C8: 40670 | D8: 1306.25 | G8: 353 | H8: Mocrocks | I8: 40656 | J8: 818.63366
A9: 373 | B9: Mocrocks | C9: 40671 | D9: 252.45 | G9: EventID | H9: BeachName | I9: Date | J9: SumOfWastage
A10: 380 | B10: Mocrocks | C10: 40683 | D10: 239.52 | G10: 372 | H10: Mocrocks | I10: 40670 | J10: 1306.25
A11: 381 | B11: Mocrocks | C11: 40684 | D11: 1757.96 | G11: EventID | H11: BeachName | I11: Date | J11: SumOfWastage
A12: 382 | B12: Mocrocks | C12: 40685 | D12: 621 | G12: 373 | H12: Mocrocks | I12: 40671 | J12: 252.45
G13: EventID | H13: BeachName | I13: Date | J13: SumOfWastage
D14: =SUM(D2:D13) -> 11013.724 | G14: 380 | H14: Mocrocks | I14: 40683 | J14: 239.52
G15: EventID | H15: BeachName | I15: Date | J15: SumOfWastage
G16: 381 | H16: Mocrocks | I16: 40684 | J16: 1757.96
G17: EventID | H17: BeachName | I17: Date | J17: SumOfWastage
G18: 382 | H18: Mocrocks | I18: 40685 | J18: 621

Sheet Sheet1
A1: EventID | B1: CreelNPeople | C1: CreelNDiggers | D1: CreelNClams | E1: CreelNLanterns
A2: 319 | B2: 4 | C2: 4 | D2: 0 | E2: 1
A3: 319 | B3: 2 | C3: 2 | D3: 0 | E3: 2
A4: 319 | B4: 2 | C4: 1 | D4: 0 | E4: 1
A5: 319 | B5: 2 | C5: 2 | D5: 0 | E5: 1
A6: 319 | B6: 1 | C6: 1 | D6: 1 | E6: 1
A7: 319 | B7: 2 | C7: 2 | D7: 0 | E7: 2
A8: 319 | B8: 4 | C8: 4 | D8: 1 | E8: 2
A9: 319 | B9: 3 | C9: 2 | D9: 10 | E9: 1
A10: 319 | B10: 3 | C10: 2 | D10: 10 | E10: 1
A11: 319 | B11: 3 | C11: 3 | D11: 4 | E11: 2
A12: 319 | B12: 2 | C12: 2 | D12: 30 | E12: 2
A13: 319 | B13: 2 | C13: 2 | D13: 3 | E13: 2
... A25: 319 | B25: 2 | C25: 2 | D25: 20 | E25: 2
A26: totals | B26: =SUM(B2:B25) -> 62 | C26: =SUM(C2:C25) -> 59 | D26: =SUM(D2:D25) -> 179 | E26: =SUM(E2:E25) -> 48
E27: =+B26/E26 -> 1.2916667 | F27: average
E28: =+C26/B26 -> 0.9516129 | F28: % diggers to people
E29: =+D26/C26 -> 3.0338983
C30: lights | D30: people | E30: corr. Ppl
B31: 21100 | C31: 0 | D31: =+C31*E$27 -> 0 | E31: =+D31*E$28 -> 0 | F31: 1.534667 | G31: =+E31*F31 -> 0 | H31: 3.0338983
B32: 21200 | C32: 129 | D32: =+C32*E$27 -> 166.625 | E32: =+D32*E$28 -> 158.5625 | F32: 1.534667 | G32: =+E32*F32 -> 243.34064 | H32: 3.0338983
B33: 22307 | C33: 162 | D33: =+C33*E$27 -> 209.25 | E33: =+D33*E$28 -> 199.125 | F33: 1.534667 | G33: =+E33*F33 -> 305.59057 | H33: 3.0338983
B34: 22309 | C34: 45 | D34: =+C34*E$27 -> 58.125 | E34: =+D34*E$28 -> 55.3125 | F34: 1.534667 | G34: =+E34*F34 -> 84.886268 | H34: 3.0338983
