Workbook

Sheet Harvest
A1: Date | B1: Day | C1: Tide | D1: Time | E1: Longbeach | G1: Twin Harbors | I1: Copalis | K1: Mocrocks | M1: Kalaloch | O1: Daily Totals
A2: 41536 | B2: =+A2 -> 41536 | C2: -0.3 | D2: 0.80069444 | F2: CLOSED | H2: 45401.518 | J2: CLOSED | L2: CLOSED | N2: CLOSED | O2: =+H2 -> 45401.518 | Q2: =SUM(O2:O19) -> 929737.78
A3: 41537 | B3: =+A3 -> 41537 | C3: -0.5 | D3: 0.83125 | F3: CLOSED | H3: 21157.228 | J3: CLOSED | L3: CLOSED | N3: CLOSED | O3: =+H3 -> 21157.228
A4: 41538 | B4: =+A4 -> 41538 | C4: -0.5 | D4: 0.86041667 | F4: CLOSED | H4: 49505.04 | J4: CLOSED | L4: CLOSED | N4: CLOSED | O4: =+H4 -> 49505.04
A5: 41539 | B5: =+A5 -> 41539 | C5: -0.3 | D5: 0.88958333 | F5: CLOSED | H5: 9128.1002 | J5: CLOSED | L5: CLOSED | N5: CLOSED | O5: =+H5 -> 9128.1002
A6: 41540 | B6: =+A6 -> 41540 | C6: 0 | D6: 0.91944444 | F6: CLOSED | H6: 2336.5561 | J6: CLOSED | L6: CLOSED | N6: CLOSED | O6: =+H6 -> 2336.5561
A8: 41551 | B8: =+A8 -> 41551 | C8: 0 | D8: 0.78888889 | F8: 19426.826 | G8: * | H8: =(+J8+L8)*H9/(J9+L9) -> 19957.164 | J8: 29369.724 | L8: 18271.325 | N8: CLOSED | O8: =+F8+H8+J8+L8 -> 87025.04
A9: 41552 | B9: =+A9 -> 41552 | C9: -0.4 | D9: 0.81666667 | F9: 40797.213 | H9: 34217.806 | J9: 58529.485 | L9: 23154.074 | N9: CLOSED | O9: =+F9+H9+J9+L9 -> 156698.58
A10: 41553 | B10: =+A10 -> 41553 | C10: -0.7 | D10: 0.84513889 | F10: 28329.233 | H10: 21782.8 | J10: CLOSED | L10: 19208.907 | N10: CLOSED | O10: =+F10+H10+L10 -> 69320.94
A11: 41554 | B11: =+A11 -> 41554 | C11: -0.8 | D11: 0.875 | F11: 5751.9941 | H11: 6306.0817 | J11: CLOSED | L11: 2052.5059 | N11: CLOSED | O11: =+F11+H11+L11 -> 14110.582
A12: 41555 | B12: =+A12 -> 41555 | C12: -0.7 | D12: 0.90833333 | F12: CLOSED | H12: 2165.8989 | J12: CLOSED | L12: CLOSED | N12: CLOSED | O12: =+H12 -> 2165.8989
A14: 41564 | B14: =+A14 -> 41564 | C14: -0.2 | D14: 0.76041667 | F14: CLOSED | H14: 21850.647 | J14: CLOSED | L14: CLOSED | N14: CLOSED | O14: =+H14 -> 21850.647
A15: 41565 | B15: =+A15 -> 41565 | C15: -0.6 | D15: 0.78958333 | F15: 37337.46 | H15: 26190.469 | J15: 46909.494 | L15: 15520.121 | N15: CLOSED | O15: =+F15+H15+J15+L15 -> 125957.55
A16: 41566 | B16: =+A16 -> 41566 | C16: -0.7 | D16: 0.81805556 | F16: 53827.758 | H16: 42292.095 | J16: 84754.093 | L16: 44871.925 | N16: CLOSED | O16: =+F16+H16+J16+L16 -> 225745.87
A17: 41567 | B17: =+A17 -> 41567 | C17: -0.7 | D17: 0.84444444 | F17: 41320.949 | H17: 26515.767 | J17: CLOSED | L17: 22650.381 | N17: CLOSED | O17: =+F17+H17+L17 -> 90487.097
A18: 41568 | B18: =+A18 -> 41568 | C18: -0.4 | D18: 0.87152778 | F18: CLOSED | H18: 4911.222 | J18: CLOSED | L18: 2275.8268 | N18: CLOSED | O18: =+H18+L18 -> 7187.0488
A19: 41569 | B19: =+A19 -> 41569 | C19: -0.1 | D19: 0.89861111 | F19: CLOSED | H19: 1660.0928 | J19: CLOSED | L19: CLOSED | N19: CLOSED | O19: =+H19 -> 1660.0928
A21: 41579 | B21: =+A21 -> 41579 | C21: 0.1 | D21: 0.74444444 | F21: CLOSED | H21: 18996.688 | J21: CLOSED | L21: 20179.355 | N21: CLOSED | O21: =+H21+L21 -> 39176.043
A22: 41580 | B22: =+A22 -> 41580 | C22: -0.6 | D22: 0.77361111 | F22: 32798.556 | H22: 8249.2315 | J22: 14627.824 | L22: 12612.285 | N22: CLOSED | O22: =+F22+H22+J22+L22 -> 68287.897
A23: 41581 | B23: =+A23 -> 41581 | C23: -1.1 | D23: 0.76111111 | F23: 17037.942 | H23: 7802.6348 | J23: CLOSED | L23: 16187.953 | N23: CLOSED | O23: =+F23+H23+L23 -> 41028.53
A24: 41582 | B24: =+A24 -> 41582 | C24: -1.3 | D24: 0.79097222 | F24: 9867.2455 | H24: 5569.266 | J24: CLOSED | L24: 4982.5484 | N24: CLOSED | O24: =+F24+H24+L24 -> 20419.06
A25: 41583 | B25: =+A25 -> 41583 | C25: -1.4 | D25: 0.82916667 | F25: 4987.1395 | H25: 8167.6207 | J25: CLOSED | L25: CLOSED | N25: CLOSED | O25: =+F25+H25 -> 13154.76
A26: 41584 | B26: =+A26 -> 41584 | C26: -1.2 | D26: 0.85555556 | F26: CLOSED | H26: 4491.4045 | J26: CLOSED | L26: CLOSED | N26: CLOSED | O26: =+H26 -> 4491.4045
A27: 41585 | B27: =+A27 -> 41585 | C27: -0.8 | D27: 0.89166667 | F27: CLOSED | G27: * | H27: 4491.4045 | J27: CLOSED | L27: CLOSED | N27: CLOSED | O27: =+H27 -> 4491.4045
A28: 41586 | B28: =+A28 -> 41586 | C28: -0.3 | D28: 0.92986111 | F28: CLOSED | H28: 5412.6658 | J28: CLOSED | L28: CLOSED | N28: CLOSED | O28: =+H28 -> 5412.6658
A30: 41593 | B30: =+A30 -> 41593 | C30: -0.3 | D30: 0.70902778 | F30: 20804.439 | H30: 9897.1771 | J30: 20057.086 | L30: 7723.7193 | N30: CLOSED | O30: =+F30+H30+J30+L30 -> 58482.421
A31: 41594 | B31: =+A31 -> 41594 | C31: -0.6 | D31: 0.7375 | F31: 54007.024 | H31: 29058.088 | J31: 43395.924 | L31: 38836.262 | N31: CLOSED | O31: =+F31+H31+J31+L31 -> 165297.3
A32: 41595 | B32: =+A32 -> 41595 | C32: -0.7 | D32: 0.76388889 | F32: 11104.231 | G32: * | H32: =+L32*(H31+H30)/(L30+L31) -> 11648.043 | J32: CLOSED | L32: 13921.935 | N32: CLOSED | O32: =+F32+H32+L32 -> 36674.209
A33: 41596 | B33: =+A33 -> 41596 | C33: -0.6 | D33: 0.78958333 | F33: CLOSED | H33: 34.760948 | J33: CLOSED | L33: CLOSED | N33: CLOSED | O33: =+H33 -> 34.760948
A34: 41597 | B34: =+A34 -> 41597 | C34: -0.4 | D34: 0.81458333 | F34: CLOSED | H34: 2066.3745 | J34: CLOSED | L34: CLOSED | N34: CLOSED | O34: =+H34 -> 2066.3745
A35: 41598 | B35: =+A35 -> 41598 | C35: -0.2 | D35: 0.83958333 | F35: CLOSED | H35: 1065.1748 | J35: CLOSED | L35: CLOSED | N35: CLOSED | O35: =+H35 -> 1065.1748
A37: 41608 | B37: =+A37 -> 41608 | C37: -0.1 | D37: 0.68611111 | F37: 49286.818 | G37: * | H37: =+(J37+L37)*(H9+H16+H22+H31)/(J9+L9+J16+L16+J22+L22+J31+L31) -> 20397.551 | J37: 40803.254 | L37: 16685.1 | N37: CLOSED | O37: =+F37+H37+J37+L37 -> 127172.72
A38: 41609 | B38: =+A38 -> 41609 | C38: -0.9 | D38: 0.71736111 | F38: 9914.2017 | H38: 4240.4598 | J38: CLOSED | L38: 7884.1679 | N38: CLOSED | O38: =+F38+H38+L38 -> 22038.829
A39: 41610 | B39: =+A39 -> 41610 | C39: -1.4 | D39: 0.74930556 | F39: 6703.6526 | H39: 4304.1705 | J39: CLOSED | L39: 2709.9105 | N39: CLOSED | O39: =+F39+H39+L39 -> 13717.734
A40: 41611 | B40: =+A40 -> 41611 | C40: -1.7 | D40: 0.78055556 | F40: 5283.7976 | H40: 7173.7906 | J40: CLOSED | L40: 3184.0816 | N40: CLOSED | O40: =+F40+H40+L40 -> 15641.67
A41: 41612 | B41: =+A41 -> 41612 | C41: -1.7 | D41: 0.8125 | E41: * | F41: =+H41*F40/H40 -> 2558.6894 | H41: 3473.9222 | J41: CLOSED | L41: CLOSED | N41: CLOSED | O41: =+F41+H41 -> 6032.6116
A42: 41613 | B42: =+A42 -> 41613 | C42: -1.4 | D42: 0.84513889 | F42: CLOSED | H42: 1463.8814 | J42: CLOSED | L42: CLOSED | N42: CLOSED | O42: =+H42 -> 1463.8814
A43: 41614 | B43: =+A43 -> 41614 | C43: -1 | D43: 0.87847222 | F43: CLOSED | H43: 1007.0256 | J43: CLOSED | L43: CLOSED | N43: CLOSED | O43: =+H43 -> 1007.0256
A44: 41615 | B44: =+A44 -> 41615 | C44: -0.3 | D44: 0.91388889 | F44: CLOSED | H44: 598.5552 | J44: CLOSED | L44: CLOSED | N44: CLOSED | O44: =+H44 -> 598.5552
A46: 41622 | B46: =+A46 -> 41622 | C46: -0.1 | D46: 0.69791667 | F46: 24770.219 | H46: 13603.707 | J46: 19002.987 | L46: 8678.7984 | N46: CLOSED | O46: =+F46+H46+J46+L46 -> 66055.712
A47: 41623 | B47: =+A47 -> 41623 | C47: -0.3 | D47: 0.72638889 | F47: 14190.708 | H47: 8574.9118 | J47: CLOSED | L47: 12284.467 | N47: CLOSED | O47: =+F47+H47+L47 -> 35050.087
A48: 41624 | B48: =+A48 -> 41624 | C48: -0.4 | D48: 0.75208333 | F48: 8215.5635 | G48: * | H48: =+L48*H47/L47 -> 3098.6136 | J48: CLOSED | L48: 4439.0915 | N48: CLOSED | O48: =+F48+H48+L48 -> 15753.269
A49: 41625 | B49: =+A49 -> 41625 | C49: -0.4 | D49: 0.77638889 | F49: CLOSED | H49: 2893.6172 | J49: CLOSED | L49: CLOSED | N49: CLOSED | O49: =+H49 -> 2893.6172
A50: 41626 | B50: =+A50 -> 41626 | C50: -0.3 | D50: 0.8 | F50: CLOSED | H50: 1334.5954 | J50: CLOSED | L50: CLOSED | N50: CLOSED | O50: =+H50 -> 1334.5954
A52: 41637 | B52: =+A52 -> 41637 | C52: -0.2 | D52: 0.67013889 | F52: 52234.872 | G52: * | H52: =+(J52+L52)*H53/(J53+L53) -> 13713.46 | J52: 47376.09 | L52: 18253.352 | N52: CLOSED | O52: =+F52+H52+J52+L52 -> 131577.77
A53: 41638 | B53: =+A53 -> 41638 | C53: -0.9 | D53: 0.70486111 | F53: 59993.142 | H53: 23210.752 | J53: 74353.688 | L53: 36727.596 | N53: CLOSED | O53: =+F53+H53+J53+L53 -> 194285.18
A54: 41639 | B54: =+A54 -> 41639 | C54: -1.4 | D54: 0.7375 | F54: 60850.155 | G54: * | H54: =+(J54+L54)*H53/(J53+L53) -> 15561.721 | J54: 44565.623 | L54: 29909.172 | N54: CLOSED | O54: =+F54+H54+J54+L54 -> 150886.67
A55: 41640 | B55: =+A55 -> 41640 | C55: -1.7 | D55: 0.77013889 | E55: * | F55: =+L55*F48/L48 -> 64376.996 | G55: * | H55: =+L55*H47/L47 -> 24280.676 | J55: CLOSED | L55: 34784.635 | N55: CLOSED | O55: =+F55+H55+L55 -> 123442.31
A56: 41641 | B56: =+A56 -> 41641 | C56: -1.7 | D56: 0.80208333 | F56: 2850.5297 | H56: 3208.9153 | J56: CLOSED | L56: 2448.827 | N56: CLOSED | O56: =+F56+H56+L56 -> 8508.2721
A57: 41642 | B57: =+A57 -> 41642 | C57: -1.4 | D57: 0.83333333 | F57: 10866.082 | H57: 7238.9878 | J57: CLOSED | L57: 13296.192 | N57: CLOSED | O57: =+F57+H57+L57 -> 31401.261
A58: 41643 | B58: =+A58 -> 41643 | C58: -0.9 | D58: 0.86458333 | E58: * | F58: =+(H58+J58+L58)*F53/(H53+J53+L53) -> 16006.879 | H58: 6762.4933 | J58: 19063.842 | L58: 10004.366 | N58: CLOSED | O58: =+F58+H58+J58+L58 -> 51837.58
A59: 41644 | B59: =+A59 -> 41644 | C59: -0.2 | D59: 0.89652778 | F59: CLOSED | G59: * | H59: =+H58 -> 6762.4933 | J59: CLOSED | L59: CLOSED | N59: CLOSED | O59: =+H59 -> 6762.4933
A61: 41654 | B61: =+A61 -> 41654 | C61: -0.1 | D61: 0.76319444 | F61: CLOSED | H61: 9691.5604 | J61: CLOSED | L61: CLOSED | N61: CLOSED | O61: =+H61 -> 9691.5604
A62: 41655 | B62: =+A62 -> 41655 | C62: -0.1 | D62: 0.78541667 | F62: CLOSED | H62: 9079.457 | J62: CLOSED | L62: CLOSED | N62: CLOSED | O62: =+H62 -> 9079.457
A63: 41656 | B63: =+A63 -> 41656 | C63: 0 | D63: 0.80694444 | F63: 3788.5948 | H63: 6712.3868 | J63: CLOSED | L63: 4009.5228 | N63: CLOSED | O63: =+F63+H63+L63 -> 14510.504
A64: 41657 | B64: =+A64 -> 41657 | C64: 0.2 | D64: 0.82847222 | F64: 12357.714 | H64: 10197.994 | J64: CLOSED | L64: 10291.648 | N64: CLOSED | O64: =+F64+H64+L64 -> 32847.356
A66: 41667 | B66: =+A66 -> 41667 | C66: -0.7 | D66: 0.69166667 | F66: CLOSED | H66: 15016.005 | J66: CLOSED | L66: CLOSED | N66: CLOSED | O66: =+H66 -> 15016.005
A67: 41668 | B67: =+A67 -> 41668 | C67: -1.2 | D67: 0.72569444 | F67: 32973.982 | H67: 12750.626 | J67: CLOSED | L67: CLOSED | N67: CLOSED | O67: =+F67+H67 -> 45724.608
A68: 41669 | B68: =+A68 -> 41669 | C68: -1.4 | D68: 0.75763889 | F68: 22745.389 | H68: 10451.106 | J68: CLOSED | L68: 11236.904 | N68: CLOSED | O68: =+F68+H68+L68 -> 44433.399
A69: 41670 | B69: =+A69 -> 41670 | C69: -1.4 | D69: 0.78819444 | F69: 38626.066 | H69: 14428.518 | J69: CLOSED | L69: 25416.531 | N69: CLOSED | O69: =+F69+H69+L69 -> 78471.115
A70: 41671 | B70: =+A70 -> 41671 | C70: -1.1 | D70: 0.81805556 | F70: 37699.55 | G70: * | H70: =+(J70+L70)*(H58+H53)/(J53+L53+J58+L58) -> 12247.048 | J70: 38995.182 | L70: 18269.805 | N70: CLOSED | O70: =+F70+H70+J70+L70 -> 107211.59
A71: 41672 | B71: =+A71 -> 41672 | C71: -0.5 | D71: 0.84722222 | E71: ** | F71: =+L71*(F69+F68)/(L68+L69) -> 4587.0596 | G71: ** | H71: =+L71*(H69+H68)/(L69+L68) -> 1859.5668 | J71: CLOSED | K71: ** | L71: 2739.5715 | N71: CLOSED | O71: =+F71+H71+L71 -> 9186.1979
A73: 41696 | B73: =+A73 -> 41696 | C73: -0.4 | D73: 0.67708333 | F73: CLOSED | H73: 22274.357 | J73: CLOSED | L73: CLOSED | N73: CLOSED | O73: =+H73 -> 22274.357
A74: 41697 | B74: =+A74 -> 41697 | C74: -0.7 | D74: 0.71111111 | F74: 42786.377 | H74: 18111.781 | J74: CLOSED | L74: 22836.692 | N74: CLOSED | O74: =+F74+H74+L74 -> 83734.85
A75: 41698 | B75: =+A75 -> 41698 | C75: -0.8 | D75: 0.74236111 | F75: 82033.133 | H75: 27462.373 | J75: CLOSED | L75: 41076.718 | N75: CLOSED | O75: =+F75+H75+L75 -> 150572.22
A76: 41699 | B76: =+A76 -> 41699 | C76: -0.7 | D76: 0.77222222 | F76: 75134.4 | H76: 46273.042 | J76: 82427.834 | L76: 37903.123 | N76: CLOSED | O76: =+F76+H76+J76+L76 -> 241738.4
A77: 41700 | B77: =+A77 -> 41700 | C77: -0.3 | D77: 0.80069444 | F77: 25.042999 | H77: 1267.4504 | J77: CLOSED | L77: 6720.0518 | N77: CLOSED | O77: =+F77+H77+L77 -> 8012.5452
A78: 41701 | B78: =+A78 -> 41701 | C78: 0.3 | D78: 0.82847222 | F78: CLOSED | H78: 2014.6866 | J78: CLOSED | L78: CLOSED | N78: CLOSED | O78: =+H78 -> 2014.6866
A80: 41724 | B80: 41724 | C80: 0.3 | D80: 0.66111111 | F80: CLOSED | H80: 17595.609 | J80: CLOSED | L80: CLOSED | N80: CLOSED | O80: =+H80 -> 17595.609
A81: 41725 | B81: 41725 | C81: 0.1 | D81: 0.7 | F81: CLOSED | H81: 15085.527 | J81: CLOSED | L81: CLOSED | N81: CLOSED | O81: =+H81 -> 15085.527
A82: 41726 | B82: 41726 | C82: 0 | D82: 0.73472222 | F82: 46937.127 | H82: 16207.871 | J82: CLOSED | L82: 32077.976 | N82: CLOSED | O82: =+F82+H82+L82 -> 95222.974
A83: 41727 | B83: 41727 | C83: 0 | D83: 0.76597222 | F83: 37937.373 | G83: * | H83: =+L83*(H82+H84)/(L82+L84) -> 40764.938 | J83: CLOSED | L83: 56416.105 | N83: CLOSED | O83: =+F83+H83+L83 -> 135118.42
A84: 41728 | B84: 41728 | C84: -0.1 | D84: 0.28680556 | F84: 21547.025 | H84: 28862.563 | J84: CLOSED | L84: 30296.664 | N84: CLOSED | O84: =+F84+H84+L84 -> 80706.251
A85: 41729 | B85: 41729 | C85: -0.5 | D85: 0.31875 | F85: 21170.393 | H85: 18007.728 | J85: CLOSED | L85: CLOSED | N85: CLOSED | O85: =+F85+H85 -> 39178.121
A86: 41730 | B86: 41730 | C86: -0.7 | D86: 0.34861111 | F86: 32177.858 | H86: 14265.417 | J86: CLOSED | L86: CLOSED | N86: CLOSED | O86: =+F86+H86 -> 46443.275
A87: 41731 | B87: 41731 | C87: -0.6 | D87: 0.37847222 | F87: 40865.584 | H87: 23792.475 | J87: CLOSED | L87: CLOSED | N87: CLOSED | O87: =+F87+H87 -> 64658.059
A88: 41732 | B88: 41732 | C88: -0.3 | D88: 0.40902778 | F88: 26553.054 | H88: 11082.695 | J88: CLOSED | L88: CLOSED | N88: CLOSED | O88: =+F88+H88 -> 37635.749
A90: 41743 | B90: =+A90 -> 41743 | C90: 0.2 | D90: 0.28194444 | F90: CLOSED | H90: 15228.891 | J90: CLOSED | L90: CLOSED | N90: CLOSED | O90: =+H90 -> 15228.891
A91: 41744 | B91: =+A91 -> 41744 | C91: -0.3 | D91: 0.30833333 | F91: 21064.521 | H91: 16919.634 | J91: CLOSED | L91: CLOSED | N91: CLOSED | O91: =+F91+H91 -> 37984.155
A92: 41745 | B92: =+A92 -> 41745 | C92: -0.6 | D92: 0.33541667 | F92: 19049.458 | H92: 14893.184 | J92: CLOSED | L92: CLOSED | N92: CLOSED | O92: =+F92+H92 -> 33942.642
A93: 41746 | B93: =+A93 -> 41746 | C93: -0.8 | D93: 0.36319444 | F93: 46023.43 | H93: 22506.411 | J93: CLOSED | L93: CLOSED | N93: CLOSED | O93: =+F93+H93 -> 68529.84
A94: 41747 | B94: =+A94 -> 41747 | C94: -0.8 | D94: 0.39305556 | F94: 118033.9 | H94: 31294.222 | J94: CLOSED | L94: 31366.917 | N94: CLOSED | O94: =+F94+H94+L94 -> 180695.04
A95: 41748 | B95: =+A95 -> 41748 | C95: -0.7 | D95: 0.42638889 | F95: 105399.33 | G95: * | H95: =+(J95+L95)*H96/(J96+L96) -> 37047.37 | J95: 54942.088 | L95: 32718.998 | N95: CLOSED | O95: =+F95+H95+J95+L95 -> 230107.79
A96: 41749 | B96: =+A96 -> 41749 | C96: -0.4 | D96: 0.4625 | F96: 30419.336 | H96: 30737.525 | J96: 38435.876 | L96: 34294.923 | N96: CLOSED | O96: =+F96+H96+J96+L96 -> 133887.66
A98: 41756 | B98: =+A98 -> 41756 | C98: -0.3 | D98: 0.24513889 | E98: * | F98: =+H98*(F99+F100)/(H99+H100) -> 13754.056 | H98: 10651.068 | J98: CLOSED | L98: CLOSED | N98: CLOSED | O98: =+F98+H98 -> 24405.124
A99: 41757 | B99: =+A99 -> 41757 | C99: -0.8 | D99: 0.27708333 | F99: 8255.975 | H99: 6672.6917 | J99: CLOSED | L99: CLOSED | N99: CLOSED | O99: =+F99+H99 -> 14928.667
A100: 41758 | B100: =+A100 -> 41758 | C100: -1.1 | D100: 0.30694444 | F100: 20853.829 | H100: 15869.787 | J100: CLOSED | L100: CLOSED | N100: CLOSED | O100: =+F100+H100 -> 36723.615
A101: 41759 | B101: =+A101 -> 41759 | C101: -1.2 | D101: 0.33541667 | F101: 28508.72 | H101: 17899.102 | J101: CLOSED | L101: CLOSED | N101: CLOSED | O101: =+F101+H101 -> 46407.821
A102: 41760 | B102: =+A102 -> 41760 | C102: -1 | D102: 0.36319444 | F102: 29639.587 | H102: 28829.298 | J102: CLOSED | L102: CLOSED | N102: CLOSED | O102: =+F102+H102 -> 58468.885
A103: 41761 | B103: =+A103 -> 41761 | C103: -0.7 | D103: 0.39097222 | F103: 31847.481 | H103: 23432.923 | J103: CLOSED | L103: 14750.698 | N103: CLOSED | O103: =+F103+H103+L103 -> 70031.102
A104: 41762 | B104: =+A104 -> 41762 | C104: -0.3 | D104: 0.41944444 | F104: 39233.89 | H104: 31315.011 | J104: CLOSED | L104: 34057.1 | N104: CLOSED | O104: =+F104+H104+L104 -> 104606
A105: 41763 | B105: =+A105 -> 41763 | C105: 0.1 | D105: 0.44930556 | F105: 9844.0448 | H105: 12797.995 | J105: CLOSED | L105: 10552.841 | N105: CLOSED | O105: =+F105+H105+L105 -> 33194.88
A107: 41772 | B107: =+A107 -> 41772 | C107: -0.6 | D107: 0.26458333 | F107: CLOSED | H107: 7782.2992 | J107: CLOSED | L107: CLOSED | N107: CLOSED | O107: =+H107 -> 7782.2992
A108: 41773 | B108: =+A108 -> 41773 | C108: -1.2 | D108: 0.29305556 | F108: 18398.723 | H108: 13245.168 | J108: CLOSED | L108: CLOSED | N108: CLOSED | O108: =SUM(F108:N108) -> 31643.891
A109: 41774 | B109: =+A109 -> 41774 | C109: -1.5 | D109: 0.32222222 | F109: 23709.119 | H109: 11126.469 | J109: CLOSED | L109: CLOSED | N109: CLOSED | O109: =SUM(F109:N109) -> 34835.587
A110: 41775 | B110: =+A110 -> 41775 | C110: -1.7 | D110: 0.35208333 | F110: 33672.184 | H110: 18312.686 | J110: 24085.763 | L110: CLOSED | N110: CLOSED | O110: =SUM(F110:N110) -> 76070.632
A111: 41776 | B111: =+A111 -> 41776 | C111: -1.7 | D111: 0.38333333 | F111: 72328.645 | H111: 38784.256 | J111: 54313.504 | L111: 16896.273 | N111: CLOSED | O111: =SUM(F111:N111) -> 182322.68
A112: 41777 | B112: =+A112 -> 41777 | C112: -1.5 | D112: 0.41597222 | F112: 46914.176 | H112: 36593.21 | J112: 33480.75 | L112: 21014.394 | N112: CLOSED | O112: =SUM(F112:N112) -> 138002.53
A113: 41778 | B113: =+A113 -> 41778 | C113: -1.1 | D113: 0.45138889 | F113: CLOSED | H113: 20305.903 | J113: CLOSED | L113: CLOSED | N113: CLOSED | O113: =SUM(F113:N113) -> 20305.903
A114: 41779 | B114: =+A114 -> 41779 | C114: -0.6 | D114: 0.48888889 | F114: CLOSED | H114: 16401.615 | J114: CLOSED | L114: CLOSED | N114: CLOSED | O114: =SUM(F114:N114) -> 16401.615
...

Sheet Effort
A1: Date | B1: Day | C1: Tide | D1: Time | E1: Longbeach | G1: Twin Harbors | I1: Copalis | K1: Mocrocks | M1: Kalaloch | O1: Daily Totals
A2: 41536 | B2: =+A2 -> 41536 | C2: -0.3 | D2: 0.80069444 | F2: CLOSED | H2: 3023.0358 | J2: CLOSED | L2: CLOSED | N2: CLOSED | O2: =+H2 -> 3023.0358 | Q2: =SUM(O2:O19) -> 63159.869
A3: 41537 | B3: =+A3 -> 41537 | C3: -0.5 | D3: 0.83125 | F3: CLOSED | H3: 1669.621 | J3: CLOSED | L3: CLOSED | N3: CLOSED | O3: =+H3 -> 1669.621
A4: 41538 | B4: =+A4 -> 41538 | C4: -0.5 | D4: 0.86041667 | F4: CLOSED | H4: 3341.8734 | J4: CLOSED | L4: CLOSED | N4: CLOSED | O4: =+H4 -> 3341.8734
A5: 41539 | B5: =+A5 -> 41539 | C5: -0.3 | D5: 0.88958333 | F5: CLOSED | H5: 673.80127 | J5: CLOSED | L5: CLOSED | N5: CLOSED | O5: =+H5 -> 673.80127
A6: 41540 | B6: =+A6 -> 41540 | C6: 0 | D6: 0.91944444 | F6: CLOSED | H6: 194.71301 | J6: CLOSED | L6: CLOSED | N6: CLOSED | O6: =+H6 -> 194.71301
A8: 41551 | B8: =+A8 -> 41551 | C8: 0 | D8: 0.78888889 | F8: 1295.1217 | G8: * | H8: =(+J8+L8)*H9/(J9+L9) -> 1333.5092 | J8: 1984.4408 | L8: 1198.866 | N8: CLOSED | O8: =+F8+H8+J8+L8 -> 5811.9378
A9: 41552 | B9: =+A9 -> 41552 | C9: -0.4 | D9: 0.81666667 | F9: 2719.8142 | H9: 2281.1871 | J9: 3901.9657 | L9: 1543.6049 | N9: CLOSED | O9: =+F9+H9+J9+L9 -> 10446.572
A10: 41553 | B10: =+A10 -> 41553 | C10: -0.7 | D10: 0.84513889 | F10: 2021.225 | H10: 1647.2 | J10: CLOSED | L10: 1304.756 | N10: CLOSED | O10: =+F10+H10+L10 -> 4973.181
A11: 41554 | B11: =+A11 -> 41554 | C11: -0.8 | D11: 0.875 | F11: 456.73402 | H11: 429.96012 | J11: CLOSED | L11: 175.01989 | N11: CLOSED | O11: =+F11+H11+L11 -> 1061.714
A12: 41555 | B12: =+A12 -> 41555 | C12: -0.7 | D12: 0.90833333 | F12: CLOSED | H12: 144.39326 | J12: CLOSED | L12: CLOSED | N12: CLOSED | O12: =+H12 -> 144.39326
A14: 41564 | B14: =+A14 -> 41564 | C14: -0.2 | D14: 0.76041667 | F14: CLOSED | H14: 1456.7098 | J14: CLOSED | L14: CLOSED | N14: CLOSED | O14: =+H14 -> 1456.7098
A15: 41565 | B15: =+A15 -> 41565 | C15: -0.6 | D15: 0.78958333 | F15: 2489.164 | H15: 1746.0312 | J15: 3251.1531 | L15: 1026.4303 | N15: CLOSED | O15: =+F15+H15+J15+L15 -> 8512.7787
A16: 41566 | B16: =+A16 -> 41566 | C16: -0.7 | D16: 0.81805556 | F16: 3646.6981 | H16: 2819.473 | J16: 5650.2729 | L16: 3004.0914 | N16: CLOSED | O16: =+F16+H16+J16+L16 -> 15120.535
A17: 41567 | B17: =+A17 -> 41567 | C17: -0.7 | D17: 0.84444444 | F17: 2754.7299 | H17: 1792.52 | J17: CLOSED | L17: 1510.0254 | N17: CLOSED | O17: =+F17+H17+L17 -> 6057.2753
A18: 41568 | B18: =+A18 -> 41568 | C18: -0.4 | D18: 0.87152778 | F18: CLOSED | H18: 379.05405 | J18: CLOSED | L18: 151.72179 | N18: CLOSED | O18: =+H18+L18 -> 530.77584
A19: 41569 | B19: =+A19 -> 41569 | C19: -0.1 | D19: 0.89861111 | F19: CLOSED | H19: 140.95128 | J19: CLOSED | L19: CLOSED | N19: CLOSED | O19: =+H19 -> 140.95128
A21: 41579 | B21: =+A21 -> 41579 | C21: 0.1 | D21: 0.74444444 | F21: CLOSED | H21: 1266.4459 | J21: CLOSED | L21: 1345.2904 | N21: CLOSED | O21: =+H21+L21 -> 2611.7362
A22: 41580 | B22: =+A22 -> 41580 | C22: -0.6 | D22: 0.77361111 | F22: 2656.3195 | H22: 984.07622 | J22: 1766.8439 | L22: 871.06432 | N22: CLOSED | O22: =+F22+H22+J22+L22 -> 6278.3039
A23: 41581 | B23: =+A23 -> 41581 | C23: -1.1 | D23: 0.76111111 | F23: 1126.1308 | H23: 540.34867 | J23: CLOSED | L23: 1079.1969 | N23: CLOSED | O23: =+F23+H23+L23 -> 2745.6763
A24: 41582 | B24: =+A24 -> 41582 | C24: -1.3 | D24: 0.79097222 | F24: 945.61103 | H24: 636.48755 | J24: CLOSED | L24: 384.53165 | N24: CLOSED | O24: =+F24+H24+L24 -> 1966.6302
A25: 41583 | B25: =+A25 -> 41583 | C25: -1.4 | D25: 0.82916667 | F25: 347.93996 | H25: 544.50805 | J25: CLOSED | L25: CLOSED | N25: CLOSED | O25: =+F25+H25 -> 892.44801
A26: 41584 | B26: =+A26 -> 41584 | C26: -1.2 | D26: 0.85555556 | F26: CLOSED | H26: 339.55635 | J26: CLOSED | L26: CLOSED | N26: CLOSED | O26: =+H26 -> 339.55635
A27: 41585 | B27: =+A27 -> 41585 | C27: -0.8 | D27: 0.89166667 | F27: CLOSED | G27: * | H27: 339.55635 | J27: CLOSED | L27: CLOSED | N27: CLOSED | O27: =+H27 -> 339.55635
A28: 41586 | B28: =+A28 -> 41586 | C28: -0.3 | D28: 0.92986111 | F28: CLOSED | H28: 374.90326 | J28: CLOSED | L28: CLOSED | N28: CLOSED | O28: =+H28 -> 374.90326
A30: 41593 | B30: 41593 | C30: -0.3 | D30: 0.70902778 | F30: 2311.6044 | H30: 668.29813 | J30: 1440.414 | L30: 524.29221 | N30: CLOSED | O30: =+F30+H30+J30+L30 -> 4944.6087
A31: 41594 | B31: 41594 | C31: -0.6 | D31: 0.7375 | F31: 4692.918 | H31: 1951.9937 | J31: 3896.465 | L31: 2660.018 | N31: CLOSED | O31: =+F31+H31+J31+L31 -> 13201.395
A32: 41595 | B32: 41595 | C32: -0.7 | D32: 0.76388889 | F32: 740.28206 | G32: * | H32: =+L32*(H31+H30)/(L30+L31) -> 815.51353 | J32: CLOSED | L32: 991.05299 | N32: CLOSED | O32: =+F32+H32+L32 -> 2546.8486
A33: 41596 | B33: 41596 | C33: -0.6 | D33: 0.78958333 | F33: CLOSED | H33: 45.189232 | J33: CLOSED | L33: CLOSED | N33: CLOSED | O33: =+H33 -> 45.189232
A34: 41597 | B34: 41597 | C34: -0.4 | D34: 0.81458333 | F34: CLOSED | H34: 137.7583 | J34: CLOSED | L34: CLOSED | N34: CLOSED | O34: =+H34 -> 137.7583
A35: 41598 | B35: 41598 | C35: -0.2 | D35: 0.83958333 | F35: CLOSED | H35: 71.01165 | J35: CLOSED | L35: CLOSED | N35: CLOSED | O35: =+H35 -> 71.01165
A37: 41608 | B37: =+A37 -> 41608 | C37: -0.1 | D37: 0.68611111 | F37: 3285.7879 | H37: =+(J37+L37)*(H9+H16+H22+H31)/(J9+L9+J16+L16+J22+L22+J31+L31) -> 1322.263 | J37: 2720.2169 | L37: 1112.34 | N37: CLOSED | O37: =+F37+H37+J37+L37 -> 8440.6078
A38: 41609 | B38: =+A38 -> 41609 | C38: -0.9 | D38: 0.71736111 | F38: 1295.15 | H38: 331.28592 | J38: CLOSED | L38: 525.6112 | N38: CLOSED | O38: =+F38+H38+L38 -> 2152.0472
A39: 41610 | B39: =+A39 -> 41610 | C39: -1.4 | D39: 0.74930556 | F39: 462.32087 | H39: 286.45503 | J39: CLOSED | L39: 180.6607 | N39: CLOSED | O39: =+F39+H39+L39 -> 929.4366
A40: 41611 | B40: =+A40 -> 41611 | C40: -1.7 | D40: 0.78055556 | F40: 352.25317 | H40: 478.25271 | J40: CLOSED | L40: 223.67515 | N40: CLOSED | O40: =+F40+H40+L40 -> 1054.181
A41: 41612 | B41: =+A41 -> 41612 | C41: -1.7 | D41: 0.8125 | F41: 220.15823 | H41: 231.59481 | J41: CLOSED | L41: CLOSED | N41: CLOSED | O41: =+F41+H41 -> 451.75305
A42: 41613 | B42: =+A42 -> 41613 | C42: -1.4 | D42: 0.84513889 | F42: CLOSED | H42: 103.78264 | J42: CLOSED | L42: CLOSED | N42: CLOSED | O42: =+H42 -> 103.78264
A43: 41614 | B43: =+A43 -> 41614 | C43: -1 | D43: 0.87847222 | F43: CLOSED | H43: 67.135038 | J43: CLOSED | L43: CLOSED | N43: CLOSED | O43: =+H43 -> 67.135038
A44: 41615 | B44: =+A44 -> 41615 | C44: -0.3 | D44: 0.91388889 | F44: CLOSED | H44: 39.90368 | J44: CLOSED | L44: CLOSED | N44: CLOSED | O44: =+H44 -> 39.90368
A46: 41622 | B46: =+A46 -> 41622 | C46: -0.1 | D46: 0.69791667 | F46: 1651.3479 | H46: 906.91382 | J46: 1266.8658 | L46: 578.58656 | N46: CLOSED | O46: =+F46+H46+J46+L46 -> 4403.7141
A47: 41623 | B47: =+A47 -> 41623 | C47: -0.3 | D47: 0.72638889 | F47: 1106.4879 | H47: 653.32661 | J47: CLOSED | L47: 821.63649 | N47: CLOSED | O47: =+F47+H47+L47 -> 2581.451
A48: 41624 | B48: =+A48 -> 41624 | C48: -0.4 | D48: 0.75208333 | F48: 553.69007 | G48: * | H48: =+L48*H47/L47 -> 235.31709 | J48: CLOSED | L48: 295.93943 | N48: CLOSED | O48: =+F48+H48+L48 -> 1084.9466
A49: 41625 | B49: =+A49 -> 41625 | C49: -0.4 | D49: 0.77638889 | F49: CLOSED | H49: 212.76597 | J49: CLOSED | L49: CLOSED | N49: CLOSED | O49: =+H49 -> 212.76597
A50: 41626 | B50: =+A50 -> 41626 | C50: -0.3 | D50: 0.8 | F50: CLOSED | H50: 88.973028 | J50: CLOSED | L50: CLOSED | N50: CLOSED | O50: =+H50 -> 88.973028
A52: 41637 | B52: =+A52 -> 41637 | C52: -0.2 | D52: 0.67013889 | F52: 3532.7933 | G52: * | H52: =+(J52+L52)*H53/(J53+L53) -> 910.65331 | J52: 3259.2887 | L52: 1216.8901 | N52: CLOSED | O52: =+F52+H52+J52+L52 -> 8919.6255
A53: 41638 | B53: =+A53 -> 41638 | C53: -0.9 | D53: 0.70486111 | F53: 4012.9192 | H53: 1530.9219 | J53: 5014.0908 | L53: 2510.9249 | N53: CLOSED | O53: =+F53+H53+J53+L53 -> 13068.857
A54: 41639 | B54: =+A54 -> 41639 | C54: -1.4 | D54: 0.7375 | F54: 4080.7522 | G54: * | H54: =+(J54+L54)*H53/(J53+L53) -> 1009.7185 | J54: 2969.1741 | L54: 1993.9448 | N54: CLOSED | O54: =+F54+H54+J54+L54 -> 10053.59
A55: 41640 | B55: =+A55 -> 41640 | C55: -1.7 | D55: 0.77013889 | E55: * | F55: =+L55*F48/L48 -> 4312.5679 | G55: * | H55: =+L55*H47/L47 -> 1832.8321 | J55: CLOSED | L55: 2305.0059 | N55: CLOSED | O55: =+F55+H55+L55 -> 8450.4058
A56: 41641 | B56: =+A56 -> 41641 | C56: -1.7 | D56: 0.80208333 | F56: 531.15461 | H56: 323.97703 | J56: CLOSED | L56: 254.96262 | N56: CLOSED | O56: =+F56+H56+L56 -> 1110.0943
A57: 41642 | B57: =+A57 -> 41642 | C57: -1.4 | D57: 0.83333333 | F57: 813.68473 | H57: 487.00146 | J57: CLOSED | L57: 886.41281 | N57: CLOSED | O57: =+F57+H57+L57 -> 2187.099
A58: 41643 | B58: =+A58 -> 41643 | C58: -0.9 | D58: 0.86458333 | F58: =+(H58+J58+L58)*F53/(H53+J53+L53) -> 1065.7427 | H58: 468.68765 | J58: 1269.4116 | L58: 666.95773 | N58: CLOSED | O58: =+F58+H58+J58+L58 -> 3470.7997
A59: 41644 | B59: =+A59 -> 41644 | C59: -0.2 | D59: 0.89652778 | F59: CLOSED | H59: =+H58 -> 468.68765 | J59: CLOSED | L59: CLOSED | N59: CLOSED | O59: =+H59 -> 468.68765
A61: 41654 | B61: =+A61 -> 41654 | C61: -0.1 | D61: 0.76319444 | F61: CLOSED | H61: 660.30412 | J61: CLOSED | L61: CLOSED | N61: CLOSED | O61: =+H61 -> 660.30412
A62: 41655 | B62: =+A62 -> 41655 | C62: -0.1 | D62: 0.78541667 | F62: CLOSED | H62: 603.95501 | J62: CLOSED | L62: CLOSED | N62: CLOSED | O62: =+H62 -> 603.95501
A63: 41656 | B63: =+A63 -> 41656 | C63: 0 | D63: 0.80694444 | F63: 636.25256 | H63: 371.03646 | J63: CLOSED | L63: 419.11389 | N63: CLOSED | O63: =+F63+H63+L63 -> 1426.4029
A64: 41657 | B64: =+A64 -> 41657 | C64: 0.2 | D64: 0.82847222 | F64: 1373.0794 | H64: 884.30155 | J64: CLOSED | L64: 966.00308 | N64: CLOSED | O64: =+F64+H64+L64 -> 3223.384
A66: 41667 | B66: =+A66 -> 41667 | C66: -0.7 | D66: 0.69166667 | F66: CLOSED | H66: 1001.067 | J66: CLOSED | L66: CLOSED | N66: CLOSED | O66: =+H66 -> 1001.067
A67: 41668 | B67: =+A67 -> 41668 | C67: -1.2 | D67: 0.72569444 | F67: 2195.978 | H67: 850.04173 | J67: CLOSED | L67: CLOSED | N67: CLOSED | O67: =+F67+H67 -> 3046.0197
A68: 41669 | B68: =+A68 -> 41669 | C68: -1.4 | D68: 0.75763889 | F68: 1516.3592 | H68: 696.74042 | J68: CLOSED | L68: 749.12692 | N68: CLOSED | O68: =+F68+H68+L68 -> 2962.2266
A69: 41670 | B69: =+A69 -> 41670 | C69: -1.4 | D69: 0.78819444 | F69: 2615.3992 | H69: 961.9012 | J69: CLOSED | L69: 1701.3094 | N69: CLOSED | O69: =+F69+H69+L69 -> 5278.6098
A70: 41671 | B70: =+A70 -> 41671 | C70: -1.1 | D70: 0.81805556 | F70: 2928.3965 | G70: * | H70: =+(J70+L70)*(H58+H53)/(J53+L53+J58+L58) -> 856.12283 | J70: 2599.6788 | L70: 1451.1658 | N70: CLOSED | O70: =+F70+H70+J70+L70 -> 7835.3639
A71: 41672 | B71: =+A71 -> 41672 | C71: -0.5 | D71: 0.84722222 | E71: ** | F71: =+L71*(F69+F68)/(L68+L69) -> 307.9519 | G71: ** | H71: =+L71*(H69+H68)/(L69+L68) -> 123.62336 | J71: CLOSED | K71: ** | L71: 182.6381 | N71: CLOSED | O71: =+F71+H71+L71 -> 614.21336
A73: 41696 | B73: =+A73 -> 41696 | C73: -0.4 | D73: 0.67708333 | F73: CLOSED | H73: 1641.2684 | J73: CLOSED | L73: CLOSED | N73: CLOSED | O73: =+H73 -> 1641.2684
A74: 41697 | B74: =+A74 -> 41697 | C74: -0.7 | D74: 0.71111111 | F74: 2852.4251 | H74: 1251.8437 | J74: CLOSED | L74: 1526.4368 | N74: CLOSED | O74: =+F74+H74+L74 -> 5630.7057
A75: 41698 | B75: =+A75 -> 41698 | C75: -0.8 | D75: 0.74236111 | F75: 5805.2091 | H75: 1830.8249 | J75: CLOSED | L75: 2733.2417 | N75: CLOSED | O75: =+F75+H75+L75 -> 10369.276
A76: 41699 | B76: =+A76 -> 41699 | C76: -0.7 | D76: 0.77222222 | F76: 5023.7357 | H76: 3427.6328 | J76: 5525.1705 | L76: 2883.5209 | N76: CLOSED | O76: =+F76+H76+J76+L76 -> 16860.06
A77: 41700 | B77: =+A77 -> 41700 | C77: -0.3 | D77: 0.80069444 | F77: 250.42999 | H77: 350.21655 | J77: CLOSED | L77: 476.42158 | N77: CLOSED | O77: =+F77+H77+L77 -> 1077.0681
A78: 41701 | B78: =+A78 -> 41701 | C78: 0.3 | D78: 0.82847222 | F78: CLOSED | H78: 201.46866 | J78: CLOSED | L78: CLOSED | N78: CLOSED | O78: =+H78 -> 201.46866
A80: 41724 | B80: 41724 | C80: 0.3 | D80: 0.66111111 | F80: CLOSED | H80: 1332.483 | J80: CLOSED | L80: CLOSED | N80: CLOSED | O80: =+H80 -> 1332.483
A81: 41725 | B81: 41725 | C81: 0.1 | D81: 0.7 | F81: CLOSED | H81: 1032.8829 | J81: CLOSED | L81: CLOSED | N81: CLOSED | O81: =+H81 -> 1032.8829
A82: 41726 | B82: 41726 | C82: 0 | D82: 0.73472222 | F82: 4996.3059 | H82: 1084.5416 | J82: CLOSED | L82: 2138.5317 | N82: CLOSED | O82: =+F82+H82+L82 -> 8219.3791
A83: 41727 | B83: 41727 | C83: 0 | D83: 0.76597222 | F83: 9146.9556 | G83: * | H83: =+L83*(H82+H84)/(L82+L84) -> 5869.8662 | J83: CLOSED | L83: 8271.0701 | N83: CLOSED | O83: =+F83+H83+L83 -> 23287.892
A84: 41728 | B84: 41728 | C84: -0.1 | D84: 0.28680556 | F84: 2761.2784 | H84: 2041.36 | J84: CLOSED | L84: 2266.0919 | N84: CLOSED | O84: =+F84+H84+L84 -> 7068.7303
A85: 41729 | B85: 41729 | C85: -0.5 | D85: 0.31875 | F85: 1538.1395 | H85: 1241.0018 | J85: CLOSED | L85: CLOSED | N85: CLOSED | O85: =+F85+H85 -> 2779.1413
A86: 41730 | B86: 41730 | C86: -0.7 | D86: 0.34861111 | F86: 2352.9868 | H86: 951.0278 | J86: CLOSED | L86: CLOSED | N86: CLOSED | O86: =+F86+H86 -> 3304.0146
A87: 41731 | B87: 41731 | C87: -0.6 | D87: 0.37847222 | F87: 2813.6959 | H87: 1586.165 | J87: CLOSED | L87: CLOSED | N87: CLOSED | O87: =+F87+H87 -> 4399.8609
A88: 41732 | B88: 41732 | C88: -0.3 | D88: 0.40902778 | F88: 1778.7968 | H88: 738.8463 | J88: CLOSED | L88: CLOSED | N88: CLOSED | O88: =+F88+H88 -> 2517.6431
A90: 41743 | B90: =+A90 -> 41743 | C90: 0.2 | D90: 0.28194444 | F90: CLOSED | H90: 1015.2594 | J90: CLOSED | L90: CLOSED | N90: CLOSED | O90: =+H90 -> 1015.2594
A91: 41744 | B91: =+A91 -> 41744 | C91: -0.3 | D91: 0.30833333 | F91: 1404.3014 | H91: 1127.9756 | J91: CLOSED | L91: CLOSED | N91: CLOSED | O91: =+F91+H91 -> 2532.277
A92: 41745 | B92: =+A92 -> 41745 | C92: -0.6 | D92: 0.33541667 | F92: 1294.515 | H92: 992.87896 | J92: CLOSED | L92: CLOSED | N92: CLOSED | O92: =+F92+H92 -> 2287.394
A93: 41746 | B93: =+A93 -> 41746 | C93: -0.8 | D93: 0.36319444 | F93: 3103.4956 | H93: 1530.7669 | J93: CLOSED | L93: CLOSED | N93: CLOSED | O93: =+F93+H93 -> 4634.2625
A94: 41747 | B94: =+A94 -> 41747 | C94: -0.8 | D94: 0.39305556 | F94: 7855.0242 | H94: 2090.928 | J94: CLOSED | L94: 2091.1278 | N94: CLOSED | O94: =+F94+H94+L94 -> 12037.08
A95: 41748 | B95: =+A95 -> 41748 | C95: -0.7 | D95: 0.42638889 | F95: 9032.1967 | G95: * | H95: =+(J95+L95)*H96/(J96+L96) -> 3490.9383 | J95: 4863.2949 | L95: 2399.9804 | N95: CLOSED | O95: =+F95+H95+J95+L95 -> 19786.41
A96: 41749 | B96: =+A96 -> 41749 | C96: -0.4 | D96: 0.4625 | F96: 9428.2152 | H96: 3078.6392 | J96: 4057.3215 | L96: 2348.1208 | N96: CLOSED | O96: =+F96+H96+J96+L96 -> 18912.297
A98: 41756 | B98: =+A98 -> 41756 | C98: -0.3 | D98: 0.24513889 | E98: * | F98: =+H98*(F99+F100)/(H99+H100) -> 915.46708 | H98: 710.07122 | J98: CLOSED | L98: CLOSED | N98: CLOSED | O98: =+F98+H98 -> 1625.5383
A99: 41757 | B99: =+A99 -> 41757 | C99: -0.8 | D99: 0.27708333 | F99: 552.80182 | H99: 449.12348 | J99: CLOSED | L99: CLOSED | N99: CLOSED | O99: =+F99+H99 -> 1001.9253
A100: 41758 | B100: =+A100 -> 41758 | C100: -1.1 | D100: 0.30694444 | F100: 1390.2552 | H100: 1057.9858 | J100: CLOSED | L100: CLOSED | N100: CLOSED | O100: =+F100+H100 -> 2448.241
A101: 41759 | B101: =+A101 -> 41759 | C101: -1.2 | D101: 0.33541667 | F101: 1900.5813 | H101: 1193.2734 | J101: CLOSED | L101: CLOSED | N101: CLOSED | O101: =+F101+H101 -> 3093.8547
A102: 41760 | B102: =+A102 -> 41760 | C102: -1 | D102: 0.36319444 | F102: 1975.9725 | H102: 1921.9532 | J102: CLOSED | L102: CLOSED | N102: CLOSED | O102: =+F102+H102 -> 3897.9257
A103: 41761 | B103: =+A103 -> 41761 | C103: -0.7 | D103: 0.39097222 | F103: 2180.8601 | H103: 1562.1948 | J103: CLOSED | L103: 1003.4488 | N103: CLOSED | O103: =+F103+H103+L103 -> 4746.5038
A104: 41762 | B104: =+A104 -> 41762 | C104: -0.3 | D104: 0.41944444 | F104: 3096.0767 | H104: 2123.7574 | J104: CLOSED | L104: 2465.4833 | N104: CLOSED | O104: =+F104+H104+L104 -> 7685.3174
A105: 41763 | B105: =+A105 -> 41763 | C105: 0.1 | D105: 0.44930556 | F105: 1282.2075 | H105: 1431.543 | J105: CLOSED | L105: 1192.9299 | N105: CLOSED | O105: =+F105+H105+L105 -> 3906.6804
A107: 41772 | B107: =+A107 -> 41772 | C107: -0.6 | D107: 0.26458333 | F107: CLOSED | H107: 518.81995 | J107: CLOSED | L107: CLOSED | N107: CLOSED | O107: =+H107 -> 518.81995
A108: 41773 | B108: =+A108 -> 41773 | C108: -1.2 | D108: 0.29305556 | F108: 1226.5815 | H108: 883.01121 | J108: CLOSED | L108: CLOSED | N108: CLOSED | O108: =SUM(F108:N108) -> 2109.5928
A109: 41774 | B109: =+A109 -> 41774 | C109: -1.5 | D109: 0.32222222 | F109: 1580.6079 | H109: 741.76457 | J109: CLOSED | L109: CLOSED | N109: CLOSED | O109: =SUM(F109:N109) -> 2322.3725
A110: 41775 | B110: =+A110 -> 41775 | C110: -1.7 | D110: 0.35208333 | F110: 2244.8123 | H110: 1220.8457 | J110: 1602.3792 | L110: CLOSED | N110: CLOSED | O110: =SUM(F110:N110) -> 5068.0372
A111: 41776 | B111: =+A111 -> 41776 | C111: -1.7 | D111: 0.38333333 | F111: 4821.9097 | H111: 2585.617 | J111: 3576.1978 | L111: 1126.4182 | N111: CLOSED | O111: =SUM(F111:N111) -> 12110.143
A112: 41777 | B112: =+A112 -> 41777 | C112: -1.5 | D112: 0.41597222 | F112: 3127.6117 | H112: 2454.0901 | J112: 2232.05 | L112: 1400.9596 | N112: CLOSED | O112: =SUM(F112:N112) -> 9214.7114
A113: 41778 | B113: =+A113 -> 41778 | C113: -1.1 | D113: 0.45138889 | F113: CLOSED | H113: 1353.7269 | J113: CLOSED | L113: CLOSED | N113: CLOSED | O113: =SUM(F113:N113) -> 1353.7269
A114: 41779 | B114: =+A114 -> 41779 | C114: -0.6 | D114: 0.48888889 | F114: CLOSED | H114: 1097.6628 | J114: CLOSED | L114: CLOSED | N114: CLOSED | O114: =SUM(F114:N114) -> 1097.6628
...

Sheet CPUE
A1: Date | B1: Day | C1: Tide | D1: Time | E1: Longbeach | G1: Twin Harbors | I1: Copalis | K1: Mocrocks | M1: Kalaloch | O1: Daily Totals
A2: 41536 | B2: =+A2 -> 41536 | C2: -0.3 | D2: 0.80069444 | F2: CLOSED | H2: =+Harvest!H2/Effort!H2 -> 15.018519 | J2: CLOSED | L2: CLOSED | N2: CLOSED | O2: =+Harvest!O2/Effort!O2 -> 15.018519 | Q2: =AVERAGE(O2:O19) -> 14.077313
A3: 41537 | B3: =+A3 -> 41537 | C3: -0.5 | D3: 0.83125 | F3: CLOSED | H3: =+Harvest!H3/Effort!H3 -> 12.671875 | J3: CLOSED | L3: CLOSED | N3: CLOSED | O3: =+Harvest!O3/Effort!O3 -> 12.671875
A4: 41538 | B4: =+A4 -> 41538 | C4: -0.5 | D4: 0.86041667 | F4: CLOSED | H4: =+Harvest!H4/Effort!H4 -> 14.813559 | J4: CLOSED | L4: CLOSED | N4: CLOSED | O4: =+Harvest!O4/Effort!O4 -> 14.813559
A5: 41539 | B5: =+A5 -> 41539 | C5: -0.3 | D5: 0.88958333 | F5: CLOSED | H5: =+Harvest!H5/Effort!H5 -> 13.54717 | J5: CLOSED | L5: CLOSED | N5: CLOSED | O5: =+Harvest!O5/Effort!O5 -> 13.54717
A6: 41540 | B6: =+A6 -> 41540 | C6: 0 | D6: 0.91944444 | F6: CLOSED | H6: =+Harvest!H6/Effort!H6 -> 12 | J6: CLOSED | L6: CLOSED | N6: CLOSED | O6: =+Harvest!O6/Effort!O6 -> 12
A8: 41551 | B8: =+A8 -> 41551 | C8: 0 | D8: 0.78888889 | F8: =+Harvest!F8/Effort!F8 -> 15 | H8: =+Harvest!H8/Effort!H8 -> 14.965899 | J8: =+Harvest!J8/Effort!J8 -> 14.8 | L8: =+Harvest!L8/Effort!L8 -> 15.240506 | N8: CLOSED | O8: =+Harvest!O8/Effort!O8 -> 14.973498
A9: 41552 | B9: =+A9 -> 41552 | C9: -0.4 | D9: 0.81666667 | F9: =+Harvest!F9/Effort!F9 -> 15 | H9: =+Harvest!H9/Effort!H9 -> 15 | J9: =+Harvest!J9/Effort!J9 -> 15 | L9: =+Harvest!L9/Effort!L9 -> 15 | N9: CLOSED | O9: =+Harvest!O9/Effort!O9 -> 15
A10: 41553 | B10: =+A10 -> 41553 | C10: -0.7 | D10: 0.84513889 | F10: =+Harvest!F10/Effort!F10 -> 14.015873 | H10: =+Harvest!H10/Effort!H10 -> 13.224138 | J10: CLOSED | L10: =+Harvest!L10/Effort!L10 -> 14.722222 | N10: CLOSED | O10: =+Harvest!O10/Effort!O10 -> 13.938954
A11: 41554 | B11: =+A11 -> 41554 | C11: -0.8 | D11: 0.875 | F11: =+Harvest!F11/Effort!F11 -> 12.59375 | H11: =+Harvest!H11/Effort!H11 -> 14.666667 | J11: CLOSED | L11: =+Harvest!L11/Effort!L11 -> 11.727273 | N11: CLOSED | O11: =+Harvest!O11/Effort!O11 -> 13.290379
A12: 41555 | B12: =+A12 -> 41555 | C12: -0.7 | D12: 0.90833333 | F12: CLOSED | H12: =+Harvest!H12/Effort!H12 -> 15 | J12: CLOSED | L12: CLOSED | N12: CLOSED | O12: =+Harvest!O12/Effort!O12 -> 15
A14: 41564 | B14: =+A14 -> 41564 | C14: -0.2 | D14: 0.76041667 | F14: CLOSED | H14: =+Harvest!H14/Effort!H14 -> 15 | J14: CLOSED | L14: CLOSED | N14: CLOSED | O14: =+Harvest!O14/Effort!O14 -> 15
A15: 41565 | B15: =+A15 -> 41565 | C15: -0.6 | D15: 0.78958333 | F15: =+Harvest!F15/Effort!F15 -> 15 | H15: =+Harvest!H15/Effort!H15 -> 15 | J15: =+Harvest!J15/Effort!J15 -> 14.428571 | L15: =+Harvest!L15/Effort!L15 -> 15.120482 | N15: CLOSED | O15: =+Harvest!O15/Effort!O15 -> 14.79629
A16: 41566 | B16: =+A16 -> 41566 | C16: -0.7 | D16: 0.81805556 | F16: =+Harvest!F16/Effort!F16 -> 14.760684 | H16: =+Harvest!H16/Effort!H16 -> 15 | J16: =+Harvest!J16/Effort!J16 -> 15 | L16: =+Harvest!L16/Effort!L16 -> 14.936937 | N16: CLOSED | O16: =+Harvest!O16/Effort!O16 -> 14.929754
A17: 41567 | B17: =+A17 -> 41567 | C17: -0.7 | D17: 0.84444444 | F17: =+Harvest!F17/Effort!F17 -> 15 | H17: =+Harvest!H17/Effort!H17 -> 14.792453 | J17: CLOSED | L17: =+Harvest!L17/Effort!L17 -> 15 | N17: CLOSED | O17: =+Harvest!O17/Effort!O17 -> 14.938581
A18: 41568 | B18: =+A18 -> 41568 | C18: -0.4 | D18: 0.87152778 | F18: CLOSED | H18: =+Harvest!H18/Effort!H18 -> 12.956522 | J18: CLOSED | L18: =+Harvest!L18/Effort!L18 -> 15 | N18: CLOSED | O18: =+Harvest!O18/Effort!O18 -> 13.540648
A19: 41569 | B19: =+A19 -> 41569 | C19: -0.1 | D19: 0.89861111 | F19: CLOSED | H19: =+Harvest!H19/Effort!H19 -> 11.777778 | J19: CLOSED | L19: CLOSED | N19: CLOSED | O19: =+Harvest!O19/Effort!O19 -> 11.777778
A21: 41579 | B21: =+A21 -> 41579 | C21: 0.1 | D21: 0.74444444 | F21: CLOSED | H21: =+Harvest!H21/Effort!H21 -> 15 | J21: CLOSED | L21: =+Harvest!L21/Effort!L21 -> 15 | N21: CLOSED | O21: =+Harvest!O21/Effort!O21 -> 15
A22: 41580 | B22: =+A22 -> 41580 | C22: -0.6 | D22: 0.77361111 | F22: =+Harvest!F22/Effort!F22 -> 12.347368 | H22: =+Harvest!H22/Effort!H22 -> 8.382716 | J22: =+Harvest!J22/Effort!J22 -> 8.2790698 | L22: =+Harvest!L22/Effort!L22 -> 14.479167 | N22: CLOSED | O22: =+Harvest!O22/Effort!O22 -> 10.876806
A23: 41581 | B23: =+A23 -> 41581 | C23: -1.1 | D23: 0.76111111 | F23: =+Harvest!F23/Effort!F23 -> 15.12963 | H23: =+Harvest!H23/Effort!H23 -> 14.44 | J23: CLOSED | L23: =+Harvest!L23/Effort!L23 -> 15 | N23: CLOSED | O23: =+Harvest!O23/Effort!O23 -> 14.942959
A24: 41582 | B24: =+A24 -> 41582 | C24: -1.3 | D24: 0.79097222 | F24: =+Harvest!F24/Effort!F24 -> 10.434783 | H24: =+Harvest!H24/Effort!H24 -> 8.75 | J24: CLOSED | L24: =+Harvest!L24/Effort!L24 -> 12.957447 | N24: CLOSED | O24: =+Harvest!O24/Effort!O24 -> 10.382765
A25: 41583 | B25: =+A25 -> 41583 | C25: -1.4 | D25: 0.82916667 | F25: =+Harvest!F25/Effort!F25 -> 14.333333 | H25: =+Harvest!H25/Effort!H25 -> 15 | J25: CLOSED | L25: CLOSED | N25: CLOSED | O25: =+Harvest!O25/Effort!O25 -> 14.740086
A26: 41584 | B26: =+A26 -> 41584 | C26: -1.2 | D26: 0.85555556 | F26: CLOSED | H26: =+Harvest!H26/Effort!H26 -> 13.227273 | J26: CLOSED | L26: CLOSED | N26: CLOSED | O26: =+Harvest!O26/Effort!O26 -> 13.227273
A27: 41585 | B27: =+A27 -> 41585 | C27: -0.8 | D27: 0.89166667 | F27: CLOSED | H27: =+Harvest!H27/Effort!H27 -> 13.227273 | J27: CLOSED | L27: CLOSED | N27: CLOSED | O27: =+Harvest!O27/Effort!O27 -> 13.227273
A28: 41586 | B28: =+A28 -> 41586 | C28: -0.3 | D28: 0.92986111 | F28: CLOSED | H28: =+Harvest!H28/Effort!H28 -> 14.4375 | J28: CLOSED | L28: CLOSED | N28: CLOSED | O28: =+Harvest!O28/Effort!O28 -> 14.4375
A30: 41593 | B30: 41593 | C30: -0.3 | D30: 0.70902778 | F30: =+Harvest!F30/Effort!F30 -> 9 | H30: =+Harvest!H30/Effort!H30 -> 14.809524 | J30: =+Harvest!J30/Effort!J30 -> 13.924528 | L30: =+Harvest!L30/Effort!L30 -> 14.731707 | N30: CLOSED | O30: =+Harvest!O30/Effort!O30 -> 11.827513
A31: 41594 | B31: 41594 | C31: -0.6 | D31: 0.7375 | F31: =+Harvest!F31/Effort!F31 -> 11.508197 | H31: =+Harvest!H31/Effort!H31 -> 14.886364 | J31: =+Harvest!J31/Effort!J31 -> 11.137255 | L31: =+Harvest!L31/Effort!L31 -> 14.6 | N31: CLOSED | O31: =+Harvest!O31/Effort!O31 -> 12.5212
A32: 41595 | B32: 41595 | C32: -0.7 | D32: 0.76388889 | F32: =+Harvest!F32/Effort!F32 -> 15 | G32: * | H32: =+Harvest!H32/Effort!H32 -> 14.283077 | J32: CLOSED | L32: =+Harvest!L32/Effort!L32 -> 14.047619 | N32: CLOSED | O32: =+Harvest!O32/Effort!O32 -> 14.399839
A33: 41596 | B33: 41596 | C33: -0.6 | D33: 0.78958333 | F33: CLOSED | H33: =+Harvest!H33/Effort!H33 -> 0.76923077 | J33: CLOSED | L33: CLOSED | N33: CLOSED | O33: =+Harvest!O33/Effort!O33 -> 0.76923077
A34: 41597 | B34: 41597 | C34: -0.4 | D34: 0.81458333 | F34: CLOSED | H34: =+Harvest!H34/Effort!H34 -> 15 | J34: CLOSED | L34: CLOSED | N34: CLOSED | O34: =+Harvest!O34/Effort!O34 -> 15
A35: 41598 | B35: 41598 | C35: -0.2 | D35: 0.83958333 | F35: CLOSED | H35: =+Harvest!H35/Effort!H35 -> 15 | J35: CLOSED | L35: CLOSED | N35: CLOSED | O35: =+Harvest!O35/Effort!O35 -> 15
A37: 41608 | B37: =+A37 -> 41608 | C37: -0.1 | D37: 0.68611111 | F37: =+Harvest!F37/Effort!F37 -> 15 | H37: =+Harvest!H37/Effort!H37 -> 15.426244 | J37: =+Harvest!J37/Effort!J37 -> 15 | L37: =+Harvest!L37/Effort!L37 -> 15 | N37: CLOSED | O37: =+Harvest!O37/Effort!O37 -> 15.066773
A38: 41609 | B38: =+A38 -> 41609 | C38: -0.9 | D38: 0.71736111 | F38: =+Harvest!F38/Effort!F38 -> 7.6548673 | H38: =+Harvest!H38/Effort!H38 -> 12.8 | J38: CLOSED | L38: =+Harvest!L38/Effort!L38 -> 15 | N38: CLOSED | O38: =+Harvest!O38/Effort!O38 -> 10.240867
A39: 41610 | B39: =+A39 -> 41610 | C39: -1.4 | D39: 0.74930556 | F39: =+Harvest!F39/Effort!F39 -> 14.5 | H39: =+Harvest!H39/Effort!H39 -> 15.025641 | J39: CLOSED | L39: =+Harvest!L39/Effort!L39 -> 15 | N39: CLOSED | O39: =+Harvest!O39/Effort!O39 -> 14.759192
A40: 41611 | B40: =+A40 -> 41611 | C40: -1.7 | D40: 0.78055556 | F40: =+Harvest!F40/Effort!F40 -> 15 | H40: =+Harvest!H40/Effort!H40 -> 15 | J40: CLOSED | L40: =+Harvest!L40/Effort!L40 -> 14.235294 | N40: CLOSED | O40: =+Harvest!O40/Effort!O40 -> 14.837745
A41: 41612 | B41: =+A41 -> 41612 | C41: -1.7 | D41: 0.8125 | F41: =+Harvest!F41/Effort!F41 -> 11.622047 | H41: =+Harvest!H41/Effort!H41 -> 15 | J41: CLOSED | L41: CLOSED | N41: CLOSED | O41: =+Harvest!O41/Effort!O41 -> 13.353782
A42: 41613 | B42: =+A42 -> 41613 | C42: -1.4 | D42: 0.84513889 | F42: CLOSED | H42: =+Harvest!H42/Effort!H42 -> 14.105263 | J42: CLOSED | L42: CLOSED | N42: CLOSED | O42: =+Harvest!O42/Effort!O42 -> 14.105263
A43: 41614 | B43: =+A43 -> 41614 | C43: -1 | D43: 0.87847222 | F43: CLOSED | H43: =+Harvest!H43/Effort!H43 -> 15 | J43: CLOSED | L43: CLOSED | N43: CLOSED | O43: =+Harvest!O43/Effort!O43 -> 15
A44: 41615 | B44: =+A44 -> 41615 | C44: -0.3 | D44: 0.91388889 | F44: CLOSED | H44: =+Harvest!H44/Effort!H44 -> 15 | J44: CLOSED | L44: CLOSED | N44: CLOSED | O44: =+Harvest!O44/Effort!O44 -> 15
A46: 41622 | B46: =+A46 -> 41622 | C46: -0.1 | D46: 0.69791667 | F46: =+Harvest!F46/Effort!F46 -> 15 | H46: =+Harvest!H46/Effort!H46 -> 15 | J46: =+Harvest!J46/Effort!J46 -> 15 | L46: =+Harvest!L46/Effort!L46 -> 15 | N46: CLOSED | O46: =+Harvest!O46/Effort!O46 -> 15
A47: 41623 | B47: =+A47 -> 41623 | C47: -0.3 | D47: 0.72638889 | F47: =+Harvest!F47/Effort!F47 -> 12.825 | H47: =+Harvest!H47/Effort!H47 -> 13.125 | J47: CLOSED | L47: =+Harvest!L47/Effort!L47 -> 14.95122 | N47: CLOSED | O47: =+Harvest!O47/Effort!O47 -> 13.577669
A48: 41624 | B48: =+A48 -> 41624 | C48: -0.4 | D48: 0.75208333 | F48: =+Harvest!F48/Effort!F48 -> 14.837838 | H48: =+Harvest!H48/Effort!H48 -> 13.167822 | J48: CLOSED | L48: =+Harvest!L48/Effort!L48 -> 15 | N48: CLOSED | O48: =+Harvest!O48/Effort!O48 -> 14.519856
A49: 41625 | B49: =+A49 -> 41625 | C49: -0.4 | D49: 0.77638889 | F49: CLOSED | H49: =+Harvest!H49/Effort!H49 -> 13.6 | J49: CLOSED | L49: CLOSED | N49: CLOSED | O49: =+Harvest!O49/Effort!O49 -> 13.6
A50: 41626 | B50: =+A50 -> 41626 | C50: -0.3 | D50: 0.8 | F50: CLOSED | H50: =+Harvest!H50/Effort!H50 -> 15 | J50: CLOSED | L50: CLOSED | N50: CLOSED | O50: =+Harvest!O50/Effort!O50 -> 15
A52: 41637 | B52: =+A52 -> 41637 | C52: -0.2 | D52: 0.67013889 | F52: =+Harvest!F52/Effort!F52 -> 14.785714 | H52: =+Harvest!H52/Effort!H52 -> 15.058925 | J52: =+Harvest!J52/Effort!J52 -> 14.535714 | L52: =+Harvest!L52/Effort!L52 -> 15 | N52: CLOSED | O52: =+Harvest!O52/Effort!O52 -> 14.751491
A53: 41638 | B53: =+A53 -> 41638 | C53: -0.9 | D53: 0.70486111 | F53: =+Harvest!F53/Effort!F53 -> 14.95 | H53: =+Harvest!H53/Effort!H53 -> 15.16129 | J53: =+Harvest!J53/Effort!J53 -> 14.828947 | L53: =+Harvest!L53/Effort!L53 -> 14.627119 | N53: CLOSED | O53: =+Harvest!O53/Effort!O53 -> 14.866272
A54: 41639 | B54: =+A54 -> 41639 | C54: -1.4 | D54: 0.7375 | F54: =+Harvest!F54/Effort!F54 -> 14.911504 | H54: =+Harvest!H54/Effort!H54 -> 15.41194 | J54: =+Harvest!J54/Effort!J54 -> 15.009434 | L54: =+Harvest!L54/Effort!L54 -> 15 | N54: CLOSED | O54: =+Harvest!O54/Effort!O54 -> 15.008238
A55: 41640 | B55: =+A55 -> 41640 | C55: -1.7 | D55: 0.77013889 | F55: =+Harvest!F55/Effort!F55 -> 14.927764 | H55: =+Harvest!H55/Effort!H55 -> 13.247627 | J55: CLOSED | L55: =+Harvest!L55/Effort!L55 -> 15.090909 | N55: CLOSED | O55: =+Harvest!O55/Effort!O55 -> 14.607855
A56: 41641 | B56: =+A56 -> 41641 | C56: -1.7 | D56: 0.80208333 | F56: =+Harvest!F56/Effort!F56 -> 5.3666667 | H56: =+Harvest!H56/Effort!H56 -> 9.9047619 | J56: CLOSED | L56: =+Harvest!L56/Effort!L56 -> 9.6046512 | N56: CLOSED | O56: =+Harvest!O56/Effort!O56 -> 7.6644592
A57: 41642 | B57: =+A57 -> 41642 | C57: -1.4 | D57: 0.83333333 | F57: =+Harvest!F57/Effort!F57 -> 13.354167 | H57: =+Harvest!H57/Effort!H57 -> 14.864407 | J57: CLOSED | L57: =+Harvest!L57/Effort!L57 -> 15 | N57: CLOSED | O57: =+Harvest!O57/Effort!O57 -> 14.357494
A58: 41643 | B58: =+A58 -> 41643 | C58: -0.9 | D58: 0.86458333 | F58: =+Harvest!F58/Effort!F58 -> 15.019459 | H58: =+Harvest!H58/Effort!H58 -> 14.428571 | J58: =+Harvest!J58/Effort!J58 -> 15.017857 | L58: =+Harvest!L58/Effort!L58 -> 15 | N58: CLOSED | O58: =+Harvest!O58/Effort!O58 -> 14.935342
A59: 41644 | B59: =+A59 -> 41644 | C59: -0.2 | D59: 0.89652778 | F59: CLOSED | H59: =+Harvest!H59/Effort!H59 -> 14.428571 | J59: CLOSED | L59: CLOSED | N59: CLOSED | O59: =+Harvest!O59/Effort!O59 -> 14.428571
A61: 41654 | B61: =+A61 -> 41654 | C61: -0.1 | D61: 0.76319444 | F61: CLOSED | H61: =+Harvest!H61/Effort!H61 -> 14.677419 | J61: CLOSED | L61: CLOSED | N61: CLOSED | O61: =+Harvest!O61/Effort!O61 -> 14.677419
A62: 41655 | B62: =+A62 -> 41655 | C62: -0.1 | D62: 0.78541667 | F62: CLOSED | H62: =+Harvest!H62/Effort!H62 -> 15.033333 | J62: CLOSED | L62: CLOSED | N62: CLOSED | O62: =+Harvest!O62/Effort!O62 -> 15.033333
A63: 41656 | B63: =+A63 -> 41656 | C63: 0 | D63: 0.80694444 | F63: =+Harvest!F63/Effort!F63 -> 5.9545455 | H63: =+Harvest!H63/Effort!H63 -> 18.090909 | J63: CLOSED | L63: =+Harvest!L63/Effort!L63 -> 9.5666667 | N63: CLOSED | O63: =+Harvest!O63/Effort!O63 -> 10.172795
A64: 41657 | B64: =+A64 -> 41657 | C64: 0.2 | D64: 0.82847222 | F64: =+Harvest!F64/Effort!F64 -> 9 | H64: =+Harvest!H64/Effort!H64 -> 11.532258 | J64: CLOSED | L64: =+Harvest!L64/Effort!L64 -> 10.653846 | N64: CLOSED | O64: =+Harvest!O64/Effort!O64 -> 10.190333
A66: 41667 | B66: =+A66 -> 41667 | C66: -0.7 | D66: 0.69166667 | F66: CLOSED | H66: =+Harvest!H66/Effort!H66 -> 15 | J66: CLOSED | L66: CLOSED | N66: CLOSED | O66: =+Harvest!O66/Effort!O66 -> 15
A67: 41668 | B67: =+A67 -> 41668 | C67: -1.2 | D67: 0.72569444 | F67: =+Harvest!F67/Effort!F67 -> 15.015625 | H67: =+Harvest!H67/Effort!H67 -> 15 | J67: CLOSED | L67: CLOSED | N67: CLOSED | O67: =+Harvest!O67/Effort!O67 -> 15.011265
A68: 41669 | B68: =+A68 -> 41669 | C68: -1.4 | D68: 0.75763889 | F68: =+Harvest!F68/Effort!F68 -> 15 | H68: =+Harvest!H68/Effort!H68 -> 15 | J68: CLOSED | L68: =+Harvest!L68/Effort!L68 -> 15 | N68: CLOSED | O68: =+Harvest!O68/Effort!O68 -> 15
A69: 41670 | B69: =+A69 -> 41670 | C69: -1.4 | D69: 0.78819444 | F69: =+Harvest!F69/Effort!F69 -> 14.768707 | H69: =+Harvest!H69/Effort!H69 -> 15 | J69: CLOSED | L69: =+Harvest!L69/Effort!L69 -> 14.939394 | N69: CLOSED | O69: =+Harvest!O69/Effort!O69 -> 14.865868
A70: 41671 | B70: =+A70 -> 41671 | C70: -1.1 | D70: 0.81805556 | F70: =+Harvest!F70/Effort!F70 -> 12.873786 | H70: =+Harvest!H70/Effort!H70 -> 14.305246 | J70: =+Harvest!J70/Effort!J70 -> 15 | L70: =+Harvest!L70/Effort!L70 -> 12.589744 | N70: CLOSED | O70: =+Harvest!O70/Effort!O70 -> 13.683038
A71: 41672 | B71: =+A71 -> 41672 | C71: -0.5 | D71: 0.84722222 | F71: =+Harvest!F71/Effort!F71 -> 14.895377 | H71: =+Harvest!H71/Effort!H71 -> 15.042196 | J71: CLOSED | L71: =+Harvest!L71/Effort!L71 -> 15 | N71: CLOSED | O71: =+Harvest!O71/Effort!O71 -> 14.956037
A73: 41696 | B73: =+A73 -> 41696 | C73: -0.4 | D73: 0.67708333 | F73: CLOSED | H73: =+Harvest!H73/Effort!H73 -> 13.571429 | J73: CLOSED | L73: CLOSED | N73: CLOSED | O73: =+Harvest!O73/Effort!O73 -> 13.571429
A74: 41697 | B74: =+A74 -> 41697 | C74: -0.7 | D74: 0.71111111 | F74: =+Harvest!F74/Effort!F74 -> 15 | H74: =+Harvest!H74/Effort!H74 -> 14.468085 | J74: CLOSED | L74: =+Harvest!L74/Effort!L74 -> 14.960784 | N74: CLOSED | O74: =+Harvest!O74/Effort!O74 -> 14.871111
A75: 41698 | B75: =+A75 -> 41698 | C75: -0.8 | D75: 0.74236111 | F75: =+Harvest!F75/Effort!F75 -> 14.130952 | H75: =+Harvest!H75/Effort!H75 -> 15 | J75: CLOSED | L75: =+Harvest!L75/Effort!L75 -> 15.028571 | N75: CLOSED | O75: =+Harvest!O75/Effort!O75 -> 14.520997
A76: 41699 | B76: =+A76 -> 41699 | C76: -0.7 | D76: 0.77222222 | F76: =+Harvest!F76/Effort!F76 -> 14.955882 | H76: =+Harvest!H76/Effort!H76 -> 13.5 | J76: =+Harvest!J76/Effort!J76 -> 14.918605 | L76: =+Harvest!L76/Effort!L76 -> 13.144737 | N76: CLOSED | O76: =+Harvest!O76/Effort!O76 -> 14.337932
A77: 41700 | B77: =+A77 -> 41700 | C77: -0.3 | D77: 0.80069444 | F77: =+Harvest!F77/Effort!F77 -> 0.1 | H77: =+Harvest!H77/Effort!H77 -> 3.6190476 | J77: CLOSED | L77: =+Harvest!L77/Effort!L77 -> 14.105263 | N77: CLOSED | O77: =+Harvest!O77/Effort!O77 -> 7.4392186
A78: 41701 | B78: =+A78 -> 41701 | C78: 0.3 | D78: 0.82847222 | F78: CLOSED | H78: =+Harvest!H78/Effort!H78 -> 10 | J78: CLOSED | L78: CLOSED | N78: CLOSED | O78: =+Harvest!O78/Effort!O78 -> 10
A80: 41724 | B80: 41724 | C80: 0.3 | D80: 0.66111111 | F80: CLOSED | H80: =+Harvest!H80/Effort!H80 -> 13.205128 | J80: CLOSED | L80: CLOSED | N80: CLOSED | O80: =+Harvest!O80/Effort!O80 -> 13.205128
A81: 41725 | B81: 41725 | C81: 0.1 | D81: 0.7 | F81: CLOSED | H81: =+Harvest!H81/Effort!H81 -> 14.605263 | J81: CLOSED | L81: CLOSED | N81: CLOSED | O81: =+Harvest!O81/Effort!O81 -> 14.605263
A82: 41726 | B82: 41726 | C82: 0 | D82: 0.73472222 | F82: =+Harvest!F82/Effort!F82 -> 9.3943662 | H82: =+Harvest!H82/Effort!H82 -> 14.944444 | J82: CLOSED | L82: =+Harvest!L82/Effort!L82 -> 15 | N82: CLOSED | O82: =+Harvest!O82/Effort!O82 -> 11.585178
A83: 41727 | B83: 41727 | C83: 0 | D83: 0.76597222 | F83: =+Harvest!F83/Effort!F83 -> 4.147541 | H83: =+Harvest!H83/Effort!H83 -> 6.9447816 | J83: CLOSED | L83: =+Harvest!L83/Effort!L83 -> 6.8208955 | N83: CLOSED | O83: =+Harvest!O83/Effort!O83 -> 5.8020888
A84: 41728 | B84: 41728 | C84: -0.1 | D84: 0.28680556 | F84: =+Harvest!F84/Effort!F84 -> 7.8032787 | H84: =+Harvest!H84/Effort!H84 -> 14.138889 | J84: CLOSED | L84: =+Harvest!L84/Effort!L84 -> 13.369565 | N84: CLOSED | O84: =+Harvest!O84/Effort!O84 -> 11.417362
A85: 41729 | B85: 41729 | C85: -0.5 | D85: 0.31875 | F85: =+Harvest!F85/Effort!F85 -> 13.763636 | H85: =+Harvest!H85/Effort!H85 -> 14.510638 | J85: CLOSED | L85: CLOSED | N85: CLOSED | O85: =+Harvest!O85/Effort!O85 -> 14.097204
A86: 41730 | B86: 41730 | C86: -0.7 | D86: 0.34861111 | F86: =+Harvest!F86/Effort!F86 -> 13.675325 | H86: =+Harvest!H86/Effort!H86 -> 15 | J86: CLOSED | L86: CLOSED | N86: CLOSED | O86: =+Harvest!O86/Effort!O86 -> 14.056619
A87: 41731 | B87: 41731 | C87: -0.6 | D87: 0.37847222 | F87: =+Harvest!F87/Effort!F87 -> 14.52381 | H87: =+Harvest!H87/Effort!H87 -> 15 | J87: CLOSED | L87: CLOSED | N87: CLOSED | O87: =+Harvest!O87/Effort!O87 -> 14.695478
A88: 41732 | B88: 41732 | C88: -0.3 | D88: 0.40902778 | F88: =+Harvest!F88/Effort!F88 -> 14.927536 | H88: =+Harvest!H88/Effort!H88 -> 15 | J88: CLOSED | L88: CLOSED | N88: CLOSED | O88: =+Harvest!O88/Effort!O88 -> 14.948802
A90: 41743 | B90: =+A90 -> 41743 | C90: 0.2 | D90: 0.28194444 | F90: CLOSED | H90: =+Harvest!H90/Effort!H90 -> 15 | J90: CLOSED | L90: CLOSED | N90: CLOSED | O90: =+Harvest!O90/Effort!O90 -> 15
A91: 41744 | B91: =+A91 -> 41744 | C91: -0.3 | D91: 0.30833333 | F91: =+Harvest!F91/Effort!F91 -> 15 | H91: =+Harvest!H91/Effort!H91 -> 15 | J91: CLOSED | L91: CLOSED | N91: CLOSED | O91: =+Harvest!O91/Effort!O91 -> 15
A92: 41745 | B92: =+A92 -> 41745 | C92: -0.6 | D92: 0.33541667 | F92: =+Harvest!F92/Effort!F92 -> 14.715517 | H92: =+Harvest!H92/Effort!H92 -> 15 | J92: CLOSED | L92: CLOSED | N92: CLOSED | O92: =+Harvest!O92/Effort!O92 -> 14.839001
A93: 41746 | B93: =+A93 -> 41746 | C93: -0.8 | D93: 0.36319444 | F93: =+Harvest!F93/Effort!F93 -> 14.829545 | H93: =+Harvest!H93/Effort!H93 -> 14.702703 | J93: CLOSED | L93: CLOSED | N93: CLOSED | O93: =+Harvest!O93/Effort!O93 -> 14.787647
A94: 41747 | B94: =+A94 -> 41747 | C94: -0.8 | D94: 0.39305556 | F94: =+Harvest!F94/Effort!F94 -> 15.026549 | H94: =+Harvest!H94/Effort!H94 -> 14.966667 | J94: CLOSED | L94: =+Harvest!L94/Effort!L94 -> 15 | N94: CLOSED | O94: =+Harvest!O94/Effort!O94 -> 15.011535
A95: 41748 | B95: =+A95 -> 41748 | C95: -0.7 | D95: 0.42638889 | F95: =+Harvest!F95/Effort!F95 -> 11.669291 | H95: =+Harvest!H95/Effort!H95 -> 10.612439 | J95: =+Harvest!J95/Effort!J95 -> 11.297297 | L95: =+Harvest!L95/Effort!L95 -> 13.633028 | N95: CLOSED | O95: =+Harvest!O95/Effort!O95 -> 11.629588
A96: 41749 | B96: =+A96 -> 41749 | C96: -0.4 | D96: 0.4625 | F96: =+Harvest!F96/Effort!F96 -> 3.2264151 | H96: =+Harvest!H96/Effort!H96 -> 9.984127 | J96: =+Harvest!J96/Effort!J96 -> 9.4732143 | L96: =+Harvest!L96/Effort!L96 -> 14.605263 | N96: CLOSED | O96: =+Harvest!O96/Effort!O96 -> 7.0793971
A98: 41756 | B98: =+A98 -> 41756 | C98: -0.3 | D98: 0.24513889 | F98: =+Harvest!F98/Effort!F98 -> 15.024086 | H98: =+Harvest!H98/Effort!H98 -> 15 | J98: CLOSED | L98: CLOSED | N98: CLOSED | O98: =+Harvest!O98/Effort!O98 -> 15.013565
A99: 41757 | B99: =+A99 -> 41757 | C99: -0.8 | D99: 0.27708333 | F99: =+Harvest!F99/Effort!F99 -> 14.934783 | H99: =+Harvest!H99/Effort!H99 -> 14.857143 | J99: CLOSED | L99: CLOSED | N99: CLOSED | O99: =+Harvest!O99/Effort!O99 -> 14.89998
A100: 41758 | B100: =+A100 -> 41758 | C100: -1.1 | D100: 0.30694444 | F100: =+Harvest!F100/Effort!F100 -> 15 | H100: =+Harvest!H100/Effort!H100 -> 15 | J100: CLOSED | L100: CLOSED | N100: CLOSED | O100: =+Harvest!O100/Effort!O100 -> 15
A101: 41759 | B101: =+A101 -> 41759 | C101: -1.2 | D101: 0.33541667 | F101: =+Harvest!F101/Effort!F101 -> 15 | H101: =+Harvest!H101/Effort!H101 -> 15 | J101: CLOSED | L101: CLOSED | N101: CLOSED | O101: =+Harvest!O101/Effort!O101 -> 15
A102: 41760 | B102: =+A102 -> 41760 | C102: -1 | D102: 0.36319444 | F102: =+Harvest!F102/Effort!F102 -> 15 | H102: =+Harvest!H102/Effort!H102 -> 15 | J102: CLOSED | L102: CLOSED | N102: CLOSED | O102: =+Harvest!O102/Effort!O102 -> 15
A103: 41761 | B103: =+A103 -> 41761 | C103: -0.7 | D103: 0.39097222 | F103: =+Harvest!F103/Effort!F103 -> 14.603175 | H103: =+Harvest!H103/Effort!H103 -> 15 | J103: CLOSED | L103: =+Harvest!L103/Effort!L103 -> 14.7 | N103: CLOSED | O103: =+Harvest!O103/Effort!O103 -> 14.75425
A104: 41762 | B104: =+A104 -> 41762 | C104: -0.3 | D104: 0.41944444 | F104: =+Harvest!F104/Effort!F104 -> 12.672131 | H104: =+Harvest!H104/Effort!H104 -> 14.745098 | J104: CLOSED | L104: =+Harvest!L104/Effort!L104 -> 13.813559 | N104: CLOSED | O104: =+Harvest!O104/Effort!O104 -> 13.611149
A105: 41763 | B105: =+A105 -> 41763 | C105: 0.1 | D105: 0.44930556 | F105: =+Harvest!F105/Effort!F105 -> 7.6774194 | H105: =+Harvest!H105/Effort!H105 -> 8.94 | J105: CLOSED | L105: =+Harvest!L105/Effort!L105 -> 8.8461538 | N105: CLOSED | O105: =+Harvest!O105/Effort!O105 -> 8.4969532
A107: 41772 | B107: =+A107 -> 41772 | C107: -0.6 | D107: 0.26458333 | F107: CLOSED | H107: =+Harvest!H107/Effort!H107 -> 15 | J107: CLOSED | L107: CLOSED | N107: CLOSED | O107: =+Harvest!O107/Effort!O107 -> 15
A108: 41773 | B108: =+A108 -> 41773 | C108: -1.2 | D108: 0.29305556 | F108: =+Harvest!F108/Effort!F108 -> 15 | H108: =+Harvest!H108/Effort!H108 -> 15 | J108: CLOSED | L108: CLOSED | N108: CLOSED | O108: =+Harvest!O108/Effort!O108 -> 15
A109: 41774 | B109: =+A109 -> 41774 | C109: -1.5 | D109: 0.32222222 | F109: =+Harvest!F109/Effort!F109 -> 15 | H109: =+Harvest!H109/Effort!H109 -> 15 | J109: CLOSED | L109: CLOSED | N109: CLOSED | O109: =+Harvest!O109/Effort!O109 -> 15
A110: 41775 | B110: =+A110 -> 41775 | C110: -1.7 | D110: 0.35208333 | F110: =+Harvest!F110/Effort!F110 -> 15 | H110: =+Harvest!H110/Effort!H110 -> 15 | J110: =+Harvest!J110/Effort!J110 -> 15.03125 | L110: CLOSED | N110: CLOSED | O110: =+Harvest!O110/Effort!O110 -> 15.00988
A111: 41776 | B111: =+A111 -> 41776 | C111: -1.7 | D111: 0.38333333 | F111: =+Harvest!F111/Effort!F111 -> 15 | H111: =+Harvest!H111/Effort!H111 -> 15 | J111: =+Harvest!J111/Effort!J111 -> 15.1875 | L111: =+Harvest!L111/Effort!L111 -> 15 | N111: CLOSED | O111: =+Harvest!O111/Effort!O111 -> 15.05537
A112: 41777 | B112: =+A112 -> 41777 | C112: -1.5 | D112: 0.41597222 | F112: =+Harvest!F112/Effort!F112 -> 15 | H112: =+Harvest!H112/Effort!H112 -> 14.911111 | J112: =+Harvest!J112/Effort!J112 -> 15 | L112: =+Harvest!L112/Effort!L112 -> 15 | N112: CLOSED | O112: =+Harvest!O112/Effort!O112 -> 14.976327
A113: 41778 | B113: =+A113 -> 41778 | C113: -1.1 | D113: 0.45138889 | F113: CLOSED | H113: =+Harvest!H113/Effort!H113 -> 15 | J113: CLOSED | L113: CLOSED | N113: CLOSED | O113: =+Harvest!O113/Effort!O113 -> 15
A114: 41779 | B114: =+A114 -> 41779 | C114: -0.6 | D114: 0.48888889 | F114: CLOSED | H114: =+Harvest!H114/Effort!H114 -> 14.942308 | J114: CLOSED | L114: CLOSED | N114: CLOSED | O114: =+Harvest!O114/Effort!O114 -> 14.942308
...

Sheet Summary Table
A1: 2013-2014 State (non-Indian) Recreational Razor Clam Effort, Harvest and CPUE totals.
E2: LONG BEACH | H2: TWIN HARBORS | K2: COPALIS | N2: MOCROCKS | Q2: KALALOCH | T2: DAILY TOTALS
A3: DATE | B3: DAY | C3: TIDE | D3: TIME | E3: Effort | F3: Harvest | G3: CPUE | H3: Effort | I3: Harvest | J3: CPUE | K3: Effort | L3: Harvest | M3: CPUE | N3: Effort | O3: Harvest | P3: CPUE | Q3: Effort | R3: Harvest | S3: CPUE | T3: Effort | U3: Harvest
A4: 41536 | B4: =+A4 -> 41536 | C4: -0.3 | D4: 0.80069444 | E4: =Effort!F2 -> CLOSED | F4: =Harvest!F2 -> CLOSED | G4: =CPUE!F2 -> CLOSED | H4: =Effort!H2 -> 3023.0358 | I4: =Harvest!H2 -> 45401.518 | J4: =CPUE!H2 -> 15.018519 | K4: =Effort!J2 -> CLOSED | L4: =Harvest!J2 -> CLOSED | M4: =CPUE!J2 -> CLOSED | N4: =Effort!L2 -> CLOSED | O4: =Harvest!L2 -> CLOSED | P4: =CPUE!L2 -> CLOSED | Q4: =Effort!N2 -> CLOSED | R4: =Harvest!N2 -> CLOSED | S4: =CPUE!N2 -> CLOSED | T4: =+H4 -> 3023.0358 | U4: =+I4 -> 45401.518
A5: 41537 | B5: =+A5 -> 41537 | C5: -0.5 | D5: 0.83125 | E5: =Effort!F3 -> CLOSED | F5: =Harvest!F3 -> CLOSED | G5: =CPUE!F3 -> CLOSED | H5: =Effort!H3 -> 1669.621 | I5: =Harvest!H3 -> 21157.228 | J5: =CPUE!H3 -> 12.671875 | K5: =Effort!J3 -> CLOSED | L5: =Harvest!J3 -> CLOSED | M5: =CPUE!J3 -> CLOSED | N5: =Effort!L3 -> CLOSED | O5: =Harvest!L3 -> CLOSED | P5: =CPUE!L3 -> CLOSED | Q5: =Effort!N3 -> CLOSED | R5: =Harvest!N3 -> CLOSED | S5: =CPUE!N3 -> CLOSED | T5: =+H5 -> 1669.621 | U5: =+I5 -> 21157.228
A6: 41538 | B6: =+A6 -> 41538 | C6: -0.5 | D6: 0.86041667 | E6: =Effort!F4 -> CLOSED | F6: =Harvest!F4 -> CLOSED | G6: =CPUE!F4 -> CLOSED | H6: =Effort!H4 -> 3341.8734 | I6: =Harvest!H4 -> 49505.04 | J6: =CPUE!H4 -> 14.813559 | K6: =Effort!J4 -> CLOSED | L6: =Harvest!J4 -> CLOSED | M6: =CPUE!J4 -> CLOSED | N6: =Effort!L4 -> CLOSED | O6: =Harvest!L4 -> CLOSED | P6: =CPUE!L4 -> CLOSED | Q6: =Effort!N4 -> CLOSED | R6: =Harvest!N4 -> CLOSED | S6: =CPUE!N4 -> CLOSED | T6: =+H6 -> 3341.8734 | U6: =+I6 -> 49505.04
A7: 41539 | B7: =+A7 -> 41539 | C7: -0.3 | D7: 0.88958333 | E7: =Effort!F5 -> CLOSED | F7: =Harvest!F5 -> CLOSED | G7: =CPUE!F5 -> CLOSED | H7: =Effort!H5 -> 673.80127 | I7: =Harvest!H5 -> 9128.1002 | J7: =CPUE!H5 -> 13.54717 | K7: =Effort!J5 -> CLOSED | L7: =Harvest!J5 -> CLOSED | M7: =CPUE!J5 -> CLOSED | N7: =Effort!L5 -> CLOSED | O7: =Harvest!L5 -> CLOSED | P7: =CPUE!L5 -> CLOSED | Q7: =Effort!N5 -> CLOSED | R7: =Harvest!N5 -> CLOSED | S7: =CPUE!N5 -> CLOSED | T7: =+H7 -> 673.80127 | U7: =+I7 -> 9128.1002
A8: 41540 | B8: =+A8 -> 41540 | C8: 0 | D8: 0.91944444 | E8: =Effort!F6 -> CLOSED | F8: =Harvest!F6 -> CLOSED | G8: =CPUE!F6 -> CLOSED | H8: =Effort!H6 -> 194.71301 | I8: =Harvest!H6 -> 2336.5561 | J8: =CPUE!H6 -> 12 | K8: =Effort!J6 -> CLOSED | L8: =Harvest!J6 -> CLOSED | M8: =CPUE!J6 -> CLOSED | N8: =Effort!L6 -> CLOSED | O8: =Harvest!L6 -> CLOSED | P8: =CPUE!L6 -> CLOSED | Q8: =Effort!N6 -> CLOSED | R8: =Harvest!N6 -> CLOSED | S8: =CPUE!N6 -> CLOSED | T8: =+H8 -> 194.71301 | U8: =+I8 -> 2336.5561
A9: Tide Series Totals | E9: =SUM(E4:E8) -> 0 | F9: =SUM(F4:F8) -> 0 | G9: =+F9/E9 -> #DIV/0! | H9: =SUM(H4:H8) -> 8903.0444 | I9: =SUM(I4:I8) -> 127528.44 | J9: =+I9/H9 -> 14.324139 | K9: =SUM(K4:K8) -> 0 | L9: =SUM(L4:L8) -> 0 | M9: =+L9/K9 -> #DIV/0! | N9: =SUM(N4:N8) -> 0 | O9: =SUM(O4:O8) -> 0 | P9: =+O9/N9 -> #DIV/0! | T9: =SUM(T4:T8) -> 8903.0444 | U9: =SUM(U4:U8) -> 127528.44
A10: 41551 | B10: =+A10 -> 41551 | C10: 0 | D10: 0.78888889 | E10: =Effort!F8 -> 1295.1217 | F10: =Harvest!F8 -> 19426.826 | G10: =CPUE!F8 -> 15 | H10: =Effort!H8 -> 1333.5092 | I10: =Harvest!H8 -> 19957.164 | J10: =CPUE!H8 -> 14.965899 | K10: =Effort!J8 -> 1984.4408 | L10: =Harvest!J8 -> 29369.724 | M10: =CPUE!J8 -> 14.8 | N10: =Effort!L8 -> 1198.866 | O10: =Harvest!L8 -> 18271.325 | P10: =CPUE!L8 -> 15.240506 | Q10: =Effort!N8 -> CLOSED | R10: =Harvest!N8 -> CLOSED | S10: =CPUE!N8 -> CLOSED | T10: =+E10+H10+K10+N10 -> 5811.9378 | U10: =+F10+I10+L10+O10 -> 87025.04
A11: 41552 | B11: =+A11 -> 41552 | C11: -0.4 | D11: 0.81666667 | E11: =Effort!F9 -> 2719.8142 | F11: =Harvest!F9 -> 40797.213 | G11: =CPUE!F9 -> 15 | H11: =Effort!H9 -> 2281.1871 | I11: =Harvest!H9 -> 34217.806 | J11: =CPUE!H9 -> 15 | K11: =Effort!J9 -> 3901.9657 | L11: =Harvest!J9 -> 58529.485 | M11: =CPUE!J9 -> 15 | N11: =Effort!L9 -> 1543.6049 | O11: =Harvest!L9 -> 23154.074 | P11: =CPUE!L9 -> 15 | Q11: =Effort!N9 -> CLOSED | R11: =Harvest!N9 -> CLOSED | S11: =CPUE!N9 -> CLOSED | T11: =+E11+H11+K11+N11 -> 10446.572 | U11: =+F11+I11+L11+O11 -> 156698.58
A12: 41553 | B12: =+A12 -> 41553 | C12: -0.7 | D12: 0.84513889 | E12: =Effort!F10 -> 2021.225 | F12: =Harvest!F10 -> 28329.233 | G12: =CPUE!F10 -> 14.015873 | H12: =Effort!H10 -> 1647.2 | I12: =Harvest!H10 -> 21782.8 | J12: =CPUE!H10 -> 13.224138 | K12: =Effort!J10 -> CLOSED | L12: =Harvest!J10 -> CLOSED | M12: =CPUE!J10 -> CLOSED | N12: =Effort!L10 -> 1304.756 | O12: =Harvest!L10 -> 19208.907 | P12: =CPUE!L10 -> 14.722222 | Q12: =Effort!N10 -> CLOSED | R12: =Harvest!N10 -> CLOSED | S12: =CPUE!N10 -> CLOSED | T12: =+E12+H12+N12 -> 4973.181 | U12: =+F12+I12+O12 -> 69320.94
A13: 41554 | B13: =+A13 -> 41554 | C13: -0.8 | D13: 0.875 | E13: =Effort!F11 -> 456.73402 | F13: =Harvest!F11 -> 5751.9941 | G13: =CPUE!F11 -> 12.59375 | H13: =Effort!H11 -> 429.96012 | I13: =Harvest!H11 -> 6306.0817 | J13: =CPUE!H11 -> 14.666667 | K13: =Effort!J11 -> CLOSED | L13: =Harvest!J11 -> CLOSED | M13: =CPUE!J11 -> CLOSED | N13: =Effort!L11 -> 175.01989 | O13: =Harvest!L11 -> 2052.5059 | P13: =CPUE!L11 -> 11.727273 | Q13: =Effort!N11 -> CLOSED | R13: =Harvest!N11 -> CLOSED | S13: =CPUE!N11 -> CLOSED | T13: =+E13+H13+N13 -> 1061.714 | U13: =+F13+I13+O13 -> 14110.582
A14: 41555 | B14: =+A14 -> 41555 | C14: -0.7 | D14: 0.90833333 | E14: =Effort!F12 -> CLOSED | F14: =Harvest!F12 -> CLOSED | G14: =CPUE!F12 -> CLOSED | H14: =Effort!H12 -> 144.39326 | I14: =Harvest!H12 -> 2165.8989 | J14: =CPUE!H12 -> 15 | K14: =Effort!J12 -> CLOSED | L14: =Harvest!J12 -> CLOSED | M14: =CPUE!J12 -> CLOSED | N14: =Effort!L12 -> CLOSED | O14: =Harvest!L12 -> CLOSED | P14: =CPUE!L12 -> CLOSED | Q14: =Effort!N12 -> CLOSED | R14: =Harvest!N12 -> CLOSED | S14: =CPUE!N12 -> CLOSED | T14: =+H14 -> 144.39326 | U14: =+I14 -> 2165.8989
A15: Tide Series Totals | E15: =SUM(E10:E14) -> 6492.8949 | F15: =SUM(F10:F14) -> 94305.265 | G15: =+F15/E15 -> 14.524379 | H15: =SUM(H10:H14) -> 5836.2497 | I15: =SUM(I10:I14) -> 84429.751 | J15: =+I15/H15 -> 14.466439 | K15: =SUM(K10:K14) -> 5886.4065 | L15: =SUM(L10:L14) -> 87899.21 | M15: =+L15/K15 -> 14.932575 | N15: =SUM(N10:N14) -> 4222.2468 | O15: =SUM(O10:O14) -> 62686.812 | P15: =+O15/N15 -> 14.84679 | T15: =SUM(T10:T14) -> 22437.798 | U15: =SUM(U10:U14) -> 329321.04
A16: 41564 | B16: 41564 | C16: -0.2 | D16: 0.76041667 | E16: =Effort!F14 -> CLOSED | F16: =Harvest!F14 -> CLOSED | G16: =CPUE!F14 -> CLOSED | H16: =Effort!H14 -> 1456.7098 | I16: =Harvest!H14 -> 21850.647 | J16: =CPUE!H14 -> 15 | K16: =Effort!J14 -> CLOSED | L16: =Harvest!J14 -> CLOSED | M16: =CPUE!J14 -> CLOSED | N16: =Effort!L14 -> CLOSED | O16: =Harvest!L14 -> CLOSED | P16: =CPUE!L14 -> CLOSED | Q16: =Effort!N14 -> CLOSED | R16: =Harvest!N14 -> CLOSED | S16: =CPUE!N14 -> CLOSED | T16: =+H16 -> 1456.7098 | U16: =+I16 -> 21850.647
A17: 41565 | B17: 41565 | C17: -0.6 | D17: 0.78958333 | E17: =Effort!F15 -> 2489.164 | F17: =Harvest!F15 -> 37337.46 | G17: =CPUE!F15 -> 15 | H17: =Effort!H15 -> 1746.0312 | I17: =Harvest!H15 -> 26190.469 | J17: =CPUE!H15 -> 15 | K17: =Effort!J15 -> 3251.1531 | L17: =Harvest!J15 -> 46909.494 | M17: =CPUE!J15 -> 14.428571 | N17: =Effort!L15 -> 1026.4303 | O17: =Harvest!L15 -> 15520.121 | P17: =CPUE!L15 -> 15.120482 | Q17: =Effort!N15 -> CLOSED | R17: =Harvest!N15 -> CLOSED | S17: =CPUE!N15 -> CLOSED | T17: =+E17+H17+K17+N17 -> 8512.7787 | U17: =+F17+I17+L17+O17 -> 125957.55
A18: 41566 | B18: 41566 | C18: -0.7 | D18: 0.81805556 | E18: =Effort!F16 -> 3646.6981 | F18: =Harvest!F16 -> 53827.758 | G18: =CPUE!F16 -> 14.760684 | H18: =Effort!H16 -> 2819.473 | I18: =Harvest!H16 -> 42292.095 | J18: =CPUE!H16 -> 15 | K18: =Effort!J16 -> 5650.2729 | L18: =Harvest!J16 -> 84754.093 | M18: =CPUE!J16 -> 15 | N18: =Effort!L16 -> 3004.0914 | O18: =Harvest!L16 -> 44871.925 | P18: =CPUE!L16 -> 14.936937 | Q18: =Effort!N16 -> CLOSED | R18: =Harvest!N16 -> CLOSED | S18: =CPUE!N16 -> CLOSED | T18: =+E18+H18+K18+N18 -> 15120.535 | U18: =+F18+I18+L18+O18 -> 225745.87
A19: 41567 | B19: 41567 | C19: -0.7 | D19: 0.84444444 | E19: =Effort!F17 -> 2754.7299 | F19: =Harvest!F17 -> 41320.949 | G19: =CPUE!F17 -> 15 | H19: =Effort!H17 -> 1792.52 | I19: =Harvest!H17 -> 26515.767 | J19: =CPUE!H17 -> 14.792453 | K19: =Effort!J17 -> CLOSED | L19: =Harvest!J17 -> CLOSED | M19: =CPUE!J17 -> CLOSED | N19: =Effort!L17 -> 1510.0254 | O19: =Harvest!L17 -> 22650.381 | P19: =CPUE!L17 -> 15 | Q19: =Effort!N17 -> CLOSED | R19: =Harvest!N17 -> CLOSED | S19: =CPUE!N17 -> CLOSED | T19: =+E19+H19+N19 -> 6057.2753 | U19: =+F19+I19+O19 -> 90487.097
A20: 41568 | B20: 41568 | C20: -0.4 | D20: 0.87152778 | E20: =Effort!F18 -> CLOSED | F20: =Harvest!F18 -> CLOSED | G20: =CPUE!F18 -> CLOSED | H20: =Effort!H18 -> 379.05405 | I20: =Harvest!H18 -> 4911.222 | J20: =CPUE!H18 -> 12.956522 | K20: =Effort!J18 -> CLOSED | L20: =Harvest!J18 -> CLOSED | M20: =CPUE!J18 -> CLOSED | N20: =Effort!L18 -> 151.72179 | O20: =Harvest!L18 -> 2275.8268 | P20: =CPUE!L18 -> 15 | Q20: =Effort!N18 -> CLOSED | R20: =Harvest!N18 -> CLOSED | S20: =CPUE!N18 -> CLOSED | T20: =+H20+N20 -> 530.77584 | U20: =+I20+O20 -> 7187.0488
A21: 41569 | B21: 41569 | C21: -0.1 | D21: 0.89861111 | E21: =Effort!F19 -> CLOSED | F21: =Harvest!F19 -> CLOSED | G21: =CPUE!F19 -> CLOSED | H21: =Effort!H19 -> 140.95128 | I21: =Harvest!H19 -> 1660.0928 | J21: =CPUE!H19 -> 11.777778 | K21: =Effort!J19 -> CLOSED | L21: =Harvest!J19 -> CLOSED | M21: =CPUE!J19 -> CLOSED | N21: =Effort!L19 -> CLOSED | O21: =Harvest!L19 -> CLOSED | P21: =CPUE!L19 -> CLOSED | Q21: =Effort!N19 -> CLOSED | R21: =Harvest!N19 -> CLOSED | S21: =CPUE!N19 -> CLOSED | T21: =+H21 -> 140.95128 | U21: =+I21 -> 1660.0928
A22: Tide Series Totals | E22: =SUM(E16:E21) -> 8890.5921 | F22: =SUM(F16:F21) -> 132486.17 | G22: =+F22/E22 -> 14.901838 | H22: =SUM(H16:H21) -> 8334.7393 | I22: =SUM(I16:I21) -> 123420.29 | J22: =+I22/H22 -> 14.807937 | K22: =SUM(K16:K21) -> 8901.4259 | L22: =SUM(L16:L21) -> 131663.59 | M22: =+L22/K22 -> 14.791292 | N22: =SUM(N16:N21) -> 5692.269 | O22: =SUM(O16:O21) -> 85318.254 | P22: =+O22/N22 -> 14.988444 | T22: =SUM(T16:T21) -> 31819.026 | U22: =SUM(U16:U21) -> 472888.3
A23: 41579 | B23: =+A23 -> 41579 | C23: 0.1 | D23: 0.74444444 | E23: =Effort!F21 -> CLOSED | F23: =Harvest!F21 -> CLOSED | G23: =CPUE!F21 -> CLOSED | H23: =Effort!H21 -> 1266.4459 | I23: =Harvest!H21 -> 18996.688 | J23: =CPUE!H21 -> 15 | K23: =Effort!J21 -> CLOSED | L23: =Harvest!J21 -> CLOSED | M23: =CPUE!J21 -> CLOSED | N23: =Effort!L21 -> 1345.2904 | O23: =Harvest!L21 -> 20179.355 | P23: =CPUE!L21 -> 15 | Q23: =Effort!N21 -> CLOSED | R23: =Harvest!N21 -> CLOSED | S23: =CPUE!N21 -> CLOSED | T23: =+H23+N23 -> 2611.7362 | U23: =+I23+O23 -> 39176.043
A24: 41580 | B24: =+A24 -> 41580 | C24: -0.6 | D24: 0.77361111 | E24: =Effort!F22 -> 2656.3195 | F24: =Harvest!F22 -> 32798.556 | G24: =CPUE!F22 -> 12.347368 | H24: =Effort!H22 -> 984.07622 | I24: =Harvest!H22 -> 8249.2315 | J24: =CPUE!H22 -> 8.382716 | K24: =Effort!J22 -> 1766.8439 | L24: =Harvest!J22 -> 14627.824 | M24: =CPUE!J22 -> 8.2790698 | N24: =Effort!L22 -> 871.06432 | O24: =Harvest!L22 -> 12612.285 | P24: =CPUE!L22 -> 14.479167 | Q24: =Effort!N22 -> CLOSED | R24: =Harvest!N22 -> CLOSED | S24: =CPUE!N22 -> CLOSED | T24: =+E24+H24+K24+N24 -> 6278.3039 | U24: =+F24+I24+L24+O24 -> 68287.897
A25: 41581 | B25: =+A25 -> 41581 | C25: -1.1 | D25: 0.76111111 | E25: =Effort!F23 -> 1126.1308 | F25: =Harvest!F23 -> 17037.942 | G25: =CPUE!F23 -> 15.12963 | H25: =Effort!H23 -> 540.34867 | I25: =Harvest!H23 -> 7802.6348 | J25: =CPUE!H23 -> 14.44 | K25: =Effort!J23 -> CLOSED | L25: =Harvest!J23 -> CLOSED | M25: =CPUE!J23 -> CLOSED | N25: =Effort!L23 -> 1079.1969 | O25: =Harvest!L23 -> 16187.953 | P25: =CPUE!L23 -> 15 | Q25: =Effort!N23 -> CLOSED | R25: =Harvest!N23 -> CLOSED | S25: =CPUE!N23 -> CLOSED | T25: =+E25+H25+N25 -> 2745.6763 | U25: =+F25+I25+O25 -> 41028.53
A26: 41582 | B26: =+A26 -> 41582 | C26: -1.3 | D26: 0.2965162 | E26: =Effort!F24 -> 945.61103 | F26: =Harvest!F24 -> 9867.2455 | G26: =CPUE!F24 -> 10.434783 | H26: =Effort!H24 -> 636.48755 | I26: =Harvest!H24 -> 5569.266 | J26: =CPUE!H24 -> 8.75 | K26: =Effort!J24 -> CLOSED | L26: =Harvest!J24 -> CLOSED | M26: =CPUE!J24 -> CLOSED | N26: =Effort!L24 -> 384.53165 | O26: =Harvest!L24 -> 4982.5484 | P26: =CPUE!L24 -> 12.957447 | Q26: =Effort!N24 -> CLOSED | R26: =Harvest!N24 -> CLOSED | S26: =CPUE!N24 -> CLOSED | T26: =+E26+H26+N26 -> 1966.6302 | U26: =+F26+I26+O26 -> 20419.06
A27: 41583 | B27: =+A27 -> 41583 | C27: -1.4 | D27: 0.82291667 | E27: =Effort!F25 -> 347.93996 | F27: =Harvest!F25 -> 4987.1395 | G27: =CPUE!F25 -> 14.333333 | H27: =Effort!H25 -> 544.50805 | I27: =Harvest!H25 -> 8167.6207 | J27: =CPUE!H25 -> 15 | K27: =Effort!J25 -> CLOSED | L27: =Harvest!J25 -> CLOSED | M27: =CPUE!J25 -> CLOSED | N27: =Effort!L25 -> CLOSED | O27: =Harvest!L25 -> CLOSED | P27: =CPUE!L25 -> CLOSED | Q27: =Effort!N25 -> CLOSED | R27: =Harvest!N25 -> CLOSED | S27: =CPUE!N25 -> CLOSED | T27: =+E27+H27 -> 892.44801 | U27: =+F27+I27 -> 13154.76
A28: 41584 | B28: =+A28 -> 41584 | C28: -1.2 | D28: 0.85555556 | E28: =Effort!F26 -> CLOSED | F28: =Harvest!F26 -> CLOSED | G28: =CPUE!F26 -> CLOSED | H28: =Effort!H26 -> 339.55635 | I28: =Harvest!H26 -> 4491.4045 | J28: =CPUE!H26 -> 13.227273 | K28: =Effort!J26 -> CLOSED | L28: =Harvest!J26 -> CLOSED | M28: =CPUE!J26 -> CLOSED | N28: =Effort!L26 -> CLOSED | O28: =Harvest!L26 -> CLOSED | P28: =CPUE!L26 -> CLOSED | Q28: =Effort!N26 -> CLOSED | R28: =Harvest!N26 -> CLOSED | S28: =CPUE!N26 -> CLOSED | T28: =+H28 -> 339.55635 | U28: =+I28 -> 4491.4045
A29: 41585 | B29: =+A29 -> 41585 | C29: -0.8 | D29: 0.89166667 | E29: =Effort!F27 -> CLOSED | F29: =Harvest!F27 -> CLOSED | G29: =CPUE!F27 -> CLOSED | H29: =Effort!H27 -> 339.55635 | I29: =Harvest!H27 -> 4491.4045 | J29: =CPUE!H27 -> 13.227273 | K29: =Effort!J27 -> CLOSED | L29: =Harvest!J27 -> CLOSED | M29: =CPUE!J27 -> CLOSED | N29: =Effort!L27 -> CLOSED | O29: =Harvest!L27 -> CLOSED | P29: =CPUE!L27 -> CLOSED | Q29: =Effort!N27 -> CLOSED | R29: =Harvest!N27 -> CLOSED | S29: =CPUE!N27 -> CLOSED | T29: =+H29 -> 339.55635 | U29: =+I29 -> 4491.4045
A30: 41586 | B30: =+A30 -> 41586 | C30: -0.3 | D30: 0.92986111 | E30: =Effort!F28 -> CLOSED | F30: =Harvest!F28 -> CLOSED | G30: =CPUE!F28 -> CLOSED | H30: =Effort!H28 -> 374.90326 | I30: =Harvest!H28 -> 5412.6658 | J30: =CPUE!H28 -> 14.4375 | K30: =Effort!J28 -> CLOSED | L30: =Harvest!J28 -> CLOSED | M30: =CPUE!J28 -> CLOSED | N30: =Effort!L28 -> CLOSED | O30: =Harvest!L28 -> CLOSED | P30: =CPUE!L28 -> CLOSED | Q30: =Effort!N28 -> CLOSED | R30: =Harvest!N28 -> CLOSED | S30: =CPUE!N28 -> CLOSED | T30: =+H30 -> 374.90326 | U30: =+I30 -> 5412.6658
A31: Tide Series Totals | E31: =SUM(E24:E30) -> 5076.0013 | F31: =SUM(F24:F30) -> 64690.883 | G31: =+F31/E31 -> 12.744457 | H31: =SUM(H23:H30) -> 5025.8823 | I31: =SUM(I23:I30) -> 63180.916 | J31: =+I31/H31 -> 12.571109 | K31: =SUM(K24:K30) -> 1766.8439 | L31: =SUM(L24:L30) -> 14627.824 | M31: =+L31/K31 -> 8.2790698 | N31: =SUM(N23:N30) -> 3680.0832 | O31: =SUM(O23:O30) -> 53962.142 | P31: =+O31/N31 -> 14.663294 | T31: =SUM(T23:T30) -> 15548.811 | U31: =SUM(U23:U30) -> 196461.76
A32: 41593 | B32: 41593 | C32: -0.3 | D32: 0.70902778 | E32: =Effort!F30 -> 2311.6044 | F32: =Harvest!F30 -> 20804.439 | G32: =CPUE!F30 -> 9 | H32: =Effort!H30 -> 668.29813 | I32: =Harvest!H30 -> 9897.1771 | J32: =CPUE!H30 -> 14.809524 | K32: =Effort!J30 -> 1440.414 | L32: =Harvest!J30 -> 20057.086 | M32: =CPUE!J30 -> 13.924528 | N32: =Effort!L30 -> 524.29221 | O32: =Harvest!L30 -> 7723.7193 | P32: =CPUE!L30 -> 14.731707 | Q32: =Effort!N30 -> CLOSED | R32: =Harvest!N30 -> CLOSED | S32: =CPUE!N30 -> CLOSED | T32: =+E32+H32+K32+N32 -> 4944.6087 | U32: =+F32+I32+L32+O32 -> 58482.421
A33: 41594 | B33: 41594 | C33: -0.6 | D33: 0.7375 | E33: =Effort!F31 -> 4692.918 | F33: =Harvest!F31 -> 54007.024 | G33: =CPUE!F31 -> 11.508197 | H33: =Effort!H31 -> 1951.9937 | I33: =Harvest!H31 -> 29058.088 | J33: =CPUE!H31 -> 14.886364 | K33: =Effort!J31 -> 3896.465 | L33: =Harvest!J31 -> 43395.924 | M33: =CPUE!J31 -> 11.137255 | N33: =Effort!L31 -> 2660.018 | O33: =Harvest!L31 -> 38836.262 | P33: =CPUE!L31 -> 14.6 | Q33: =Effort!N31 -> CLOSED | R33: =Harvest!N31 -> CLOSED | S33: =CPUE!N31 -> CLOSED | T33: =+E33+H33+K33+N33 -> 13201.395 | U33: =+F33+I33+L33+O33 -> 165297.3
A34: 41595 | B34: 41595 | C34: -0.7 | D34: 0.76388889 | E34: =Effort!F32 -> 740.28206 | F34: =Harvest!F32 -> 11104.231 | G34: =CPUE!F32 -> 15 | H34: =Effort!H32 -> 815.51353 | I34: =Harvest!H32 -> 11648.043 | J34: =CPUE!H32 -> 14.283077 | K34: =Effort!J32 -> CLOSED | L34: =Harvest!J32 -> CLOSED | M34: =CPUE!J32 -> CLOSED | N34: =Effort!L32 -> 991.05299 | O34: =Harvest!L32 -> 13921.935 | P34: =CPUE!L32 -> 14.047619 | Q34: =Effort!N32 -> CLOSED | R34: =Harvest!N32 -> CLOSED | S34: =CPUE!N32 -> CLOSED | T34: =+E34+H34+N34 -> 2546.8486 | U34: =+F34+I34+O34 -> 36674.209
A35: 41596 | B35: 41596 | C35: -0.6 | D35: 0.78958333 | E35: =Effort!F33 -> CLOSED | F35: =Harvest!F33 -> CLOSED | G35: =CPUE!F33 -> CLOSED | H35: =Effort!H33 -> 45.189232 | I35: =Harvest!H33 -> 34.760948 | J35: =CPUE!H33 -> 0.76923077 | K35: =Effort!J33 -> CLOSED | L35: =Harvest!J33 -> CLOSED | M35: =CPUE!J33 -> CLOSED | N35: =Effort!L33 -> CLOSED | O35: =Harvest!L33 -> CLOSED | P35: =CPUE!L33 -> CLOSED | Q35: =Effort!N33 -> CLOSED | R35: =Harvest!N33 -> CLOSED | S35: =CPUE!N33 -> CLOSED | T35: =+H35 -> 45.189232 | U35: =+I35 -> 34.760948
A36: 41597 | B36: 41597 | C36: -0.4 | D36: 0.81458333 | E36: =Effort!F34 -> CLOSED | F36: =Harvest!F34 -> CLOSED | G36: =CPUE!F34 -> CLOSED | H36: =Effort!H34 -> 137.7583 | I36: =Harvest!H34 -> 2066.3745 | J36: =CPUE!H34 -> 15 | K36: =Effort!J34 -> CLOSED | L36: =Harvest!J34 -> CLOSED | M36: =CPUE!J34 -> CLOSED | N36: =Effort!L34 -> CLOSED | O36: =Harvest!L34 -> CLOSED | P36: =CPUE!L34 -> CLOSED | Q36: =Effort!N34 -> CLOSED | R36: =Harvest!N34 -> CLOSED | S36: =CPUE!N34 -> CLOSED | T36: =+H36 -> 137.7583 | U36: =+I36 -> 2066.3745
A37: 41598 | B37: 41598 | C37: -0.2 | D37: 0.83958333 | E37: =Effort!F35 -> CLOSED | F37: =Harvest!F35 -> CLOSED | G37: =CPUE!F35 -> CLOSED | H37: =Effort!H35 -> 71.01165 | I37: =Harvest!H35 -> 1065.1748 | J37: =CPUE!H35 -> 15 | K37: =Effort!J35 -> CLOSED | L37: =Harvest!J35 -> CLOSED | M37: =CPUE!J35 -> CLOSED | N37: =Effort!L35 -> CLOSED | O37: =Harvest!L35 -> CLOSED | P37: =CPUE!L35 -> CLOSED | Q37: =Effort!N35 -> CLOSED | R37: =Harvest!N35 -> CLOSED | S37: =CPUE!N35 -> CLOSED | T37: =+H37 -> 71.01165 | U37: =+I37 -> 1065.1748
E38: =SUM(E32:E37) -> 7744.8044 | F38: =SUM(F32:F37) -> 85915.694 | G38: =+F38/E38 -> 11.093333 | H38: =SUM(H32:H37) -> 3689.7645 | I38: =SUM(I32:I37) -> 53769.618 | J38: =+I38/H38 -> 14.572642 | K38: =SUM(K32:K37) -> 5336.879 | L38: =SUM(L32:L37) -> 63453.01 | M38: =+L38/K38 -> 11.889535 | N38: =SUM(N32:N37) -> 4175.3632 | O38: =SUM(O32:O37) -> 60481.917 | P38: =+O38/N38 -> 14.485427 | T38: =SUM(T32:T37) -> 20946.811 | U38: =SUM(U32:U37) -> 263620.24
A39: 41608 | B39: 41608 | C39: -0.1 | D39: 0.68611111 | E39: =Effort!F37 -> 3285.7879 | F39: =Harvest!F37 -> 49286.818 | G39: =CPUE!F37 -> 15 | H39: =Effort!H37 -> 1322.263 | I39: =Harvest!H37 -> 20397.551 | J39: =CPUE!H37 -> 15.426244 | K39: =Effort!J37 -> 2720.2169 | L39: =Harvest!J37 -> 40803.254 | M39: =CPUE!J37 -> 15 | N39: =Effort!L37 -> 1112.34 | O39: =Harvest!L37 -> 16685.1 | P39: =CPUE!L37 -> 15 | Q39: =Effort!N37 -> CLOSED | R39: =Harvest!N37 -> CLOSED | S39: =CPUE!N37 -> CLOSED | T39: =+E39+H39+K39+N39 -> 8440.6078 | U39: =+F39+I39+L39+O39 -> 127172.72
A40: 41609 | B40: 41609 | C40: -0.9 | D40: 0.71736111 | E40: =Effort!F38 -> 1295.15 | F40: =Harvest!F38 -> 9914.2017 | G40: =CPUE!F38 -> 7.6548673 | H40: =Effort!H38 -> 331.28592 | I40: =Harvest!H38 -> 4240.4598 | J40: =CPUE!H38 -> 12.8 | K40: =Effort!J38 -> CLOSED | L40: =Harvest!J38 -> CLOSED | M40: =CPUE!J38 -> CLOSED | N40: =Effort!L38 -> 525.6112 | O40: =Harvest!L38 -> 7884.1679 | P40: =CPUE!L38 -> 15 | Q40: =Effort!N38 -> CLOSED | R40: =Harvest!N38 -> CLOSED | S40: =CPUE!N38 -> CLOSED | T40: =+E40+H40+N40 -> 2152.0472 | U40: =+F40+I40+O40 -> 22038.829
A41: 41610 | B41: 41610 | C41: -1.4 | D41: 0.74930556 | E41: =Effort!F39 -> 462.32087 | F41: =Harvest!F39 -> 6703.6526 | G41: =CPUE!F39 -> 14.5 | H41: =Effort!H39 -> 286.45503 | I41: =Harvest!H39 -> 4304.1705 | J41: =CPUE!H39 -> 15.025641 | K41: =Effort!J39 -> CLOSED | L41: =Harvest!J39 -> CLOSED | M41: =CPUE!J39 -> CLOSED | N41: =Effort!L39 -> 180.6607 | O41: =Harvest!L39 -> 2709.9105 | P41: =CPUE!L39 -> 15 | Q41: =Effort!N39 -> CLOSED | R41: =Harvest!N39 -> CLOSED | S41: =CPUE!N39 -> CLOSED | T41: =+E41+H41+N41 -> 929.4366 | U41: =+F41+I41+O41 -> 13717.734
A42: 41611 | B42: 41611 | C42: -1.7 | D42: 0.78055556 | E42: =Effort!F40 -> 352.25317 | F42: =Harvest!F40 -> 5283.7976 | G42: =CPUE!F40 -> 15 | H42: =Effort!H40 -> 478.25271 | I42: =Harvest!H40 -> 7173.7906 | J42: =CPUE!H40 -> 15 | K42: =Effort!J40 -> CLOSED | L42: =Harvest!J40 -> CLOSED | M42: =CPUE!J40 -> CLOSED | N42: =Effort!L40 -> 223.67515 | O42: =Harvest!L40 -> 3184.0816 | P42: =CPUE!L40 -> 14.235294 | Q42: =Effort!N40 -> CLOSED | R42: =Harvest!N40 -> CLOSED | S42: =CPUE!N40 -> CLOSED | T42: =+E42+H42+N42 -> 1054.181 | U42: =+F42+I42+O42 -> 15641.67
A43: 41612 | B43: 41612 | C43: -1.7 | D43: 0.8125 | E43: =Effort!F41 -> 220.15823 | F43: =Harvest!F41 -> 2558.6894 | G43: =CPUE!F41 -> 11.622047 | H43: =Effort!H41 -> 231.59481 | I43: =Harvest!H41 -> 3473.9222 | J43: =CPUE!H41 -> 15 | K43: =Effort!J41 -> CLOSED | L43: =Harvest!J41 -> CLOSED | M43: =CPUE!J41 -> CLOSED | N43: =Effort!L41 -> CLOSED | O43: =Harvest!L41 -> CLOSED | P43: =CPUE!L41 -> CLOSED | Q43: =Effort!N41 -> CLOSED | R43: =Harvest!N41 -> CLOSED | S43: =CPUE!N41 -> CLOSED | T43: =+E43+H43 -> 451.75305 | U43: =+F43+I43 -> 6032.6116
A44: 41613 | B44: 41613 | C44: -1.4 | D44: 0.84513889 | E44: =Effort!F42 -> CLOSED | F44: =Harvest!F42 -> CLOSED | G44: =CPUE!F42 -> CLOSED | H44: =Effort!H42 -> 103.78264 | I44: =Harvest!H42 -> 1463.8814 | J44: =CPUE!H42 -> 14.105263 | K44: =Effort!J42 -> CLOSED | L44: =Harvest!J42 -> CLOSED | M44: =CPUE!J42 -> CLOSED | N44: =Effort!L42 -> CLOSED | O44: =Harvest!L42 -> CLOSED | P44: =CPUE!L42 -> CLOSED | Q44: =Effort!N42 -> CLOSED | R44: =Harvest!N42 -> CLOSED | S44: =CPUE!N42 -> CLOSED | T44: =+H44 -> 103.78264 | U44: =+I44 -> 1463.8814
A45: 41614 | B45: 41614 | C45: -1 | D45: 0.87847222 | E45: =Effort!F43 -> CLOSED | F45: =Harvest!F43 -> CLOSED | G45: =CPUE!F43 -> CLOSED | H45: =Effort!H43 -> 67.135038 | I45: =Harvest!H43 -> 1007.0256 | J45: =CPUE!H43 -> 15 | K45: =Effort!J43 -> CLOSED | L45: =Harvest!J43 -> CLOSED | M45: =CPUE!J43 -> CLOSED | N45: =Effort!L43 -> CLOSED | O45: =Harvest!L43 -> CLOSED | P45: =CPUE!L43 -> CLOSED | Q45: =Effort!N43 -> CLOSED | R45: =Harvest!N43 -> CLOSED | S45: =CPUE!N43 -> CLOSED | T45: =+H45 -> 67.135038 | U45: =+I45 -> 1007.0256
A46: 41615 | B46: 41615 | C46: -0.3 | D46: 0.91388889 | E46: =Effort!F44 -> CLOSED | F46: =Harvest!F44 -> CLOSED | G46: =CPUE!F44 -> CLOSED | H46: =Effort!H44 -> 39.90368 | I46: =Harvest!H44 -> 598.5552 | J46: =CPUE!H44 -> 15 | K46: =Effort!J44 -> CLOSED | L46: =Harvest!J44 -> CLOSED | M46: =CPUE!J44 -> CLOSED | N46: =Effort!L44 -> CLOSED | O46: =Harvest!L44 -> CLOSED | P46: =CPUE!L44 -> CLOSED | Q46: =Effort!N44 -> CLOSED | R46: =Harvest!N44 -> CLOSED | S46: =CPUE!N44 -> CLOSED | T46: =+H46 -> 39.90368 | U46: =+I46 -> 598.5552
A47: Tide Series Totals | E47: =SUM(E39:E46) -> 5615.6702 | F47: =SUM(F39:F46) -> 73747.159 | G47: =+F47/E47 -> 13.132388 | H47: =SUM(H39:H46) -> 2860.6728 | I47: =SUM(I39:I46) -> 42659.356 | J47: =+I47/H47 -> 14.912351 | K47: =SUM(K39:K46) -> 2720.2169 | L47: =SUM(L39:L46) -> 40803.254 | M47: =+L47/K47 -> 15 | N47: =SUM(N39:N46) -> 2042.287 | O47: =SUM(O39:O46) -> 30463.26 | P47: =+O47/N47 -> 14.916248 | T47: =SUM(T39:T46) -> 13238.847 | U47: =SUM(U39:U46) -> 187673.03
A48: 41622 | B48: 41622 | C48: -0.1 | D48: 0.69791667 | E48: =Effort!F46 -> 1651.3479 | F48: =Harvest!F46 -> 24770.219 | G48: =CPUE!F46 -> 15 | H48: =Effort!H46 -> 906.91382 | I48: =Harvest!H46 -> 13603.707 | J48: =CPUE!H46 -> 15 | K48: =Effort!J46 -> 1266.8658 | L48: =Harvest!J46 -> 19002.987 | M48: =CPUE!J46 -> 15 | N48: =Effort!L46 -> 578.58656 | O48: =Harvest!L46 -> 8678.7984 | P48: =CPUE!L46 -> 15 | Q48: =Effort!N46 -> CLOSED | R48: =Harvest!N46 -> CLOSED | S48: =CPUE!N46 -> CLOSED | T48: =+E48+H48+K48+N48 -> 4403.7141 | U48: =+F48+I48+L48+O48 -> 66055.712
A49: 41623 | B49: 41623 | C49: -0.3 | D49: 0.72638889 | E49: =Effort!F47 -> 1106.4879 | F49: =Harvest!F47 -> 14190.708 | G49: =CPUE!F47 -> 12.825 | H49: =Effort!H47 -> 653.32661 | I49: =Harvest!H47 -> 8574.9118 | J49: =CPUE!H47 -> 13.125 | K49: =Effort!J47 -> CLOSED | L49: =Harvest!J47 -> CLOSED | M49: =CPUE!J47 -> CLOSED | N49: =Effort!L47 -> 821.63649 | O49: =Harvest!L47 -> 12284.467 | P49: =CPUE!L47 -> 14.95122 | Q49: =Effort!N47 -> CLOSED | R49: =Harvest!N47 -> CLOSED | S49: =CPUE!N47 -> CLOSED | T49: =+E49+H49+N49 -> 2581.451 | U49: =+F49+I49+O49 -> 35050.087
A50: 41624 | B50: 41624 | C50: -0.4 | D50: 0.75208333 | E50: =Effort!F48 -> 553.69007 | F50: =Harvest!F48 -> 8215.5635 | G50: =CPUE!F48 -> 14.837838 | H50: =Effort!H48 -> 235.31709 | I50: =Harvest!H48 -> 3098.6136 | J50: =CPUE!H48 -> 13.167822 | K50: =Effort!J48 -> CLOSED | L50: =Harvest!J48 -> CLOSED | M50: =CPUE!J48 -> CLOSED | N50: =Effort!L48 -> 295.93943 | O50: =Harvest!L48 -> 4439.0915 | P50: =CPUE!L48 -> 15 | Q50: =Effort!N48 -> CLOSED | R50: =Harvest!N48 -> CLOSED | S50: =CPUE!N48 -> CLOSED | T50: =+E50+H50+N50 -> 1084.9466 | U50: =+F50+I50+O50 -> 15753.269
A51: 41625 | B51: 41625 | C51: -0.4 | D51: 0.77638889 | E51: =Effort!F49 -> CLOSED | F51: =Harvest!F49 -> CLOSED | G51: =CPUE!F49 -> CLOSED | H51: =Effort!H49 -> 212.76597 | I51: =Harvest!H49 -> 2893.6172 | J51: =CPUE!H49 -> 13.6 | K51: =Effort!J49 -> CLOSED | L51: =Harvest!J49 -> CLOSED | M51: =CPUE!J49 -> CLOSED | N51: =Effort!L49 -> CLOSED | O51: =Harvest!L49 -> CLOSED | P51: =CPUE!L49 -> CLOSED | Q51: =Effort!N49 -> CLOSED | R51: =Harvest!N49 -> CLOSED | S51: =CPUE!N49 -> CLOSED | T51: =+H51 -> 212.76597 | U51: =+I51 -> 2893.6172
A52: 41626 | B52: 41626 | C52: -0.3 | D52: 0.8 | E52: =Effort!F50 -> CLOSED | F52: =Harvest!F50 -> CLOSED | G52: =CPUE!F50 -> CLOSED | H52: =Effort!H50 -> 88.973028 | I52: =Harvest!H50 -> 1334.5954 | J52: =CPUE!H50 -> 15 | K52: =Effort!J50 -> CLOSED | L52: =Harvest!J50 -> CLOSED | M52: =CPUE!J50 -> CLOSED | N52: =Effort!L50 -> CLOSED | O52: =Harvest!L50 -> CLOSED | P52: =CPUE!L50 -> CLOSED | Q52: =Effort!N50 -> CLOSED | R52: =Harvest!N50 -> CLOSED | S52: =CPUE!N50 -> CLOSED | T52: =+H52 -> 88.973028 | U52: =+I52 -> 1334.5954
E53: =SUM(E48:E52) -> 3311.526 | F53: =SUM(F48:F52) -> 47176.491 | G53: =+F53/E53 -> 14.246148 | H53: =SUM(H48:H52) -> 2097.2965 | I53: =SUM(I48:I52) -> 29505.445 | J53: =+I53/H53 -> 14.068323 | K53: =SUM(K48:K52) -> 1266.8658 | L53: =SUM(L48:L52) -> 19002.987 | M53: =+L53/K53 -> 15 | N53: =SUM(N48:N52) -> 1696.1625 | O53: =SUM(O48:O52) -> 25402.357 | P53: =+O53/N53 -> 14.97637 | T53: =SUM(T48:T52) -> 8371.8508 | U53: =SUM(U48:U52) -> 121087.28
A54: 41637 | B54: 41637 | C54: -0.2 | D54: 0.67013889 | E54: =Effort!F52 -> 3532.7933 | F54: =Harvest!F52 -> 52234.872 | G54: =CPUE!F52 -> 14.785714 | H54: =Effort!H52 -> 910.65331 | I54: =Harvest!H52 -> 13713.46 | J54: =CPUE!H52 -> 15.058925 | K54: =Effort!J52 -> 3259.2887 | L54: =Harvest!J52 -> 47376.09 | M54: =CPUE!J52 -> 14.535714 | N54: =Effort!L52 -> 1216.8901 | O54: =Harvest!L52 -> 18253.352 | P54: =CPUE!L52 -> 15 | Q54: =Effort!N52 -> CLOSED | R54: =Harvest!N52 -> CLOSED | S54: =CPUE!N52 -> CLOSED | T54: =+E54+H54+K54+N54 -> 8919.6255 | U54: =+F54+I54+L54+O54 -> 131577.77
A55: 41638 | B55: 41638 | C55: -0.9 | D55: 0.70486111 | E55: =Effort!F53 -> 4012.9192 | F55: =Harvest!F53 -> 59993.142 | G55: =CPUE!F53 -> 14.95 | H55: =Effort!H53 -> 1530.9219 | I55: =Harvest!H53 -> 23210.752 | J55: =CPUE!H53 -> 15.16129 | K55: =Effort!J53 -> 5014.0908 | L55: =Harvest!J53 -> 74353.688 | M55: =CPUE!J53 -> 14.828947 | N55: =Effort!L53 -> 2510.9249 | O55: =Harvest!L53 -> 36727.596 | P55: =CPUE!L53 -> 14.627119 | Q55: =Effort!N53 -> CLOSED | R55: =Harvest!N53 -> CLOSED | S55: =CPUE!N53 -> CLOSED | T55: =+E55+H55+K55+N55 -> 13068.857 | U55: =+F55+I55+L55+O55 -> 194285.18
A56: 41639 | B56: 41639 | C56: -1.4 | D56: 0.7375 | E56: =Effort!F54 -> 4080.7522 | F56: =Harvest!F54 -> 60850.155 | G56: =CPUE!F54 -> 14.911504 | H56: =Effort!H54 -> 1009.7185 | I56: =Harvest!H54 -> 15561.721 | J56: =CPUE!H54 -> 15.41194 | K56: =Effort!J54 -> 2969.1741 | L56: =Harvest!J54 -> 44565.623 | M56: =CPUE!J54 -> 15.009434 | N56: =Effort!L54 -> 1993.9448 | O56: =Harvest!L54 -> 29909.172 | P56: =CPUE!L54 -> 15 | Q56: =Effort!N54 -> CLOSED | R56: =Harvest!N54 -> CLOSED | S56: =CPUE!N54 -> CLOSED | T56: =+E56+H56+K56+N56 -> 10053.59 | U56: =+F56+I56+L56+O56 -> 150886.67
A57: 41640 | B57: 41640 | C57: -1.7 | D57: 0.77013889 | E57: =Effort!F55 -> 4312.5679 | F57: =Harvest!F55 -> 64376.996 | G57: =CPUE!F55 -> 14.927764 | H57: =Effort!H55 -> 1832.8321 | I57: =Harvest!H55 -> 24280.676 | J57: =CPUE!H55 -> 13.247627 | K57: =Effort!J55 -> CLOSED | L57: =Harvest!J55 -> CLOSED | M57: =CPUE!J55 -> CLOSED | N57: =Effort!L55 -> 2305.0059 | O57: =Harvest!L55 -> 34784.635 | P57: =CPUE!L55 -> 15.090909 | Q57: =Effort!N55 -> CLOSED | R57: =Harvest!N55 -> CLOSED | S57: =CPUE!N55 -> CLOSED | T57: =+E57+H57+N57 -> 8450.4058 | U57: =+F57+I57+O57 -> 123442.31
A58: 41641 | B58: 41641 | C58: -1.7 | D58: 0.80208333 | E58: =Effort!F56 -> 531.15461 | F58: =Harvest!F56 -> 2850.5297 | G58: =CPUE!F56 -> 5.3666667 | H58: =Effort!H56 -> 323.97703 | I58: =Harvest!H56 -> 3208.9153 | J58: =CPUE!H56 -> 9.9047619 | K58: =Effort!J56 -> CLOSED | L58: =Harvest!J56 -> CLOSED | M58: =CPUE!J56 -> CLOSED | N58: =Effort!L56 -> 254.96262 | O58: =Harvest!L56 -> 2448.827 | P58: =CPUE!L56 -> 9.6046512 | Q58: =Effort!N56 -> CLOSED | R58: =Harvest!N56 -> CLOSED | S58: =CPUE!N56 -> CLOSED | T58: =+E58+H58+N58 -> 1110.0943 | U58: =+F58+I58+O58 -> 8508.2721
A59: 41642 | B59: 41642 | C59: -1.4 | D59: 0.83333333 | E59: =Effort!F57 -> 813.68473 | F59: =Harvest!F57 -> 10866.082 | G59: =CPUE!F57 -> 13.354167 | H59: =Effort!H57 -> 487.00146 | I59: =Harvest!H57 -> 7238.9878 | J59: =CPUE!H57 -> 14.864407 | K59: =Effort!J57 -> CLOSED | L59: =Harvest!J57 -> CLOSED | M59: =CPUE!J57 -> CLOSED | N59: =Effort!L57 -> 886.41281 | O59: =Harvest!L57 -> 13296.192 | P59: =CPUE!L57 -> 15 | Q59: =Effort!N57 -> CLOSED | R59: =Harvest!N57 -> CLOSED | S59: =CPUE!N57 -> CLOSED | T59: =+E59+H59+N59 -> 2187.099 | U59: =+F59+I59+O59 -> 31401.261
A60: 41643 | B60: 41643 | C60: -0.9 | D60: 0.86458333 | E60: =Effort!F58 -> 1065.7427 | F60: =Harvest!F58 -> 16006.879 | G60: =CPUE!F58 -> 15.019459 | H60: =Effort!H58 -> 468.68765 | I60: =Harvest!H58 -> 6762.4933 | J60: =CPUE!H58 -> 14.428571 | K60: =Effort!J58 -> 1269.4116 | L60: =Harvest!J58 -> 19063.842 | M60: =CPUE!J58 -> 15.017857 | N60: =Effort!L58 -> 666.95773 | O60: =Harvest!L58 -> 10004.366 | P60: =CPUE!L58 -> 15 | Q60: =Effort!N58 -> CLOSED | R60: =Harvest!N58 -> CLOSED | S60: =CPUE!N58 -> CLOSED | T60: =+E60+H60+K60+N60 -> 3470.7997 | U60: =+F60+I60+L60+O60 -> 51837.58
A61: 41644 | B61: 41644 | C61: -0.2 | D61: 0.89652778 | E61: =Effort!F59 -> CLOSED | F61: =Harvest!F59 -> CLOSED | G61: =CPUE!F59 -> CLOSED | H61: =Effort!H59 -> 468.68765 | I61: =Harvest!H59 -> 6762.4933 | J61: =CPUE!H59 -> 14.428571 | K61: =Effort!J59 -> CLOSED | L61: =Harvest!J59 -> CLOSED | M61: =CPUE!J59 -> CLOSED | N61: =Effort!L59 -> CLOSED | O61: =Harvest!L59 -> CLOSED | P61: =CPUE!L59 -> CLOSED | Q61: =Effort!N59 -> CLOSED | R61: =Harvest!N59 -> CLOSED | S61: =CPUE!N59 -> CLOSED | T61: =+H61 -> 468.68765 | U61: =+I61 -> 6762.4933
E62: =SUM(E54:E61) -> 18349.615 | F62: =SUM(F54:F61) -> 267178.66 | G62: =+F62/E62 -> 14.56045 | H62: =SUM(H54:H61) -> 7032.4796 | I62: =SUM(I54:I61) -> 100739.5 | J62: =+I62/H62 -> 14.32489 | K62: =SUM(K54:K61) -> 12511.965 | L62: =SUM(L54:L61) -> 185359.24 | M62: =+L62/K62 -> 14.814559 | N62: =SUM(N54:N61) -> 9835.0988 | O62: =SUM(O54:O61) -> 145424.14 | P62: =+O62/N62 -> 14.786241 | T62: =SUM(T54:T61) -> 47729.158 | U62: =SUM(U54:U61) -> 698701.54
A63: 41654 | B63: 41654 | C63: -0.1 | D63: 0.76319444 | E63: =Effort!F61 -> CLOSED | F63: =Harvest!F61 -> CLOSED | G63: =CPUE!F61 -> CLOSED | H63: =Effort!H61 -> 660.30412 | I63: =Harvest!H61 -> 9691.5604 | J63: =CPUE!H61 -> 14.677419 | K63: =Effort!J61 -> CLOSED | L63: =Harvest!J61 -> CLOSED | M63: =CPUE!J61 -> CLOSED | N63: =Effort!L61 -> CLOSED | O63: =Harvest!L61 -> CLOSED | P63: =CPUE!L61 -> CLOSED | Q63: =Effort!N61 -> CLOSED | R63: =Harvest!N61 -> CLOSED | S63: =CPUE!N61 -> CLOSED | T63: =+H63 -> 660.30412 | U63: =+I63 -> 9691.5604
A64: 41655 | B64: 41655 | C64: -0.1 | D64: 0.78541667 | E64: =Effort!F62 -> CLOSED | F64: =Harvest!F62 -> CLOSED | G64: =CPUE!F62 -> CLOSED | H64: =Effort!H62 -> 603.95501 | I64: =Harvest!H62 -> 9079.457 | J64: =CPUE!H62 -> 15.033333 | K64: =Effort!J62 -> CLOSED | L64: =Harvest!J62 -> CLOSED | M64: =CPUE!J62 -> CLOSED | N64: =Effort!L62 -> CLOSED | O64: =Harvest!L62 -> CLOSED | P64: =CPUE!L62 -> CLOSED | Q64: =Effort!N62 -> CLOSED | R64: =Harvest!N62 -> CLOSED | S64: =CPUE!N62 -> CLOSED | T64: =+H64 -> 603.95501 | U64: =+I64 -> 9079.457
A65: 41656 | B65: 41656 | C65: 0 | D65: 0.80694444 | E65: =Effort!F63 -> 636.25256 | F65: =Harvest!F63 -> 3788.5948 | G65: =CPUE!F63 -> 5.9545455 | H65: =Effort!H63 -> 371.03646 | I65: =Harvest!H63 -> 6712.3868 | J65: =CPUE!H63 -> 18.090909 | K65: =Effort!J63 -> CLOSED | L65: =Harvest!J63 -> CLOSED | M65: =CPUE!J63 -> CLOSED | N65: =Effort!L63 -> 419.11389 | O65: =Harvest!L63 -> 4009.5228 | P65: =CPUE!L63 -> 9.5666667 | Q65: =Effort!N63 -> CLOSED | R65: =Harvest!N63 -> CLOSED | S65: =CPUE!N63 -> CLOSED | T65: =+E65+H65+N65 -> 1426.4029 | U65: =+F65+I65+O65 -> 14510.504
A66: 41657 | B66: 41657 | C66: 0.2 | D66: 0.82847222 | E66: =Effort!F64 -> 1373.0794 | F66: =Harvest!F64 -> 12357.714 | G66: =CPUE!F64 -> 9 | H66: =Effort!H64 -> 884.30155 | I66: =Harvest!H64 -> 10197.994 | J66: =CPUE!H64 -> 11.532258 | K66: =Effort!J64 -> CLOSED | L66: =Harvest!J64 -> CLOSED | M66: =CPUE!J64 -> CLOSED | N66: =Effort!L64 -> 966.00308 | O66: =Harvest!L64 -> 10291.648 | P66: =CPUE!L64 -> 10.653846 | Q66: =Effort!N64 -> CLOSED | R66: =Harvest!N64 -> CLOSED | S66: =CPUE!N64 -> CLOSED | T66: =+E66+H66+N66 -> 3223.384 | U66: =+F66+I66+O66 -> 32847.356
E67: =SUM(E65:E66) -> 2009.3319 | F67: =SUM(F65:F66) -> 16146.309 | G67: =+F67/E67 -> 8.0356605 | H67: =SUM(H63:H66) -> 2519.5971 | I67: =SUM(I63:I66) -> 35681.398 | J67: =+I67/H67 -> 14.161549 | N67: =SUM(N63:N66) -> 1385.117 | O67: =SUM(O63:O66) -> 14301.171 | P67: =+O67/N67 -> 10.324883 | T67: =SUM(T63:T66) -> 5914.046 | U67: =SUM(U63:U66) -> 66128.878
A68: 41667 | B68: 41667 | C68: -0.7 | D68: 0.69166667 | E68: =Effort!F66 -> CLOSED | F68: =Harvest!F66 -> CLOSED | G68: =CPUE!F66 -> CLOSED | H68: =Effort!H66 -> 1001.067 | I68: =Harvest!H66 -> 15016.005 | J68: =CPUE!H66 -> 15 | K68: =Effort!J66 -> CLOSED | L68: =Harvest!J66 -> CLOSED | M68: =CPUE!J66 -> CLOSED | N68: =Effort!L66 -> CLOSED | O68: =Harvest!L66 -> CLOSED | P68: =CPUE!L66 -> CLOSED | Q68: =Effort!N66 -> CLOSED | R68: =Harvest!N66 -> CLOSED | S68: =CPUE!N66 -> CLOSED | T68: =+H68 -> 1001.067 | U68: =+I68 -> 15016.005
A69: 41668 | B69: 41668 | C69: -1.2 | D69: 0.72569444 | E69: =Effort!F67 -> 2195.978 | F69: =Harvest!F67 -> 32973.982 | G69: =CPUE!F67 -> 15.015625 | H69: =Effort!H67 -> 850.04173 | I69: =Harvest!H67 -> 12750.626 | J69: =CPUE!H67 -> 15 | K69: =Effort!J67 -> CLOSED | L69: =Harvest!J67 -> CLOSED | M69: =CPUE!J67 -> CLOSED | N69: =Effort!L67 -> CLOSED | O69: =Harvest!L67 -> CLOSED | P69: =CPUE!L67 -> CLOSED | Q69: =Effort!N67 -> CLOSED | R69: =Harvest!N67 -> CLOSED | S69: =CPUE!N67 -> CLOSED | T69: =+E69+H69 -> 3046.0197 | U69: =+F69+I69 -> 45724.608
A70: 41669 | B70: 41669 | C70: -1.4 | D70: 0.75763889 | E70: =Effort!F68 -> 1516.3592 | F70: =Harvest!F68 -> 22745.389 | G70: =CPUE!F68 -> 15 | H70: =Effort!H68 -> 696.74042 | I70: =Harvest!H68 -> 10451.106 | J70: =CPUE!H68 -> 15 | K70: =Effort!J68 -> CLOSED | L70: =Harvest!J68 -> CLOSED | M70: =CPUE!J68 -> CLOSED | N70: =Effort!L68 -> 749.12692 | O70: =Harvest!L68 -> 11236.904 | P70: =CPUE!L68 -> 15 | Q70: =Effort!N68 -> CLOSED | R70: =Harvest!N68 -> CLOSED | S70: =CPUE!N68 -> CLOSED | T70: =+E70+H70+N70 -> 2962.2266 | U70: =+F70+I70+O70 -> 44433.399
A71: 41670 | B71: 41670 | C71: -1.4 | D71: 0.78819444 | E71: =Effort!F69 -> 2615.3992 | F71: =Harvest!F69 -> 38626.066 | G71: =CPUE!F69 -> 14.768707 | H71: =Effort!H69 -> 961.9012 | I71: =Harvest!H69 -> 14428.518 | J71: =CPUE!H69 -> 15 | K71: =Effort!J69 -> CLOSED | L71: =Harvest!J69 -> CLOSED | M71: =CPUE!J69 -> CLOSED | N71: =Effort!L69 -> 1701.3094 | O71: =Harvest!L69 -> 25416.531 | P71: =CPUE!L69 -> 14.939394 | Q71: =Effort!N69 -> CLOSED | R71: =Harvest!N69 -> CLOSED | S71: =CPUE!N69 -> CLOSED | T71: =+E71+H71+N71 -> 5278.6098 | U71: =+F71+I71+O71 -> 78471.115
A72: 41671 | B72: 41671 | C72: -1.1 | D72: 0.81805556 | E72: =Effort!F70 -> 2928.3965 | F72: =Harvest!F70 -> 37699.55 | G72: =CPUE!F70 -> 12.873786 | H72: =Effort!H70 -> 856.12283 | I72: =Harvest!H70 -> 12247.048 | J72: =CPUE!H70 -> 14.305246 | K72: =Effort!J70 -> 2599.6788 | L72: =Harvest!J70 -> 38995.182 | M72: =CPUE!J70 -> 15 | N72: =Effort!L70 -> 1451.1658 | O72: =Harvest!L70 -> 18269.805 | P72: =CPUE!L70 -> 12.589744 | Q72: =Effort!N70 -> CLOSED | R72: =Harvest!N70 -> CLOSED | S72: =CPUE!N70 -> CLOSED | T72: =+E72+H72+K72+N72 -> 7835.3639 | U72: =+F72+I72+L72+O72 -> 107211.59
A73: 41672 | B73: 41672 | C73: -0.5 | D73: 0.84722222 | E73: =Effort!F71 -> 307.9519 | F73: =Harvest!F71 -> 4587.0596 | G73: =CPUE!F71 -> 14.895377 | H73: =Effort!H71 -> 123.62336 | I73: =Harvest!H71 -> 1859.5668 | J73: =CPUE!H71 -> 15.042196 | K73: =Effort!J71 -> CLOSED | L73: =Harvest!J71 -> CLOSED | M73: =CPUE!J71 -> CLOSED | N73: =Effort!L71 -> 182.6381 | O73: =Harvest!L71 -> 2739.5715 | P73: =CPUE!L71 -> 15 | Q73: =Effort!N71 -> CLOSED | R73: =Harvest!N71 -> CLOSED | S73: =CPUE!N71 -> CLOSED | T73: =+E73+H73+N73 -> 614.21336 | U73: =+F73+I73+O73 -> 9186.1979
E74: =SUM(E69:E73) -> 9564.0848 | F74: =SUM(F69:F73) -> 136632.05 | G74: =+F74/E74 -> 14.285951 | H74: =SUM(H68:H73) -> 4489.4966 | I74: =SUM(I68:I73) -> 66752.87 | J74: =+I74/H74 -> 14.868676 | K74: =+K72 -> 2599.6788 | L74: =+L72 -> 38995.182 | M74: =+L74/K74 -> 15 | N74: =SUM(N70:N73) -> 4084.2402 | O74: =SUM(O70:O73) -> 57662.811 | P74: =+O74/N74 -> 14.118369 | T74: =SUM(T68:T73) -> 20737.5 | U74: =SUM(U68:U73) -> 300042.91
A75: 41696 | B75: 41696 | C75: -0.4 | D75: 0.67708333 | E75: =Effort!F73 -> CLOSED | F75: =Harvest!F73 -> CLOSED | G75: =CPUE!F73 -> CLOSED | H75: =Effort!H73 -> 1641.2684 | I75: =Harvest!H73 -> 22274.357 | J75: =CPUE!H73 -> 13.571429 | K75: =Effort!J73 -> CLOSED | L75: =Harvest!J73 -> CLOSED | M75: =CPUE!J73 -> CLOSED | N75: =Effort!L73 -> CLOSED | O75: =Harvest!L73 -> CLOSED | P75: =CPUE!L73 -> CLOSED | Q75: =Effort!N73 -> CLOSED | R75: =Harvest!N73 -> CLOSED | S75: =CPUE!N73 -> CLOSED | T75: =+H75 -> 1641.2684 | U75: =+I75 -> 22274.357
A76: 41697 | B76: 41697 | C76: -0.7 | D76: 0.71111111 | E76: =Effort!F74 -> 2852.4251 | F76: =Harvest!F74 -> 42786.377 | G76: =CPUE!F74 -> 15 | H76: =Effort!H74 -> 1251.8437 | I76: =Harvest!H74 -> 18111.781 | J76: =CPUE!H74 -> 14.468085 | K76: =Effort!J74 -> CLOSED | L76: =Harvest!J74 -> CLOSED | M76: =CPUE!J74 -> CLOSED | N76: =Effort!L74 -> 1526.4368 | O76: =Harvest!L74 -> 22836.692 | P76: =CPUE!L74 -> 14.960784 | Q76: =Effort!N74 -> CLOSED | R76: =Harvest!N74 -> CLOSED | S76: =CPUE!N74 -> CLOSED | T76: =+E76+H76+N76 -> 5630.7057 | U76: =+F76+I76+O76 -> 83734.85
A77: 41698 | B77: 41698 | C77: -0.8 | D77: 0.74236111 | E77: =Effort!F75 -> 5805.2091 | F77: =Harvest!F75 -> 82033.133 | G77: =CPUE!F75 -> 14.130952 | H77: =Effort!H75 -> 1830.8249 | I77: =Harvest!H75 -> 27462.373 | J77: =CPUE!H75 -> 15 | K77: =Effort!J75 -> CLOSED | L77: =Harvest!J75 -> CLOSED | M77: =CPUE!J75 -> CLOSED | N77: =Effort!L75 -> 2733.2417 | O77: =Harvest!L75 -> 41076.718 | P77: =CPUE!L75 -> 15.028571 | Q77: =Effort!N75 -> CLOSED | R77: =Harvest!N75 -> CLOSED | S77: =CPUE!N75 -> CLOSED | T77: =+E77+H77+N77 -> 10369.276 | U77: =+F77+I77+O77 -> 150572.22
A78: 41699 | B78: 41699 | C78: -0.7 | D78: 0.77222222 | E78: =Effort!F76 -> 5023.7357 | F78: =Harvest!F76 -> 75134.4 | G78: =CPUE!F76 -> 14.955882 | H78: =Effort!H76 -> 3427.6328 | I78: =Harvest!H76 -> 46273.042 | J78: =CPUE!H76 -> 13.5 | K78: =Effort!J76 -> 5525.1705 | L78: =Harvest!J76 -> 82427.834 | M78: =CPUE!J76 -> 14.918605 | N78: =Effort!L76 -> 2883.5209 | O78: =Harvest!L76 -> 37903.123 | P78: =CPUE!L76 -> 13.144737 | Q78: =Effort!N76 -> CLOSED | R78: =Harvest!N76 -> CLOSED | S78: =CPUE!N76 -> CLOSED | T78: =+E78+H78+K78+N78 -> 16860.06 | U78: =+F78+I78+L78+O78 -> 241738.4
A79: 41700 | B79: 41700 | C79: -0.3 | D79: 0.80069444 | E79: =Effort!F77 -> 250.42999 | F79: =Harvest!F77 -> 25.042999 | G79: =CPUE!F77 -> 0.1 | H79: =Effort!H77 -> 350.21655 | I79: =Harvest!H77 -> 1267.4504 | J79: =CPUE!H77 -> 3.6190476 | K79: =Effort!J77 -> CLOSED | L79: =Harvest!J77 -> CLOSED | M79: =CPUE!J77 -> CLOSED | N79: =Effort!L77 -> 476.42158 | O79: =Harvest!L77 -> 6720.0518 | P79: =CPUE!L77 -> 14.105263 | Q79: =Effort!N77 -> CLOSED | R79: =Harvest!N77 -> CLOSED | S79: =CPUE!N77 -> CLOSED | T79: =+E79+H79+N79 -> 1077.0681 | U79: =+F79+I79+O79 -> 8012.5452
A80: 41701 | B80: 41701 | C80: 0.3 | D80: 0.82847222 | E80: =Effort!F78 -> CLOSED | F80: =Harvest!F78 -> CLOSED | G80: =CPUE!F78 -> CLOSED | H80: =Effort!H78 -> 201.46866 | I80: =Harvest!H78 -> 2014.6866 | J80: =CPUE!H78 -> 10 | K80: =Effort!J78 -> CLOSED | L80: =Harvest!J78 -> CLOSED | M80: =CPUE!J78 -> CLOSED | N80: =Effort!L78 -> CLOSED | O80: =Harvest!L78 -> CLOSED | P80: =CPUE!L78 -> CLOSED | Q80: =Effort!N78 -> CLOSED | R80: =Harvest!N78 -> CLOSED | S80: =CPUE!N78 -> CLOSED | T80: =+H80 -> 201.46866 | U80: =+I80 -> 2014.6866
E81: =SUM(E76:E80) -> 13931.8 | F81: =SUM(F76:F80) -> 199978.95 | G81: =+F81/E81 -> 14.354136 | H81: =SUM(H75:H80) -> 8703.2549 | I81: =SUM(I75:I80) -> 117403.69 | J81: =+I81/H81 -> 13.48963 | K81: =SUM(K76:K80) -> 5525.1705 | L81: =SUM(L76:L80) -> 82427.834 | M81: =+L81/K81 -> 14.918605 | N81: =SUM(N76:N80) -> 7619.621 | O81: =SUM(O76:O80) -> 108536.59 | P81: =+O81/N81 -> 14.244355 | T81: =SUM(T75:T80) -> 35779.846 | U81: =SUM(U75:U80) -> 508347.06
A82: 41724 | B82: =+A82 -> 41724 | C82: 0.3 | D82: 0.66111111 | E82: =Effort!F80 -> CLOSED | F82: =Harvest!F80 -> CLOSED | G82: =CPUE!F80 -> CLOSED | H82: =Effort!H80 -> 1332.483 | I82: =Harvest!H80 -> 17595.609 | J82: =CPUE!H80 -> 13.205128 | K82: =Effort!J80 -> CLOSED | L82: =Harvest!J80 -> CLOSED | M82: =CPUE!J80 -> CLOSED | N82: =Effort!L80 -> CLOSED | O82: =Harvest!L80 -> CLOSED | P82: =CPUE!L80 -> CLOSED | Q82: =Effort!N80 -> CLOSED | R82: =Harvest!N80 -> CLOSED | S82: =CPUE!N80 -> CLOSED | T82: =H82 -> 1332.483 | U82: =I82 -> 17595.609
A83: 41725 | B83: =+A83 -> 41725 | C83: 0.1 | D83: 0.7 | E83: =Effort!F81 -> CLOSED | F83: =Harvest!F81 -> CLOSED | G83: =CPUE!F81 -> CLOSED | H83: =Effort!H81 -> 1032.8829 | I83: =Harvest!H81 -> 15085.527 | J83: =CPUE!H81 -> 14.605263 | K83: =Effort!J81 -> CLOSED | L83: =Harvest!J81 -> CLOSED | M83: =CPUE!J81 -> CLOSED | N83: =Effort!L81 -> CLOSED | O83: =Harvest!L81 -> CLOSED | P83: =CPUE!L81 -> CLOSED | Q83: =Effort!N81 -> CLOSED | R83: =Harvest!N81 -> CLOSED | S83: =CPUE!N81 -> CLOSED | T83: =H83 -> 1032.8829 | U83: =I83 -> 15085.527
A84: 41726 | B84: =+A84 -> 41726 | C84: 0 | D84: 0.73472222 | E84: =Effort!F82 -> 4996.3059 | F84: =Harvest!F82 -> 46937.127 | G84: =CPUE!F82 -> 9.3943662 | H84: =Effort!H82 -> 1084.5416 | I84: =Harvest!H82 -> 16207.871 | J84: =CPUE!H82 -> 14.944444 | K84: =Effort!J82 -> CLOSED | L84: =Harvest!J82 -> CLOSED | M84: =CPUE!J82 -> CLOSED | N84: =Effort!L82 -> 2138.5317 | O84: =Harvest!L82 -> 32077.976 | P84: =CPUE!L82 -> 15 | Q84: =Effort!N82 -> CLOSED | R84: =Harvest!N82 -> CLOSED | S84: =CPUE!N82 -> CLOSED | T84: =E84+H84+N84 -> 8219.3791 | U84: =F84+I84+O84 -> 95222.974
A85: 41727 | B85: =+A85 -> 41727 | C85: 0 | D85: 0.76597222 | E85: =Effort!F83 -> 9146.9556 | F85: =Harvest!F83 -> 37937.373 | G85: =CPUE!F83 -> 4.147541 | H85: =Effort!H83 -> 5869.8662 | I85: =Harvest!H83 -> 40764.938 | J85: =CPUE!H83 -> 6.9447816 | K85: =Effort!J83 -> CLOSED | L85: =Harvest!J83 -> CLOSED | M85: =CPUE!J83 -> CLOSED | N85: =Effort!L83 -> 8271.0701 | O85: =Harvest!L83 -> 56416.105 | P85: =CPUE!L83 -> 6.8208955 | Q85: =Effort!N83 -> CLOSED | R85: =Harvest!N83 -> CLOSED | S85: =CPUE!N83 -> CLOSED | T85: =E85+H85+N85 -> 23287.892 | U85: =F85+I85+O85 -> 135118.42
A86: 41728 | B86: =+A86 -> 41728 | C86: -0.1 | D86: 0.28680556 | E86: =Effort!F84 -> 2761.2784 | F86: =Harvest!F84 -> 21547.025 | G86: =CPUE!F84 -> 7.8032787 | H86: =Effort!H84 -> 2041.36 | I86: =Harvest!H84 -> 28862.563 | J86: =CPUE!H84 -> 14.138889 | K86: =Effort!J84 -> CLOSED | L86: =Harvest!J84 -> CLOSED | M86: =CPUE!J84 -> CLOSED | N86: =Effort!L84 -> 2266.0919 | O86: =Harvest!L84 -> 30296.664 | P86: =CPUE!L84 -> 13.369565 | Q86: =Effort!N84 -> CLOSED | R86: =Harvest!N84 -> CLOSED | S86: =CPUE!N84 -> CLOSED | T86: =E86+H86+N86 -> 7068.7303 | U86: =F86+I86+O86 -> 80706.251
A87: 41729 | B87: =+A87 -> 41729 | C87: -0.5 | D87: 0.31875 | E87: =Effort!F85 -> 1538.1395 | F87: =Harvest!F85 -> 21170.393 | G87: =CPUE!F85 -> 13.763636 | H87: =Effort!H85 -> 1241.0018 | I87: =Harvest!H85 -> 18007.728 | J87: =CPUE!H85 -> 14.510638 | K87: =Effort!J85 -> CLOSED | L87: =Harvest!J85 -> CLOSED | M87: =CPUE!J85 -> CLOSED | N87: CLOSED | O87: CLOSED | P87: CLOSED | Q87: =Effort!N85 -> CLOSED | R87: =Harvest!N85 -> CLOSED | S87: =CPUE!N85 -> CLOSED | T87: =E87+H87 -> 2779.1413 | U87: =F87+I87 -> 39178.121
A88: 41730 | B88: =+A88 -> 41730 | C88: -0.7 | D88: 0.34861111 | E88: =Effort!F86 -> 2352.9868 | F88: =Harvest!F86 -> 32177.858 | G88: =CPUE!F86 -> 13.675325 | H88: =Effort!H86 -> 951.0278 | I88: =Harvest!H86 -> 14265.417 | J88: =CPUE!H86 -> 15 | K88: =Effort!J86 -> CLOSED | L88: =Harvest!J86 -> CLOSED | M88: =CPUE!J86 -> CLOSED | N88: CLOSED | O88: CLOSED | P88: CLOSED | Q88: =Effort!N86 -> CLOSED | R88: =Harvest!N86 -> CLOSED | S88: =CPUE!N86 -> CLOSED | T88: =E88+H88 -> 3304.0146 | U88: =F88+I88 -> 46443.275
A89: 41731 | B89: =+A89 -> 41731 | C89: -0.6 | D89: 0.37847222 | E89: =Effort!F87 -> 2813.6959 | F89: =Harvest!F87 -> 40865.584 | G89: =CPUE!F87 -> 14.52381 | H89: =Effort!H87 -> 1586.165 | I89: =Harvest!H87 -> 23792.475 | J89: =CPUE!H87 -> 15 | K89: =Effort!J87 -> CLOSED | L89: =Harvest!J87 -> CLOSED | M89: =CPUE!J87 -> CLOSED | N89: CLOSED | O89: CLOSED | P89: CLOSED | Q89: =Effort!N87 -> CLOSED | R89: =Harvest!N87 -> CLOSED | S89: =CPUE!N87 -> CLOSED | T89: =E89+H89 -> 4399.8609 | U89: =F89+I89 -> 64658.059
A90: 41732 | B90: =+A90 -> 41732 | C90: -0.3 | D90: 0.40902778 | E90: =Effort!F88 -> 1778.7968 | F90: =Harvest!F88 -> 26553.054 | G90: =CPUE!F88 -> 14.927536 | H90: =Effort!H88 -> 738.8463 | I90: =Harvest!H88 -> 11082.695 | J90: =CPUE!H88 -> 15 | K90: =Effort!J88 -> CLOSED | L90: =Harvest!J88 -> CLOSED | M90: =CPUE!J88 -> CLOSED | N90: CLOSED | O90: CLOSED | P90: CLOSED | Q90: =Effort!N88 -> CLOSED | R90: =Harvest!N88 -> CLOSED | S90: =CPUE!N88 -> CLOSED | T90: =E90+H90 -> 2517.6431 | U90: =F90+I90 -> 37635.749
E91: =SUM(E82:E90) -> 25388.159 | F91: =SUM(F82:F90) -> 227188.41 | G91: =+F91/E91 -> 8.9485975 | H91: =SUM(H82:H90) -> 15878.175 | I91: =SUM(I82:I90) -> 185664.82 | J91: =+I91/H91 -> 11.693084 | K91: =SUM(K82:K90) -> 0 | L91: =SUM(L82:L90) -> 0 | M91: =+L91/K91 -> #DIV/0! | N91: =SUM(N82:N90) -> 12675.694 | O91: =SUM(O82:O90) -> 118790.74 | P91: =+O91/N91 -> 9.3715379 | Q91: 0 | R91: 0 | S91: 0 | T91: =E91+H91+N91 -> 53942.027 | U91: =F91+I91+L91+O91 -> 531643.98
A92: 41743 | B92: 41743 | C92: 0.2 | D92: 0.28194444 | E92: =Effort!F90 -> CLOSED | F92: =Harvest!F90 -> CLOSED | G92: =CPUE!F90 -> CLOSED | H92: =Effort!H90 -> 1015.2594 | I92: =Harvest!H90 -> 15228.891 | J92: =CPUE!H90 -> 15 | K92: =Effort!J90 -> CLOSED | L92: =Harvest!J90 -> CLOSED | M92: =CPUE!J90 -> CLOSED | N92: =Effort!L90 -> CLOSED | O92: =Harvest!L90 -> CLOSED | P92: =CPUE!L90 -> CLOSED | Q92: =Effort!N90 -> CLOSED | R92: =Harvest!N90 -> CLOSED | S92: =CPUE!N90 -> CLOSED | T92: =H92 -> 1015.2594 | U92: =I92 -> 15228.891
A93: 41744 | B93: 41744 | C93: -0.3 | D93: 0.30833333 | E93: =Effort!F91 -> 1404.3014 | F93: =Harvest!F91 -> 21064.521 | G93: =CPUE!F91 -> 15 | H93: =Effort!H91 -> 1127.9756 | I93: =Harvest!H91 -> 16919.634 | J93: =CPUE!H91 -> 15 | K93: =Effort!J91 -> CLOSED | L93: =Harvest!J91 -> CLOSED | M93: =CPUE!J91 -> CLOSED | N93: =Effort!L91 -> CLOSED | O93: =Harvest!L91 -> CLOSED | P93: =CPUE!L91 -> CLOSED | Q93: =Effort!N91 -> CLOSED | R93: =Harvest!N91 -> CLOSED | S93: =CPUE!N91 -> CLOSED | T93: =+E93+H93 -> 2532.277 | U93: =+F93+I93 -> 37984.155
A94: 41745 | B94: 41745 | C94: -0.6 | D94: 0.33541667 | E94: =Effort!F92 -> 1294.515 | F94: =Harvest!F92 -> 19049.458 | G94: =CPUE!F92 -> 14.715517 | H94: =Effort!H92 -> 992.87896 | I94: =Harvest!H92 -> 14893.184 | J94: =CPUE!H92 -> 15 | K94: =Effort!J92 -> CLOSED | L94: =Harvest!J92 -> CLOSED | M94: =CPUE!J92 -> CLOSED | N94: =Effort!L92 -> CLOSED | O94: =Harvest!L92 -> CLOSED | P94: =CPUE!L92 -> CLOSED | Q94: =Effort!N92 -> CLOSED | R94: =Harvest!N92 -> CLOSED | S94: =CPUE!N92 -> CLOSED | T94: =+E94+H94 -> 2287.394 | U94: =+F94+I94 -> 33942.642
A95: 41746 | B95: 41746 | C95: -0.8 | D95: 0.36319444 | E95: =Effort!F93 -> 3103.4956 | F95: =Harvest!F93 -> 46023.43 | G95: =CPUE!F93 -> 14.829545 | H95: =Effort!H93 -> 1530.7669 | I95: =Harvest!H93 -> 22506.411 | J95: =CPUE!H93 -> 14.702703 | K95: =Effort!J93 -> CLOSED | L95: =Harvest!J93 -> CLOSED | M95: =CPUE!J93 -> CLOSED | N95: =Effort!L93 -> CLOSED | O95: =Harvest!L93 -> CLOSED | P95: =CPUE!L93 -> CLOSED | Q95: =Effort!N93 -> CLOSED | R95: =Harvest!N93 -> CLOSED | S95: =CPUE!N93 -> CLOSED | T95: =+E95+H95 -> 4634.2625 | U95: =+F95+I95 -> 68529.84
A96: 41747 | B96: 41747 | C96: -0.8 | D96: 0.39305556 | E96: =Effort!F94 -> 7855.0242 | F96: =Harvest!F94 -> 118033.9 | G96: =CPUE!F94 -> 15.026549 | H96: =Effort!H94 -> 2090.928 | I96: =Harvest!H94 -> 31294.222 | J96: =CPUE!H94 -> 14.966667 | K96: =Effort!J94 -> CLOSED | L96: =Harvest!J94 -> CLOSED | M96: =CPUE!J94 -> CLOSED | N96: =Effort!L94 -> 2091.1278 | O96: =Harvest!L94 -> 31366.917 | P96: =CPUE!L94 -> 15 | Q96: =Effort!N94 -> CLOSED | R96: =Harvest!N94 -> CLOSED | S96: =CPUE!N94 -> CLOSED | T96: =+E96+H96+N96 -> 12037.08 | U96: =+F96+I96+O96 -> 180695.04
A97: 41748 | B97: 41748 | C97: -0.7 | D97: 0.42638889 | E97: =Effort!F95 -> 9032.1967 | F97: =Harvest!F95 -> 105399.33 | G97: =CPUE!F95 -> 11.669291 | H97: =Effort!H95 -> 3490.9383 | I97: =Harvest!H95 -> 37047.37 | J97: =CPUE!H95 -> 10.612439 | K97: =Effort!J95 -> 4863.2949 | L97: =Harvest!J95 -> 54942.088 | M97: =CPUE!J95 -> 11.297297 | N97: =Effort!L95 -> 2399.9804 | O97: =Harvest!L95 -> 32718.998 | P97: =CPUE!L95 -> 13.633028 | Q97: =Effort!N95 -> CLOSED | R97: =Harvest!N95 -> CLOSED | S97: =CPUE!N95 -> CLOSED | T97: =+E97+H97+K97+N97 -> 19786.41 | U97: =+F97+I97+L97+O97 -> 230107.79
A98: 41749 | B98: 41749 | C98: -0.4 | D98: 0.4625 | E98: =Effort!F96 -> 9428.2152 | F98: =Harvest!F96 -> 30419.336 | G98: =CPUE!F96 -> 3.2264151 | H98: =Effort!H96 -> 3078.6392 | I98: =Harvest!H96 -> 30737.525 | J98: =CPUE!H96 -> 9.984127 | K98: =Effort!J96 -> 4057.3215 | L98: =Harvest!J96 -> 38435.876 | M98: =CPUE!J96 -> 9.4732143 | N98: =Effort!L96 -> 2348.1208 | O98: =Harvest!L96 -> 34294.923 | P98: =CPUE!L96 -> 14.605263 | Q98: =Effort!N96 -> CLOSED | R98: =Harvest!N96 -> CLOSED | S98: =CPUE!N96 -> CLOSED | T98: =+E98+H98+K98+N98 -> 18912.297 | U98: =+F98+I98+L98+O98 -> 133887.66
E99: =SUM(E93:E98) -> 32117.748 | F99: =SUM(F93:F98) -> 339989.98 | G99: =+F99/E99 -> 10.585735 | H99: =SUM(H92:H98) -> 13327.386 | I99: =SUM(I92:I98) -> 168627.24 | J99: =+I99/H99 -> 12.652686 | K99: =SUM(K97:K98) -> 8920.6164 | L99: =SUM(L97:L98) -> 93377.965 | M99: =+L99/K99 -> 10.467658 | N99: =SUM(N96:N98) -> 6839.229 | O99: =SUM(O96:O98) -> 98380.838 | P99: =+O99/N99 -> 14.384785 | T99: =SUM(T92:T98) -> 61204.98 | U99: =SUM(U92:U98) -> 700376.02
A100: 41756 | B100: 41756 | C100: -0.3 | D100: 0.24513889 | E100: =Effort!F98 -> 915.46708 | F100: =Harvest!F98 -> 13754.056 | G100: =CPUE!F98 -> 15.024086 | H100: =Effort!H98 -> 710.07122 | I100: =Harvest!H98 -> 10651.068 | J100: =CPUE!H98 -> 15 | K100: =Effort!J98 -> CLOSED | L100: =Harvest!J98 -> CLOSED | M100: =CPUE!J98 -> CLOSED | N100: =Effort!L98 -> CLOSED | O100: =Harvest!L98 -> CLOSED | P100: =CPUE!L98 -> CLOSED | Q100: =Effort!N98 -> CLOSED | R100: =Harvest!N98 -> CLOSED | S100: =CPUE!N98 -> CLOSED | T100: =+E100+H100 -> 1625.5383 | U100: =+F100+I100 -> 24405.124
...

Sheet Tribal update
A1: 2013-2014 State (non-Indian) Recreational Razor Clam Effort, Harvest and CPUE totals.
E2: COPALIS | I2: MOCROCKS | M2: KALALOCH | Q2: DAILY TOTALS
A3: DATE | B3: DAY | C3: TIDE | D3: TIME | E3: Effort | F3: Harvest | G3: CPUE | H3: Size (mm) | I3: Effort | J3: Harvest | K3: CPUE | L3: Size (mm) | M3: Effort | N3: Harvest | O3: CPUE | P3: Size (mm) | Q3: Effort | R3: Harvest
A4: 41551 | B4: =+A4 -> 41551 | C4: 0 | D4: 0.78888889 | E4: =+Effort!J8 -> 1984.4408 | F4: =+Harvest!J8 -> 29369.724 | G4: =+F4/E4 -> 14.8 | I4: =+Effort!L8 -> 1198.866 | J4: =+Harvest!L8 -> 18271.325 | K4: =+J4/I4 -> 15.240506 | M4: =+Effort!N8 -> CLOSED | N4: =+Harvest!N8 -> CLOSED | Q4: =+E4+I4 -> 3183.3069 | R4: =+F4+J4 -> 47641.05
A5: 41552 | B5: =+A5 -> 41552 | C5: -0.4 | D5: 0.81666667 | E5: =+Effort!J9 -> 3901.9657 | F5: =+Harvest!J9 -> 58529.485 | G5: =+F5/E5 -> 15 | I5: =+Effort!L9 -> 1543.6049 | J5: =+Harvest!L9 -> 23154.074 | K5: =+J5/I5 -> 15 | M5: =+Effort!N9 -> CLOSED | N5: =+Harvest!N9 -> CLOSED | Q5: =+E5+I5 -> 5445.5706 | R5: =+F5+J5 -> 81683.559
A6: 41553 | B6: =+A6 -> 41553 | C6: -0.7 | D6: 0.84513889 | E6: =+Effort!J10 -> CLOSED | F6: =+Harvest!J10 -> CLOSED | I6: =+Effort!L10 -> 1304.756 | J6: =+Harvest!L10 -> 19208.907 | K6: =+J6/I6 -> 14.722222 | M6: =+Effort!N10 -> CLOSED | N6: =+Harvest!N10 -> CLOSED | Q6: =+I6 -> 1304.756 | R6: =+J6 -> 19208.907
A7: 41554 | B7: =+A7 -> 41554 | C7: -0.8 | D7: 0.875 | E7: =+Effort!J11 -> CLOSED | F7: =+Harvest!J11 -> CLOSED | I7: =+Effort!L11 -> 175.01989 | J7: =+Harvest!L11 -> 2052.5059 | K7: =+J7/I7 -> 11.727273 | M7: =+Effort!N11 -> CLOSED | N7: =+Harvest!N11 -> CLOSED | Q7: =+I7 -> 175.01989 | R7: =+J7 -> 2052.5059
E8: =SUM(E4:E7) -> 5886.4065 | F8: =SUM(F4:F7) -> 87899.21 | G8: =+F8/E8 -> 14.932575 | H8: 120.16 | I8: =SUM(I4:I7) -> 4222.2468 | J8: =SUM(J4:J7) -> 62686.812 | K8: =+J8/I8 -> 14.84679 | L8: 107.12 | Q8: =SUM(Q4:Q7) -> 10108.653 | R8: =SUM(R4:R7) -> 150586.02
A9: 41565 | B9: 41565 | C9: -0.6 | D9: 0.78958333 | E9: =+'Summary Table'!K17 -> 3251.1531 | F9: =+'Summary Table'!L17 -> 46909.494 | G9: =+F9/E9 -> 14.428571 | I9: =+'Summary Table'!N17 -> 1026.4303 | J9: =+'Summary Table'!O17 -> 15520.121 | K9: =+J9/I9 -> 15.120482 | M9: =+'Summary Table'!Q17 -> CLOSED | N9: =+'Summary Table'!R17 -> CLOSED | Q9: =+E9+I9 -> 4277.5834 | R9: =+F9+J9 -> 62429.616
A10: 41566 | B10: 41566 | C10: -0.7 | D10: 0.81805556 | E10: =+'Summary Table'!K18 -> 5650.2729 | F10: =+'Summary Table'!L18 -> 84754.093 | G10: =+F10/E10 -> 15 | I10: =+'Summary Table'!N18 -> 3004.0914 | J10: =+'Summary Table'!O18 -> 44871.925 | K10: =+J10/I10 -> 14.936937 | M10: =+'Summary Table'!Q18 -> CLOSED | N10: =+'Summary Table'!R18 -> CLOSED | Q10: =+E10+I10 -> 8654.3643 | R10: =+F10+J10 -> 129626.02
A11: 41567 | B11: 41567 | C11: -0.7 | D11: 0.84444444 | E11: =+'Summary Table'!K19 -> CLOSED | F11: =+'Summary Table'!L19 -> CLOSED | I11: =+'Summary Table'!N19 -> 1510.0254 | J11: =+'Summary Table'!O19 -> 22650.381 | K11: =+J11/I11 -> 15 | M11: =+'Summary Table'!Q19 -> CLOSED | N11: =+'Summary Table'!R19 -> CLOSED | Q11: =+I11 -> 1510.0254 | R11: =+J11 -> 22650.381
A12: 41568 | B12: 41568 | C12: -0.4 | D12: 0.87152778 | E12: =+'Summary Table'!K20 -> CLOSED | F12: =+'Summary Table'!L20 -> CLOSED | I12: =+'Summary Table'!N20 -> 151.72179 | J12: =+'Summary Table'!O20 -> 2275.8268 | K12: =+J12/I12 -> 15 | M12: =+'Summary Table'!Q20 -> CLOSED | N12: =+'Summary Table'!R20 -> CLOSED | Q12: =+I12 -> 151.72179 | R12: =+J12 -> 2275.8268
E13: =SUM(E9:E12) -> 8901.4259 | F13: =SUM(F9:F12) -> 131663.59 | G13: =+F13/E13 -> 14.791292 | H13: 119.96 | I13: =SUM(I9:I12) -> 5692.269 | J13: =SUM(J9:J12) -> 85318.254 | K13: =+J13/I13 -> 14.988444 | L13: 116.95 | Q13: =SUM(Q9:Q12) -> 14593.695 | R13: =SUM(R9:R12) -> 216981.84
A14: 41579 | B14: 41579 | C14: 0.1 | D14: 0.74444444 | E14: =+'Summary Table'!K23 -> CLOSED | F14: =+'Summary Table'!L23 -> CLOSED | I14: =+'Summary Table'!N23 -> 1345.2904 | J14: =+'Summary Table'!O23 -> 20179.355 | K14: =+J14/I14 -> 15 | M14: =+'Summary Table'!R23 -> CLOSED | N14: =+'Summary Table'!S23 -> CLOSED | Q14: =+I14 -> 1345.2904 | R14: =+J14 -> 20179.355
A15: 41580 | B15: 41580 | C15: -0.6 | D15: 0.77361111 | E15: =+'Summary Table'!K24 -> 1766.8439 | F15: =+'Summary Table'!L24 -> 14627.824 | G15: =+F15/E15 -> 8.2790698 | I15: =+'Summary Table'!N24 -> 871.06432 | J15: =+'Summary Table'!O24 -> 12612.285 | K15: =+J15/I15 -> 14.479167 | M15: =+'Summary Table'!R24 -> CLOSED | N15: =+'Summary Table'!S24 -> CLOSED | Q15: =+E15+I15 -> 2637.9082 | R15: =+F15+J15 -> 27240.109
A16: 41581 | B16: 41581 | C16: -1.1 | D16: 0.76111111 | E16: =+'Summary Table'!K25 -> CLOSED | F16: =+'Summary Table'!L25 -> CLOSED | I16: =+'Summary Table'!N25 -> 1079.1969 | J16: =+'Summary Table'!O25 -> 16187.953 | K16: =+J16/I16 -> 15 | M16: =+'Summary Table'!R25 -> CLOSED | N16: =+'Summary Table'!S25 -> CLOSED | Q16: =+I16 -> 1079.1969 | R16: =+J16 -> 16187.953
A17: 41582 | B17: 41582 | C17: -1.3 | D17: 0.2965162 | E17: =+'Summary Table'!K26 -> CLOSED | F17: =+'Summary Table'!L26 -> CLOSED | I17: =+'Summary Table'!N26 -> 384.53165 | J17: =+'Summary Table'!O26 -> 4982.5484 | K17: =+J17/I17 -> 12.957447 | M17: =+'Summary Table'!R26 -> CLOSED | N17: =+'Summary Table'!S26 -> CLOSED | Q17: =+I17 -> 384.53165 | R17: =+J17 -> 4982.5484
E18: =SUM(E15:E17) -> 1766.8439 | F18: =SUM(F15:F17) -> 14627.824 | G18: =+F18/E18 -> 8.2790698 | I18: =SUM(I14:I17) -> 3680.0832 | J18: =SUM(J14:J17) -> 53962.142 | K18: =+J18/I18 -> 14.663294 | L18: 118.51 | Q18: =SUM(Q14:Q17) -> 5446.927 | R18: =SUM(R14:R17) -> 68589.966
A19: 41593 | B19: 41593 | C19: -0.3 | D19: 0.70902778 | E19: =+'Summary Table'!K32 -> 1440.414 | F19: =+'Summary Table'!L32 -> 20057.086 | G19: =+F19/E19 -> 13.924528 | I19: =+'Summary Table'!N32 -> 524.29221 | J19: =+'Summary Table'!O32 -> 7723.7193 | K19: =+J19/I19 -> 14.731707 | M19: =+'Summary Table'!Q32 -> CLOSED | N19: =+'Summary Table'!R32 -> CLOSED | Q19: =+E19+I19 -> 1964.7062 | R19: =+F19+J19 -> 27780.805
A20: 41594 | B20: 41594 | C20: -0.6 | D20: 0.7375 | E20: =+'Summary Table'!K33 -> 3896.465 | F20: =+'Summary Table'!L33 -> 43395.924 | G20: =+F20/E20 -> 11.137255 | I20: =+'Summary Table'!N33 -> 2660.018 | J20: =+'Summary Table'!O33 -> 38836.262 | K20: =+J20/I20 -> 14.6 | M20: =+'Summary Table'!Q33 -> CLOSED | N20: =+'Summary Table'!R33 -> CLOSED | Q20: =+E20+I20 -> 6556.483 | R20: =+F20+J20 -> 82232.187
A21: 41595 | B21: 41595 | C21: -0.7 | D21: 0.76388889 | E21: =+'Summary Table'!K34 -> CLOSED | F21: =+'Summary Table'!L34 -> CLOSED | I21: =+'Summary Table'!N34 -> 991.05299 | J21: =+'Summary Table'!O34 -> 13921.935 | K21: =+J21/I21 -> 14.047619 | M21: =+'Summary Table'!Q34 -> CLOSED | N21: =+'Summary Table'!R34 -> CLOSED | Q21: =+I21 -> 991.05299 | R21: =+J21 -> 13921.935
E22: =SUM(E19:E21) -> 5336.879 | F22: =SUM(F19:F21) -> 63453.01 | G22: =+F22/E22 -> 11.889535 | H22: 119.34 | I22: =SUM(I19:I21) -> 4175.3632 | J22: =SUM(J19:J21) -> 60481.917 | K22: =+J22/I22 -> 14.485427 | L22: 127.44 | Q22: =SUM(Q19:Q21) -> 9512.2422 | R22: =SUM(R19:R21) -> 123934.93
A23: 41608 | B23: 41608 | C23: -0.1 | D23: 0.68611111 | E23: 2720.2169 | F23: 40803.254 | G23: 15 | I23: 1112.34 | J23: 16685.1 | K23: 15 | M23: =+'Summary Table'!R32 -> CLOSED | N23: =+'Summary Table'!S32 -> CLOSED | Q23: =+E23+I23 -> 3832.5569 | R23: =+F23+J23 -> 57488.354
A24: 41609 | B24: 41609 | C24: -0.9 | D24: 0.71736111 | E24: CLOSED | F24: CLOSED | I24: 525.6112 | J24: 7884.1679 | K24: 15 | M24: =+'Summary Table'!R33 -> CLOSED | N24: =+'Summary Table'!S33 -> CLOSED | Q24: =+I24 -> 525.6112 | R24: =+J24 -> 7884.1679
A25: 41610 | B25: 41610 | C25: -1.4 | D25: 0.74930556 | E25: CLOSED | F25: CLOSED | I25: 180.6607 | J25: 2709.9105 | K25: 15 | M25: =+'Summary Table'!R34 -> CLOSED | N25: =+'Summary Table'!S34 -> CLOSED | Q25: =+I25 -> 180.6607 | R25: =+J25 -> 2709.9105
A26: 41611 | B26: 41611 | C26: -1.7 | D26: 0.78055556 | E26: CLOSED | F26: CLOSED | I26: 223.67515 | J26: 3184.0816 | K26: 14.235294 | M26: =+'Summary Table'!R35 -> CLOSED | N26: =+'Summary Table'!S35 -> CLOSED | Q26: =+I26 -> 223.67515 | R26: =+J26 -> 3184.0816
E27: =SUM(E23:E26) -> 2720.2169 | F27: =SUM(F23:F26) -> 40803.254 | G27: =+F27/E27 -> 15 | I27: =SUM(I23:I26) -> 2042.287 | J27: =SUM(J23:J26) -> 30463.26 | K27: =+J27/I27 -> 14.916248 | Q27: =SUM(Q23:Q26) -> 4762.504 | R27: =SUM(R23:R26) -> 71266.514
A28: 41622 | B28: 41622 | C28: -0.1 | D28: 0.69791667 | E28: 1266.8658 | F28: 19002.987 | G28: 15 | I28: 578.58656 | J28: 8678.7984 | K28: 15 | M28: =+'Summary Table'!Q41 -> CLOSED | N28: =+'Summary Table'!R41 -> CLOSED | Q28: =+E28+I28 -> 1845.4524 | R28: =+F28+J28 -> 27681.785
A29: 41623 | B29: 41623 | C29: -0.3 | D29: 0.72638889 | E29: CLOSED | F29: CLOSED | I29: 821.63649 | J29: 12284.467 | K29: 14.95122 | M29: =+'Summary Table'!Q42 -> CLOSED | N29: =+'Summary Table'!R42 -> CLOSED | Q29: =+I29 -> 821.63649 | R29: =+J29 -> 12284.467
A30: 41624 | B30: 41624 | C30: -0.4 | D30: 0.75208333 | E30: CLOSED | F30: CLOSED | I30: 295.93943 | J30: 4439.0915 | K30: 15 | M30: =+'Summary Table'!Q43 -> CLOSED | N30: =+'Summary Table'!R43 -> CLOSED | Q30: =+I30 -> 295.93943 | R30: =+J30 -> 4439.0915
E31: =SUM(E28:E30) -> 1266.8658 | F31: =SUM(F28:F30) -> 19002.987 | G31: =+F31/E31 -> 15 | I31: =SUM(I28:I30) -> 1696.1625 | J31: =SUM(J28:J30) -> 25402.357 | K31: =+J31/I31 -> 14.97637 | L31: 102.74 | Q31: =SUM(Q28:Q30) -> 2963.0283 | R31: =SUM(R28:R30) -> 44405.344
A32: 41637 | B32: 41637 | C32: -0.2 | D32: 0.67013889 | E32: 3259.2887 | F32: 47376.09 | G32: 14.535714 | I32: 1216.8901 | J32: 18253.352 | K32: 15 | M32: CLOSED | N32: CLOSED | Q32: =+E32+I32 -> 4476.1789 | R32: =+F32+J32 -> 65629.442
A33: 41638 | B33: 41638 | C33: -0.9 | D33: 0.70486111 | E33: 5014.0908 | F33: 74353.688 | G33: 14.828947 | I33: 2510.9249 | J33: 36727.596 | K33: 14.627119 | M33: CLOSED | N33: CLOSED | Q33: =+E33+I33 -> 7525.0156 | R33: =+F33+J33 -> 111081.28
A34: 41639 | B34: 41639 | C34: -1.4 | D34: 0.7375 | E34: 2969.1741 | F34: 44565.623 | G34: 15.009434 | I34: 1993.9448 | J34: 29909.172 | K34: 15 | M34: CLOSED | N34: CLOSED | Q34: =+E34+I34 -> 4963.1189 | R34: =+F34+J34 -> 74474.795
A35: 41640 | B35: 41640 | C35: -1.7 | D35: 0.77013889 | E35: CLOSED | F35: CLOSED | G35: CLOSED | I35: 2305.0059 | J35: 34784.635 | K35: 15.090909 | M35: CLOSED | N35: CLOSED | Q35: =+I35 -> 2305.0059 | R35: =+J35 -> 34784.635
A36: 41641 | B36: 41641 | C36: -1.7 | D36: 0.80208333 | E36: CLOSED | F36: CLOSED | G36: CLOSED | I36: 254.96262 | J36: 2448.827 | K36: 9.6046512 | M36: CLOSED | N36: CLOSED | Q36: =+I36 -> 254.96262 | R36: =+J36 -> 2448.827
A37: 41642 | B37: 41642 | C37: -1.4 | D37: 0.83333333 | E37: CLOSED | F37: CLOSED | G37: CLOSED | I37: 886.41281 | J37: 13296.192 | K37: 15 | M37: CLOSED | N37: CLOSED | Q37: =+I37 -> 886.41281 | R37: =+J37 -> 13296.192
A38: 41643 | B38: 41643 | C38: -0.9 | D38: 0.86458333 | E38: 1269.4116 | F38: 19063.842 | G38: 15.017857 | I38: 666.95773 | J38: 10004.366 | K38: 15 | M38: CLOSED | N38: CLOSED | Q38: =+E38+I38 -> 1936.3693 | R38: =+F38+J38 -> 29068.208
E39: =SUM(E32:E38) -> 12511.965 | F39: =SUM(F32:F38) -> 185359.24 | G39: =+F39/E39 -> 14.814559 | H39: 120.47 | I39: =SUM(I32:I38) -> 9835.0988 | J39: =SUM(J32:J38) -> 145424.14 | K39: =+J39/I39 -> 14.786241 | L39: 119.74 | Q39: =SUM(Q32:Q38) -> 22347.064 | R39: =SUM(R32:R38) -> 330783.38
A40: 41656 | B40: 41656 | C40: 0 | D40: 0.80694444 | E40: CLOSED | F40: CLOSED | G40: CLOSED | I40: 419.11389 | J40: 4009.5228 | K40: 9.5666667 | M40: CLOSED | N40: CLOSED | Q40: =+I40 -> 419.11389 | R40: =+J40 -> 4009.5228
A41: 41657 | B41: 41657 | C41: 0.2 | D41: 0.82847222 | E41: CLOSED | F41: CLOSED | G41: CLOSED | I41: 966.00308 | J41: 10291.648 | K41: 10.653846 | M41: CLOSED | N41: CLOSED | Q41: =+I41 -> 966.00308 | R41: =+J41 -> 10291.648
I42: =SUM(I40:I41) -> 1385.117 | J42: =SUM(J40:J41) -> 14301.171 | K42: =+J42/I42 -> 10.324883 | Q42: =SUM(Q40:Q41) -> 1385.117 | R42: =SUM(R40:R41) -> 14301.171
A43: 41669 | B43: 41669 | C43: -1.4 | D43: 0.75763889 | E43: CLOSED | F43: CLOSED | G43: CLOSED | I43: 749.12692 | J43: 11236.904 | K43: 15 | M43: CLOSED | N43: CLOSED | Q43: =+I43 -> 749.12692 | R43: =+J43 -> 11236.904
A44: 41670 | B44: 41670 | C44: -1.4 | D44: 0.78819444 | E44: CLOSED | F44: CLOSED | G44: CLOSED | I44: 1701.3094 | J44: 25416.531 | K44: 14.939394 | M44: CLOSED | N44: CLOSED | Q44: =+I44 -> 1701.3094 | R44: =+J44 -> 25416.531
A45: 41671 | B45: 41671 | C45: -1.1 | D45: 0.81805556 | E45: 2599.6788 | F45: 38995.182 | G45: 15 | I45: 1451.1658 | J45: 18269.805 | K45: 12.589744 | M45: CLOSED | N45: CLOSED | Q45: =+E45+I45 -> 4050.8446 | R45: =+F45+J45 -> 57264.987
A46: 41672 | B46: 41672 | C46: -0.5 | D46: 0.84722222 | E46: CLOSED | F46: CLOSED | G46: CLOSED | I46: 182.6381 | J46: 2739.5715 | K46: 15 | M46: CLOSED | N46: CLOSED | Q46: =+I46 -> 182.6381 | R46: =+J46 -> 2739.5715
E47: =SUM(E45:E46) -> 2599.6788 | F47: =SUM(F45:F46) -> 38995.182 | G47: =+F47/E47 -> 15 | I47: =SUM(I43:I46) -> 4084.2402 | J47: =SUM(J43:J46) -> 57662.811 | K47: =+J47/I47 -> 14.118369 | L47: 124.32 | Q47: =SUM(Q43:Q46) -> 6683.919 | R47: =SUM(R43:R46) -> 96657.993
A48: 41697 | B48: 41697 | C48: -0.7 | D48: 0.71111111 | E48: CLOSED | F48: CLOSED | G48: CLOSED | I48: 1526.4368 | J48: 22836.692 | K48: 14.960784 | M48: CLOSED | N48: CLOSED | Q48: =+I48 -> 1526.4368 | R48: =+J48 -> 22836.692
A49: 41698 | B49: 41698 | C49: -0.8 | D49: 0.74236111 | E49: CLOSED | F49: CLOSED | G49: CLOSED | I49: 2733.2417 | J49: 41076.718 | K49: 15.028571 | M49: CLOSED | N49: CLOSED | Q49: =+I49 -> 2733.2417 | R49: =+J49 -> 41076.718
A50: 41699 | B50: 41699 | C50: -0.7 | D50: 0.77222222 | E50: 5525.1705 | F50: 82427.834 | G50: 14.918605 | I50: 2883.5209 | J50: 37903.123 | K50: 13.144737 | M50: CLOSED | N50: CLOSED | Q50: =+E50+I50 -> 8408.6914 | R50: =+F50+J50 -> 120330.96
A51: 41700 | B51: 41700 | C51: -0.3 | D51: 0.80069444 | E51: CLOSED | F51: CLOSED | G51: CLOSED | I51: 476.42158 | J51: 6720.0518 | K51: 14.105263 | M51: CLOSED | N51: CLOSED | Q51: =+I51 -> 476.42158 | R51: =+J51 -> 6720.0518
E52: =SUM(E50:E51) -> 5525.1705 | F52: =SUM(F50:F51) -> 82427.834 | G52: =+F52/E52 -> 14.918605 | H52: 125.47 | I52: =SUM(I48:I51) -> 7619.621 | J52: =SUM(J48:J51) -> 108536.59 | K52: =+J52/I52 -> 14.244355 | L52: 115.5 | Q52: =SUM(Q48:Q51) -> 13144.791 | R52: =SUM(R48:R51) -> 190964.42
A53: 41726 | B53: =+A53 -> 41726 | C53: 0 | D53: 0.73472222 | E53: CLOSED | F53: CLOSED | G53: CLOSED | I53: 2138.5317 | J53: 32077.976 | K53: 15 | M53: CLOSED | N53: CLOSED | Q53: =+I53 -> 2138.5317 | R53: =+J53 -> 32077.976
A54: 41727 | B54: =+A54 -> 41727 | C54: 0 | D54: 0.76597222 | E54: CLOSED | F54: CLOSED | G54: CLOSED | I54: 8271.0701 | J54: 56416.105 | K54: 6.8208955 | M54: CLOSED | N54: CLOSED | Q54: =+I54 -> 8271.0701 | R54: =+J54 -> 56416.105
A55: 41728 | B55: =+A55 -> 41728 | C55: -0.1 | D55: 0.28680556 | E55: CLOSED | F55: CLOSED | G55: CLOSED | I55: 2266.0919 | J55: 30296.664 | K55: 13.369565 | M55: CLOSED | N55: CLOSED | Q55: =+I55 -> 2266.0919 | R55: =+J55 -> 30296.664
I56: =SUM(I53:I55) -> 12675.694 | J56: =SUM(J53:J55) -> 118790.74 | K56: =+J56/I56 -> 9.3715379 | Q56: =SUM(Q53:Q55) -> 12675.694 | R56: =SUM(R53:R55) -> 118790.74
A57: 41747 | B57: 41747 | C57: -0.8 | D57: 0.39305556 | E57: CLOSED | F57: CLOSED | G57: CLOSED | I57: 2091.1278 | J57: 31366.917 | K57: 15 | M57: CLOSED | N57: CLOSED | Q57: =+I57 -> 2091.1278 | R57: =+J57 -> 31366.917
A58: 41748 | B58: 41748 | C58: -0.7 | D58: 0.42638889 | E58: 4863.2949 | F58: 54942.088 | G58: 11.297297 | I58: 2399.9804 | J58: 32718.998 | K58: 13.633028 | M58: CLOSED | N58: CLOSED | Q58: =+E58+I58 -> 7263.2753 | R58: =+F58+J58 -> 87661.087
A59: 41749 | B59: 41749 | C59: -0.4 | D59: 0.4625 | E59: 4057.3215 | F59: 38435.876 | G59: 9.4732143 | I59: 2348.1208 | J59: 34294.923 | K59: 14.605263 | M59: CLOSED | N59: CLOSED | Q59: =+E59+I59 -> 6405.4424 | R59: =+F59+J59 -> 72730.799
E60: =SUM(E58:E59) -> 8920.6164 | F60: =SUM(F58:F59) -> 93377.965 | G60: =+F60/E60 -> 10.467658 | I60: =SUM(I57:I59) -> 6839.229 | J60: =SUM(J57:J59) -> 98380.838 | K60: =+J60/I60 -> 14.384785 | Q60: =SUM(Q57:Q59) -> 15759.845 | R60: =SUM(R57:R59) -> 191758.8
A61: 41761 | B61: 41761 | C61: -0.7 | D61: 0.39097222 | E61: CLOSED | F61: CLOSED | G61: CLOSED | I61: 1003.4488 | J61: 14750.698 | K61: 14.7 | Q61: =+I61 -> 1003.4488 | R61: =+J61 -> 14750.698
A62: 41762 | B62: 41762 | C62: -0.3 | D62: 0.41944444 | E62: CLOSED | F62: CLOSED | G62: CLOSED | I62: 2465.4833 | J62: 34057.1 | K62: 13.813559 | Q62: =+I62 -> 2465.4833 | R62: =+J62 -> 34057.1
A63: 41763 | B63: 41763 | C63: 0.1 | D63: 0.44930556 | E63: CLOSED | F63: CLOSED | G63: CLOSED | I63: 1192.9299 | J63: 10552.841 | K63: 8.8461538 | Q63: =+I63 -> 1192.9299 | R63: =+J63 -> 10552.841
I64: 4661.862 | J64: 59360.639 | K64: 12.733247 | Q64: =SUM(Q61:Q63) -> 4661.862 | R64: =SUM(R61:R63) -> 59360.639
A65: 41775 | B65: 41775 | C65: -1.7 | D65: 0.35208333 | E65: 1602.3792 | F65: 24085.763 | G65: 15.03125 | I65: CLOSED | J65: CLOSED | K65: CLOSED | M65: CLOSED | N65: CLOSED | Q65: =+E65 -> 1602.3792 | R65: =+F65 -> 24085.763
A66: 41776 | B66: 41776 | C66: -1.7 | D66: 0.38333333 | E66: 3576.1978 | F66: 54313.504 | G66: 15.1875 | I66: 1126.4182 | J66: 16896.273 | K66: 15 | M66: CLOSED | N66: CLOSED | Q66: =+E66+I66 -> 4702.616 | R66: =+F66+J66 -> 71209.776
A67: 41777 | B67: 41777 | C67: -1.5 | D67: 0.41597222 | E67: 2232.05 | F67: 33480.75 | G67: 15 | I67: 1400.9596 | J67: 21014.394 | K67: 15 | M67: CLOSED | N67: CLOSED | Q67: =+E67+I67 -> 3633.0096 | R67: =+F67+J67 -> 54495.144
E68: =SUM(E65:E67) -> 7410.627 | F68: =SUM(F65:F67) -> 111880.02 | G68: =+F68/E68 -> 15.09724 | I68: =SUM(I66:I67) -> 2527.3778 | J68: =SUM(J66:J67) -> 37910.667 | K68: =+J68/I68 -> 15 | Q68: =SUM(Q65:Q67) -> 9938.0048 | R68: =SUM(R65:R67) -> 149790.68
A69: 41788 | B69: 41788 | C69: -1.4 | D69: 0.30902778 | E69: 1020.7228 | F69: 15310.842 | G69: 15 | I69: 376.28008 | J69: 5644.2013 | K69: 15 | M69: CLOSED | N69: CLOSED | Q69: =+E69+I69 -> 1397.0029 | R69: =+F69+J69 -> 20955.043
A70: 41789 | B70: 41789 | C70: -1.3 | D70: 0.34930556 | E70: 1285.9442 | F70: 19289.163 | G70: 15 | I70: 1129.4914 | J70: 16942.371 | K70: 15 | M70: CLOSED | N70: CLOSED | Q70: =+E70+I70 -> 2415.4356 | R70: =+F70+J70 -> 36231.534
A71: 41790 | B71: 41790 | C71: -1 | D71: 0.375 | E71: 5325.2419 | F71: 80273.091 | G71: 15.074074 | I71: 815.85085 | J71: 12225.015 | K71: 14.984375 | M71: CLOSED | N71: CLOSED | Q71: =+E71+I71 -> 6141.0928 | R71: =+F71+J71 -> 92498.106
A72: 41791 | B72: 41791 | C72: -0.7 | D72: 0.40069444 | E72: 4719.3756 | F72: 70790.634 | G72: 15 | I72: 1277.6374 | J72: 19164.561 | K72: 15 | M72: CLOSED | N72: CLOSED | Q72: =+E72+I72 -> 5997.013 | R72: =+F72+J72 -> 89955.195
E73: =SUM(E69:E72) -> 12351.284 | F73: =SUM(F69:F72) -> 185663.73 | I73: =SUM(I69:I72) -> 3599.2598 | J73: =SUM(J69:J72) -> 53976.149 | Q73: =SUM(Q69:Q72) -> 15950.544 | R73: =SUM(R69:R72) -> 239639.88
A74: SEASON SUBTOTALS: | E74: =+E8+E13+E18+E22+E27+E31+E39+E47+E52+E60+E68+E73 -> 75197.981 | F74: =+F8+F13+F18+F22+F27+F31+F39+F47+F52+F60+F68+F73 -> 1055153.8 | G74: =+F74/E74 -> 14.031678 | I74: =+I8+I13+I18+I22+I27+I31+I39+I42+I47+I52+I56+I60+I68+I73+I64 -> 74735.911 | J74: =+J8+J13+J18+J22+J27+J31+J39+J42+J47+J52+J56+J60+J68+J73+J64 -> 1012658.5 | K74: =+J74/I74 -> 13.549825 | M74: =+M8+M13+M18 -> 0 | N74: =+N8+N13+N18 -> 0 | Q74: =+Q8+Q13+Q18+Q22+Q27+Q31+Q39+Q42+Q47+Q52+Q56+Q68+Q73+Q60+Q64 -> 149933.89 | R74: =+R8+R13+R18+R22+R27+R31+R39+R42+R47+R52+R56+R68+R73+R60+R64 -> 2067812.3
A75: WASTAGE | F75: =+Harvest!J125 -> 47267.296 | J75: =+Harvest!L125 -> 32033.907 | R75: =+F75+J75+N75 -> 79301.203
A76: SEASON TOTALS: | E76: =+E74 -> 75197.981 | F76: =SUM(F74:F75) -> 1102421.1 | G76: =+G74 -> 14.031678 | I76: =+I74 -> 74735.911 | J76: =SUM(J74:J75) -> 1044692.4 | K76: =+K74 -> 13.549825 | M76: =+M74 -> 0 | N76: =+N74 -> 0 | Q76: =+Q74 -> 149933.89 | R76: =SUM(R74:R75) -> 2147113.5
A77: % of TAC Harvested: | F77: =+Harvest!J128 -> 0.78935617 | J77: =+Harvest!L128 -> 0.50017147 | N77: =+Harvest!N128 -> 0

Sheet Copy Sheet
A1: BeachName | B1: Date | C1: Effort | D1: Harvest | E1: CPUE | F1: EventID | G1: CorrectionFactor
A2: Twin Harbors | B2: 41536 | C2: 3023.0358 | D2: 45401.518 | E2: 15.018519 | F2: 781 | G2: 0.33563334
A3: Twin Harbors | B3: 41537 | C3: 1669.621 | D3: 21157.228 | E3: 12.671875 | F3: 782 | G3: 0.59235001
A4: Twin Harbors | B4: 41538 | C4: 3341.8734 | D4: 49505.04 | E4: 14.813559 | F4: 783 | G4: 0.51243335
A5: Twin Harbors | B5: 41539 | C5: 673.80127 | D5: 9128.1002 | E5: 13.54717 | F5: 784 | G5: 0.47909999
A6: Twin Harbors | B6: 41540 | C6: 194.71301 | D6: 2336.5561 | E6: 12 | F6: 785 | G6: 0.52824998
A8: BeachName | B8: Date | C8: Effort | D8: Harvest | E8: CPUE | F8: EventID | G8: CorrectionFactor
A9: Copalis | B9: 41551 | C9: 1984.4408 | D9: 29369.724 | E9: 14.8 | F9: 786 | G9: 0.50836664
A10: Copalis | B10: 41552 | C10: 3901.9657 | D10: 58529.485 | E10: 15 | F10: 787 | G10: 0.49360001
A11: LongBeach | B11: 41551 | C11: 1295.1217 | D11: 19426.826 | E11: 15 | F11: 793 | G11: 0.72675002
A12: LongBeach | B12: 41552 | C12: 2719.8142 | D12: 40797.213 | E12: 15 | F12: 794 | G12: 0.72675002
A13: LongBeach | B13: 41553 | C13: 2021.225 | D13: 28329.233 | E13: 14.015873 | F13: 795 | G13: 0.71276665
A14: LongBeach | B14: 41554 | C14: 456.73402 | D14: 5751.9941 | E14: 12.59375 | F14: 799 | G14: 0.53109998
A15: Mocrocks | B15: 41551 | C15: 1198.866 | D15: 18271.325 | E15: 15.240506 | F15: 788 | G15: 0.54243332
A16: Mocrocks | B16: 41552 | C16: 1543.6049 | D16: 23154.074 | E16: 15 | F16: 789 | G16: 0.58923334
A17: Mocrocks | B17: 41553 | C17: 1304.756 | D17: 19208.907 | E17: 14.722222 | F17: 790 | G17: 0.58660001
A18: Mocrocks | B18: 41554 | C18: 175.01989 | D18: 2052.5059 | E18: 11.727273 | F18: 796 | G18: 0.58660001
A19: Twin Harbors | B19: 41552 | C19: 2281.1871 | D19: 34217.806 | E19: 15 | F19: 791 | G19: 0.52824998
A20: Twin Harbors | B20: 41553 | C20: 1647.2 | D20: 21782.8 | E20: 13.224138 | F20: 792 | G20: 0.5
... A22: Twin Harbors | B22: 41555 | C22: 144.39326 | D22: 2165.8989 | E22: 15 | F22: 798 | G22: 0.50367498
A24: BeachName | B24: Date | C24: Effort | D24: Harvest | E24: CPUE | F24: EventID | G24: CorrectionFactor
A25: Copalis | B25: 41565 | C25: 3251.1531 | D25: 46909.494 | E25: 14.428571 | F25: 803 | G25: 0.50836664
A26: Copalis | B26: 41566 | C26: 5650.2729 | D26: 84754.093 | E26: 15 | F26: 805 | G26: 0.50836664
A27: LongBeach | B27: 41565 | C27: 2489.164 | D27: 37337.46 | E27: 15 | F27: 811 | G27: 0.72675002
A28: LongBeach | B28: 41566 | C28: 3646.6981 | D28: 53827.758 | E28: 14.760684 | F28: 812 | G28: 0.71276665
A29: LongBeach | B29: 41567 | C29: 2754.7299 | D29: 41320.949 | E29: 15 | F29: 813 | G29: 0.72675002
A30: Mocrocks | B30: 41565 | C30: 1026.4303 | D30: 15520.121 | E30: 15.120482 | F30: 802 | G30: 0.60364997
A31: Mocrocks | B31: 41566 | C31: 3004.0914 | D31: 44871.925 | E31: 14.936937 | F31: 806 | G31: 0.58399999
A32: Mocrocks | B32: 41567 | C32: 1510.0254 | D32: 22650.381 | E32: 15 | F32: 808 | G32: 0.55293334
A33: Mocrocks | B33: 41568 | C33: 151.72179 | D33: 2275.8268 | E33: 15 | F33: 809 | G33: 0.58660001
A34: Twin Harbors | B34: 41564 | C34: 1456.7098 | D34: 21850.647 | E34: 15 | F34: 800 | G34: 0.53109998
A35: Twin Harbors | B35: 41565 | C35: 1746.0312 | D35: 26190.469 | E35: 15 | F35: 801 | G35: 0.5
A36: Twin Harbors | B36: 41566 | C36: 2819.473 | D36: 42292.095 | E36: 15 | F36: 804 | G36: 0.49849999
... A39: Twin Harbors | B39: 41569 | C39: 140.95128 | D39: 1660.0928 | E39: 11.777778 | F39: 814 | G39: 0.43099999
A41: BeachName | B41: Date | C41: Effort | D41: Harvest | E41: CPUE | F41: EventID | G41: CorrectionFactor
A42: Copalis | B42: 41580 | C42: 1766.8439 | D42: 14627.824 | E42: 8.2790698 | F42: 815 | G42: 0.44510001
A43: LongBeach | B43: 41580 | C43: 2656.3195 | D43: 32798.556 | E43: 12.347368 | F43: 822 | G43: 0.70696664
A44: LongBeach | B44: 41581 | C44: 1126.1308 | D44: 17037.942 | E44: 15.12963 | F44: 823 | G44: 0.72675002
A45: LongBeach | B45: 41582 | C45: 945.61103 | D45: 9867.2455 | E45: 10.434783 | F45: 828 | G45: 0.71276665
A46: LongBeach | B46: 41583 | C46: 347.93996 | D46: 4987.1395 | E46: 14.333333 | F46: 829 | G46: 0.71276665
A47: Mocrocks | B47: 41579 | C47: 1345.2904 | D47: 20179.355 | E47: 15 | F47: 819 | G47: 0.54640001
A48: Mocrocks | B48: 41580 | C48: 871.06432 | D48: 12612.285 | E48: 14.479167 | F48: 820 | G48: 0.55105001
A49: Mocrocks | B49: 41581 | C49: 1079.1969 | D49: 16187.953 | E49: 15 | F49: 821 | G49: 0.54605001
A50: Mocrocks | B50: 41582 | C50: 384.53165 | D50: 4982.5484 | E50: 12.957447 | F50: 826 | G50: 0.5812
A51: Twin Harbors | B51: 41579 | C51: 1266.4459 | D51: 18996.688 | E51: 15 | F51: 816 | G51: 0.52824998
A52: Twin Harbors | B52: 41580 | C52: 984.07622 | D52: 8249.2315 | E52: 8.382716 | F52: 817 | G52: 0.53109998
A53: Twin Harbors | B53: 41581 | C53: 540.34867 | D53: 7802.6348 | E53: 14.44 | F53: 818 | G53: 0.53109998
... A57: Twin Harbors | B57: 41586 | C57: 374.90326 | D57: 5412.6658 | E57: 14.4375 | F57: 830 | G57: 0.53109998
A59: BeachName | B59: Date | C59: Effort | D59: Harvest | E59: CPUE | F59: EventID | G59: CorrectionFactor
A60: Copalis | B60: 41593 | C60: 1440.414 | D60: 20057.086 | E60: 13.924528 | F60: 831 | G60: 0.46129999
A61: Copalis | B61: 41594 | C61: 3896.465 | D61: 43395.924 | E61: 11.137255 | F61: 832 | G61: 0.49384999
A62: LongBeach | B62: 41593 | C62: 2311.6044 | D62: 20804.439 | E62: 9 | F62: 838 | G62: 0.64889997
A63: LongBeach | B63: 41594 | C63: 4692.918 | D63: 54007.024 | E63: 11.508197 | F63: 839 | G63: 0.64889997
A64: LongBeach | B64: 41595 | C64: 740.28206 | D64: 11104.231 | E64: 15 | F64: 840 | G64: 0.72675002
A65: Mocrocks | B65: 41593 | C65: 524.29221 | D65: 7723.7193 | E65: 14.731707 | F65: 833 | G65: 0.5722
A66: Mocrocks | B66: 41594 | C66: 2660.018 | D66: 38836.262 | E66: 14.6 | F66: 834 | G66: 0.57266665
A67: Mocrocks | B67: 41595 | C67: 991.05299 | D67: 13921.935 | E67: 14.047619 | F67: 835 | G67: 0.5812
A68: Twin Harbors | B68: 41593 | C68: 668.29813 | D68: 9897.1771 | E68: 14.809524 | F68: 836 | G68: 0.45135
A69: Twin Harbors | B69: 41594 | C69: 1951.9937 | D69: 29058.088 | E69: 14.886364 | F69: 837 | G69: 0.51243335
A70: Twin Harbors | B70: 41596 | C70: 45.189232 | D70: 34.760948 | E70: 0.76923077 | F70: 841 | G70: 0.53109998
A71: Twin Harbors | B71: 41597 | C71: 137.7583 | D71: 2066.3745 | E71: 15 | F71: 842 | G71: 0.47909999
A72: Twin Harbors | B72: 41598 | C72: 71.01165 | D72: 1065.1748 | E72: 15 | F72: 843 | G72: 0.53109998
A74: BeachName | B74: Date | C74: Effort | D74: Harvest | E74: CPUE | F74: EventID | G74: CorrectionFactor
A75: Copalis | B75: 41608 | C75: 2720.2169 | D75: 40803.254 | E75: 15 | F75: 849 | G75: 0.49360001
A76: LongBeach | B76: 41608 | C76: 3285.7879 | D76: 49286.818 | E76: 15 | F76: 844 | G76: 0.71276665
A77: LongBeach | B77: 41609 | C77: 1295.15 | D77: 9914.2017 | E77: 7.6548673 | F77: 845 | G77: 0.669725
A78: LongBeach | B78: 41610 | C78: 462.32087 | D78: 6703.6526 | E78: 14.5 | F78: 856 | G78: 0.64889997
A79: LongBeach | B79: 41611 | C79: 352.25317 | D79: 5283.7976 | E79: 15 | F79: 857 | G79: 0.72675002
A80: LongBeach | B80: 41612 | C80: 220.15823 | D80: 3302.3735 | E80: 15 | F80: 861 | G80: 0.72675002
A81: Mocrocks | B81: 41608 | C81: 1112.34 | D81: 16685.1 | E81: 15 | F81: 846 | G81: 0.57266665
A82: Mocrocks | B82: 41609 | C82: 525.6112 | D82: 7884.1679 | E82: 15 | F82: 847 | G82: 0.57266665
A83: Mocrocks | B83: 41610 | C83: 180.6607 | D83: 2709.9105 | E83: 15 | F83: 854 | G83: 0.5812
A84: Mocrocks | B84: 41611 | C84: 223.67515 | D84: 3184.0816 | E84: 14.235294 | F84: 858 | G84: 0.5812
A85: Twin Harbors | B85: 41609 | C85: 331.28592 | D85: 4240.4598 | E85: 12.8 | F85: 848 | G85: 0.53109998
A86: Twin Harbors | B86: 41610 | C86: 286.45503 | D86: 4304.1705 | E86: 15.025641 | F86: 855 | G86: 0.52713335
... A91: Twin Harbors | B91: 41615 | C91: 39.90368 | D91: 598.5552 | E91: 15 | F91: 864 | G91: 0.72675002
A93: BeachName | B93: Date | C93: Effort | D93: Harvest | E93: CPUE | F93: EventID | G93: CorrectionFactor
A94: Copalis | B94: 41622 | C94: 1266.8658 | D94: 19002.987 | E94: 15 | F94: 865 | G94: 0.48545
A95: LongBeach | B95: 41622 | C95: 1651.3479 | D95: 24770.219 | E95: 15 | F95: 870 | G95: 0.64916664
A96: LongBeach | B96: 41623 | C96: 1106.4879 | D96: 14190.708 | E96: 12.825 | F96: 871 | G96: 0.64889997
A97: LongBeach | B97: 41624 | C97: 553.69007 | D97: 8215.5635 | E97: 14.837838 | F97: 872 | G97: 0.64889997
A98: Mocrocks | B98: 41622 | C98: 578.58656 | D98: 8678.7984 | E98: 15 | F98: 866 | G98: 0.5812
A99: Mocrocks | B99: 41623 | C99: 821.63649 | D99: 12284.467 | E99: 14.95122 | F99: 868 | G99: 0.57266665
A100: Mocrocks | B100: 41624 | C100: 295.93943 | D100: 4439.0915 | E100: 15 | F100: 873 | G100: 0.5812
A101: Twin Harbors | B101: 41622 | C101: 906.91382 | D101: 13603.707 | E101: 15 | F101: 867 | G101: 0.52713335
A102: Twin Harbors | B102: 41623 | C102: 653.32661 | D102: 8574.9118 | E102: 13.125 | F102: 869 | G102: 0.52713335
A103: Twin Harbors | B103: 41625 | C103: 212.76597 | D103: 2893.6172 | E103: 13.6 | F103: 874 | G103: 0.53109998
A104: Twin Harbors | B104: 41626 | C104: 88.973028 | D104: 1334.5954 | E104: 15 | F104: 875 | G104: 0.52824998
A106: BeachName | B106: Date | C106: Effort | D106: Harvest | E106: CPUE | F106: EventID | G106: CorrectionFactor
A107: Copalis | B107: 41637 | C107: 3259.2887 | D107: 47376.09 | E107: 14.535714 | F107: 881 | G107: 0.4939
A108: Copalis | B108: 41638 | C108: 5014.0908 | D108: 74353.688 | E108: 14.828947 | F108: 878 | G108: 0.46129999
A109: Copalis | B109: 41639 | C109: 2969.1741 | D109: 44565.623 | E109: 15.009434 | F109: 885 | G109: 0.51515001
A110: Copalis | B110: 41643 | C110: 1269.4116 | D110: 19063.842 | E110: 15.017857 | F110: 894 | G110: 0.4939
A111: LongBeach | B111: 41637 | C111: 3532.7933 | D111: 52234.872 | E111: 14.785714 | F111: 882 | G111: 0.669725
A112: LongBeach | B112: 41638 | C112: 4012.9192 | D112: 59993.142 | E112: 14.95 | F112: 877 | G112: 0.70696664
A113: LongBeach | B113: 41639 | C113: 4080.7522 | D113: 60850.155 | E113: 14.911504 | F113: 883 | G113: 0.64889997
A114: LongBeach | B114: 41641 | C114: 531.15461 | D114: 2850.5297 | E114: 5.3666667 | F114: 887 | G114: 0.55739999
A115: LongBeach | B115: 41642 | C115: 813.68473 | D115: 10866.082 | E115: 13.354167 | F115: 895 | G115: 0.64889997
A116: Mocrocks | B116: 41637 | C116: 1216.8901 | D116: 18253.352 | E116: 15 | F116: 880 | G116: 0.56029999
A117: Mocrocks | B117: 41638 | C117: 2510.9249 | D117: 36727.596 | E117: 14.627119 | F117: 879 | G117: 0.55105001
...

Sheet TAC
A1: 2009 FALL - 2010 SPRING NON-TRIBAL TOTAL ALLOWABLE CATCH (TAC)
B3: 2013 - 2014 | C3: 2012 - 2013 | D3: 2011 - 2012 | E3: 2010 - 2011
A4: LONG BEACH | B4: 2881223.3 | C4: 1847952.1 | D4: 1094641.4 | E4: 1276247.7
A5: TWIN HARBORS | B5: =5744410.73323314*0.4 -> 2297764.3 | C5: 1881783.2 | D5: 616314.31 | E5: 845427.67
A6: COPALIS | B6: =(2615522*0.5)-(161153)+250000 -> 1396608 | C6: 1072689.6 | D6: 371373.04 | E6: 683167.41
A7: MOCROCKS | B7: 2088668.5 | C7: 909667.35 | D7: 605830.7 | E7: 545586.69
A8: KALALOCH | B8: =1033285.9456848*0.254*0.5 -> 131227.32 | C8: 113543.21 | D8: 144560.51 | E8: 258924.12
A9: COASTWIDE TAC | B9: =SUM(B4:B8) -> 8795491.4 | C9: =SUM(C4:C8) -> 5825635.5 | D9: =SUM(D4:D8) -> 2832720 | E9: =SUM(E4:E8) -> 3609353.6

Sheet TH Wastage
A1: EventID | B1: BeachName | C1: Date | D1: SumOfWastage | E1: SumOfTotHarvest
A2: 781 | B2: Twin Harbors | C2: 41536 | D2: 1816 | E2: 45401.518
A3: 783 | B3: Twin Harbors | C3: 41538 | D3: 1980 | E3: 49505.04
A4: 791 | B4: Twin Harbors | C4: 41552 | D4: 1027 | E4: 34217.806
A5: 800 | B5: Twin Harbors | C5: 41564 | D5: 1312 | E5: 21850.647
A6: 801 | B6: Twin Harbors | C6: 41565 | D6: 655 | E6: 26190.469
A7: 816 | B7: Twin Harbors | C7: 41579 | D7: 823 | E7: 18996.688
A8: 818 | B8: Twin Harbors | C8: 41581 | D8: 195 | E8: 7802.6348
A9: 836 | B9: Twin Harbors | C9: 41593 | D9: 198 | E9: 9897.1771
A10: 859 | B10: Twin Harbors | C10: 41611 | D10: 216 | E10: 7173.7906
A11: 867 | B11: Twin Harbors | C11: 41622 | D11: 68 | E11: 13603.707
A12: 876 | B12: Twin Harbors | C12: 41638 | D12: 463 | E12: 23210.752
A13: 904 | B13: Twin Harbors | C13: 41667 | D13: 249 | E13: 15016.005
... A50: 1014 | B50: Twin Harbors | C50: 41791 | D50: 1527 | E50: 38184.217
D55: =SUM(D2:D45) -> 31685 | E55: =SUM(E2:E45) -> 920229.56 | F55: =+D55/E55 -> 0.034431626

Sheet LB Wastage
A1: EventID | B1: BeachName | C1: Date | D1: SumOfWastage | E1: SumOfTotHarvest
A2: 793 | B2: LongBeach | C2: 41551 | D2: 130 | E2: 19426.826
A3: 811 | B3: LongBeach | C3: 41565 | D3: 373 | E3: 37337.46
A4: 812 | B4: LongBeach | C4: 41566 | D4: 806 | E4: 53827.758
A5: 844 | B5: LongBeach | C5: 41608 | D5: 1725 | E5: 49286.818
A6: 877 | B6: LongBeach | C6: 41638 | D6: 2401 | E6: 59993.142
A7: 920 | B7: LongBeach | C7: 41697 | D7: 676 | E7: 42786.377
A8: 930 | B8: LongBeach | C8: 41699 | D8: 1504 | E8: 75134.4
A9: 940 | B9: LongBeach | C9: 41729 | D9: 211 | E9: 21170.393
A10: 952 | B10: LongBeach | C10: 41744 | D10: 842 | E10: 21064.521
A11: 953 | B11: LongBeach | C11: 41745 | D11: 380 | E11: 19049.458
A12: 957 | B12: LongBeach | C12: 41747 | D12: 0 | E12: 118033.9
A13: 972 | B13: LongBeach | C13: 41759 | D13: 0 | E13: 28508.72
... A20: 1019 | B20: LongBeach | C20: 41790 | D20: 11026 | E20: 76032.638
D22: =SUM(D2:D21) -> 40206 | E22: =SUM(E2:E21) -> 809682.9 | F22: =+D22/E22 -> 0.049656476

Sheet Cop Wastage
A1: EventID | B1: BeachName | C1: Date | D1: SumOfWastage | E1: SumOfTotHarvest
A2: 786 | B2: Copalis | C2: 41551 | D2: 735 | E2: 29369.724
A3: 787 | B3: Copalis | C3: 41552 | D3: 2925 | E3: 58529.485
A4: 803 | B4: Copalis | C4: 41565 | D4: 3753 | E4: 46909.494
A5: 805 | B5: Copalis | C5: 41566 | D5: 3956 | E5: 84754.093
A6: 865 | B6: Copalis | C6: 41622 | D6: 0 | E6: 19002.987
A7: 885 | B7: Copalis | C7: 41639 | D7: 892 | E7: 44565.623
A8: 988 | B8: Copalis | C8: 41775 | D8: 843 | E8: 24085.763
A9: 989 | B9: Copalis | C9: 41776 | D9: 2420 | E9: 54313.504
A10: 990 | B10: Copalis | C10: 41777 | D10: 1674 | E10: 33480.75
A11: 1006 | B11: Copalis | C11: 41788 | D11: 765 | E11: 15310.842
A12: 1008 | B12: Copalis | C12: 41790 | D12: 4014 | E12: 80273.091
D22: =SUM(D2:D21) -> 21977 | E22: =SUM(E2:E21) -> 490595.36 | F22: =+D22/E22 -> 0.044796592

Sheet Moc Wastage
A1: EventID | B1: BeachName | C1: Date | D1: SumOfWastage | E1: SumOfTotHarvest
A2: 788 | B2: Mocrocks | C2: 41551 | D2: 1187 | E2: 18271.325
A3: 789 | B3: Mocrocks | C3: 41552 | D3: 2316 | E3: 23154.074
A4: 802 | B4: Mocrocks | C4: 41565 | D4: 77 | E4: 15520.121
A5: 806 | B5: Mocrocks | C5: 41566 | D5: 1346 | E5: 44871.925
A6: 808 | B6: Mocrocks | C6: 41567 | D6: 226 | E6: 22650.381
A7: 819 | B7: Mocrocks | C7: 41579 | D7: 505 | E7: 20179.355
A8: 846 | B8: Mocrocks | C8: 41608 | D8: 0 | E8: 16685.1
A9: 880 | B9: Mocrocks | C9: 41637 | D9: 912 | E9: 18253.352
A10: 879 | B10: Mocrocks | C10: 41638 | D10: 368 | E10: 36727.596
A11: 884 | B11: Mocrocks | C11: 41639 | D11: 1196 | E11: 29909.172
A12: 886 | B12: Mocrocks | C12: 41640 | D12: 696 | E12: 34784.635
A13: 919 | B13: Mocrocks | C13: 41697 | D13: 229 | E13: 22836.692
... A21: 1005 | B21: Mocrocks | C21: 41790 | D21: 919 | E21: 12225.015
D22: =SUM(D2:D21) -> 15719 | E22: =SUM(E2:E21) -> 496910.32 | F22: =+D22/E22 -> 0.031633475
