Workbook

Sheet Harvest
A1: Date | B1: Day | C1: Tide | D1: Time | E1: Longbeach | G1: Twin Harbors | I1: Copalis | K1: Mocrocks | M1: Kalaloch | O1: Daily Totals
A2: 41919 | B2: =+A2 -> 41919 | C2: -0.5 | D2: 0.76805556 | F2: 24500.023 | H2: 22288.859 | J2: CLOSED | L2: CLOSED | N2: CLOSED | O2: =+F2+H2 -> 46788.882 | Q2: =SUM(O2:O15) -> 367485.58
A3: 41920 | B3: =+A3 -> 41920 | C3: -0.9 | D3: 0.80069444 | F3: 24526.935 | H3: 26450.194 | J3: CLOSED | L3: CLOSED | N3: CLOSED | O3: =+F3+H3 -> 50977.129
A4: 41921 | B4: =+A4 -> 41921 | C4: -1.1 | D4: 0.83194444 | F4: 25889.969 | H4: 17842.448 | J4: CLOSED | L4: CLOSED | N4: CLOSED | O4: =+F4+H4 -> 43732.417
A5: 41922 | B5: =+A5 -> 41922 | C5: -1.1 | D5: 0.86319444 | F5: 37783.571 | H5: 29946.516 | J5: CLOSED | L5: 16040.535 | N5: CLOSED | O5: =+F5+H5+L5 -> 83770.622
A6: 41923 | B6: =+A6 -> 41923 | C6: -0.8 | D6: 0.89444444 | F6: 9249.1406 | H6: 4169.3616 | J6: 8634.5273 | L6: 24229.882 | N6: CLOSED | O6: =+F6+H6+J6+L6 -> 46282.911
A7: 41924 | B7: =+A7 -> 41924 | C7: =-0.3 -> -0.3 | D7: 0.92708333 | F7: =+L7*F5/L5 -> 8871.8219 | H7: =+L7*H5/L5 -> 7031.6316 | J7: CLOSED | L7: 3766.4192 | N7: CLOSED | O7: =+F7+H7+L7 -> 19669.873
A9: 41934 | B9: =+A9 -> 41934 | C9: 0.3 | D9: 0.77152778 | F9: 0 | H9: 265.34297 | J9: CLOSED | L9: CLOSED | N9: CLOSED | O9: =+F9+H9 -> 265.34297
A10: 41935 | B10: =+A10 -> 41935 | C10: -0.1 | D10: 0.79652778 | F10: 7861.4357 | H10: 10873.984 | J10: CLOSED | L10: CLOSED | N10: CLOSED | O10: =+F10+H10 -> 18735.419
A11: 41936 | B11: =+A11 -> 41936 | C11: -0.4 | D11: 0.82222222 | F11: 12716.286 | H11: 11569.649 | J11: CLOSED | L11: 20419.757 | N11: CLOSED | O11: =+F11+H11+L11 -> 44705.691
A12: 41937 | B12: =+A12 -> 41937 | C12: -0.6 | D12: 0.84861111 | E12: * | F12: =+J12*F6/J6 -> 0 | G12: * | H12: =+J12*H6/J6 -> 0 | J12: 0 | K12: * | L12: =+J12*J6/L6 -> 0 | N12: CLOSED | O12: =+F12+H12+J12+L12 -> 0
A13: 41938 | B13: =+A13 -> 41938 | C13: -0.6 | D13: 0.87708333 | F13: 1509.7407 | H13: 3180.3125 | J13: CLOSED | L13: 5700.2073 | N13: CLOSED | O13: =+F13+H13+L13 -> 10390.26
A14: 41939 | B14: =+A14 -> 41939 | C14: -0.4 | D14: 0.90763889 | E14: * | F14: =+H14*(F10+F9)/(H10+H9) -> 896.59494 | H14: 1270.4377 | J14: CLOSED | L14: CLOSED | N14: CLOSED | O14: =+F14+H14 -> 2167.0326
A15: 41940 | B15: =+A15 -> 41940 | C15: -0.2 | D15: 0.94166667 | F15: 0 | G15: * | H15: =+F15*(H10+H9)/(F10+F9) -> 0 | J15: CLOSED | L15: CLOSED | N15: CLOSED | O15: =+F15+H15 -> 0
A17: 41947 | B17: =+A17 -> 41947 | C17: 1.2 | D17: 0.15 | F17: 11971.104 | H17: 16438.646 | J17: CLOSED | L17: CLOSED | N17: CLOSED | O17: =+F17+H17 -> 28409.75
A18: 41948 | B18: =+A18 -> 41948 | C18: -0.7 | D18: 0.71805556 | F18: 7161.623 | H18: 13416.527 | J18: CLOSED | L18: CLOSED | N18: CLOSED | O18: =+F18+H18 -> 20578.15
A19: 41949 | B19: =+A19 -> 41949 | C19: -1.1 | D19: 0.74930556 | F19: 10435.898 | H19: 13304.393 | J19: CLOSED | L19: CLOSED | N19: CLOSED | O19: =+F19+H19 -> 23740.291
A20: 41950 | B20: =+A20 -> 41950 | C20: -1.2 | D20: 0.77916667 | F20: 39767.513 | H20: 22312.183 | J20: CLOSED | L20: 15959.749 | N20: CLOSED | O20: =+F20+H20+L20 -> 78039.446
A21: 41951 | B21: =+A21 -> 41951 | C21: -1.1 | D21: 0.80833333 | E21: * | F21: =+H21*(F20+F19+F18+F17)/(H20+H19+H18+H17) -> 35242.116 | H21: 33277.927 | J21: 42243.129 | L21: 27588.032 | N21: CLOSED | O21: =+F21+H21+J21+L21 -> 138351.2
A22: 41952 | B22: =+A22 -> 41952 | C22: -0.7 | D22: 0.83680556 | E22: * | F22: =+Effort!F22*CPUE!F22 -> 2571.2572 | H22: 2522.6344 | J22: CLOSED | L22: 7838.027 | N22: CLOSED | O22: =+F22+H22+L22 -> 12931.919
A23: 41953 | B23: =+A23 -> 41953 | C23: -0.3 | D23: 0.86597222 | E23: * | F23: =+Effort!F23*CPUE!H23 -> 2571.2572 | G23: * | H23: =+Effort!H23*CPUE!H23 -> 2383.5915 | J23: CLOSED | L23: CLOSED | N23: CLOSED | O23: =+F23+H23 -> 4954.8488
A24: 41954 | B24: =+A24 -> 41954 | C24: 0.2 | D24: 0.89652778 | E24: * | F24: =+H24*(F20+F19+F18+F17)/(H17+H18+H19+H20) -> 897.30882 | H24: 847.2981 | J24: CLOSED | L24: CLOSED | N24: CLOSED | O24: =+F24+H24 -> 1744.6069
A26: 41963 | B26: =+A26 -> 41963 | C26: 0 | D26: 0.7125 | F26: 6375.1289 | H26: 15197.644 | J26: CLOSED | L26: CLOSED | N26: CLOSED | O26: =+F26+H26 -> 21572.772
A27: 41964 | B27: =+A27 -> 41964 | C27: -0.5 | D27: 0.73958333 | F27: 1755.8388 | H27: 908.66071 | J27: CLOSED | L27: 4579.216 | N27: CLOSED | O27: =+F27+H27+L27 -> 7243.7155
A28: 41965 | B28: =+A28 -> 41965 | C28: -0.8 | D28: 0.76666667 | E28: * | F28: =+H28*(F27+F26)/(H26+H27) -> 6404.8876 | H28: 12687.182 | J28: 20605.139 | L28: 19249.966 | N28: CLOSED | O28: =+F28+H28+J28+L28 -> 58947.175
A29: 41966 | B29: =+A29 -> 41966 | C29: -1 | D29: 0.79513889 | F29: 5551.2334 | H29: 3603.9795 | J29: CLOSED | L29: 6389.9843 | N29: CLOSED | O29: =+F29+H29+L29 -> 15545.197
A30: 41967 | B30: =+A30 -> 41967 | C30: -1.1 | D30: 0.82430556 | F30: 196.76642 | H30: 0 | J30: CLOSED | L30: CLOSED | N30: CLOSED | O30: =+F30+H30 -> 196.76642
A31: 41968 | B31: =+A31 -> 41968 | C31: -0.9 | D31: 0.85555556 | E31: * | F31: 1834.6186 | G31: * | H31: 3634.1216 | J31: CLOSED | L31: CLOSED | N31: CLOSED | O31: =+F31+H31 -> 5468.7401
A32: 41969 | B32: =+A32 -> 41969 | C32: -0.5 | D32: 0.88819444 | E32: * | F32: =+H32*(F27+F26)/(H26+H27) -> 1834.6186 | H32: 3634.1216 | J32: CLOSED | L32: CLOSED | N32: CLOSED | O32: =+F32+H32 -> 5468.7401
A34: 41976 | B34: =+A34 -> 41976 | C34: -0.1 | D34: 0.67638889 | F34: 12364.244 | H34: 10111.091 | J34: CLOSED | L34: CLOSED | N34: CLOSED | O34: =+F34+H34 -> 22475.335
A35: 41977 | B35: =+A35 -> 41977 | C35: -0.6 | D35: 0.70972222 | F35: 12452.767 | H35: 9075.6695 | J35: CLOSED | L35: CLOSED | N35: CLOSED | O35: =+F35+H35 -> 21528.436
A36: 41978 | B36: =+A36 -> 41978 | C36: -0.9 | D36: 0.73958333 | F36: 12690.708 | H36: 11410.791 | J36: CLOSED | L36: 14418.036 | N36: CLOSED | O36: =+F36+H36+L36 -> 38519.534
A37: 41979 | B37: =+A37 -> 41979 | C37: -1 | D37: 0.76805556 | F37: 15925.352 | G37: * | H37: =+(H34+H35+H36)*F37/(F34+F35+F36) -> 12991.373 | J37: 15362.334 | L37: 20966.366 | N37: CLOSED | O37: =+F37+H37+J37+L37 -> 65245.425
A38: 41980 | B38: =+A38 -> 41980 | C38: -0.9 | D38: 0.79583333 | F38: 1052.6316 | H38: 3113.8633 | J38: CLOSED | L38: 5210.1071 | M38: 15 | N38: CLOSED | O38: =+F38+H38+L38 -> 9376.6019
A39: 41981 | B39: =+A39 -> 41981 | C39: -0.6 | D39: 0.82222222 | F39: 1052.6316 | H39: 3113.8633 | J39: CLOSED | L39: CLOSED | N39: CLOSED | O39: =+F39+H39 -> 4166.4948
A40: 41982 | B40: =+A40 -> 41982 | C40: -0.2 | D40: 0.84791667 | E40: + | F40: 0 | G40: + | H40: 0 | J40: CLOSED | L40: CLOSED | N40: CLOSED | O40: =+F40+H40 -> 0
A41: 41983 | B41: =+A41 -> 41983 | C41: 0.2 | D41: 0.87361111 | E41: + | F41: 0 | G41: + | H41: 0 | J41: CLOSED | L41: CLOSED | N41: CLOSED | O41: =+F41+H41 -> 0
A43: 41992 | B43: =+A43 -> 41992 | C43: 0 | D43: 0.69513889 | E43: * | F43: =+H43*F46/H46 -> 13707.333 | H43: 3878.2693 | J43: CLOSED | L43: 5939.9198 | N43: CLOSED | O43: =+F43+H43+L43 -> 23525.522
A44: 41993 | B44: =+A44 -> 41993 | C44: -0.6 | D44: 0.72430556 | E44: * | F44: 0 | G44: * | H44: =+L44*H43/L43 -> 0 | J44: 68.986479 | L44: 0 | N44: CLOSED | O44: =+F44+H44+J44+L44 -> 68.986479
A45: 41994 | B45: =+A45 -> 41994 | C45: -1.1 | D45: 0.75416667 | E45: * | F45: =+Effort!F45*CPUE!F45 -> 11149.078 | H45: 9386.4796 | J45: CLOSED | K45: * | L45: =+Effort!L45*CPUE!L45 -> 13086.902 | N45: CLOSED | O45: =+F45+H45+L45 -> 33622.46
A46: 41995 | B46: =+A46 -> 41995 | C46: -1.3 | D46: 0.78333333 | F46: 8907.2702 | H46: 2520.1687 | J46: CLOSED | L46: CLOSED | N46: CLOSED | O46: =+F46+H46 -> 11427.439
A47: 41996 | B47: =+A47 -> 41996 | C47: -1.3 | D47: 0.81319444 | E47: * | F47: 8907.2702 | G47: * | H47: 2520.1687 | J47: CLOSED | L47: CLOSED | N47: CLOSED | O47: =+F47+H47 -> 11427.439
A49: 42004 | B49: =+A49 -> 42004 | C49: 0.6 | D49: 0.62847222 | E49: * | F49: =+(J49+L49)*(F51+F52)/(J51+L51+J52+L52) -> 59297.035 | H49: 30310.543 | J49: 44344.421 | L49: 29884.656 | N49: CLOSED | O49: =+F49+H49+J49+L49 -> 163836.66
A50: 42005 | B50: =+A50 -> 42005 | C50: 0.2 | D50: 0.66736111 | F50: 57295.218 | H50: 32968.356 | J50: 51837.711 | L50: 44211.617 | N50: CLOSED | O50: =+F50+H50+J50+L50 -> 186312.9
A51: 42006 | B51: =+A51 -> 42006 | C51: -0.2 | D51: 0.70069444 | F51: 44105.411 | H51: 30647.888 | J51: 33253.161 | L51: 17958.534 | N51: CLOSED | O51: =+F51+H51+J51+L51 -> 125964.99
A52: 42007 | B52: =+A52 -> 42007 | C52: -0.5 | D52: 0.73055556 | F52: 53497.129 | H52: 25908.8 | J52: 47280.008 | L52: 23688.884 | N52: CLOSED | O52: =+F52+H52+J52+L52 -> 150374.82
A53: 42008 | B53: =+A53 -> 42008 | C53: -0.5 | D53: 0.75833333 | F53: 616.40383 | H53: 547.90233 | J53: CLOSED | L53: 391.55468 | N53: CLOSED | O53: =+F53+H53+L53 -> 1555.8608
A54: 42009 | B54: =+A54 -> 42009 | C54: -0.5 | D54: 0.78333333 | F54: 0 | G54: * | H54: 0 | J54: CLOSED | L54: CLOSED | N54: CLOSED | O54: =+F54+H54 -> 0
A55: 42010 | B55: =+A55 -> 42010 | C55: -0.3 | D55: 0.80763889 | E55: * | F55: =+H55*F53/H53 -> 2502.8202 | H55: 2224.6796 | J55: CLOSED | L55: CLOSED | N55: CLOSED | O55: =+F55+H55 -> 4727.4997
A56: 42011 | B56: =+A56 -> 42011 | C56: -0.1 | D56: 0.83125 | F56: 1547.9876 | H56: 1503.9033 | J56: CLOSED | L56: CLOSED | N56: CLOSED | O56: =+F56+H56 -> 3051.8908
A58: 42021 | B58: =+A58 -> 42021 | C58: 0.1 | D58: 0.67708333 | F58: 16325.303 | H58: 11633.474 | J58: 23136.13 | L58: 17233.196 | N58: CLOSED | O58: =+F58+H58+J58+L58 -> 68328.102
A59: 42022 | B59: =+A59 -> 42022 | C59: -0.6 | D59: 0.70972222 | E59: * | F59: =+F36*H59/H36 -> 17697.239 | H59: 15912.39 | J59: CLOSED | L59: 29732.415 | N59: CLOSED | O59: =+F59+H59+L59 -> 63342.043
A60: 42023 | B60: =+A60 -> 42023 | C60: -1.1 | D60: 0.74097222 | E60: * | F60: =+(F35+F34)*H60/(H35+H34) -> 45897.079 | H60: 35484.38 | J60: CLOSED | L60: CLOSED | N60: CLOSED | O60: =+F60+H60 -> 81381.459
A61: 42024 | B61: =+A61 -> 42024 | C61: -1.4 | D61: 0.77083333 | F61: 3075.8464 | G61: * | H61: =+F61*F62/H62 -> 2455.662 | J61: CLOSED | L61: CLOSED | N61: CLOSED | O61: =+F61+H61 -> 5531.5084
A62: 42025 | B62: =+A62 -> 42025 | C62: -1.4 | D62: 0.80069444 | F62: 6804.182 | H62: 8522.5976 | J62: CLOSED | L62: CLOSED | N62: CLOSED | O62: =+F62+H62 -> 15326.78
A63: 42026 | B63: =+A63 -> 42026 | C63: -1.1 | D63: 0.83055556 | E63: * | F63: =+Effort!F63*CPUE!F63 -> 1414.2451 | H63: 1793.6638 | J63: CLOSED | L63: CLOSED | N63: CLOSED | O63: =+F63+H63 -> 3207.9089
A64: 42027 | B64: =+A64 -> 42027 | C64: -0.6 | D64: 0.86111111 | F64: 4883.3848 | H64: 761.22222 | J64: CLOSED | L64: 578.04963 | N64: CLOSED | O64: =+F64+H64+L64 -> 6222.6567
A65: 42028 | B65: =+A65 -> 42028 | C65: 0.1 | D65: 0.89236111 | F65: 8078.4597 | H65: 1738.3948 | J65: 6207.9005 | L65: 5976.9311 | N65: CLOSED | O65: =+F65+H65+J65+L65 -> 22001.686
A67: 42034 | B67: 42034 | C67: 0.5 | D67: 0.65486111 | F67: 27880.081 | H67: 16725.036 | J67: CLOSED | L67: 36714.643 | N67: CLOSED | O67: =+F67+H67+L67 -> 81319.76
A68: 42035 | B68: 42035 | C68: 0.2 | D68: 0.68888889 | F68: 65533.983 | H68: 15664.494 | J68: 50699.918 | L68: 41175.028 | N68: CLOSED | O68: =+F68+H68+J68+L68 -> 173073.42
A69: 42036 | B69: 42036 | C69: 0 | D69: 0.71875 | E69: * | F69: =+Effort!F69*CPUE!F69 -> 2672.1889 | H69: 1590.1562 | J69: CLOSED | K69: * | L69: =+H69*L59/H59 -> 2971.2185 | N69: CLOSED | O69: =+F69+H69+L69 -> 7233.5636 | P69: =SUM(O2:O68) -> 2187622.5
A70: 42037 | B70: 42037 | C70: -0.1 | D70: 0.74513889 | E70: * | F70: =+Effort!F70*CPUE!F70 -> 6253.6083 | H70: 8813.3856 | J70: CLOSED | L70: CLOSED | N70: CLOSED | O70: =+F70+H70 -> 15066.994
A71: 42038 | B71: 42038 | C71: -0.1 | D71: 0.76875 | F71: 4835.0051 | G71: * | H71: =+H72*F72/F71 -> 1700.3209 | J71: CLOSED | L71: CLOSED | N71: CLOSED | O71: =+F71+H71 -> 6535.326
A72: 42039 | B72: 42039 | C72: 0 | D72: 0.79097222 | F72: 2095.485 | H72: 3923.2256 | J72: CLOSED | L72: CLOSED | N72: CLOSED | O72: =+F72+H72 -> 6018.7105
A73: 42040 | B73: 42040 | C73: 0.2 | D73: 0.8125 | E73: + | F73: 0 | G73: + | H73: 0 | J73: CLOSED | L73: CLOSED | N73: CLOSED | O73: =+F73+H73 -> 0
A74: 42041 | B74: 42041 | C74: 0.5 | D74: 0.83333333 | E74: + | F74: 0 | G74: + | H74: 0 | J74: CLOSED | L74: CLOSED | N74: CLOSED | O74: =+F74+H74 -> 0
A76: 42050 | B76: =+A76 -> 42050 | C76: 0.2 | D76: 0.65763889 | E76: * | F76: =+Effort!F76*CPUE!F76 -> 94498.797 | H76: 103186.01 | J76: CLOSED | L76: CLOSED | N76: CLOSED | O76: =+F76+H76 -> 197684.81
A77: 42051 | B77: =+A77 -> 42051 | C77: -0.5 | D77: 0.69236111 | E77: * | F77: =+Effort!F77*CPUE!F77 -> 74576.938 | H77: 81204.007 | J77: CLOSED | L77: CLOSED | N77: CLOSED | O77: =+F77+H77 -> 155780.95
A78: 42052 | B78: =+A78 -> 42052 | C78: -0.9 | D78: 0.725 | F78: 34812.762 | G78: * | H78: =+(H72+H62+H56+H46+H39+H35+H34+H30+H26+H19+H18+H17+H10+H9+H4+H3+H2)*F78/(F72+F62+F56+F46+F39+F35+F34+F30+F26+F19+F18+F17+F10+F9+F4+F3+F2) -> 37083.18 | J78: CLOSED | L78: CLOSED | N78: CLOSED | O78: =+F78+H78 -> 71895.941
A79: 42053 | B79: =+A79 -> 42053 | C79: -1.1 | D79: 0.75555556 | E79: * | F79: =+Effort!F79*CPUE!F79 -> 30476.332 | H79: 33446.596 | J79: CLOSED | L79: CLOSED | N79: CLOSED | O79: =+F79+H79 -> 63922.929
A80: 42054 | B80: =+A80 -> 42054 | C80: -1.1 | D80: 0.78541667 | E80: * | F80: =+Effort!F80*CPUE!F80 -> 30476.332 | G80: * | H80: 33446.596 | J80: CLOSED | L80: CLOSED | N80: CLOSED | O80: =+F80+H80 -> 63922.929
A81: 42055 | B81: =+A81 -> 42055 | C81: -0.7 | D81: 0.81458333 | E81: * | F81: =(F67+F64+F53+F36+F29+F20+F13+F11+F7+F5)*(H81+L81)/(L67+L64+L53+L36+L29+L20+L13+L11+L7+L5) -> 54801.133 | H81: 15041.012 | J81: CLOSED | L81: 28282.491 | N81: CLOSED | O81: =+F81+H81+L81 -> 98124.636
A82: 42056 | B82: =+A82 -> 42056 | C82: -0.1 | D82: 0.84444444 | F82: 47411.624 | G82: * | H82: =(H68+H58+H52+H51+H50+H6)*(F82+J82+L82)/(J68+L68+F68+F58+J58+L58+F52+J52+L52+F51+J51+L51+F50+J50+L50+J6+L6+F6) -> 21322.058 | J82: 43528.98 | L82: 19966.598 | N82: CLOSED | O82: =+F82+H82+J82+L82 -> 132229.26
A83: 42057 | B83: =+A83 -> 42057 | C83: 0.6 | D83: 0.875 | E83: * | F83: =+Effort!F83*CPUE!F83 -> 11410.893 | H83: 3960 | J83: CLOSED | L83: 5242.9221 | N83: CLOSED | O83: =+F83+H83+L83 -> 20613.815
A85: 42065 | B85: =+A85 -> 42065 | C85: 0.5 | D85: 0.70069444 | F85: 14251.379 | H85: 19103.838 | J85: CLOSED | L85: CLOSED | N85: CLOSED | O85: =+F85+H85 -> 33355.217
A86: 42066 | B86: =+A86 -> 42066 | C86: 0.4 | D86: 0.72638889 | F86: 12000 | G86: * | H86: =+Effort!H86*CPUE!H86 -> 13511.672 | J86: CLOSED | L86: CLOSED | N86: CLOSED | O86: =+F86+H86 -> 25511.672
A87: 42067 | B87: =+A87 -> 42067 | C87: 0.4 | D87: 0.74930556 | E87: * | F87: =+Effort!F87*CPUE!F87 -> 16715.487 | H87: 18394.998 | J87: CLOSED | L87: CLOSED | N87: CLOSED | O87: =+F87+H87 -> 35110.484
A88: 42068 | B88: =+A88 -> 42068 | C88: 0.5 | D88: 0.77083333 | F88: 7143.8725 | G88: * | H88: =+(H$72+H$62+H$56+H$46+H$39+H$35+H$34+H$30+H$26+H$19+H$18+H$17+H$10+H$9+H$4+H$3+H$2+H$85)*F88/(F$72+F$62+F$56+F$46+F$39+F$35+F$34+F$30+F$26+F$19+F$18+F$17+F$10+F$9+F$4+F$3+F$2+F$85) -> 7766.8796 | J88: CLOSED | L88: CLOSED | N88: CLOSED | O88: =+F88+H88 -> 14910.752
B89: 41727
A90: 42079 | B90: 42079 | C90: 0.3 | D90: 0.67708333 | E90: * | F90: =+Effort!F90*CPUE!F90 -> 9958.1267 | H90: 11212.578 | J90: CLOSED | L90: CLOSED | N90: CLOSED | O90: =+F90+H90 -> 21170.705
A91: 42080 | B91: 42080 | C91: -0.2 | D91: 0.71388889 | F91: 13033.441 | G91: * | H91: =+(H$72+H$62+H$56+H$46+H$39+H$35+H$34+H$30+H$26+H$19+H$18+H$17+H$10+H$9+H$4+H$3+H$2+H$85)*F91/(F$72+F$62+F$56+F$46+F$39+F$35+F$34+F$30+F$26+F$19+F$18+F$17+F$10+F$9+F$4+F$3+F$2+F$85) -> 14170.069 | J91: CLOSED | L91: CLOSED | N91: CLOSED | O91: =+F91+H91 -> 27203.51
A92: 42081 | B92: 42081 | C92: -0.5 | D92: 0.74791667 | E92: * | F92: 18794.672 | G92: * | H92: =+(H$72+H$62+H$56+H$46+H$39+H$35+H$34+H$30+H$26+H$19+H$18+H$17+H$10+H$9+H$4+H$3+H$2+H$85)*F92/(F$72+F$62+F$56+F$46+F$39+F$35+F$34+F$30+F$26+F$19+F$18+F$17+F$10+F$9+F$4+F$3+F$2+F$85) -> 20433.729 | J92: CLOSED | L92: CLOSED | N92: CLOSED | O92: =+F92+H92 -> 39228.401
A93: 42082 | B93: 42082 | C93: -0.5 | D93: 0.77916667 | F93: 18794.672 | G93: * | H93: =+(H$72+H$62+H$56+H$46+H$39+H$35+H$34+H$30+H$26+H$19+H$18+H$17+H$10+H$9+H$4+H$3+H$2+H$85)*F93/(F$72+F$62+F$56+F$46+F$39+F$35+F$34+F$30+F$26+F$19+F$18+F$17+F$10+F$9+F$4+F$3+F$2+F$85) -> 20433.729 | J93: CLOSED | L93: CLOSED | N93: CLOSED | O93: =+F93+H93 -> 39228.401
A94: 42083 | B94: 42083 | C94: -0.4 | D94: 0.80972222 | E94: * | F94: =+(J94+L94)*(F82+F68+F65+F58+F52+F51+F50+F37+F6)/(J6+L6+J37+L37+J50+L50+J51+L51+J52+L52+J58+L58+J65+L65+J68+L68+J82+L82) -> 65250.26 | G94: * | H94: =(H$68+H$58+H$52+H$51+H$50+H$6)*(J94+L94)/(J$68+L$68+J$58+L$58+J$52+L$52+J$51+L$51+J$50+L$50+J$6+L$6) -> 32138.925 | J94: 62814.245 | L94: 39011.101 | N94: CLOSED | O94: =+F94+H94+J94+L94 -> 199214.53
A95: 42084 | B95: 42084 | C95: -0.5 | D95: 0.32986111 | F95: 132354.74 | H95: 62080.924 | J95: 104686.82 | L95: 47099.966 | N95: CLOSED | O95: =+F95+H95+J95+L95 -> 346222.45
A96: 42085 | B96: 42085 | C96: -0.7 | D96: 0.3625 | F96: 101427.84 | G96: * | H96: =(H$68+H$58+H$52+H$51+H$50+H$6)*(F96+J96+L96)/(J$68+L$68+F$68+F$58+J$58+L$58+F$52+J$52+L$52+F$51+J$51+L$51+F$50+J$50+L$50+J$6+L$6+F$6) -> 40685.466 | J96: 64495.351 | L96: 45703.244 | N96: CLOSED | O96: =+F96+H96+J96+L96 -> 252311.91
A97: 42086 | B97: 42086 | C97: -0.6 | D97: 0.39652778 | E97: * | F97: =(F$72+F$62+F$56+F$46+F$39+F$35+F$34+F$30+F$26+F$19+F$18+F$17+F$10+F$9+F$4+F$3+F$2+F92)*H97/(H$72+H$62+H$56+H$46+H$39+H$35+H$34+H$30+H$26+H$19+H$18+H$17+H$10+H$9+H$4+H$3+H$2+H92) -> 12770.864 | H97: 13632.607 | J97: CLOSED | L97: CLOSED | N97: CLOSED | O97: =+F97+H97 -> 26403.471
A98: 42087 | B98: 42087 | C98: -0.3 | D98: 0.43125 | F98: 30828.808 | G98: * | H98: =+(H$72+H$62+H$56+H$46+H$39+H$35+H$34+H$30+H$26+H$19+H$18+H$17+H$10+H$9+H$4+H$3+H$2+H$85)*F98/(F$72+F$62+F$56+F$46+F$39+F$35+F$34+F$30+F$26+F$19+F$18+F$17+F$10+F$9+F$4+F$3+F$2+F$85) -> 33517.345 | J98: CLOSED | L98: CLOSED | N98: CLOSED | O98: =+F98+H98 -> 64346.153
A100: 42098 | B100: =+A100 -> 42098 | C100: 0.6 | D100: 0.30763889 | F100: 31295.987 | H100: 19334.109 | J100: 15847.905 | L100: 19426.891 | N100: CLOSED | O100: =+F100+H100+J100+L100 -> 85904.891
A101: 42099 | B101: =+A101 -> 42099 | C101: 0.3 | D101: 0.33125 | E101: * | F101: =+Effort!F101*CPUE!F101 -> 22967 | H101: 12420.261 | J101: 21534.191 | L101: 18124.656 | N101: CLOSED | O101: =+F101+H101+J101+L101 -> 75046.108
A102: 42100 | B102: =+A102 -> 42100 | C102: 0.1 | D102: 0.35555556 | F102: 2907.575 | H102: 9662.9524 | J102: CLOSED | L102: CLOSED | N102: CLOSED | O102: =+F102+H102 -> 12570.527
A103: 42101 | B103: =+A103 -> 42101 | C103: 0.1 | D103: 0.38125 | E103: * | F103: =+Effort!F103*CPUE!F103 -> 17106.233 | H103: 19684.639 | J103: CLOSED | L103: CLOSED | N103: CLOSED | O103: =+F103+H103 -> 36790.872
A104: 42102 | B104: =+A104 -> 42102 | C104: 0.1 | D104: 0.40833333 | F104: 25080.969 | H104: 23108.851 | J104: CLOSED | L104: CLOSED | N104: CLOSED | O104: =+F104+H104 -> 48189.82
A105: 42103 | B105: =+A105 -> 42103 | C105: 0.2 | D105: 0.43888889 | E105: * | F105: =+Effort!F105*CPUE!F105 -> 22318.991 | H105: 25683.111 | J105: CLOSED | L105: CLOSED | N105: CLOSED | O105: =+F105+H105 -> 48002.102
A106: 42104 | B106: =+A106 -> 42104 | C106: 0.4 | D106: 0.47430556 | F106: 30198.425 | H106: 23071.977 | J106: CLOSED | L106: CLOSED | N106: CLOSED | O106: =+F106+H106 -> 53270.403
B107: =+A107 -> 0
A108: 42111 | B108: =+A108 -> 42111 | C108: -0.2 | D108: 0.25208333 | F108: 10138.475 | H108: 7631.307 | J108: CLOSED | L108: 12235.304 | N108: CLOSED | O108: =+F108+H108+L108 -> 30005.087
A109: 42112 | B109: =+A109 -> 42112 | C109: -0.9 | D109: 0.28611111 | F109: 116675.17 | H109: 47302.935 | J109: 60659.882 | L109: 49015.117 | N109: CLOSED | O109: =+F109+H109+J109+L109 -> 273653.1
A110: 42113 | B110: =+A110 -> 42113 | C110: -1.3 | D110: 0.31875 | F110: 161499.24 | H110: 44615.061 | J110: 63384.732 | L110: 39768.027 | N110: CLOSED | O110: =+F110+H110+J110+L110 -> 309267.06
A111: 42114 | B111: =+A111 -> 42114 | C111: -1.5 | D111: 0.35069444 | F111: 64803.112 | H111: 37982.789 | J111: CLOSED | L111: CLOSED | N111: CLOSED | O111: =+F111+H111 -> 102785.9
...

Sheet Effort
A1: Date | B1: Day | C1: Tide | D1: Time | E1: Longbeach | G1: Twin Harbors | I1: Copalis | K1: Mocrocks | M1: Kalaloch | O1: Daily Totals
A2: 41919 | B2: =+A2 -> 41919 | C2: -0.5 | D2: 0.76805556 | F2: 1633.3349 | H2: 1485.9239 | J2: CLOSED | L2: CLOSED | N2: CLOSED | O2: =+F2+H2 -> 3119.2588 | Q2: =SUM(O2:O15) -> 24068.842
A3: 41920 | B3: =+A3 -> 41920 | C3: -0.9 | D3: 0.80069444 | F3: 1665.0139 | H3: 1763.3463 | J3: CLOSED | L3: CLOSED | N3: CLOSED | O3: =+F3+H3 -> 3428.3601
A4: 41921 | B4: =+A4 -> 41921 | C4: -1.1 | D4: 0.83194444 | F4: 1725.9979 | H4: 1310.4623 | J4: CLOSED | L4: CLOSED | N4: CLOSED | O4: =+F4+H4 -> 3036.4602
A5: 41922 | B5: =+A5 -> 41922 | C5: -1.1 | D5: 0.86319444 | F5: 2633.4004 | H5: 2090.2266 | J5: CLOSED | L5: 1222.3151 | N5: CLOSED | O5: =+F5+H5 -> 4723.627
A6: 41923 | B6: =+A6 -> 41923 | C6: -0.8 | D6: 0.89444444 | F6: 1397.0056 | H6: 484.01957 | J6: 2205.5586 | L6: 2126.2957 | N6: CLOSED | O6: =+F6+H6 -> 1881.0252
A7: 41924 | B7: =+A7 -> 41924 | C7: =-0.3 -> -0.3 | D7: 0.92708333 | F7: =+L7*F5/L5 -> 635.04874 | H7: =+L7*H5/L5 -> 504.06149 | J7: CLOSED | L7: 294.76325 | N7: CLOSED | O7: =+F7+H7 -> 1139.1102
A9: 41934 | B9: =+A9 -> 41934 | C9: 0.3 | D9: 0.77152778 | F9: 218.83188 | H9: 380.70948 | J9: CLOSED | L9: CLOSED | N9: CLOSED | O9: =+F9+H9 -> 599.54136
A10: 41935 | B10: =+A10 -> 41935 | C10: -0.1 | D10: 0.79652778 | F10: 524.09571 | H10: 770.81403 | J10: CLOSED | L10: CLOSED | N10: CLOSED | O10: =+F10+H10 -> 1294.9097
A11: 41936 | B11: =+A11 -> 41936 | C11: -0.4 | D11: 0.82222222 | F11: 892.37092 | H11: 1019.0882 | J11: CLOSED | L11: 1499.4481 | N11: CLOSED | O11: =+F11+H11+L11 -> 3410.9072
A12: 41937 | B12: =+A12 -> 41937 | C12: -0.6 | D12: 0.84861111 | E12: * | F12: =+J12*F6/J6 -> 124.18038 | G12: * | H12: =+J12*H6/J6 -> 43.024691 | J12: 196.05298 | K12: * | L12: =+J12*J6/L6 -> 203.36133 | N12: CLOSED | O12: =+F12+H12+J12+L12 -> 566.61938
A13: 41938 | B13: =+A13 -> 41938 | C13: -0.6 | D13: 0.87708333 | F13: 100.64938 | H13: 212.02083 | J13: CLOSED | L13: 380.01382 | N13: CLOSED | O13: =+F13+H13+L13 -> 692.68403
A14: 41939 | B14: =+A14 -> 41939 | C14: -0.4 | D14: 0.90763889 | E14: * | F14: =+H14*(F10+F9)/(H10+H9) -> 59.251615 | H14: 91.838867 | J14: CLOSED | L14: CLOSED | N14: CLOSED | O14: =+F14+H14 -> 151.09048
A15: 41940 | B15: =+A15 -> 41940 | C15: -0.2 | D15: 0.94166667 | F15: 9.9014573 | G15: * | H15: =+F15*(H10+H9)/(F10+F9) -> 15.347069 | J15: CLOSED | L15: CLOSED | N15: CLOSED | O15: =+F15+H15 -> 25.248526
A17: 41947 | B17: =+A17 -> 41947 | C17: 1.2 | D17: 0.15 | F17: 798.0736 | H17: 1095.9097 | J17: CLOSED | L17: CLOSED | N17: CLOSED | O17: =+F17+H17 -> 1893.9833
A18: 41948 | B18: =+A18 -> 41948 | C18: -0.7 | D18: 0.71805556 | F18: 476.76527 | H18: 894.43514 | J18: CLOSED | L18: CLOSED | N18: CLOSED | O18: =+F18+H18 -> 1371.2004
A19: 41949 | B19: =+A19 -> 41949 | C19: -1.1 | D19: 0.74930556 | F19: 695.72654 | H19: 904.89438 | J19: CLOSED | L19: CLOSED | N19: CLOSED | O19: =+F19+H19 -> 1600.6209
A20: 41950 | B20: =+A20 -> 41950 | C20: -1.2 | D20: 0.77916667 | F20: 2757.2142 | H20: 1487.4789 | J20: CLOSED | L20: 1063.9833 | N20: CLOSED | O20: =+F20+H20+L20 -> 5308.6764
A21: 41951 | B21: =+A21 -> 41951 | C21: -1.1 | D21: 0.80833333 | E21: * | F21: =+H21*(F20+F19+F18+F17)/(H20+H19+H18+H17) -> 2524.6928 | H21: 2340.4256 | J21: 3127.5339 | L21: 1948.1299 | N21: CLOSED | O21: =+F21+H21+J21+L21 -> 9940.7822
A22: 41952 | B22: =+A22 -> 41952 | C22: -0.7 | D22: 0.83680556 | E22: * | F22: =+H22*(F20+F19+F18+F17)/(H17+H18+H19+H20) -> 171.41715 | H22: 158.9061 | J22: CLOSED | L22: 728.74218 | N22: CLOSED | O22: =+F22+H22+L22 -> 1059.0654
A23: 41953 | B23: =+A23 -> 41953 | C23: -0.3 | D23: 0.86597222 | E23: * | F23: 171.41715 | G23: * | H23: 158.9061 | J23: CLOSED | L23: CLOSED | N23: CLOSED | O23: =+F23+H23 -> 330.32325
A24: 41954 | B24: =+A24 -> 41954 | C24: 0.2 | D24: 0.89652778 | E24: * | F24: =+H24*(F20+F19+F18+F17)/(H17+H18+H19+H20) -> 60.933856 | H24: 56.48654 | J24: CLOSED | L24: CLOSED | N24: CLOSED | O24: =+F24+H24 -> 117.4204
A26: 41963 | B26: =+A26 -> 41963 | C26: 0 | D26: 0.7125 | F26: 433.43652 | H26: 1033.7037 | J26: CLOSED | L26: CLOSED | N26: CLOSED | O26: =+F26+H26 -> 1467.1402
A27: 41964 | B27: =+A27 -> 41964 | C27: -0.5 | D27: 0.73958333 | F27: 250.83411 | H27: 302.8869 | J27: CLOSED | L27: 640.25513 | N27: CLOSED | O27: =+F27+H27+L27 -> 1193.9761
A28: 41965 | B28: =+A28 -> 41965 | C28: -0.8 | D28: 0.76666667 | E28: * | F28: =+H28*(F27+F26)/(H26+H27) -> 682.78721 | H28: 1333.693 | J28: 2124.6544 | L28: 1283.331 | N28: CLOSED | O28: =+F28+H28+J28+L28 -> 5424.4657
A29: 41966 | B29: =+A29 -> 41966 | C29: -1 | D29: 0.79513889 | F29: 370.08223 | H29: 367.39597 | J29: CLOSED | L29: 428.76518 | N29: CLOSED | O29: =+F29+H29+L29 -> 1166.2434
A30: 41967 | B30: =+A30 -> 41967 | C30: -1.1 | D30: 0.82430556 | F30: 121.08703 | H30: 94.700896 | J30: CLOSED | L30: CLOSED | N30: CLOSED | O30: =+F30+H30 -> 215.78792
A31: 41968 | B31: =+A31 -> 41968 | C31: -0.9 | D31: 0.85555556 | E31: * | F31: 173.06948 | G31: * | H31: 338.05782 | J31: CLOSED | L31: CLOSED | N31: CLOSED | O31: =+F31+H31 -> 511.1273
A32: 41969 | B32: =+A32 -> 41969 | C32: -0.5 | D32: 0.88819444 | E32: * | F32: =+H32*(F27+F26)/(H26+H27) -> 173.06948 | H32: 338.05782 | J32: CLOSED | L32: CLOSED | N32: CLOSED | O32: =+F32+H32 -> 511.1273
A34: 41976 | B34: =+A34 -> 41976 | C34: -0.1 | D34: 0.67638889 | F34: 824.28295 | H34: 674.07271 | J34: CLOSED | L34: CLOSED | N34: CLOSED | O34: =+F34+H34 -> 1498.3557
A35: 41977 | B35: =+A35 -> 41977 | C35: -0.6 | D35: 0.70972222 | F35: 830.18446 | H35: 609.55989 | J35: CLOSED | L35: CLOSED | N35: CLOSED | O35: =+F35+H35 -> 1439.7443
A36: 41978 | B36: =+A36 -> 41978 | C36: -0.9 | D36: 0.73958333 | F36: 846.04719 | H36: 760.71939 | J36: CLOSED | L36: 961.20238 | N36: CLOSED | O36: =+F36+H36 -> 1606.7666
A37: 41979 | B37: =+A37 -> 41979 | C37: -1 | D37: 0.76805556 | F37: 1083.2473 | G37: * | H37: =+(H34+H35+H36)*F37/(F34+F35+F36) -> 885.63322 | J37: 1191.6819 | L37: 1410.4646 | N37: CLOSED | O37: =+F37+H37 -> 1968.8805
A38: 41980 | B38: =+A38 -> 41980 | C38: -0.9 | D38: 0.79583333 | F38: 70.175437 | H38: 293.76068 | J38: CLOSED | L38: 347.34048 | N38: CLOSED | O38: =+F38+H38 -> 363.93612
A39: 41981 | B39: =+A39 -> 41981 | C39: -0.6 | D39: 0.82222222 | F39: 70.175437 | H39: 293.76068 | J39: CLOSED | L39: CLOSED | N39: CLOSED | O39: =+F39+H39 -> 363.93612
A40: 41982 | B40: =+A40 -> 41982 | C40: -0.2 | D40: 0.84791667 | E40: + | F40: 0 | G40: + | H40: 0 | J40: CLOSED | L40: CLOSED | N40: CLOSED | O40: =+F40+H40 -> 0
A41: 41983 | B41: =+A41 -> 41983 | C41: 0.2 | D41: 0.87361111 | E41: + | F41: 0 | G41: + | H41: 0 | J41: CLOSED | L41: CLOSED | N41: CLOSED | O41: =+F41+H41 -> 0
A43: 41992 | B43: =+A43 -> 41992 | C43: 0 | D43: 0.69513889 | E43: * | F43: =+H43*F46/H46 -> 1267.172 | H43: 550.46402 | J43: CLOSED | L43: 909.71745 | N43: CLOSED | O43: =+F43+H43 -> 1817.636
A44: 41993 | B44: =+A44 -> 41993 | C44: -0.6 | D44: 0.72430556 | E44: * | F44: 1267.172 | G44: * | H44: =+L44*H43/L43 -> 274.97499 | J44: 781.84676 | L44: 454.43396 | N44: CLOSED | O44: =+F44+H44 -> 1542.147
A45: 41994 | B45: =+A45 -> 41994 | C45: -1.1 | D45: 0.75416667 | E45: * | F45: =+H45*F29/H29 -> 743.2719 | H45: 737.87683 | J45: CLOSED | K45: * | L45: =+H45*L38/H38 -> 872.46014 | N45: CLOSED | O45: =+F45+H45 -> 1481.1487
A46: 41995 | B46: =+A46 -> 41995 | C46: -1.3 | D46: 0.78333333 | F46: 633.4912 | H46: 275.19084 | J46: CLOSED | L46: CLOSED | N46: CLOSED | O46: =+F46+H46 -> 908.68203
A47: 41996 | B47: =+A47 -> 41996 | C47: -1.3 | D47: 0.81319444 | E47: * | F47: 633.4912 | G47: * | H47: 275.19084 | J47: CLOSED | L47: CLOSED | N47: CLOSED | O47: =+F47+H47 -> 908.68203
A49: 42004 | B49: =+A49 -> 42004 | C49: 0.6 | D49: 0.62847222 | E49: * | F49: =+(J49+L49)*(F51+F52)/(J51+L51+J52+L52) -> 5185.6617 | H49: 2069.6049 | J49: 2956.2948 | L49: 1992.3104 | N49: CLOSED | O49: =+F49+H49 -> 7255.2666
A50: 42005 | B50: =+A50 -> 42005 | C50: 0.2 | D50: 0.66736111 | F50: 3826.3357 | H50: 2197.8904 | J50: 3455.8474 | L50: 2947.4411 | N50: CLOSED | O50: =+F50+H50 -> 6024.2261
A51: 42006 | B51: =+A51 -> 42006 | C51: -0.2 | D51: 0.70069444 | F51: 2940.3607 | H51: 2043.1925 | J51: 2410.8541 | L51: 1198.2598 | N51: CLOSED | O51: =+F51+H51 -> 4983.5533
A52: 42007 | B52: =+A52 -> 42007 | C52: -0.5 | D52: 0.73055556 | F52: 5795.5223 | H52: 1791.1229 | J52: 3146.0924 | L52: 1581.326 | N52: CLOSED | O52: =+F52+H52 -> 7586.6452
A53: 42008 | B53: =+A53 -> 42008 | C53: -0.5 | D53: 0.75833333 | F53: 154.10096 | H53: 65.74828 | J53: CLOSED | L53: 97.88867 | N53: CLOSED | O53: =+F53+H53 -> 219.84924
A54: 42009 | B54: =+A54 -> 42009 | C54: -0.5 | D54: 0.78333333 | F54: 18.722546 | G54: * | H54: 65.74828 | J54: CLOSED | L54: CLOSED | N54: CLOSED | O54: =+F54+H54 -> 84.470826
A55: 42010 | B55: =+A55 -> 42010 | C55: -0.3 | D55: 0.80763889 | E55: * | F55: =+H55*F53/H53 -> 412.79152 | H55: 176.12047 | J55: CLOSED | L55: CLOSED | N55: CLOSED | O55: =+F55+H55 -> 588.91198
A56: 42011 | B56: =+A56 -> 42011 | C56: -0.1 | D56: 0.83125 | F56: 103.19917 | H56: 121.52754 | J56: CLOSED | L56: CLOSED | N56: CLOSED | O56: =+F56+H56 -> 224.72671
B57: =+A57 -> 0
A58: 42021 | B58: =+A58 -> 42021 | C58: 0.1 | D58: 0.67708333 | F58: 1104.7197 | H58: 1317.3795 | J58: 1990.4827 | L58: 1277.5845 | N58: CLOSED | O58: =+F58+H58 -> 2422.0992
A59: 42022 | B59: =+A59 -> 42022 | C59: -0.6 | D59: 0.70972222 | E59: * | F59: =+F36*H59/H36 -> 1179.8159 | H59: 1060.826 | J59: CLOSED | L59: 2382.1223 | N59: CLOSED | O59: =+F59+H59 -> 2240.6419
A60: 42023 | B60: =+A60 -> 42023 | C60: -1.1 | D60: 0.74097222 | E60: * | F60: =+(F35+F34)*H60/(H35+H34) -> 3049.0422 | H60: 2365.6253 | J60: CLOSED | L60: CLOSED | N60: CLOSED | O60: =+F60+H60 -> 5414.6676
A61: 42024 | B61: =+A61 -> 42024 | C61: -1.4 | D61: 0.77083333 | F61: 214.59394 | G61: * | H61: =+F61*F62/H62 -> 172.02029 | J61: CLOSED | L61: CLOSED | N61: CLOSED | O61: =+F61+H61 -> 386.61422
A62: 42025 | B62: =+A62 -> 42025 | C62: -1.4 | D62: 0.80069444 | F62: 455.45235 | H62: 568.17317 | J62: CLOSED | L62: CLOSED | N62: CLOSED | O62: =+F62+H62 -> 1023.6255
A63: 42026 | B63: =+A63 -> 42026 | C63: -1.1 | D63: 0.83055556 | E63: * | F63: =+F62*H63/H62 -> 94.283006 | H63: 117.6173 | J63: CLOSED | L63: CLOSED | N63: CLOSED | O63: =+F63+H63 -> 211.9003
A64: 42027 | B64: =+A64 -> 42027 | C64: -0.6 | D64: 0.86111111 | F64: 325.55899 | H64: 221 | J64: CLOSED | L64: 188.7509 | N64: CLOSED | O64: =+F64+H64 -> 546.55899
A65: 42028 | B65: =+A65 -> 42028 | C65: 0.1 | D65: 0.89236111 | F65: 661.59799 | H65: 319.70479 | J65: 413.86003 | L65: 398.46208 | N65: CLOSED | O65: =+F65+H65 -> 981.30278
B66: =+A66 -> 0
A67: 42034 | B67: 42034 | C67: 0.5 | D67: 0.65486111 | F67: 1919.5354 | H67: 1115.0024 | J67: CLOSED | L67: 2439.2317 | N67: CLOSED | O67: =+F67+H67 -> 3034.5378
A68: 42035 | B68: 42035 | C68: 0.2 | D68: 0.68888889 | F68: 4368.9322 | H68: 1927.9377 | J68: 3379.9945 | L68: 2745.0019 | N68: CLOSED | O68: =+F68+H68 -> 6296.8699
A69: 42036 | B69: 42036 | C69: 0 | D69: 0.71875 | E69: * | F69: =+H69*(F67+F64)/(H67+H64) -> 178.14593 | H69: 106.01042 | J69: CLOSED | K69: * | L69: =+H69*L59/H59 -> 238.05015 | N69: CLOSED | O69: =+F69+H69 -> 284.15634
A70: 42037 | B70: 42037 | C70: -0.1 | D70: 0.74513889 | E70: * | F70: =+H70*(F72+F62+F56)/(H72+H62+H56) -> 416.90722 | H70: 589.34494 | J70: CLOSED | L70: CLOSED | N70: CLOSED | O70: =+F70+H70 -> 1006.2522
A71: 42038 | B71: 42038 | C71: -0.1 | D71: 0.76875 | F71: 332.98933 | G71: * | H71: =+H72*F72/F71 -> 124.80839 | J71: CLOSED | L71: CLOSED | N71: CLOSED | O71: =+F71+H71 -> 457.79772
A72: 42039 | B72: 42039 | C72: 0 | D72: 0.79097222 | F72: 139.699 | H72: 297.49578 | J72: CLOSED | L72: CLOSED | N72: CLOSED | O72: =+F72+H72 -> 437.19478
A73: 42040 | B73: 42040 | C73: 0.2 | D73: 0.8125 | E73: + | F73: 0 | G73: + | H73: 0 | J73: CLOSED | L73: CLOSED | N73: CLOSED | O73: =+F73+H73 -> 0
A74: 42041 | B74: 42041 | C74: 0.5 | D74: 0.83333333 | E74: + | F74: 0 | G74: + | H74: 0 | J74: CLOSED | L74: CLOSED | N74: CLOSED | O74: =+F74+H74 -> 0
A76: 42050 | B76: =+A76 -> 42050 | C76: 0.2 | D76: 0.65763889 | E76: * | F76: =+H76*(F72+F62+F56+F46+F35+F34+F30+F26+F19+F18+F17+F4+F3+F2+F10+F9)/(H72+H62+H56+H46+H35+H34+H30+H26+H19+H18+H17+H4+H3+H2+H10+H9) -> 6299.9198 | H76: 6859.7444 | J76: CLOSED | L76: CLOSED | N76: CLOSED | O76: =+F76+H76 -> 13159.664
A77: 42051 | B77: =+A77 -> 42051 | C77: -0.5 | D77: 0.69236111 | E77: * | F77: =+H77*(F72+F62+F56+F46+F35+F34+F30+F26+F19+F18+F17+F10+F9+F4+F3+F2)/(H72+H62+H56+H46+H35+H34+H30+H26+H19+H18+H17+H10+H9+H4+H3+H2) -> 4971.7959 | H77: 5413.6005 | J77: CLOSED | L77: CLOSED | N77: CLOSED | O77: =+F77+H77 -> 10385.396
A78: 42052 | B78: =+A78 -> 42052 | C78: -0.9 | D78: 0.725 | F78: 2320.8508 | G78: * | H78: =+(H$72+H$62+H$56+H$46+H$39+H$35+H$34+H$30+H$26+H$19+H$18+H$17+H$10+H$9+H$4+H$3+H$2)*F78/(F$72+F$62+F$56+F$46+F$39+F$35+F$34+F$30+F$26+F$19+F$18+F$17+F$10+F$9+F$4+F$3+F$2) -> 2571.5348 | J78: CLOSED | L78: CLOSED | N78: CLOSED | O78: =+F78+H78 -> 4892.3855
A79: 42053 | B79: =+A79 -> 42053 | C79: -1.1 | D79: 0.75555556 | E79: * | F79: =(F$72+F$62+F$56+F$46+F$39+F$35+F$34+F$30+F$26+F$19+F$18+F$17+F$10+F$9+F$4+F$3+F$2)*H79/(H$72+H$62+H$56+H$46+H$39+H$35+H$34+H$30+H$26+H$19+H$18+H$17+H$10+H$9+H$4+H$3+H$2) -> 2031.7555 | H79: 2251.2132 | J79: CLOSED | L79: CLOSED | N79: CLOSED | O79: =+F79+H79 -> 4282.9687
A80: 42054 | B80: =+A80 -> 42054 | C80: -1.1 | D80: 0.78541667 | E80: * | F80: 2031.7555 | G80: * | H80: 2251.2132 | J80: CLOSED | L80: CLOSED | N80: CLOSED | O80: =+F80+H80 -> 4282.9687
A81: 42055 | B81: =+A81 -> 42055 | C81: -0.7 | D81: 0.81458333 | E81: * | F81: =(F67+F64+F53+F36+F29+F20+F13+F11+F7+F5)*(H81+L81)/(L67+L64+L53+L36+L29+L20+L13+L11+L7+L5) -> 3705.8154 | H81: 1103.2527 | J81: CLOSED | L81: 1885.4994 | N81: CLOSED | O81: =+F81+H81 -> 4809.0681
A82: 42056 | B82: =+A82 -> 42056 | C82: -0.1 | D82: 0.84444444 | F82: 3160.775 | G82: * | H82: =(H$68+H$58+H$52+H$51+H$50+H$6)*(F82+J82+L82)/(J$68+L$68+F$68+F$58+J$58+L$58+F$52+J$52+L$52+F$51+J$51+L$51+F$50+J$50+L$50+J$6+L$6+F$6) -> 1518.7782 | J82: 2960.4092 | L82: 1331.1065 | N82: CLOSED | O82: =+F82+H82 -> 4679.5531
A83: 42057 | B83: =+A83 -> 42057 | C83: 0.6 | D83: 0.875 | E83: * | F83: =(F$67+F$64+F$53+F$36+F$29+F$20+F$13+F$11+F$7+F$5)*(H83+L83)/(L$67+L$64+L$53+L$36+L$29+L$20+L$13+L$11+L$7+L$5) -> 760.72618 | H83: 264 | J83: CLOSED | L83: 349.52814 | N83: CLOSED | O83: =+F83+H83 -> 1024.7262
A85: 42065 | B85: =+A85 -> 42065 | C85: 0.5 | D85: 0.70069444 | F85: 950.09191 | H85: 1273.5892 | J85: CLOSED | L85: CLOSED | N85: CLOSED | O85: =+F85+H85 -> 2223.6811
A86: 42066 | B86: =+A86 -> 42066 | C86: 0.4 | D86: 0.72638889 | F86: 800 | G86: * | H86: =+(H$72+H$62+H$56+H$46+H$39+H$35+H$34+H$30+H$26+H$19+H$18+H$17+H$10+H$9+H$4+H$3+H$2+H$85)*F86/(F$72+F$62+F$56+F$46+F$39+F$35+F$34+F$30+F$26+F$19+F$18+F$17+F$10+F$9+F$4+F$3+F$2+F$85) -> 900.77811 | J86: CLOSED | L86: CLOSED | N86: CLOSED | O86: =+F86+H86 -> 1700.7781
A87: 42067 | B87: =+A87 -> 42067 | C87: 0.4 | D87: 0.74930556 | E87: * | F87: =(F$72+F$62+F$56+F$46+F$39+F$35+F$34+F$30+F$26+F$19+F$18+F$17+F$10+F$9+F$4+F$3+F$2)*H87/(H$72+H$62+H$56+H$46+H$39+H$35+H$34+H$30+H$26+H$19+H$18+H$17+H$10+H$9+H$4+H$3+H$2) -> 1114.3658 | H87: 1234.7327 | J87: CLOSED | L87: CLOSED | N87: CLOSED | O87: =+F87+H87 -> 2349.0985
A88: 42068 | B88: =+A88 -> 42068 | C88: 0.5 | D88: 0.77083333 | F88: 476.25816 | G88: * | H88: =+(H$72+H$62+H$56+H$46+H$39+H$35+H$34+H$30+H$26+H$19+H$18+H$17+H$10+H$9+H$4+H$3+H$2+H$85)*F88/(F$72+F$62+F$56+F$46+F$39+F$35+F$34+F$30+F$26+F$19+F$18+F$17+F$10+F$9+F$4+F$3+F$2+F$85) -> 536.25366 | J88: CLOSED | L88: CLOSED | N88: CLOSED | O88: =+F88+H88 -> 1012.5118
A90: 42079 | B90: 42079 | C90: 0.3 | D90: 0.67708333 | E90: * | F90: =(F$72+F$62+F$56+F$46+F$39+F$35+F$34+F$30+F$26+F$19+F$18+F$17+F$10+F$9+F$4+F$3+F$2+F85)*H90/(H$72+H$62+H$56+H$46+H$39+H$35+H$34+H$30+H$26+H$19+H$18+H$17+H$10+H$9+H$4+H$3+H$2+H85) -> 663.87511 | H90: 747.50521 | J90: CLOSED | L90: CLOSED | N90: CLOSED | O90: =+F90+H90 -> 1411.3803
A91: 42080 | B91: 42080 | C91: -0.2 | D91: 0.71388889 | F91: 867.76175 | G91: * | H91: =+(H$72+H$62+H$56+H$46+H$39+H$35+H$34+H$30+H$26+H$19+H$18+H$17+H$10+H$9+H$4+H$3+H$2+H$85)*F91/(F$72+F$62+F$56+F$46+F$39+F$35+F$34+F$30+F$26+F$19+F$18+F$17+F$10+F$9+F$4+F$3+F$2+F$85) -> 977.07599 | J91: CLOSED | L91: CLOSED | N91: CLOSED | O91: =+F91+H91 -> 1844.8377
A92: 42081 | B92: 42081 | C92: -0.5 | D92: 0.74791667 | E92: * | F92: 1252.9781 | G92: * | H92: 1410.8191 | J92: CLOSED | L92: CLOSED | N92: CLOSED | O92: =+F92+H92 -> 2663.7972
A93: 42082 | B93: 42082 | C93: -0.5 | D93: 0.77916667 | F93: 1252.9781 | G93: * | H93: =+(H$72+H$62+H$56+H$46+H$39+H$35+H$34+H$30+H$26+H$19+H$18+H$17+H$10+H$9+H$4+H$3+H$2+H$85)*F93/(F$72+F$62+F$56+F$46+F$39+F$35+F$34+F$30+F$26+F$19+F$18+F$17+F$10+F$9+F$4+F$3+F$2+F$85) -> 1410.8191 | J93: CLOSED | L93: CLOSED | N93: CLOSED | O93: =+F93+H93 -> 2663.7972
A94: 42083 | B94: 42083 | C94: -0.4 | D94: 0.80972222 | E94: * | F94: =+(J94+L94)*(F82+F68+F65+F58+F52+F51+F50+F37+F6)/(J6+L6+J37+L37+J50+L50+J51+L51+J52+L52+J58+L58+J65+L65+J68+L68+J82+L82) -> 5074.0605 | G94: * | H94: =(H$68+H$58+H$52+H$51+H$50+H$6)*(J94+L94)/(J$68+L$68+J$58+L$58+J$52+L$52+J$51+L$51+J$50+L$50+J$6+L$6) -> 2586.0108 | J94: 4545.0958 | L94: 2995.733 | N94: CLOSED | O94: =+F94+H94 -> 7660.0712
A95: 42084 | B95: 42084 | C95: -0.5 | D95: 0.32986111 | F95: 8823.6492 | H95: 5519.2265 | J95: 7523.6935 | L95: 3139.9977 | N95: CLOSED | O95: =+F95+H95 -> 14342.876
A96: 42085 | B96: 42085 | C96: -0.7 | D96: 0.3625 | F96: 6761.8563 | G96: * | H96: =(H$68+H$58+H$52+H$51+H$50+H$6)*(F96+J96+L96)/(J$68+L$68+F$68+F$58+J$58+L$58+F$52+J$52+L$52+F$51+J$51+L$51+F$50+J$50+L$50+J$6+L$6+F$6) -> 2909.4876 | J96: 4417.4898 | L96: 3096.8319 | N96: CLOSED | O96: =+F96+H96 -> 9671.3439
A97: 42086 | B97: 42086 | C97: -0.6 | D97: 0.39652778 | E97: * | F97: =(F$72+F$62+F$56+F$46+F$39+F$35+F$34+F$30+F$26+F$19+F$18+F$17+F$10+F$9+F$4+F$3+F$2+F$92)*H97/(H$72+H$62+H$56+H$46+H$39+H$35+H$34+H$30+H$26+H$19+H$18+H$17+H$10+H$9+H$4+H$3+H$2+H$92) -> 1037.0643 | H97: 1150.9334 | J97: CLOSED | L97: CLOSED | N97: CLOSED | O97: =+F97+H97 -> 2187.9976
A98: 42087 | B98: 42087 | C98: -0.3 | D98: 0.43125 | F98: 2063.3454 | G98: * | H98: =+(H$72+H$62+H$56+H$46+H$39+H$35+H$34+H$30+H$26+H$19+H$18+H$17+H$10+H$9+H$4+H$3+H$2+H$85)*F98/(F$72+F$62+F$56+F$46+F$39+F$35+F$34+F$30+F$26+F$19+F$18+F$17+F$10+F$9+F$4+F$3+F$2+F$85) -> 2323.2705 | J98: CLOSED | L98: CLOSED | N98: CLOSED | O98: =+F98+H98 -> 4386.6159
B99: =+A99 -> 0
A100: 42098 | B100: =+A100 -> 42098 | C100: 0.6 | D100: 0.30763889 | F100: 2086.3991 | H100: 1469.8445 | J100: 2097.0113 | L100: 1463.0128 | N100: CLOSED | O100: =+F100+H100 -> 3556.2436
A101: 42099 | B101: =+A101 -> 42099 | C101: 0.3 | D101: 0.33125 | E101: * | F101: =+H101*(F95+F68+F58+F52+F51+F50+F6)/(H6+H50+H51+H52+H58+H68+H95) -> 1528.7068 | H101: 826.70517 | J101: 1432.2624 | L101: 1222.9439 | N101: CLOSED | O101: =+F101+H101 -> 2355.412
A102: 42100 | B102: =+A102 -> 42100 | C102: 0.1 | D102: 0.35555556 | F102: 197.7151 | H102: 743.30403 | J102: CLOSED | L102: CLOSED | N102: CLOSED | O102: =+F102+H102 -> 941.01913
A103: 42101 | B103: =+A103 -> 42101 | C103: 0.1 | D103: 0.38125 | E103: * | F103: =(F$72+F$62+F$56+F$46+F$39+F$35+F$34+F$30+F$26+F$19+F$18+F$17+F$10+F$9+F$4+F$3+F$2+F$92+F$102)*H103/(H$72+H$62+H$56+H$46+H$39+H$35+H$34+H$30+H$26+H$19+H$18+H$17+H$10+H$9+H$4+H$3+H$2+H$92+H$102) -> 1140.4155 | H103: 1312.3093 | J103: CLOSED | L103: CLOSED | N103: CLOSED | O103: =+F103+H103 -> 2452.7248
A104: 42102 | B104: =+A104 -> 42102 | C104: 0.1 | D104: 0.40833333 | F104: 1691.7359 | H104: 1556.4598 | J104: CLOSED | L104: CLOSED | N104: CLOSED | O104: =+F104+H104 -> 3248.1958
A105: 42103 | B105: =+A105 -> 42103 | C105: 0.2 | D105: 0.43888889 | E105: * | F105: =(F$72+F$62+F$56+F$46+F$39+F$35+F$34+F$30+F$26+F$19+F$18+F$17+F$10+F$9+F$4+F$3+F$2+F$92+F$102)*H105/(H$72+H$62+H$56+H$46+H$39+H$35+H$34+H$30+H$26+H$19+H$18+H$17+H$10+H$9+H$4+H$3+H$2+H$92+H$102) -> 1487.9327 | H105: 1712.2074 | J105: CLOSED | L105: CLOSED | N105: CLOSED | O105: =+F105+H105 -> 3200.1401
A106: 42104 | B106: =+A106 -> 42104 | C106: 0.4 | D106: 0.47430556 | F106: 2145.6776 | H106: 1878.6343 | J106: CLOSED | L106: CLOSED | N106: CLOSED | O106: =+F106+H106 -> 4024.3119
B107: =+A107 -> 0
A108: 42111 | B108: =+A108 -> 42111 | C108: -0.2 | D108: 0.25208333 | F108: 1121.1584 | H108: 756.82384 | J108: CLOSED | L108: 883.12565 | N108: CLOSED | O108: =+F108+H108 -> 1877.9822
A109: 42112 | B109: =+A109 -> 42112 | C109: -0.9 | D109: 0.28611111 | F109: 7778.3445 | H109: 3217.6611 | J109: 4043.9921 | L109: 3267.6745 | N109: CLOSED | O109: =+F109+H109 -> 10996.006
...

Sheet CPUE
A1: Date | B1: Day | C1: Tide | D1: Time | E1: Longbeach | G1: Twin Harbors | I1: Copalis | K1: Mocrocks | M1: Kalaloch
A2: 41919 | B2: =+A2 -> 41919 | C2: -0.5 | D2: 0.76805556 | F2: =+Harvest!F2/Effort!F2 -> 15 | H2: =+Harvest!H2/Effort!H2 -> 15 | J2: CLOSED | L2: CLOSED | N2: CLOSED | P2: =AVERAGE(F2:N15) -> 10.128751
A3: 41920 | B3: =+A3 -> 41920 | C3: -0.9 | D3: 0.80069444 | F3: =+Harvest!F3/Effort!F3 -> 14.730769 | H3: =+Harvest!H3/Effort!H3 -> 15 | J3: CLOSED | L3: CLOSED | N3: CLOSED
A4: 41921 | B4: =+A4 -> 41921 | C4: -1.1 | D4: 0.83194444 | F4: =+Harvest!F4/Effort!F4 -> 15 | H4: =+Harvest!H4/Effort!H4 -> 13.615385 | J4: CLOSED | L4: CLOSED | N4: CLOSED
A5: 41922 | B5: =+A5 -> 41922 | C5: -1.1 | D5: 0.86319444 | F5: =+Harvest!F5/Effort!F5 -> 14.347826 | H5: =+Harvest!H5/Effort!H5 -> 14.326923 | J5: CLOSED | L5: =+Harvest!L5/Effort!L5 -> 13.123077 | N5: CLOSED
A6: 41923 | B6: =+A6 -> 41923 | C6: -0.8 | D6: 0.89444444 | F6: =+Harvest!F6/Effort!F6 -> 6.6206897 | H6: =+Harvest!H6/Effort!H6 -> 8.6140351 | J6: =+Harvest!J6/Effort!J6 -> 3.9148936 | L6: =+Harvest!L6/Effort!L6 -> 11.395349 | N6: CLOSED
A7: 41924 | B7: =+A7 -> 41924 | C7: =-0.3 -> -0.3 | D7: 0.92708333 | F7: =+Harvest!F7/Effort!F7 -> 13.970301 | H7: =+Harvest!H7/Effort!H7 -> 13.949948 | J7: CLOSED | L7: =+Harvest!L7/Effort!L7 -> 12.777778 | N7: CLOSED
A9: 41934 | B9: =+A9 -> 41934 | C9: 0.3 | D9: 0.77152778 | F9: =+Harvest!F9/Effort!F9 -> 0 | H9: =+Harvest!H9/Effort!H9 -> 0.6969697 | J9: CLOSED | L9: CLOSED | N9: CLOSED
A10: 41935 | B10: =+A10 -> 41935 | C10: -0.1 | D10: 0.79652778 | F10: =+Harvest!F10/Effort!F10 -> 15 | H10: =+Harvest!H10/Effort!H10 -> 14.107143 | J10: CLOSED | L10: CLOSED | N10: CLOSED
A11: 41936 | B11: =+A11 -> 41936 | C11: -0.4 | D11: 0.82222222 | F11: =+Harvest!F11/Effort!F11 -> 14.25 | H11: =+Harvest!H11/Effort!H11 -> 11.352941 | J11: CLOSED | L11: =+Harvest!L11/Effort!L11 -> 13.618182 | N11: CLOSED
A12: 41937 | B12: =+A12 -> 41937 | C12: -0.6 | D12: 0.84861111 | E12: * | F12: =+Harvest!F12/Effort!F12 -> 0 | G12: * | H12: =+Harvest!H12/Effort!H12 -> 0 | J12: =+Harvest!J12/Effort!J12 -> 0 | L12: =+Harvest!L12/Effort!L12 -> 0 | N12: CLOSED
A13: 41938 | B13: =+A13 -> 41938 | C13: -0.6 | D13: 0.87708333 | F13: =+Harvest!F13/Effort!F13 -> 15 | H13: =+Harvest!H13/Effort!H13 -> 15 | J13: CLOSED | L13: =+Harvest!L13/Effort!L13 -> 15 | N13: CLOSED
A14: 41939 | B14: =+A14 -> 41939 | C14: -0.4 | D14: 0.90763889 | E14: * | F14: =+Harvest!F14/Effort!F14 -> 15.131992 | H14: =+Harvest!H14/Effort!H14 -> 13.833333 | J14: CLOSED | L14: CLOSED | N14: CLOSED
A15: 41940 | B15: =+A15 -> 41940 | C15: -0.2 | D15: 0.94166667 | F15: =+Harvest!F15/Effort!F15 -> 0 | G15: * | H15: =+Harvest!H15/Effort!H15 -> 0 | J15: CLOSED | L15: CLOSED | N15: CLOSED
A17: 41947 | B17: =+A17 -> 41947 | C17: 1.2 | D17: 0.15 | F17: =+Harvest!F17/Effort!F17 -> 15 | H17: =+Harvest!H17/Effort!H17 -> 15 | J17: CLOSED | L17: CLOSED | N17: CLOSED
A18: 41948 | B18: =+A18 -> 41948 | C18: -0.7 | D18: 0.71805556 | F18: =+Harvest!F18/Effort!F18 -> 15.021277 | H18: =+Harvest!H18/Effort!H18 -> 15 | J18: CLOSED | L18: CLOSED | N18: CLOSED
A19: 41949 | B19: =+A19 -> 41949 | C19: -1.1 | D19: 0.74930556 | F19: =+Harvest!F19/Effort!F19 -> 15 | H19: =+Harvest!H19/Effort!H19 -> 14.702703 | J19: CLOSED | L19: CLOSED | N19: CLOSED
A20: 41950 | B20: =+A20 -> 41950 | C20: -1.2 | D20: 0.77916667 | F20: =+Harvest!F20/Effort!F20 -> 14.423077 | H20: =+Harvest!H20/Effort!H20 -> 15 | J20: CLOSED | L20: =+Harvest!L20/Effort!L20 -> 15 | N20: CLOSED
A21: 41951 | B21: =+A21 -> 41951 | C21: -1.1 | D21: 0.80833333 | E21: * | F21: =+Harvest!F21/Effort!F21 -> 13.958972 | H21: =+Harvest!H21/Effort!H21 -> 14.21875 | J21: =+Harvest!J21/Effort!J21 -> 13.506849 | L21: =+Harvest!L21/Effort!L21 -> 14.16129 | N21: CLOSED
A22: 41952 | B22: =+A22 -> 41952 | C22: -0.7 | D22: 0.83680556 | E22: * | F22: 15 | H22: =+Harvest!H22/Effort!H22 -> 15.875 | J22: CLOSED | L22: =+Harvest!L22/Effort!L22 -> 10.755556 | N22: CLOSED
A23: 41953 | B23: =+A23 -> 41953 | C23: -0.3 | D23: 0.86597222 | E23: * | F23: =+Harvest!F23/Effort!F23 -> 15 | G23: * | H23: 15 | J23: CLOSED | L23: CLOSED | N23: CLOSED
A24: 41954 | B24: =+A24 -> 41954 | C24: 0.2 | D24: 0.89652778 | E24: * | F24: =+Harvest!F24/Effort!F24 -> 14.725948 | H24: =+Harvest!H24/Effort!H24 -> 15 | J24: CLOSED | L24: CLOSED | N24: CLOSED
A26: 41963 | B26: =+A26 -> 41963 | C26: 0 | D26: 0.7125 | F26: =+Harvest!F26/Effort!F26 -> 14.708333 | H26: =+Harvest!H26/Effort!H26 -> 14.702128 | J26: CLOSED | L26: CLOSED | N26: CLOSED
A27: 41964 | B27: =+A27 -> 41964 | C27: -0.5 | D27: 0.73958333 | F27: =+Harvest!F27/Effort!F27 -> 7 | H27: =+Harvest!H27/Effort!H27 -> 3 | J27: CLOSED | L27: =+Harvest!L27/Effort!L27 -> 7.1521739 | N27: CLOSED
A28: 41965 | B28: =+A28 -> 41965 | C28: -0.8 | D28: 0.76666667 | E28: * | F28: =+Harvest!F28/Effort!F28 -> 9.3805031 | H28: =+Harvest!H28/Effort!H28 -> 9.5128205 | J28: =+Harvest!J28/Effort!J28 -> 9.6981132 | L28: =+Harvest!L28/Effort!L28 -> 15 | N28: CLOSED
A29: 41966 | B29: =+A29 -> 41966 | C29: -1 | D29: 0.79513889 | F29: =+Harvest!F29/Effort!F29 -> 15 | H29: =+Harvest!H29/Effort!H29 -> 9.8095238 | J29: CLOSED | L29: =+Harvest!L29/Effort!L29 -> 14.903226 | N29: CLOSED
A30: 41967 | B30: =+A30 -> 41967 | C30: -1.1 | D30: 0.82430556 | F30: =+Harvest!F30/Effort!F30 -> 1.625 | H30: =+Harvest!H30/Effort!H30 -> 0 | J30: CLOSED | L30: CLOSED | N30: CLOSED
A31: 41968 | B31: =+A31 -> 41968 | C31: -0.9 | D31: 0.85555556 | E31: * | F31: =+Harvest!F31/Effort!F31 -> 10.600474 | G31: * | H31: =+Harvest!H31/Effort!H31 -> 10.75 | J31: CLOSED | L31: CLOSED | N31: CLOSED
A32: 41969 | B32: =+A32 -> 41969 | C32: -0.5 | D32: 0.88819444 | E32: * | F32: =+Harvest!F32/Effort!F32 -> 10.600474 | H32: =+Harvest!H32/Effort!H32 -> 10.75 | J32: CLOSED | L32: CLOSED | N32: CLOSED
A34: 41976 | B34: =+A34 -> 41976 | C34: -0.1 | D34: 0.67638889 | F34: =+Harvest!F34/Effort!F34 -> 15 | H34: =+Harvest!H34/Effort!H34 -> 15 | J34: CLOSED | L34: CLOSED | N34: CLOSED
A35: 41977 | B35: =+A35 -> 41977 | C35: -0.6 | D35: 0.70972222 | F35: =+Harvest!F35/Effort!F35 -> 15 | H35: =+Harvest!H35/Effort!H35 -> 14.888889 | J35: CLOSED | L35: CLOSED | N35: CLOSED
A36: 41978 | B36: =+A36 -> 41978 | C36: -0.9 | D36: 0.73958333 | F36: =+Harvest!F36/Effort!F36 -> 15 | H36: =+Harvest!H36/Effort!H36 -> 15 | J36: CLOSED | L36: =+Harvest!L36/Effort!L36 -> 15 | N36: CLOSED
A37: 41979 | B37: =+A37 -> 41979 | C37: -1 | D37: 0.76805556 | F37: =+Harvest!F37/Effort!F37 -> 14.701493 | G37: * | H37: =+Harvest!H37/Effort!H37 -> 14.669022 | J37: =+Harvest!J37/Effort!J37 -> 12.891304 | L37: =+Harvest!L37/Effort!L37 -> 14.864865 | N37: CLOSED
A38: 41980 | B38: =+A38 -> 41980 | C38: -0.9 | D38: 0.79583333 | F38: =+Harvest!F38/Effort!F38 -> 15 | H38: =+Harvest!H38/Effort!H38 -> 10.6 | J38: CLOSED | L38: =+Harvest!L38/Effort!L38 -> 15 | N38: CLOSED
A39: 41981 | B39: =+A39 -> 41981 | C39: -0.6 | D39: 0.82222222 | F39: =+Harvest!F39/Effort!F39 -> 15 | H39: =+Harvest!H39/Effort!H39 -> 10.6 | J39: CLOSED | L39: CLOSED | N39: CLOSED
A40: 41982 | B40: =+A40 -> 41982 | C40: -0.2 | D40: 0.84791667 | E40: + | F40: 0 | G40: + | H40: 0 | J40: CLOSED | L40: CLOSED | N40: CLOSED
A41: 41983 | B41: =+A41 -> 41983 | C41: 0.2 | D41: 0.87361111 | E41: + | F41: 0 | G41: + | H41: 0 | J41: CLOSED | L41: CLOSED | N41: CLOSED
A43: 41992 | B43: =+A43 -> 41992 | C43: 0 | D43: 0.69513889 | E43: * | F43: =+Harvest!F43/Effort!F43 -> 10.817264 | H43: =+Harvest!H43/Effort!H43 -> 7.0454545 | J43: CLOSED | L43: =+Harvest!L43/Effort!L43 -> 6.5294118 | N43: CLOSED
A44: 41993 | B44: =+A44 -> 41993 | C44: -0.6 | D44: 0.72430556 | E44: * | F44: =+Harvest!F44/Effort!F44 -> 0 | G44: * | H44: =+Harvest!H44/Effort!H44 -> 0 | J44: =+Harvest!J44/Effort!J44 -> 0.088235294 | L44: =+Harvest!L44/Effort!L44 -> 0 | N44: CLOSED
A45: 41994 | B45: =+A45 -> 41994 | C45: -1.1 | D45: 0.75416667 | E45: * | F45: 15 | H45: =+Harvest!H45/Effort!H45 -> 12.72093 | J45: CLOSED | L45: 15 | N45: CLOSED
A46: 41995 | B46: =+A46 -> 41995 | C46: -1.3 | D46: 0.78333333 | F46: =+Harvest!F46/Effort!F46 -> 14.060606 | H46: =+Harvest!H46/Effort!H46 -> 9.1578947 | J46: CLOSED | L46: CLOSED | N46: CLOSED
A47: 41996 | B47: =+A47 -> 41996 | C47: -1.3 | D47: 0.81319444 | E47: * | F47: =+Harvest!F47/Effort!F47 -> 14.060606 | G47: * | H47: =+Harvest!H47/Effort!H47 -> 9.1578947 | J47: CLOSED | L47: CLOSED | N47: CLOSED
A49: 42004 | B49: =+A49 -> 42004 | C49: 0.6 | D49: 0.62847222 | E49: * | F49: =+Harvest!F49/Effort!F49 -> 11.434806 | H49: =+Harvest!H49/Effort!H49 -> 14.64557 | J49: =+Harvest!J49/Effort!J49 -> 15 | L49: =+Harvest!L49/Effort!L49 -> 15 | N49: CLOSED
A50: 42005 | B50: =+A50 -> 42005 | C50: 0.2 | D50: 0.66736111 | F50: =+Harvest!F50/Effort!F50 -> 14.973913 | H50: =+Harvest!H50/Effort!H50 -> 15 | J50: =+Harvest!J50/Effort!J50 -> 15 | L50: =+Harvest!L50/Effort!L50 -> 15 | N50: CLOSED
A51: 42006 | B51: =+A51 -> 42006 | C51: -0.2 | D51: 0.70069444 | F51: =+Harvest!F51/Effort!F51 -> 15 | H51: =+Harvest!H51/Effort!H51 -> 15 | J51: =+Harvest!J51/Effort!J51 -> 13.793103 | L51: =+Harvest!L51/Effort!L51 -> 14.987179 | N51: CLOSED
A52: 42007 | B52: =+A52 -> 42007 | C52: -0.5 | D52: 0.73055556 | F52: =+Harvest!F52/Effort!F52 -> 9.2307692 | H52: =+Harvest!H52/Effort!H52 -> 14.465116 | J52: =+Harvest!J52/Effort!J52 -> 15.028169 | L52: =+Harvest!L52/Effort!L52 -> 14.980392 | N52: CLOSED
A53: 42008 | B53: =+A53 -> 42008 | C53: -0.5 | D53: 0.75833333 | F53: =+Harvest!F53/Effort!F53 -> 4 | H53: =+Harvest!H53/Effort!H53 -> 8.3333333 | J53: CLOSED | L53: =+Harvest!L53/Effort!L53 -> 4 | N53: CLOSED
A54: 42009 | B54: =+A54 -> 42009 | C54: -0.5 | D54: 0.78333333 | F54: =+Harvest!F54/Effort!F54 -> 0 | G54: * | H54: =+Harvest!H54/Effort!H54 -> 0 | J54: CLOSED | L54: CLOSED | N54: CLOSED
A55: 42010 | B55: =+A55 -> 42010 | C55: -0.3 | D55: 0.80763889 | E55: * | F55: =+Harvest!F55/Effort!F55 -> 6.0631579 | H55: =+Harvest!H55/Effort!H55 -> 12.631579 | J55: CLOSED | L55: CLOSED | N55: CLOSED
A56: 42011 | B56: =+A56 -> 42011 | C56: -0.1 | D56: 0.83125 | F56: =+Harvest!F56/Effort!F56 -> 15 | H56: =+Harvest!H56/Effort!H56 -> 12.375 | J56: CLOSED | L56: CLOSED | N56: CLOSED
A58: 42021 | B58: =+A58 -> 42021 | C58: 0.1 | D58: 0.67708333 | F58: =+Harvest!F58/Effort!F58 -> 14.777778 | H58: =+Harvest!H58/Effort!H58 -> 8.8307692 | J58: =+Harvest!J58/Effort!J58 -> 11.623377 | L58: =+Harvest!L58/Effort!L58 -> 13.488889 | N58: CLOSED
A59: 42022 | B59: =+A59 -> 42022 | C59: -0.6 | D59: 0.70972222 | E59: * | F59: =+Harvest!F59/Effort!F59 -> 15 | H59: =+Harvest!H59/Effort!H59 -> 15 | J59: CLOSED | L59: =+Harvest!L59/Effort!L59 -> 12.481481 | N59: CLOSED
A60: 42023 | B60: =+A60 -> 42023 | C60: -1.1 | D60: 0.74097222 | E60: * | F60: =+Harvest!F60/Effort!F60 -> 15.05295 | H60: =+Harvest!H60/Effort!H60 -> 15 | J60: CLOSED | L60: CLOSED | N60: CLOSED
A61: 42024 | B61: =+A61 -> 42024 | C61: -1.4 | D61: 0.77083333 | F61: =+Harvest!F61/Effort!F61 -> 14.333333 | G61: * | H61: =+Harvest!H61/Effort!H61 -> 14.275421 | J61: CLOSED | L61: CLOSED | N61: CLOSED
A62: 42025 | B62: =+A62 -> 42025 | C62: -1.4 | D62: 0.80069444 | F62: =+Harvest!F62/Effort!F62 -> 14.939394 | H62: =+Harvest!H62/Effort!H62 -> 15 | J62: CLOSED | L62: CLOSED | N62: CLOSED
A63: 42026 | B63: =+A63 -> 42026 | C63: -1.1 | D63: 0.83055556 | E63: * | F63: 15 | H63: =+Harvest!H63/Effort!H63 -> 15.25 | J63: CLOSED | L63: CLOSED | N63: CLOSED
A64: 42027 | B64: =+A64 -> 42027 | C64: -0.6 | D64: 0.86111111 | F64: =+Harvest!F64/Effort!F64 -> 15 | H64: =+Harvest!H64/Effort!H64 -> 3.4444444 | J64: CLOSED | L64: =+Harvest!L64/Effort!L64 -> 3.0625 | N64: CLOSED
A65: 42028 | B65: =+A65 -> 42028 | C65: 0.1 | D65: 0.89236111 | F65: =+Harvest!F65/Effort!F65 -> 12.210526 | H65: =+Harvest!H65/Effort!H65 -> 5.4375 | J65: =+Harvest!J65/Effort!J65 -> 15 | L65: =+Harvest!L65/Effort!L65 -> 15 | N65: CLOSED
A67: 42034 | B67: 42034 | C67: 0.5 | D67: 0.65486111 | F67: =+Harvest!F67/Effort!F67 -> 14.52439 | H67: =+Harvest!H67/Effort!H67 -> 15 | J67: CLOSED | L67: =+Harvest!L67/Effort!L67 -> 15.051724 | N67: CLOSED
A68: 42035 | B68: 42035 | C68: 0.2 | D68: 0.68888889 | F68: =+Harvest!F68/Effort!F68 -> 15 | H68: =+Harvest!H68/Effort!H68 -> 8.125 | J68: =+Harvest!J68/Effort!J68 -> 15 | L68: =+Harvest!L68/Effort!L68 -> 15 | N68: CLOSED
A69: 42036 | B69: 42036 | C69: 0 | D69: 0.71875 | E69: * | F69: 15 | H69: =+Harvest!H69/Effort!H69 -> 15 | J69: CLOSED | L69: =+Harvest!L69/Effort!L69 -> 12.481481 | N69: CLOSED
A70: 42037 | B70: 42037 | C70: -0.1 | D70: 0.74513889 | E70: * | F70: 15 | H70: =+Harvest!H70/Effort!H70 -> 14.954545 | J70: CLOSED | L70: CLOSED | N70: CLOSED
A71: 42038 | B71: 42038 | C71: -0.1 | D71: 0.76875 | F71: =+Harvest!F71/Effort!F71 -> 14.52 | G71: * | H71: =+Harvest!H71/Effort!H71 -> 13.62345 | J71: CLOSED | L71: CLOSED | N71: CLOSED
A72: 42039 | B72: 42039 | C72: 0 | D72: 0.79097222 | F72: =+Harvest!F72/Effort!F72 -> 15 | H72: =+Harvest!H72/Effort!H72 -> 13.1875 | J72: CLOSED | L72: CLOSED | N72: CLOSED
A73: 42040 | B73: 42040 | C73: 0.2 | D73: 0.8125 | E73: + | F73: 0 | G73: + | H73: 0 | J73: CLOSED | L73: CLOSED | N73: CLOSED
A74: 42041 | B74: 42041 | C74: 0.5 | D74: 0.83333333 | E74: + | F74: 0 | G74: + | H74: 0 | J74: CLOSED | L74: CLOSED | N74: CLOSED
A76: 42050 | B76: =+A76 -> 42050 | C76: 0.2 | D76: 0.65763889 | F76: 15 | H76: =+Harvest!H76/Effort!H76 -> 15.042254 | J76: CLOSED | L76: CLOSED | N76: CLOSED
A77: 42051 | B77: =+A77 -> 42051 | C77: -0.5 | D77: 0.69236111 | F77: 15 | H77: =+Harvest!H77/Effort!H77 -> 15 | J77: CLOSED | L77: CLOSED | N77: CLOSED
A78: 42052 | B78: =+A78 -> 42052 | C78: -0.9 | D78: 0.725 | F78: =+Harvest!F78/Effort!F78 -> 15 | H78: =+Harvest!H78/Effort!H78 -> 14.420641 | J78: CLOSED | L78: CLOSED | N78: CLOSED
A79: 42053 | B79: =+A79 -> 42053 | C79: -1.1 | D79: 0.75555556 | E79: * | F79: 15 | H79: =+Harvest!H79/Effort!H79 -> 14.857143 | J79: CLOSED | L79: CLOSED | N79: CLOSED
A80: 42054 | B80: =+A80 -> 42054 | C80: -1.1 | D80: 0.78541667 | E80: * | F80: 15 | H80: =+Harvest!H80/Effort!H80 -> 14.857143 | J80: CLOSED | L80: CLOSED | N80: CLOSED
A81: 42055 | B81: =+A81 -> 42055 | C81: -0.7 | D81: 0.81458333 | E81: * | F81: =+Harvest!F81/Effort!F81 -> 14.787875 | H81: =+Harvest!H81/Effort!H81 -> 13.633333 | J81: CLOSED | L81: =+Harvest!L81/Effort!L81 -> 15 | N81: CLOSED
A82: 42056 | B82: =+A82 -> 42056 | C82: -0.1 | D82: 0.84444444 | F82: =+Harvest!F82/Effort!F82 -> 15 | H82: =+Harvest!H82/Effort!H82 -> 14.038954 | J82: =+Harvest!J82/Effort!J82 -> 14.703704 | L82: =+Harvest!L82/Effort!L82 -> 15 | N82: CLOSED
A83: 42057 | B83: =+A83 -> 42057 | C83: 0.6 | D83: 0.875 | E83: * | F83: 15 | H83: =+Harvest!H83/Effort!H83 -> 15 | J83: CLOSED | L83: =+Harvest!L83/Effort!L83 -> 15 | N83: CLOSED
A85: 42065 | B85: =+A85 -> 42065 | C85: 0.5 | D85: 0.70069444 | F85: =+Harvest!F85/Effort!F85 -> 15 | H85: =+Harvest!H85/Effort!H85 -> 15 | J85: CLOSED | L85: CLOSED | N85: CLOSED
A86: 42066 | B86: =+A86 -> 42066 | C86: 0.4 | D86: 0.72638889 | F86: =+Harvest!F86/Effort!F86 -> 15 | G86: * | H86: 15 | J86: CLOSED | L86: CLOSED | N86: CLOSED
A87: 42067 | B87: =+A87 -> 42067 | C87: 0.4 | D87: 0.74930556 | E87: * | F87: 15 | H87: 15 | J87: CLOSED | L87: CLOSED | N87: CLOSED
A88: 42068 | B88: =+A88 -> 42068 | C88: 0.5 | D88: 0.77083333 | F88: =+Harvest!F88/Effort!F88 -> 15 | G88: * | H88: 15 | J88: CLOSED | L88: CLOSED | N88: CLOSED
A90: 42079 | B90: 42079 | C90: 0.3 | D90: 0.67708333 | F90: 15 | H90: =+Harvest!H90/Effort!H90 -> 15 | J90: CLOSED | L90: CLOSED | N90: CLOSED
A91: 42080 | B91: 42080 | C91: -0.2 | D91: 0.71388889 | F91: =+Harvest!F91/Effort!F91 -> 15.019608 | H91: =+Harvest!H91/Effort!H91 -> 14.502525 | J91: CLOSED | L91: CLOSED | N91: CLOSED
A92: 42081 | B92: 42081 | C92: -0.5 | D92: 0.74791667 | F92: =+Harvest!F92/Effort!F92 -> 15 | H92: =+Harvest!H92/Effort!H92 -> 14.483593 | J92: CLOSED | L92: CLOSED | N92: CLOSED
A93: 42082 | B93: 42082 | C93: -0.5 | D93: 0.77916667 | F93: =+Harvest!F93/Effort!F93 -> 15 | H93: =+Harvest!H93/Effort!H93 -> 14.483593 | J93: CLOSED | L93: CLOSED | N93: CLOSED
A94: 42083 | B94: 42083 | C94: -0.4 | D94: 0.80972222 | F94: =+Harvest!F94/Effort!F94 -> 12.859575 | H94: =+Harvest!H94/Effort!H94 -> 12.427993 | J94: =+Harvest!J94/Effort!J94 -> 13.820225 | L94: =+Harvest!L94/Effort!L94 -> 13.022222 | N94: CLOSED
A95: 42084 | B95: 42084 | C95: -0.5 | D95: 0.32986111 | F95: =+Harvest!F95/Effort!F95 -> 15 | H95: =+Harvest!H95/Effort!H95 -> 11.24812 | J95: =+Harvest!J95/Effort!J95 -> 13.914286 | L95: =+Harvest!L95/Effort!L95 -> 15 | N95: CLOSED
A96: 42085 | B96: 42085 | C96: -0.7 | D96: 0.3625 | F96: =+Harvest!F96/Effort!F96 -> 15 | H96: =+Harvest!H96/Effort!H96 -> 13.983722 | J96: =+Harvest!J96/Effort!J96 -> 14.6 | L96: =+Harvest!L96/Effort!L96 -> 14.758065 | N96: CLOSED
A97: 42086 | B97: 42086 | C97: -0.6 | D97: 0.39652778 | F97: =+Harvest!F97/Effort!F97 -> 12.314439 | H97: =+Harvest!H97/Effort!H97 -> 11.844828 | J97: CLOSED | L97: CLOSED | N97: CLOSED
A98: 42087 | B98: 42087 | C98: -0.3 | D98: 0.43125 | F98: =+Harvest!F98/Effort!F98 -> 14.941176 | H98: =+Harvest!H98/Effort!H98 -> 14.426794 | J98: CLOSED | L98: CLOSED | N98: CLOSED
A100: 42098 | B100: =+A100 -> 42098 | C100: 0.6 | D100: 0.30763889 | F100: =+Harvest!F100/Effort!F100 -> 15 | H100: =+Harvest!H100/Effort!H100 -> 13.153846 | J100: =+Harvest!J100/Effort!J100 -> 7.557377 | L100: =+Harvest!L100/Effort!L100 -> 13.278689 | N100: CLOSED
A101: 42099 | B101: =+A101 -> 42099 | C101: 0.3 | D101: 0.33125 | F101: =+H101 -> 15.02381 | H101: =+Harvest!H101/Effort!H101 -> 15.02381 | J101: =+Harvest!J101/Effort!J101 -> 15.035088 | L101: =+Harvest!L101/Effort!L101 -> 14.820513 | N101: CLOSED
A102: 42100 | B102: =+A102 -> 42100 | C102: 0.1 | D102: 0.35555556 | F102: =+Harvest!F102/Effort!F102 -> 14.705882 | H102: =+Harvest!H102/Effort!H102 -> 13 | J102: CLOSED | L102: CLOSED | N102: CLOSED
A103: 42101 | B103: =+A103 -> 42101 | C103: 0.1 | D103: 0.38125 | F103: =+H103 -> 15 | H103: =+Harvest!H103/Effort!H103 -> 15 | J103: CLOSED | L103: CLOSED | N103: CLOSED
A104: 42102 | B104: =+A104 -> 42102 | C104: 0.1 | D104: 0.40833333 | F104: =+Harvest!F104/Effort!F104 -> 14.825581 | H104: =+Harvest!H104/Effort!H104 -> 14.847059 | J104: CLOSED | L104: CLOSED | N104: CLOSED
A105: 42103 | B105: =+A105 -> 42103 | C105: 0.2 | D105: 0.43888889 | F105: =+H105 -> 15 | H105: =+Harvest!H105/Effort!H105 -> 15 | J105: CLOSED | L105: CLOSED | N105: CLOSED
A106: 42104 | B106: =+A106 -> 42104 | C106: 0.4 | D106: 0.47430556 | F106: =+Harvest!F106/Effort!F106 -> 14.074074 | J106: CLOSED | L106: CLOSED | N106: CLOSED
A108: 42111 | B108: =+A108 -> 42111 | C108: -0.2 | D108: 0.25208333 | F108: =+Harvest!F108/Effort!F108 -> 9.0428571 | H108: =+Harvest!H108/Effort!H108 -> 10.083333 | J108: CLOSED | L108: =+Harvest!L108/Effort!L108 -> 13.854545 | N108: CLOSED
A109: 42112 | B109: =+A109 -> 42112 | C109: -0.9 | D109: 0.28611111 | F109: =+Harvest!F109/Effort!F109 -> 15 | H109: =+Harvest!H109/Effort!H109 -> 14.701031 | J109: =+Harvest!J109/Effort!J109 -> 15 | L109: =+Harvest!L109/Effort!L109 -> 15 | N109: CLOSED
A110: 42113 | B110: =+A110 -> 42113 | C110: -1.3 | D110: 0.31875 | F110: =+Harvest!F110/Effort!F110 -> 15 | H110: =+Harvest!H110/Effort!H110 -> 15 | J110: =+Harvest!J110/Effort!J110 -> 15 | L110: =+Harvest!L110/Effort!L110 -> 15 | N110: CLOSED
A111: 42114 | B111: =+A111 -> 42114 | C111: -1.5 | D111: 0.35069444 | F111: =+Harvest!F111/Effort!F111 -> 14.428571 | H111: =+Harvest!H111/Effort!H111 -> 12.62 | J111: CLOSED | L111: CLOSED | N111: CLOSED
A112: 42115 | B112: =+A112 -> 42115 | C112: -1.3 | D112: 0.38263889 | F112: =+Harvest!F112/Effort!F112 -> 15 | H112: =+Harvest!H112/Effort!H112 -> 14.214286 | J112: CLOSED | L112: CLOSED | N112: CLOSED
A113: 42116 | B113: =+A113 -> 42116 | C113: -0.9 | D113: 0.41458333 | F113: =+Harvest!F113/Effort!F113 -> 15 | H113: =+Harvest!H113/Effort!H113 -> 13.795918 | J113: CLOSED | L113: CLOSED | N113: CLOSED
...

Sheet Summary Table
A1: 2014-2015 State (non-Indian) Recreational Razor Clam Effort, Harvest and CPUE totals.
E2: LONG BEACH | H2: TWIN HARBORS | K2: COPALIS | N2: MOCROCKS | Q2: KALALOCH | T2: DAILY TOTALS
A3: DATE | B3: DAY | C3: TIDE | D3: TIME | E3: Effort | F3: Harvest | G3: CPUE | H3: Effort | I3: Harvest | J3: CPUE | K3: Effort | L3: Harvest | M3: CPUE | N3: Effort | O3: Harvest | P3: CPUE | Q3: Effort | R3: Harvest | S3: CPUE | T3: Effort | U3: Harvest
A4: 41919 | B4: =+A4 -> 41919 | C4: -0.5 | D4: 0.76805556 | E4: =Effort!F2 -> 1633.3349 | F4: =Harvest!F2 -> 24500.023 | G4: =CPUE!F2 -> 15 | H4: =Effort!H2 -> 1485.9239 | I4: =Harvest!H2 -> 22288.859 | J4: =CPUE!H2 -> 15 | K4: =Effort!J2 -> CLOSED | L4: =Harvest!J2 -> CLOSED | M4: =CPUE!J2 -> CLOSED | N4: =Effort!L2 -> CLOSED | O4: =Harvest!L2 -> CLOSED | P4: =CPUE!L2 -> CLOSED | Q4: =Effort!N2 -> CLOSED | R4: =Harvest!N2 -> CLOSED | S4: =CPUE!N2 -> CLOSED | T4: =+E4+H4 -> 3119.2588 | U4: =+F4+I4 -> 46788.882
A5: 41920 | B5: =+A5 -> 41920 | C5: -0.9 | D5: 0.80069444 | E5: =Effort!F3 -> 1665.0139 | F5: =Harvest!F3 -> 24526.935 | G5: =CPUE!F3 -> 14.730769 | H5: =Effort!H3 -> 1763.3463 | I5: =Harvest!H3 -> 26450.194 | J5: =CPUE!H3 -> 15 | K5: =Effort!J3 -> CLOSED | L5: =Harvest!J3 -> CLOSED | M5: =CPUE!J3 -> CLOSED | N5: =Effort!L3 -> CLOSED | O5: =Harvest!L3 -> CLOSED | P5: =CPUE!L3 -> CLOSED | Q5: =Effort!N3 -> CLOSED | R5: =Harvest!N3 -> CLOSED | S5: =CPUE!N3 -> CLOSED | T5: =+E5+H5 -> 3428.3601 | U5: =+F5+I5 -> 50977.129
A6: 41921 | B6: =+A6 -> 41921 | C6: -1.1 | D6: 0.83194444 | E6: =Effort!F4 -> 1725.9979 | F6: =Harvest!F4 -> 25889.969 | G6: =CPUE!F4 -> 15 | H6: =Effort!H4 -> 1310.4623 | I6: =Harvest!H4 -> 17842.448 | J6: =CPUE!H4 -> 13.615385 | K6: =Effort!J4 -> CLOSED | L6: =Harvest!J4 -> CLOSED | M6: =CPUE!J4 -> CLOSED | N6: =Effort!L4 -> CLOSED | O6: =Harvest!L4 -> CLOSED | P6: =CPUE!L4 -> CLOSED | Q6: =Effort!N4 -> CLOSED | R6: =Harvest!N4 -> CLOSED | S6: =CPUE!N4 -> CLOSED | T6: =+E6+H6 -> 3036.4602 | U6: =+F6+I6 -> 43732.417
A7: 41922 | B7: =+A7 -> 41922 | C7: -1.1 | D7: 0.86319444 | E7: =Effort!F5 -> 2633.4004 | F7: =Harvest!F5 -> 37783.571 | G7: =CPUE!F5 -> 14.347826 | H7: =Effort!H5 -> 2090.2266 | I7: =Harvest!H5 -> 29946.516 | J7: =CPUE!H5 -> 14.326923 | K7: =Effort!J5 -> CLOSED | L7: =Harvest!J5 -> CLOSED | M7: =CPUE!J5 -> CLOSED | N7: =Effort!L5 -> 1222.3151 | O7: =Harvest!L5 -> 16040.535 | P7: =CPUE!L5 -> 13.123077 | Q7: =Effort!N5 -> CLOSED | R7: =Harvest!N5 -> CLOSED | S7: =CPUE!N5 -> CLOSED | T7: =+E7+H7+N7 -> 5945.9421 | U7: =+F7+I7+O7 -> 83770.622
A8: 41923 | B8: =+A8 -> 41923 | C8: -0.8 | D8: 0.89444444 | E8: =Effort!F6 -> 1397.0056 | F8: =Harvest!F6 -> 9249.1406 | G8: =CPUE!F6 -> 6.6206897 | H8: =Effort!H6 -> 484.01957 | I8: =Harvest!H6 -> 4169.3616 | J8: =CPUE!H6 -> 8.6140351 | K8: =Effort!J6 -> 2205.5586 | L8: =Harvest!J6 -> 8634.5273 | M8: =CPUE!J6 -> 3.9148936 | N8: =Effort!L6 -> 2126.2957 | O8: =Harvest!L6 -> 24229.882 | P8: =CPUE!L6 -> 11.395349 | Q8: =Effort!N6 -> CLOSED | R8: =Harvest!N6 -> CLOSED | S8: =CPUE!N6 -> CLOSED | T8: =+E8+H8+K8+N8 -> 6212.8795 | U8: =+F8+I8+L8+O8 -> 46282.911
A9: 41924 | B9: =+A9 -> 41924 | C9: -0.3 | D9: 0.92708333 | E9: =Effort!F7 -> 635.04874 | F9: =Harvest!F7 -> 8871.8219 | G9: =CPUE!F7 -> 13.970301 | H9: =Effort!H7 -> 504.06149 | I9: =Harvest!H7 -> 7031.6316 | J9: =CPUE!H7 -> 13.949948 | K9: =Effort!J7 -> CLOSED | L9: =Harvest!J7 -> CLOSED | M9: =CPUE!J7 -> CLOSED | N9: =Effort!L7 -> 294.76325 | O9: =Harvest!L7 -> 3766.4192 | P9: =CPUE!L7 -> 12.777778 | Q9: =Effort!N7 -> CLOSED | R9: =Harvest!N7 -> CLOSED | S9: =CPUE!N7 -> CLOSED | T9: =+E9+H9+N9 -> 1433.8735 | U9: =+F9+I9+O9 -> 19669.873
A10: Tide Series Totals | E10: =SUM(E4:E9) -> 9689.8015 | F10: =SUM(F4:F9) -> 130821.46 | G10: =+F10/E10 -> 13.500943 | H10: =SUM(H4:H9) -> 7638.0401 | I10: =SUM(I4:I9) -> 107729.01 | J10: =+I10/H10 -> 14.104274 | K10: =SUM(K8:K9) -> 2205.5586 | L10: =SUM(L8:L9) -> 8634.5273 | M10: =+L10/K10 -> 3.9148936 | N10: =SUM(N7:N9) -> 3643.3741 | O10: =SUM(O7:O9) -> 44036.836 | P10: =+O10/N10 -> 12.086828 | T10: =SUM(T4:T9) -> 23176.774 | U10: =SUM(U4:U9) -> 291221.83
A11: 41934 | B11: 41934 | C11: 0.3 | D11: 0.77152778 | E11: =Effort!F9 -> 218.83188 | F11: =Harvest!F9 -> 0 | G11: =CPUE!F9 -> 0 | H11: =Effort!H9 -> 380.70948 | I11: =Harvest!H9 -> 265.34297 | J11: =CPUE!H9 -> 0.6969697 | K11: =Effort!J9 -> CLOSED | L11: =Harvest!J9 -> CLOSED | M11: =CPUE!J9 -> CLOSED | N11: =Effort!L9 -> CLOSED | O11: =Harvest!L9 -> CLOSED | P11: =CPUE!L9 -> CLOSED | Q11: =Effort!N9 -> CLOSED | R11: =Harvest!N9 -> CLOSED | S11: =CPUE!N9 -> CLOSED | T11: =+E11+H11 -> 599.54136 | U11: =+F11+I11 -> 265.34297
A12: 41935 | B12: 41935 | C12: -0.1 | D12: 0.79652778 | E12: =Effort!F10 -> 524.09571 | F12: =Harvest!F10 -> 7861.4357 | G12: =CPUE!F10 -> 15 | H12: =Effort!H10 -> 770.81403 | I12: =Harvest!H10 -> 10873.984 | J12: =CPUE!H10 -> 14.107143 | K12: =Effort!J10 -> CLOSED | L12: =Harvest!J10 -> CLOSED | M12: =CPUE!J10 -> CLOSED | N12: =Effort!L10 -> CLOSED | O12: =Harvest!L10 -> CLOSED | P12: =CPUE!L10 -> CLOSED | Q12: =Effort!N10 -> CLOSED | R12: =Harvest!N10 -> CLOSED | S12: =CPUE!N10 -> CLOSED | T12: =+E12+H12 -> 1294.9097 | U12: =+F12+I12 -> 18735.419
A13: 41936 | B13: 41936 | C13: -0.4 | D13: 0.82222222 | E13: =Effort!F11 -> 892.37092 | F13: =Harvest!F11 -> 12716.286 | G13: =CPUE!F11 -> 14.25 | H13: =Effort!H11 -> 1019.0882 | I13: =Harvest!H11 -> 11569.649 | J13: =CPUE!H11 -> 11.352941 | K13: =Effort!J11 -> CLOSED | L13: =Harvest!J11 -> CLOSED | M13: =CPUE!J11 -> CLOSED | N13: =Effort!L11 -> 1499.4481 | O13: =Harvest!L11 -> 20419.757 | P13: =CPUE!L11 -> 13.618182 | Q13: =Effort!N11 -> CLOSED | R13: =Harvest!N11 -> CLOSED | S13: =CPUE!N11 -> CLOSED | T13: =+E13+H13+N13 -> 3410.9072 | U13: =+F13+I13+O13 -> 44705.691
A14: 41937 | B14: 41937 | C14: -0.6 | D14: 0.84861111 | E14: =Effort!F12 -> 124.18038 | F14: =Harvest!F12 -> 0 | G14: =CPUE!F12 -> 0 | H14: =Effort!H12 -> 43.024691 | I14: =Harvest!H12 -> 0 | J14: =CPUE!H12 -> 0 | K14: =Effort!J12 -> 196.05298 | L14: =Harvest!J12 -> 0 | M14: =CPUE!J12 -> 0 | N14: =Effort!L12 -> 203.36133 | O14: =Harvest!L12 -> 0 | P14: =CPUE!L12 -> 0 | Q14: =Effort!N12 -> CLOSED | R14: =Harvest!N12 -> CLOSED | S14: =CPUE!N12 -> CLOSED | T14: =+E14+H14+K14+N14 -> 566.61938 | U14: =+F14+I14+L14+O14 -> 0
A15: 41938 | B15: 41938 | C15: -0.6 | D15: 0.87708333 | E15: =Effort!F13 -> 100.64938 | F15: =Harvest!F13 -> 1509.7407 | G15: =CPUE!F13 -> 15 | H15: =Effort!H13 -> 212.02083 | I15: =Harvest!H13 -> 3180.3125 | J15: =CPUE!H13 -> 15 | K15: =Effort!J13 -> CLOSED | L15: =Harvest!J13 -> CLOSED | M15: =CPUE!J13 -> CLOSED | N15: =Effort!L13 -> 380.01382 | O15: =Harvest!L13 -> 5700.2073 | P15: =CPUE!L13 -> 15 | Q15: =Effort!N13 -> CLOSED | R15: =Harvest!N13 -> CLOSED | S15: =CPUE!N13 -> CLOSED | T15: =+E15+H15+N15 -> 692.68403 | U15: =+F15+I15+O15 -> 10390.26
A16: 41939 | B16: 41939 | C16: -0.4 | D16: 0.90763889 | E16: =Effort!F14 -> 59.251615 | F16: =Harvest!F14 -> 896.59494 | G16: =CPUE!F14 -> 15.131992 | H16: =Effort!H14 -> 91.838867 | I16: =Harvest!H14 -> 1270.4377 | J16: =CPUE!H14 -> 13.833333 | K16: =Effort!J14 -> CLOSED | L16: =Harvest!J14 -> CLOSED | M16: =CPUE!J14 -> CLOSED | N16: =Effort!L14 -> CLOSED | O16: =Harvest!L14 -> CLOSED | P16: =CPUE!L14 -> CLOSED | Q16: =Effort!N14 -> CLOSED | R16: =Harvest!N14 -> CLOSED | S16: =CPUE!N14 -> CLOSED | T16: =+E16+H16 -> 151.09048 | U16: =+F16+I16 -> 2167.0326
A17: 41940 | B17: 41940 | C17: -0.2 | D17: 0.94166667 | E17: =Effort!F15 -> 9.9014573 | F17: =Harvest!F15 -> 0 | G17: =CPUE!F15 -> 0 | H17: =Effort!H15 -> 15.347069 | I17: =Harvest!H15 -> 0 | J17: =CPUE!H15 -> 0 | K17: =Effort!J15 -> CLOSED | L17: =Harvest!J15 -> CLOSED | M17: =CPUE!J15 -> CLOSED | N17: =Effort!L15 -> CLOSED | O17: =Harvest!L15 -> CLOSED | P17: =CPUE!L15 -> CLOSED | Q17: =Effort!N15 -> CLOSED | R17: =Harvest!N15 -> CLOSED | S17: =CPUE!N15 -> CLOSED | T17: =+E17+H17 -> 25.248526 | U17: =+F17+I17 -> 0
A18: Tide Series Totals | E18: =SUM(E11:E17) -> 1929.2813 | F18: =SUM(F11:F17) -> 22984.057 | G18: =+F18/E18 -> 11.913274 | H18: =SUM(H11:H17) -> 2532.8432 | I18: =SUM(I11:I17) -> 27159.725 | J18: =+I18/H18 -> 10.723019 | K18: =SUM(K14:K17) -> 196.05298 | L18: =SUM(L14:L17) -> 0 | M18: =+L18/K18 -> 0 | N18: =SUM(N13:N17) -> 2082.8232 | O18: =SUM(O13:O17) -> 26119.964 | P18: =+O18/N18 -> 12.540653 | T18: =SUM(T11:T17) -> 6741.0007 | U18: =SUM(U11:U17) -> 76263.746
A19: 41947 | B19: 41947 | C19: 1.2 | D19: 0.15 | E19: =Effort!F17 -> 798.0736 | F19: =Harvest!F17 -> 11971.104 | G19: =CPUE!F17 -> 15 | H19: =Effort!H17 -> 1095.9097 | I19: =Harvest!H17 -> 16438.646 | J19: =CPUE!H17 -> 15 | K19: =Effort!J17 -> CLOSED | L19: =Harvest!J17 -> CLOSED | M19: =CPUE!J17 -> CLOSED | N19: =Effort!L17 -> CLOSED | O19: =Harvest!L17 -> CLOSED | P19: =CPUE!L17 -> CLOSED | Q19: =Effort!N17 -> CLOSED | R19: =Harvest!N17 -> CLOSED | S19: =CPUE!N17 -> CLOSED | T19: =+E19+H19 -> 1893.9833 | U19: =+F19+I19 -> 28409.75
A20: 41948 | B20: 41948 | C20: -0.7 | D20: 0.71805556 | E20: =Effort!F18 -> 476.76527 | F20: =Harvest!F18 -> 7161.623 | G20: =CPUE!F18 -> 15.021277 | H20: =Effort!H18 -> 894.43514 | I20: =Harvest!H18 -> 13416.527 | J20: =CPUE!H18 -> 15 | K20: =Effort!J18 -> CLOSED | L20: =Harvest!J18 -> CLOSED | M20: =CPUE!J18 -> CLOSED | N20: =Effort!L18 -> CLOSED | O20: =Harvest!L18 -> CLOSED | P20: =CPUE!L18 -> CLOSED | Q20: =Effort!N18 -> CLOSED | R20: =Harvest!N18 -> CLOSED | S20: =CPUE!N18 -> CLOSED | T20: =+E20+H20 -> 1371.2004 | U20: =+F20+I20 -> 20578.15
A21: 41949 | B21: 41949 | C21: -1.1 | D21: 0.74930556 | E21: =Effort!F19 -> 695.72654 | F21: =Harvest!F19 -> 10435.898 | G21: =CPUE!F19 -> 15 | H21: =Effort!H19 -> 904.89438 | I21: =Harvest!H19 -> 13304.393 | J21: =CPUE!H19 -> 14.702703 | K21: =Effort!J19 -> CLOSED | L21: =Harvest!J19 -> CLOSED | M21: =CPUE!J19 -> CLOSED | N21: =Effort!L19 -> CLOSED | O21: =Harvest!L19 -> CLOSED | P21: =CPUE!L19 -> CLOSED | Q21: =Effort!N19 -> CLOSED | R21: =Harvest!N19 -> CLOSED | S21: =CPUE!N19 -> CLOSED | T21: =+E21+H21 -> 1600.6209 | U21: =+F21+I21 -> 23740.291
A22: 41950 | B22: 41950 | C22: -1.2 | D22: 0.77916667 | E22: =Effort!F20 -> 2757.2142 | F22: =Harvest!F20 -> 39767.513 | G22: =CPUE!F20 -> 14.423077 | H22: =Effort!H20 -> 1487.4789 | I22: =Harvest!H20 -> 22312.183 | J22: =CPUE!H20 -> 15 | K22: =Effort!J20 -> CLOSED | L22: =Harvest!J20 -> CLOSED | M22: =CPUE!J20 -> CLOSED | N22: =Effort!L20 -> 1063.9833 | O22: =Harvest!L20 -> 15959.749 | P22: =CPUE!L20 -> 15 | Q22: =Effort!N20 -> CLOSED | R22: =Harvest!N20 -> CLOSED | S22: =CPUE!N20 -> CLOSED | T22: =+E22+H22+N22 -> 5308.6764 | U22: =+F22+I22+O22 -> 78039.446
A23: 41951 | B23: 41951 | C23: -1.1 | D23: 0.80833333 | E23: =Effort!F21 -> 2524.6928 | F23: =Harvest!F21 -> 35242.116 | G23: =CPUE!F21 -> 13.958972 | H23: =Effort!H21 -> 2340.4256 | I23: =Harvest!H21 -> 33277.927 | J23: =CPUE!H21 -> 14.21875 | K23: =Effort!J21 -> 3127.5339 | L23: =Harvest!J21 -> 42243.129 | M23: =CPUE!J21 -> 13.506849 | N23: =Effort!L21 -> 1948.1299 | O23: =Harvest!L21 -> 27588.032 | P23: =CPUE!L21 -> 14.16129 | Q23: =Effort!N21 -> CLOSED | R23: =Harvest!N21 -> CLOSED | S23: =CPUE!N21 -> CLOSED | T23: =+E23+H23+K23+N23 -> 9940.7822 | U23: =+F23+I23+L23+O23 -> 138351.2
A24: 41952 | B24: 41952 | C24: -0.7 | D24: 0.83680556 | E24: =Effort!F22 -> 171.41715 | F24: =Harvest!F22 -> 2571.2572 | G24: =CPUE!F22 -> 15 | H24: =Effort!H22 -> 158.9061 | I24: =Harvest!H22 -> 2522.6344 | J24: =CPUE!H22 -> 15.875 | K24: =Effort!J22 -> CLOSED | L24: =Harvest!J22 -> CLOSED | M24: =CPUE!J22 -> CLOSED | N24: =Effort!L22 -> 728.74218 | O24: =Harvest!L22 -> 7838.027 | P24: =CPUE!L22 -> 10.755556 | Q24: =Effort!N22 -> CLOSED | R24: =Harvest!N22 -> CLOSED | S24: =CPUE!N22 -> CLOSED | T24: =+E24+H24+N24 -> 1059.0654 | U24: =+F24+I24+O24 -> 12931.919
A25: 41953 | B25: 41953 | C25: -0.3 | D25: 0.86597222 | E25: =Effort!F23 -> 171.41715 | F25: =Harvest!F23 -> 2571.2572 | G25: =CPUE!F23 -> 15 | H25: =Effort!H23 -> 158.9061 | I25: =Harvest!H23 -> 2383.5915 | J25: =CPUE!H23 -> 15 | K25: =Effort!J23 -> CLOSED | L25: =Harvest!J23 -> CLOSED | M25: =CPUE!J23 -> CLOSED | N25: =Effort!L23 -> CLOSED | O25: =Harvest!L23 -> CLOSED | P25: =CPUE!L23 -> CLOSED | Q25: =Effort!N23 -> CLOSED | R25: =Harvest!N23 -> CLOSED | S25: =CPUE!N23 -> CLOSED | T25: =+E25+H25 -> 330.32325 | U25: =+F25+I25 -> 4954.8488
A26: 41954 | B26: 41954 | C26: 0.2 | D26: 0.89652778 | E26: =Effort!F24 -> 60.933856 | F26: =Harvest!F24 -> 897.30882 | G26: =CPUE!F24 -> 14.725948 | H26: =Effort!H24 -> 56.48654 | I26: =Harvest!H24 -> 847.2981 | J26: =CPUE!H24 -> 15 | K26: =Effort!J24 -> CLOSED | L26: =Harvest!J24 -> CLOSED | M26: =CPUE!J24 -> CLOSED | N26: =Effort!L24 -> CLOSED | O26: =Harvest!L24 -> CLOSED | P26: =CPUE!L24 -> CLOSED | Q26: =Effort!N24 -> CLOSED | R26: =Harvest!N24 -> CLOSED | S26: =CPUE!N24 -> CLOSED | T26: =+E26+H26 -> 117.4204 | U26: =+F26+I26 -> 1744.6069
A27: Tide Series Totals | E27: =SUM(E19:E26) -> 7656.2406 | F27: =SUM(F19:F26) -> 110618.08 | G27: =+F27/E27 -> 14.448093 | H27: =SUM(H19:H26) -> 7097.4425 | I27: =SUM(I19:I26) -> 104503.2 | J27: =+I27/H27 -> 14.724064 | K27: =SUM(K19:K26) -> 3127.5339 | L27: =SUM(L19:L26) -> 42243.129 | M27: =+L27/K27 -> 13.506849 | N27: =SUM(N19:N26) -> 3740.8553 | O27: =SUM(O19:O26) -> 51385.809 | P27: =+O27/N27 -> 13.73638 | T27: =SUM(T19:T26) -> 21622.072 | U27: =SUM(U19:U26) -> 308750.22
A28: 41963 | B28: 41963 | C28: 0 | D28: 0.7125 | E28: =Effort!F26 -> 433.43652 | F28: =Harvest!F26 -> 6375.1289 | G28: =CPUE!F26 -> 14.708333 | H28: =Effort!H26 -> 1033.7037 | I28: =Harvest!H26 -> 15197.644 | J28: =CPUE!H26 -> 14.702128 | K28: =Effort!J26 -> CLOSED | L28: =Harvest!J26 -> CLOSED | M28: =CPUE!J26 -> CLOSED | N28: =Effort!L26 -> CLOSED | O28: =Harvest!L26 -> CLOSED | P28: =CPUE!L26 -> CLOSED | Q28: =Effort!N26 -> CLOSED | R28: =Harvest!N26 -> CLOSED | S28: =CPUE!N26 -> CLOSED | T28: =+E28+H28 -> 1467.1402 | U28: =+F28+I28 -> 21572.772
A29: 41964 | B29: 41964 | C29: -0.5 | D29: 0.73958333 | E29: =Effort!F27 -> 250.83411 | F29: =Harvest!F27 -> 1755.8388 | G29: =CPUE!F27 -> 7 | H29: =Effort!H27 -> 302.8869 | I29: =Harvest!H27 -> 908.66071 | J29: =CPUE!H27 -> 3 | K29: =Effort!J27 -> CLOSED | L29: =Harvest!J27 -> CLOSED | M29: =CPUE!J27 -> CLOSED | N29: =Effort!L27 -> 640.25513 | O29: =Harvest!L27 -> 4579.216 | P29: =CPUE!L27 -> 7.1521739 | Q29: =Effort!N27 -> CLOSED | R29: =Harvest!N27 -> CLOSED | S29: =CPUE!N27 -> CLOSED | T29: =+E29+H29+N29 -> 1193.9761 | U29: =+F29+I29+O29 -> 7243.7155
A30: 41965 | B30: 41965 | C30: -0.8 | D30: 0.76666667 | E30: =Effort!F28 -> 682.78721 | F30: =Harvest!F28 -> 6404.8876 | G30: =CPUE!F28 -> 9.3805031 | H30: =Effort!H28 -> 1333.693 | I30: =Harvest!H28 -> 12687.182 | J30: =CPUE!H28 -> 9.5128205 | K30: =Effort!J28 -> 2124.6544 | L30: =Harvest!J28 -> 20605.139 | M30: =CPUE!J28 -> 9.6981132 | N30: =Effort!L28 -> 1283.331 | O30: =Harvest!L28 -> 19249.966 | P30: =CPUE!L28 -> 15 | Q30: =Effort!N28 -> CLOSED | R30: =Harvest!N28 -> CLOSED | S30: =CPUE!N28 -> CLOSED | T30: =+E30+H30+K30+N30 -> 5424.4657 | U30: =+F30+I30+L30+O30 -> 58947.175
A31: 41966 | B31: 41966 | C31: -1 | D31: 0.79513889 | E31: =Effort!F29 -> 370.08223 | F31: =Harvest!F29 -> 5551.2334 | G31: =CPUE!F29 -> 15 | H31: =Effort!H29 -> 367.39597 | I31: =Harvest!H29 -> 3603.9795 | J31: =CPUE!H29 -> 9.8095238 | K31: =Effort!J29 -> CLOSED | L31: =Harvest!J29 -> CLOSED | M31: =CPUE!J29 -> CLOSED | N31: =Effort!L29 -> 428.76518 | O31: =Harvest!L29 -> 6389.9843 | P31: =CPUE!L29 -> 14.903226 | Q31: =Effort!N29 -> CLOSED | R31: =Harvest!N29 -> CLOSED | S31: =CPUE!N29 -> CLOSED | T31: =+E31+H31+N31 -> 1166.2434 | U31: =+F31+I31+O31 -> 15545.197
A32: 41967 | B32: 41967 | C32: -1.1 | D32: 0.82430556 | E32: =Effort!F30 -> 121.08703 | F32: =Harvest!F30 -> 196.76642 | G32: =CPUE!F30 -> 1.625 | H32: =Effort!H30 -> 94.700896 | I32: =Harvest!H30 -> 0 | J32: =CPUE!H30 -> 0 | K32: =Effort!J30 -> CLOSED | L32: =Harvest!J30 -> CLOSED | M32: =CPUE!J30 -> CLOSED | N32: =Effort!L30 -> CLOSED | O32: =Harvest!L30 -> CLOSED | P32: =CPUE!L30 -> CLOSED | Q32: =Effort!N30 -> CLOSED | R32: =Harvest!N30 -> CLOSED | S32: =CPUE!N30 -> CLOSED | T32: =+E32+H32 -> 215.78792 | U32: =+F32+I32 -> 196.76642
A33: 41968 | B33: 41968 | C33: -0.9 | D33: 0.85555556 | E33: =Effort!F31 -> 173.06948 | F33: =Harvest!F31 -> 1834.6186 | G33: =CPUE!F31 -> 10.600474 | H33: =Effort!H31 -> 338.05782 | I33: =Harvest!H31 -> 3634.1216 | J33: =CPUE!H31 -> 10.75 | K33: =Effort!J31 -> CLOSED | L33: =Harvest!J31 -> CLOSED | M33: =CPUE!J31 -> CLOSED | N33: =Effort!L31 -> CLOSED | O33: =Harvest!L31 -> CLOSED | P33: =CPUE!L31 -> CLOSED | Q33: =Effort!N31 -> CLOSED | R33: =Harvest!N31 -> CLOSED | S33: =CPUE!N31 -> CLOSED | T33: =+E33+H33 -> 511.1273 | U33: =+F33+I33 -> 5468.7401
A34: 41969 | B34: 41969 | C34: -0.5 | D34: 0.88819444 | E34: =Effort!F32 -> 173.06948 | F34: =Harvest!F32 -> 1834.6186 | G34: =CPUE!F32 -> 10.600474 | H34: =Effort!H32 -> 338.05782 | I34: =Harvest!H32 -> 3634.1216 | J34: =CPUE!H32 -> 10.75 | K34: =Effort!J32 -> CLOSED | L34: =Harvest!J32 -> CLOSED | M34: =CPUE!J32 -> CLOSED | N34: =Effort!L32 -> CLOSED | O34: =Harvest!L32 -> CLOSED | P34: =CPUE!L32 -> CLOSED | Q34: =Effort!N32 -> CLOSED | R34: =Harvest!N32 -> CLOSED | S34: =CPUE!N32 -> CLOSED | T34: =+E34+H34 -> 511.1273 | U34: =+F34+I34 -> 5468.7401
A35: Tide Series Totals | E35: =SUM(E28:E34) -> 2204.3661 | F35: =SUM(F28:F34) -> 23953.092 | G35: =+F35/E35 -> 10.866204 | H35: =SUM(H28:H34) -> 3808.4961 | I35: =SUM(I28:I34) -> 39665.709 | J35: =+I35/H35 -> 10.415058 | K35: =SUM(K29:K34) -> 2124.6544 | L35: =SUM(L29:L34) -> 20605.139 | M35: =+L35/K35 -> 9.6981132 | N35: =SUM(N28:N34) -> 2352.3513 | O35: =SUM(O28:O34) -> 30219.166 | P35: =+O35/N35 -> 12.846366 | T35: =SUM(T28:T34) -> 10489.868 | U35: =SUM(U28:U34) -> 114443.11
A36: 41976 | B36: 41976 | C36: -0.1 | D36: 0.67638889 | E36: =Effort!F34 -> 824.28295 | F36: =Harvest!F34 -> 12364.244 | G36: =CPUE!F34 -> 15 | H36: =Effort!H34 -> 674.07271 | I36: =Harvest!H34 -> 10111.091 | J36: =CPUE!H34 -> 15 | K36: =Effort!J34 -> CLOSED | L36: =Harvest!J34 -> CLOSED | M36: =CPUE!J34 -> CLOSED | N36: =Effort!L34 -> CLOSED | O36: =Harvest!L34 -> CLOSED | P36: =CPUE!L34 -> CLOSED | Q36: =Effort!N34 -> CLOSED | R36: =Harvest!N34 -> CLOSED | S36: =CPUE!N34 -> CLOSED | T36: =+E36+H36 -> 1498.3557 | U36: =+F36+I36 -> 22475.335
A37: 41977 | B37: 41977 | C37: -0.6 | D37: 0.70972222 | E37: =Effort!F35 -> 830.18446 | F37: =Harvest!F35 -> 12452.767 | G37: =CPUE!F35 -> 15 | H37: =Effort!H35 -> 609.55989 | I37: =Harvest!H35 -> 9075.6695 | J37: =CPUE!H35 -> 14.888889 | K37: =Effort!J35 -> CLOSED | L37: =Harvest!J35 -> CLOSED | M37: =CPUE!J35 -> CLOSED | N37: =Effort!L35 -> CLOSED | O37: =Harvest!L35 -> CLOSED | P37: =CPUE!L35 -> CLOSED | Q37: =Effort!N35 -> CLOSED | R37: =Harvest!N35 -> CLOSED | S37: =CPUE!N35 -> CLOSED | T37: =+E37+H37 -> 1439.7443 | U37: =+F37+I37 -> 21528.436
A38: 41978 | B38: 41978 | C38: -0.9 | D38: 0.73958333 | E38: =Effort!F36 -> 846.04719 | F38: =Harvest!F36 -> 12690.708 | G38: =CPUE!F36 -> 15 | H38: =Effort!H36 -> 760.71939 | I38: =Harvest!H36 -> 11410.791 | J38: =CPUE!H36 -> 15 | K38: =Effort!J36 -> CLOSED | L38: =Harvest!J36 -> CLOSED | M38: =CPUE!J36 -> CLOSED | N38: =Effort!L36 -> 961.20238 | O38: =Harvest!L36 -> 14418.036 | P38: =CPUE!L36 -> 15 | Q38: =Effort!N36 -> CLOSED | R38: =Harvest!N36 -> CLOSED | S38: =CPUE!N36 -> CLOSED | T38: =+E38+H38+N38 -> 2567.969 | U38: =+F38+I38+O38 -> 38519.534
A39: 41979 | B39: 41979 | C39: -1 | D39: 0.76805556 | E39: =Effort!F37 -> 1083.2473 | F39: =Harvest!F37 -> 15925.352 | G39: =CPUE!F37 -> 14.701493 | H39: =Effort!H37 -> 885.63322 | I39: =Harvest!H37 -> 12991.373 | J39: =CPUE!H37 -> 14.669022 | K39: =Effort!J37 -> 1191.6819 | L39: =Harvest!J37 -> 15362.334 | M39: =CPUE!J37 -> 12.891304 | N39: =Effort!L37 -> 1410.4646 | O39: =Harvest!L37 -> 20966.366 | P39: =CPUE!L37 -> 14.864865 | Q39: =Effort!N37 -> CLOSED | R39: =Harvest!N37 -> CLOSED | S39: =CPUE!N37 -> CLOSED | T39: =+E39+H39+K39+N39 -> 4571.027 | U39: =+F39+I39+L39+O39 -> 65245.425
A40: 41980 | B40: 41980 | C40: -0.9 | D40: 0.79583333 | E40: =Effort!F38 -> 70.175437 | F40: =Harvest!F38 -> 1052.6316 | G40: =CPUE!F38 -> 15 | H40: =Effort!H38 -> 293.76068 | I40: =Harvest!H38 -> 3113.8633 | J40: =CPUE!H38 -> 10.6 | K40: =Effort!J38 -> CLOSED | L40: =Harvest!J38 -> CLOSED | M40: =CPUE!J38 -> CLOSED | N40: =Effort!L38 -> 347.34048 | O40: =Harvest!L38 -> 5210.1071 | P40: =CPUE!L38 -> 15 | Q40: =Effort!N38 -> CLOSED | R40: =Harvest!N38 -> CLOSED | S40: =CPUE!N38 -> CLOSED | T40: =+E40+H40+N40 -> 711.2766 | U40: =+F40+I40+O40 -> 9376.6019
A41: 41981 | B41: 41981 | C41: -0.6 | D41: 0.82222222 | E41: =Effort!F39 -> 70.175437 | F41: =Harvest!F39 -> 1052.6316 | G41: =CPUE!F39 -> 15 | H41: =Effort!H39 -> 293.76068 | I41: =Harvest!H39 -> 3113.8633 | J41: =CPUE!H39 -> 10.6 | K41: =Effort!J39 -> CLOSED | L41: =Harvest!J39 -> CLOSED | M41: =CPUE!J39 -> CLOSED | N41: =Effort!L39 -> CLOSED | O41: =Harvest!L39 -> CLOSED | P41: =CPUE!L39 -> CLOSED | Q41: =Effort!N39 -> CLOSED | R41: =Harvest!N39 -> CLOSED | S41: =CPUE!N39 -> CLOSED | T41: =+E41+H41 -> 363.93612 | U41: =+F41+I41 -> 4166.4948
A42: 41982 | B42: 41982 | C42: -0.2 | D42: 0.84791667 | E42: =Effort!F40 -> 0 | F42: =Harvest!F40 -> 0 | G42: =CPUE!F40 -> 0 | H42: =Effort!I40 -> 0 | I42: =Harvest!H40 -> 0 | J42: =CPUE!H40 -> 0 | K42: =Effort!J40 -> CLOSED | L42: =Harvest!J40 -> CLOSED | M42: =CPUE!J40 -> CLOSED | N42: =Effort!L40 -> CLOSED | O42: =Harvest!L40 -> CLOSED | P42: =CPUE!L40 -> CLOSED | Q42: =Effort!N40 -> CLOSED | R42: =Harvest!N40 -> CLOSED | S42: =CPUE!N40 -> CLOSED | T42: =+E42+H42 -> 0 | U42: =+F42+I42 -> 0
A43: 41983 | B43: 41983 | C43: 0.2 | D43: 0.87361111 | E43: =Effort!F41 -> 0 | F43: =Harvest!F41 -> 0 | G43: =CPUE!F41 -> 0 | H43: =Effort!I41 -> 0 | I43: =Harvest!H41 -> 0 | J43: =CPUE!H41 -> 0 | K43: =Effort!J41 -> CLOSED | L43: =Harvest!J41 -> CLOSED | M43: =CPUE!J41 -> CLOSED | N43: =Effort!L41 -> CLOSED | O43: =Harvest!L41 -> CLOSED | P43: =CPUE!L41 -> CLOSED | Q43: =Effort!N41 -> CLOSED | R43: =Harvest!N41 -> CLOSED | S43: =CPUE!N41 -> CLOSED | T43: =+E43+H43 -> 0 | U43: =+F43+I43 -> 0
A44: Tide Series Totals | E44: =SUM(E36:E43) -> 3724.1128 | F44: =SUM(F36:F43) -> 55538.334 | G44: =+F44/E44 -> 14.913172 | H44: =SUM(H36:H43) -> 3517.5066 | I44: =SUM(I36:I43) -> 49816.651 | J44: =+I44/H44 -> 14.16249 | K44: =SUM(K36:K43) -> 1191.6819 | L44: =SUM(L36:L43) -> 15362.334 | M44: =+L44/K44 -> 12.891304 | N44: =SUM(N36:N43) -> 2719.0074 | O44: =SUM(O36:O43) -> 40594.508 | P44: =+O44/N44 -> 14.9299 | T44: =SUM(T36:T43) -> 11152.309 | U44: =SUM(U36:U43) -> 161311.83
A45: 41992 | B45: 41992 | C45: 0 | D45: 0.69513889 | E45: =Effort!F43 -> 1267.172 | F45: =Harvest!F43 -> 13707.333 | G45: =CPUE!F43 -> 10.817264 | H45: =Effort!H43 -> 550.46402 | I45: =Harvest!H43 -> 3878.2693 | J45: =CPUE!H43 -> 7.0454545 | K45: =Effort!J43 -> CLOSED | L45: =Harvest!J43 -> CLOSED | M45: =CPUE!J43 -> CLOSED | N45: =Effort!L43 -> 909.71745 | O45: =Harvest!L43 -> 5939.9198 | P45: =CPUE!L43 -> 6.5294118 | Q45: =Effort!N43 -> CLOSED | R45: =Harvest!N43 -> CLOSED | S45: =CPUE!N43 -> CLOSED | T45: =+E45+H45+N45 -> 2727.3534 | U45: =+F45+I45+O45 -> 23525.522
A46: 41993 | B46: 41993 | C46: -0.6 | D46: 0.72430556 | E46: =Effort!F44 -> 1267.172 | F46: =Harvest!F44 -> 0 | G46: =CPUE!F44 -> 0 | H46: =Effort!H44 -> 274.97499 | I46: =Harvest!H44 -> 0 | J46: =CPUE!H44 -> 0 | K46: =Effort!J44 -> 781.84676 | L46: =Harvest!J44 -> 68.986479 | M46: =CPUE!J44 -> 0.088235294 | N46: =Effort!L44 -> 454.43396 | O46: =Harvest!L44 -> 0 | P46: =CPUE!L44 -> 0 | Q46: =Effort!N44 -> CLOSED | R46: =Harvest!N44 -> CLOSED | S46: =CPUE!N44 -> CLOSED | T46: =+E46+H46+K46+N46 -> 2778.4277 | U46: =+F46+I46+L46+O46 -> 68.986479
A47: 41994 | B47: 41994 | C47: -1.1 | D47: 0.75416667 | E47: =Effort!F45 -> 743.2719 | F47: =Harvest!F45 -> 11149.078 | G47: =CPUE!F45 -> 15 | H47: =Effort!H45 -> 737.87683 | I47: =Harvest!H45 -> 9386.4796 | J47: =CPUE!H45 -> 12.72093 | K47: =Effort!J45 -> CLOSED | L47: =Harvest!J45 -> CLOSED | M47: =CPUE!J45 -> CLOSED | N47: =Effort!L45 -> 872.46014 | O47: =Harvest!L45 -> 13086.902 | P47: =CPUE!L45 -> 15 | Q47: =Effort!N45 -> CLOSED | R47: =Harvest!N45 -> CLOSED | S47: =CPUE!N45 -> CLOSED | T47: =+E47+H47+N47 -> 2353.6089 | U47: =+F47+I47+O47 -> 33622.46
A48: 41995 | B48: 41995 | C48: -1.3 | D48: 0.78333333 | E48: =Effort!F46 -> 633.4912 | F48: =Harvest!F46 -> 8907.2702 | G48: =CPUE!F46 -> 14.060606 | H48: =Effort!H46 -> 275.19084 | I48: =Harvest!H46 -> 2520.1687 | J48: =CPUE!H46 -> 9.1578947 | K48: =Effort!J46 -> CLOSED | L48: =Harvest!J46 -> CLOSED | M48: =CPUE!J46 -> CLOSED | N48: =Effort!L46 -> CLOSED | O48: =Harvest!L46 -> CLOSED | P48: =CPUE!L46 -> CLOSED | Q48: =Effort!N46 -> CLOSED | R48: =Harvest!N46 -> CLOSED | S48: =CPUE!N46 -> CLOSED | T48: =+E48+H48 -> 908.68203 | U48: =+F48+I48 -> 11427.439
A49: 41996 | B49: 41996 | C49: -1.3 | D49: 0.81319444 | E49: =Effort!F47 -> 633.4912 | F49: =Harvest!F47 -> 8907.2702 | G49: =CPUE!F47 -> 14.060606 | H49: =Effort!H47 -> 275.19084 | I49: =Harvest!H47 -> 2520.1687 | J49: =CPUE!H47 -> 9.1578947 | K49: =Effort!J47 -> CLOSED | L49: =Harvest!J47 -> CLOSED | M49: =CPUE!J47 -> CLOSED | N49: =Effort!L47 -> CLOSED | O49: =Harvest!L47 -> CLOSED | P49: =CPUE!L47 -> CLOSED | Q49: =Effort!N47 -> CLOSED | R49: =Harvest!N47 -> CLOSED | S49: =CPUE!N47 -> CLOSED | T49: =+E49+H49 -> 908.68203 | U49: =+F49+I49 -> 11427.439
A50: Tide Series Totals | E50: =SUM(E45:E49) -> 4544.5982 | F50: =SUM(F45:F49) -> 42670.952 | G50: =+F50/E50 -> 9.3893783 | H50: =SUM(H45:H49) -> 2113.6975 | I50: =SUM(I45:I49) -> 18305.086 | J50: =+I50/H50 -> 8.6602204 | K50: =SUM(K45:K49) -> 781.84676 | L50: =SUM(L45:L49) -> 68.986479 | M50: =+L50/K50 -> 0.088235294 | N50: =SUM(N45:N49) -> 2236.6115 | O50: =SUM(O45:O49) -> 19026.822 | P50: =+O50/N50 -> 8.5069855 | T50: =SUM(T45:T48) -> 8768.072 | U50: =SUM(U45:U48) -> 68644.408
A51: 42004 | B51: 42004 | C51: 0.6 | D51: 0.62847222 | E51: =Effort!F49 -> 5185.6617 | F51: =Harvest!F49 -> 59297.035 | G51: =CPUE!F49 -> 11.434806 | H51: =Effort!H49 -> 2069.6049 | I51: =Harvest!H49 -> 30310.543 | J51: =CPUE!H49 -> 14.64557 | K51: =Effort!J49 -> 2956.2948 | L51: =Harvest!J49 -> 44344.421 | M51: =CPUE!J49 -> 15 | N51: =Effort!L49 -> 1992.3104 | O51: =Harvest!L49 -> 29884.656 | P51: =CPUE!L49 -> 15 | Q51: =Effort!N49 -> CLOSED | R51: =Harvest!N49 -> CLOSED | S51: =CPUE!N49 -> CLOSED | T51: =+E51+H51+K51+N51 -> 12203.872 | U51: =+F51+I51+L51+O51 -> 163836.66
A52: 42005 | B52: 42005 | C52: 0.2 | D52: 0.66736111 | E52: =Effort!F50 -> 3826.3357 | F52: =Harvest!F50 -> 57295.218 | G52: =CPUE!F50 -> 14.973913 | H52: =Effort!H50 -> 2197.8904 | I52: =Harvest!H50 -> 32968.356 | J52: =CPUE!H50 -> 15 | K52: =Effort!J50 -> 3455.8474 | L52: =Harvest!J50 -> 51837.711 | M52: =CPUE!J50 -> 15 | N52: =Effort!L50 -> 2947.4411 | O52: =Harvest!L50 -> 44211.617 | P52: =CPUE!L50 -> 15 | Q52: =Effort!N50 -> CLOSED | R52: =Harvest!N50 -> CLOSED | S52: =CPUE!N50 -> CLOSED | T52: =+E52+H52+K52+N52 -> 12427.515 | U52: =+F52+I52+L52+O52 -> 186312.9
A53: 42006 | B53: 42006 | C53: -0.2 | D53: 0.70069444 | E53: =Effort!F51 -> 2940.3607 | F53: =Harvest!F51 -> 44105.411 | G53: =CPUE!F51 -> 15 | H53: =Effort!H51 -> 2043.1925 | I53: =Harvest!H51 -> 30647.888 | J53: =CPUE!H51 -> 15 | K53: =Effort!J51 -> 2410.8541 | L53: =Harvest!J51 -> 33253.161 | M53: =CPUE!J51 -> 13.793103 | N53: =Effort!L51 -> 1198.2598 | O53: =Harvest!L51 -> 17958.534 | P53: =CPUE!L51 -> 14.987179 | Q53: =Effort!N51 -> CLOSED | R53: =Harvest!N51 -> CLOSED | S53: =CPUE!N51 -> CLOSED | T53: =+E53+H53+K53+N53 -> 8592.6672 | U53: =+F53+I53+L53+O53 -> 125964.99
A54: 42007 | B54: 42007 | C54: -0.5 | D54: 0.73055556 | E54: =Effort!F52 -> 5795.5223 | F54: =Harvest!F52 -> 53497.129 | G54: =CPUE!F52 -> 9.2307692 | H54: =Effort!H52 -> 1791.1229 | I54: =Harvest!H52 -> 25908.8 | J54: =CPUE!H52 -> 14.465116 | K54: =Effort!J52 -> 3146.0924 | L54: =Harvest!J52 -> 47280.008 | M54: =CPUE!J52 -> 15.028169 | N54: =Effort!L52 -> 1581.326 | O54: =Harvest!L52 -> 23688.884 | P54: =CPUE!L52 -> 14.980392 | Q54: =Effort!N52 -> CLOSED | R54: =Harvest!N52 -> CLOSED | S54: =CPUE!N52 -> CLOSED | T54: =+E54+H54+K54+N54 -> 12314.064 | U54: =+F54+I54+L54+O54 -> 150374.82
A55: 42008 | B55: 42008 | C55: -0.5 | D55: 0.75833333 | E55: =Effort!F53 -> 154.10096 | F55: =Harvest!F53 -> 616.40383 | G55: =CPUE!F53 -> 4 | H55: =Effort!H53 -> 65.74828 | I55: =Harvest!H53 -> 547.90233 | J55: =CPUE!H53 -> 8.3333333 | K55: =Effort!J53 -> CLOSED | L55: =Harvest!J53 -> CLOSED | M55: =CPUE!J53 -> CLOSED | N55: =Effort!L53 -> 97.88867 | O55: =Harvest!L53 -> 391.55468 | P55: =CPUE!L53 -> 4 | Q55: =Effort!N53 -> CLOSED | R55: =Harvest!N53 -> CLOSED | S55: =CPUE!N53 -> CLOSED | T55: =+E55+H55+N55 -> 317.73791 | U55: =+F55+I55+O55 -> 1555.8608
A56: 42009 | B56: 42009 | C56: -0.5 | D56: 0.78333333 | E56: =Effort!F54 -> 18.722546 | F56: =Harvest!F54 -> 0 | G56: =CPUE!F54 -> 0 | H56: =Effort!H54 -> 65.74828 | I56: =Harvest!H54 -> 0 | J56: =CPUE!H54 -> 0 | K56: =Effort!J54 -> CLOSED | L56: =Harvest!J54 -> CLOSED | M56: =CPUE!J54 -> CLOSED | N56: =Effort!L54 -> CLOSED | O56: =Harvest!L54 -> CLOSED | P56: =CPUE!L54 -> CLOSED | Q56: =Effort!N54 -> CLOSED | R56: =Harvest!N54 -> CLOSED | S56: =CPUE!N54 -> CLOSED | T56: =+E56+H56 -> 84.470826 | U56: =+F56+I56 -> 0
A57: 42010 | B57: 42010 | C57: -0.3 | D57: 0.80763889 | E57: =Effort!F55 -> 412.79152 | F57: =Harvest!F55 -> 2502.8202 | G57: =CPUE!F55 -> 6.0631579 | H57: =Effort!H55 -> 176.12047 | I57: =Harvest!H55 -> 2224.6796 | J57: =CPUE!H55 -> 12.631579 | K57: =Effort!J55 -> CLOSED | L57: =Harvest!J55 -> CLOSED | M57: =CPUE!J55 -> CLOSED | N57: =Effort!L55 -> CLOSED | O57: =Harvest!L55 -> CLOSED | P57: =CPUE!L55 -> CLOSED | Q57: =Effort!N55 -> CLOSED | R57: =Harvest!N55 -> CLOSED | S57: =CPUE!N55 -> CLOSED | T57: =+E57+H57 -> 588.91198 | U57: =+F57+I57 -> 4727.4997
A58: 42011 | B58: 42011 | C58: -0.1 | D58: 0.83125 | E58: =Effort!F56 -> 103.19917 | F58: =Harvest!F56 -> 1547.9876 | G58: =CPUE!F56 -> 15 | H58: =Effort!H56 -> 121.52754 | I58: =Harvest!H56 -> 1503.9033 | J58: =CPUE!H56 -> 12.375 | K58: =Effort!J56 -> CLOSED | L58: =Harvest!J56 -> CLOSED | M58: =CPUE!J56 -> CLOSED | N58: =Effort!L56 -> CLOSED | O58: =Harvest!L56 -> CLOSED | P58: =CPUE!L56 -> CLOSED | Q58: =Effort!N56 -> CLOSED | R58: =Harvest!N56 -> CLOSED | S58: =CPUE!N56 -> CLOSED | T58: =+E58+H58 -> 224.72671 | U58: =+F58+I58 -> 3051.8908
A59: Tide Series Totals | E59: =SUM(E51:E58) -> 18436.695 | F59: =SUM(F51:F58) -> 218862.01 | G59: =+F59/E59 -> 11.871 | H59: =SUM(H51:H58) -> 8530.9553 | I59: =SUM(I51:I58) -> 124112.07 | J59: =+I59/H59 -> 14.548438 | K59: =SUM(K51:K58) -> 11969.089 | L59: =SUM(L51:L58) -> 176715.3 | M59: =+L59/K59 -> 14.764307 | N59: =SUM(N51:N58) -> 7817.226 | O59: =SUM(O51:O58) -> 116135.25 | P59: =+O59/N59 -> 14.856324 | T59: =SUM(T51:T58) -> 46753.965 | U59: =SUM(U51:U58) -> 635824.62
A60: 42021 | B60: 42021 | C60: 0.1 | D60: 0.67708333 | E60: =Effort!F58 -> 1104.7197 | F60: =Harvest!F58 -> 16325.303 | G60: =CPUE!F58 -> 14.777778 | H60: =Effort!H58 -> 1317.3795 | I60: =Harvest!H58 -> 11633.474 | J60: =CPUE!H58 -> 8.8307692 | K60: =Effort!J58 -> 1990.4827 | L60: =Harvest!J58 -> 23136.13 | M60: =CPUE!J58 -> 11.623377 | N60: =Effort!L58 -> 1277.5845 | O60: =Harvest!L58 -> 17233.196 | P60: =CPUE!L58 -> 13.488889 | Q60: =Effort!N58 -> CLOSED | R60: =Harvest!N58 -> CLOSED | S60: =CPUE!N58 -> CLOSED | T60: =+E60+H60+K60+N60 -> 5690.1664 | U60: =+F60+I60+L60+O60 -> 68328.102
A61: 42022 | B61: 42022 | C61: -0.6 | D61: 0.70972222 | E61: =Effort!F59 -> 1179.8159 | F61: =Harvest!F59 -> 17697.239 | G61: =CPUE!F59 -> 15 | H61: =Effort!H59 -> 1060.826 | I61: =Harvest!H59 -> 15912.39 | J61: =CPUE!H59 -> 15 | K61: =Effort!J59 -> CLOSED | L61: =Harvest!J59 -> CLOSED | M61: =CPUE!J59 -> CLOSED | N61: =Effort!L59 -> 2382.1223 | O61: =Harvest!L59 -> 29732.415 | P61: =CPUE!L59 -> 12.481481 | Q61: =Effort!N59 -> CLOSED | R61: =Harvest!N59 -> CLOSED | S61: =CPUE!N59 -> CLOSED | T61: =+E61+H61+N61 -> 4622.7642 | U61: =+F61+I61+O61 -> 63342.043
A62: 42023 | B62: 42023 | C62: -1.1 | D62: 0.74097222 | E62: =Effort!F60 -> 3049.0422 | F62: =Harvest!F60 -> 45897.079 | G62: =CPUE!F60 -> 15.05295 | H62: =Effort!H60 -> 2365.6253 | I62: =Harvest!H60 -> 35484.38 | J62: =CPUE!H60 -> 15 | K62: =Effort!J60 -> CLOSED | L62: =Harvest!J60 -> CLOSED | M62: =CPUE!J60 -> CLOSED | N62: =Effort!L60 -> CLOSED | O62: =Harvest!L60 -> CLOSED | P62: =CPUE!L60 -> CLOSED | Q62: =Effort!N60 -> CLOSED | R62: =Harvest!N60 -> CLOSED | S62: =CPUE!N60 -> CLOSED | T62: =+E62+H62 -> 5414.6676 | U62: =+F62+I62 -> 81381.459
A63: 42024 | B63: 42024 | C63: -1.4 | D63: 0.77083333 | E63: =Effort!F61 -> 214.59394 | F63: =Harvest!F61 -> 3075.8464 | G63: =CPUE!F61 -> 14.333333 | H63: =Effort!H61 -> 172.02029 | I63: =Harvest!H61 -> 2455.662 | J63: =CPUE!H61 -> 14.275421 | K63: =Effort!J61 -> CLOSED | L63: =Harvest!J61 -> CLOSED | M63: =CPUE!J61 -> CLOSED | N63: =Effort!L61 -> CLOSED | O63: =Harvest!L61 -> CLOSED | P63: =CPUE!L61 -> CLOSED | Q63: =Effort!N61 -> CLOSED | R63: =Harvest!N61 -> CLOSED | S63: =CPUE!N61 -> CLOSED | T63: =+E63+H63 -> 386.61422 | U63: =+F63+I63 -> 5531.5084
A64: 42025 | B64: 42025 | C64: -1.4 | D64: 0.80069444 | E64: =Effort!F62 -> 455.45235 | F64: =Harvest!F62 -> 6804.182 | G64: =CPUE!F62 -> 14.939394 | H64: =Effort!H62 -> 568.17317 | I64: =Harvest!H62 -> 8522.5976 | J64: =CPUE!H62 -> 15 | K64: =Effort!J62 -> CLOSED | L64: =Harvest!J62 -> CLOSED | M64: =CPUE!J62 -> CLOSED | N64: =Effort!L62 -> CLOSED | O64: =Harvest!L62 -> CLOSED | P64: =CPUE!L62 -> CLOSED | Q64: =Effort!N62 -> CLOSED | R64: =Harvest!N62 -> CLOSED | S64: =CPUE!N62 -> CLOSED | T64: =+E64+H64 -> 1023.6255 | U64: =+F64+I64 -> 15326.78
A65: 42026 | B65: 42026 | C65: -1.1 | D65: 0.83055556 | E65: =Effort!F63 -> 94.283006 | F65: =Harvest!F63 -> 1414.2451 | G65: =CPUE!F63 -> 15 | H65: =Effort!H63 -> 117.6173 | I65: =Harvest!H63 -> 1793.6638 | J65: =CPUE!H63 -> 15.25 | K65: =Effort!J63 -> CLOSED | L65: =Harvest!J63 -> CLOSED | M65: =CPUE!J63 -> CLOSED | N65: =Effort!L63 -> CLOSED | O65: =Harvest!L63 -> CLOSED | P65: =CPUE!L63 -> CLOSED | Q65: =Effort!N63 -> CLOSED | R65: =Harvest!N63 -> CLOSED | S65: =CPUE!N63 -> CLOSED | T65: =+E65+H65 -> 211.9003 | U65: =+F65+I65 -> 3207.9089
A66: 42027 | B66: 42027 | C66: -0.6 | D66: 0.86111111 | E66: =Effort!F64 -> 325.55899 | F66: =Harvest!F64 -> 4883.3848 | G66: =CPUE!F64 -> 15 | H66: =Effort!H64 -> 221 | I66: =Harvest!H64 -> 761.22222 | J66: =CPUE!H64 -> 3.4444444 | K66: =Effort!J64 -> CLOSED | L66: =Harvest!J64 -> CLOSED | M66: =CPUE!J64 -> CLOSED | N66: =Effort!L64 -> 188.7509 | O66: =Harvest!L64 -> 578.04963 | P66: =CPUE!L64 -> 3.0625 | Q66: =Effort!N64 -> CLOSED | R66: =Harvest!N64 -> CLOSED | S66: =CPUE!N64 -> CLOSED | T66: =+E66+H66+N66 -> 735.30989 | U66: =+F66+I66+O66 -> 6222.6567
A67: 42028 | B67: 42028 | C67: 0.1 | D67: 0.89236111 | E67: =Effort!F65 -> 661.59799 | F67: =Harvest!F65 -> 8078.4597 | G67: =CPUE!F65 -> 12.210526 | H67: =Effort!H65 -> 319.70479 | I67: =Harvest!H65 -> 1738.3948 | J67: =CPUE!H65 -> 5.4375 | K67: =Effort!J65 -> 413.86003 | L67: =Harvest!J65 -> 6207.9005 | M67: =CPUE!J65 -> 15 | N67: =Effort!L65 -> 398.46208 | O67: =Harvest!L65 -> 5976.9311 | P67: =CPUE!L65 -> 15 | Q67: =Effort!N65 -> CLOSED | R67: =Harvest!N65 -> CLOSED | S67: =CPUE!N65 -> CLOSED | T67: =+E67+H67 -> 981.30278 | U67: =+F67+I67+L67+O67 -> 22001.686
A68: Tide Series Totals | E68: =SUM(E60:E67) -> 7085.0641 | F68: =SUM(F60:F67) -> 104175.74 | G68: =+F68/E68 -> 14.70357 | H68: =SUM(H60:H67) -> 6142.3463 | I68: =SUM(I60:I67) -> 78301.784 | J68: =+I68/H68 -> 12.747862 | K68: =SUM(K60:K67) -> 2404.3427 | L68: =SUM(L60:L67) -> 29344.03 | M68: =+L68/K68 -> 12.204596 | N68: =SUM(N60:N67) -> 4246.9198 | O68: =SUM(O60:O67) -> 53520.592 | P68: =+O68/N68 -> 12.602214 | T68: =SUM(T60:T67) -> 19066.351 | U68: =SUM(U60:U67) -> 265342.15
A69: 42034 | B69: 42034 | C69: 0.5 | D69: 0.65486111 | E69: =Effort!F67 -> 1919.5354 | F69: =Harvest!F67 -> 27880.081 | G69: =CPUE!F67 -> 14.52439 | H69: =Effort!H67 -> 1115.0024 | I69: =Harvest!H67 -> 16725.036 | J69: =CPUE!H67 -> 15 | K69: =Effort!J67 -> CLOSED | L69: =Harvest!J67 -> CLOSED | M69: =CPUE!J67 -> CLOSED | N69: =Effort!L67 -> 2439.2317 | O69: =Harvest!L67 -> 36714.643 | P69: =CPUE!L67 -> 15.051724 | Q69: =Effort!N67 -> CLOSED | R69: =Harvest!N67 -> CLOSED | S69: =CPUE!N67 -> CLOSED | T69: =+E69+H69+N69 -> 5473.7695 | U69: =+F69+I69+O69 -> 81319.76
A70: 42035 | B70: 42035 | C70: 0.2 | D70: 0.68888889 | E70: =Effort!F68 -> 4368.9322 | F70: =Harvest!F68 -> 65533.983 | G70: =CPUE!F68 -> 15 | H70: =Effort!H68 -> 1927.9377 | I70: =Harvest!H68 -> 15664.494 | J70: =CPUE!H68 -> 8.125 | K70: =Effort!J68 -> 3379.9945 | L70: =Harvest!J68 -> 50699.918 | M70: =CPUE!J68 -> 15 | N70: =Effort!L68 -> 2745.0019 | O70: =Harvest!L68 -> 41175.028 | P70: =CPUE!L68 -> 15 | Q70: =Effort!N68 -> CLOSED | R70: =Harvest!N68 -> CLOSED | S70: =CPUE!N68 -> CLOSED | T70: =+E70+H70+K70+N70 -> 12421.866 | U70: =+F70+I70+L70+O70 -> 173073.42
A71: 42036 | B71: 42036 | C71: 0 | D71: 0.71875 | E71: =Effort!F69 -> 178.14593 | F71: =Harvest!F69 -> 2672.1889 | G71: =CPUE!F69 -> 15 | H71: =Effort!H69 -> 106.01042 | I71: =Harvest!H69 -> 1590.1562 | J71: =CPUE!H69 -> 15 | K71: =Effort!J69 -> CLOSED | L71: =Harvest!J69 -> CLOSED | M71: =CPUE!J69 -> CLOSED | N71: =Effort!L69 -> 238.05015 | O71: =Harvest!L69 -> 2971.2185 | P71: =CPUE!L69 -> 12.481481 | Q71: =Effort!N69 -> CLOSED | R71: =Harvest!N69 -> CLOSED | S71: =CPUE!N69 -> CLOSED | T71: =+E71+H71+N71 -> 522.20649 | U71: =+F71+I71+O71 -> 7233.5636
A72: 42037 | B72: 42037 | C72: -0.1 | D72: 0.74513889 | E72: =Effort!F70 -> 416.90722 | F72: =Harvest!F70 -> 6253.6083 | G72: =CPUE!F70 -> 15 | H72: =Effort!H70 -> 589.34494 | I72: =Harvest!H70 -> 8813.3856 | J72: =CPUE!H70 -> 14.954545 | K72: =Effort!J70 -> CLOSED | L72: =Harvest!J70 -> CLOSED | M72: =CPUE!J70 -> CLOSED | N72: =Effort!L70 -> CLOSED | O72: =Harvest!L70 -> CLOSED | P72: =CPUE!L70 -> CLOSED | Q72: =Effort!N70 -> CLOSED | R72: =Harvest!N70 -> CLOSED | S72: =CPUE!N70 -> CLOSED | T72: =+E72+H72 -> 1006.2522 | U72: =+F72+I72 -> 15066.994
A73: 42038 | B73: 42038 | C73: -0.1 | D73: 0.76875 | E73: =Effort!F71 -> 332.98933 | F73: =Harvest!F71 -> 4835.0051 | G73: =CPUE!F71 -> 14.52 | H73: =Effort!H71 -> 124.80839 | I73: =Harvest!H71 -> 1700.3209 | J73: =CPUE!H71 -> 13.62345 | K73: =Effort!J71 -> CLOSED | L73: =Harvest!J71 -> CLOSED | M73: =CPUE!J71 -> CLOSED | N73: =Effort!L71 -> CLOSED | O73: =Harvest!L71 -> CLOSED | P73: =CPUE!L71 -> CLOSED | Q73: =Effort!N71 -> CLOSED | R73: =Harvest!N71 -> CLOSED | S73: =CPUE!N71 -> CLOSED | T73: =+E73+H73 -> 457.79772 | U73: =+F73+I73 -> 6535.326
A74: 42039 | B74: 42039 | C74: 0 | D74: 0.79097222 | E74: =Effort!F72 -> 139.699 | F74: =Harvest!F72 -> 2095.485 | G74: =CPUE!F72 -> 15 | H74: =Effort!H72 -> 297.49578 | I74: =Harvest!H72 -> 3923.2256 | J74: =CPUE!H72 -> 13.1875 | K74: =Effort!J72 -> CLOSED | L74: =Harvest!J72 -> CLOSED | M74: =CPUE!J72 -> CLOSED | N74: =Effort!L72 -> CLOSED | O74: =Harvest!L72 -> CLOSED | P74: =CPUE!L72 -> CLOSED | Q74: =Effort!N72 -> CLOSED | R74: =Harvest!N72 -> CLOSED | S74: =CPUE!N72 -> CLOSED | T74: =+E74+H74 -> 437.19478 | U74: =+F74+I74 -> 6018.7105
A75: 42040 | B75: 42040 | C75: 0.2 | D75: 0.8125 | E75: =Effort!F73 -> 0 | F75: =Harvest!F73 -> 0 | G75: =CPUE!F73 -> 0 | H75: =Effort!I73 -> 0 | I75: =Harvest!H73 -> 0 | J75: =CPUE!H73 -> 0 | K75: =Effort!J73 -> CLOSED | L75: =Harvest!J73 -> CLOSED | M75: =CPUE!J73 -> CLOSED | N75: =Effort!L73 -> CLOSED | O75: =Harvest!L73 -> CLOSED | P75: =CPUE!L73 -> CLOSED | Q75: =Effort!N73 -> CLOSED | R75: =Harvest!N73 -> CLOSED | S75: =CPUE!N73 -> CLOSED | T75: =+E75+H75 -> 0 | U75: =+F75+I75 -> 0
A76: 42041 | B76: 42041 | C76: 0.5 | D76: 0.83333333 | E76: =Effort!F74 -> 0 | F76: =Harvest!F74 -> 0 | G76: =CPUE!F74 -> 0 | H76: =Effort!I74 -> 0 | I76: =Harvest!H74 -> 0 | J76: =CPUE!H74 -> 0 | K76: =Effort!J74 -> CLOSED | L76: =Harvest!J74 -> CLOSED | M76: =CPUE!J74 -> CLOSED | N76: =Effort!L74 -> CLOSED | O76: =Harvest!L74 -> CLOSED | P76: =CPUE!L74 -> CLOSED | Q76: =Effort!N74 -> CLOSED | R76: =Harvest!N74 -> CLOSED | S76: =CPUE!N74 -> CLOSED | T76: =+E76+H76 -> 0 | U76: =+F76+I76 -> 0
A77: Tide Series Totals | E77: =SUM(E69:E76) -> 7356.2091 | F77: =SUM(F69:F76) -> 109270.35 | G77: =+F77/E77 -> 14.854166 | H77: =SUM(H69:H76) -> 4160.5996 | I77: =SUM(I69:I76) -> 48416.618 | J77: =+I77/H77 -> 11.636933 | K77: =SUM(K70:K76) -> 3379.9945 | L77: =SUM(L70:L76) -> 50699.918 | M77: =+L77/K77 -> 15 | N77: =SUM(N69:N76) -> 5422.2837 | O77: =SUM(O69:O76) -> 80860.89 | P77: =+O77/N77 -> 14.9127 | T77: =SUM(T69:T76) -> 20319.087 | U77: =SUM(U69:U76) -> 289247.78
A78: 42050 | B78: 42050 | C78: 0.2 | D78: 0.65763889 | E78: =Effort!F76 -> 6299.9198 | F78: =Harvest!F76 -> 94498.797 | G78: =CPUE!F76 -> 15 | H78: =Effort!H76 -> 6859.7444 | I78: =Harvest!H76 -> 103186.01 | J78: =CPUE!H76 -> 15.042254 | K78: =Effort!J76 -> CLOSED | L78: =Harvest!J76 -> CLOSED | M78: =CPUE!J76 -> CLOSED | N78: =Effort!L76 -> CLOSED | O78: =Harvest!L76 -> CLOSED | P78: =CPUE!L76 -> CLOSED | Q78: =Effort!N76 -> CLOSED | R78: =Harvest!N76 -> CLOSED | S78: =CPUE!N76 -> CLOSED | T78: =+E78+H78 -> 13159.664 | U78: =+F78+I78 -> 197684.81
A79: 42051 | B79: 42051 | C79: -0.5 | D79: 0.69236111 | E79: =Effort!F77 -> 4971.7959 | F79: =Harvest!F77 -> 74576.938 | G79: =CPUE!F77 -> 15 | H79: =Effort!H77 -> 5413.6005 | I79: =Harvest!H77 -> 81204.007 | J79: =CPUE!H77 -> 15 | K79: =Effort!J77 -> CLOSED | L79: =Harvest!J77 -> CLOSED | M79: =CPUE!J77 -> CLOSED | N79: =Effort!L77 -> CLOSED | O79: =Harvest!L77 -> CLOSED | P79: =CPUE!L77 -> CLOSED | Q79: =Effort!N77 -> CLOSED | R79: =Harvest!N77 -> CLOSED | S79: =CPUE!N77 -> CLOSED | T79: =+E79+H79 -> 10385.396 | U79: =+F79+I79 -> 155780.95
A80: 42052 | B80: 42052 | C80: -0.9 | D80: 0.725 | E80: =Effort!F78 -> 2320.8508 | F80: =Harvest!F78 -> 34812.762 | G80: =CPUE!F78 -> 15 | H80: =Effort!H78 -> 2571.5348 | I80: =Harvest!H78 -> 37083.18 | J80: =CPUE!H78 -> 14.420641 | K80: =Effort!J78 -> CLOSED | L80: =Harvest!J78 -> CLOSED | M80: =CPUE!J78 -> CLOSED | N80: =Effort!L78 -> CLOSED | O80: =Harvest!L78 -> CLOSED | P80: =CPUE!L78 -> CLOSED | Q80: =Effort!N78 -> CLOSED | R80: =Harvest!N78 -> CLOSED | S80: =CPUE!N78 -> CLOSED | T80: =+E80+H80 -> 4892.3855 | U80: =+F80+I80 -> 71895.941
A81: 42053 | B81: 42053 | C81: -1.1 | D81: 0.75555556 | E81: =Effort!F79 -> 2031.7555 | F81: =Harvest!F79 -> 30476.332 | G81: =CPUE!F79 -> 15 | H81: =Effort!H79 -> 2251.2132 | I81: =Harvest!H79 -> 33446.596 | J81: =CPUE!H79 -> 14.857143 | K81: =Effort!J79 -> CLOSED | L81: =Harvest!J79 -> CLOSED | M81: =CPUE!J79 -> CLOSED | N81: =Effort!L79 -> CLOSED | O81: =Harvest!L79 -> CLOSED | P81: =CPUE!L79 -> CLOSED | Q81: =Effort!N79 -> CLOSED | R81: =Harvest!N79 -> CLOSED | S81: =CPUE!N79 -> CLOSED | T81: =+E81+H81 -> 4282.9687 | U81: =+F81+I81 -> 63922.929
A82: 42054 | B82: 42054 | C82: -1.1 | D82: 0.78541667 | E82: =Effort!F80 -> 2031.7555 | F82: =Harvest!F80 -> 30476.332 | G82: =CPUE!F80 -> 15 | H82: =Effort!H80 -> 2251.2132 | I82: =Harvest!H80 -> 33446.596 | J82: =CPUE!H80 -> 14.857143 | K82: =Effort!J80 -> CLOSED | L82: =Harvest!J80 -> CLOSED | M82: =CPUE!J80 -> CLOSED | N82: =Effort!L80 -> CLOSED | O82: =Harvest!L80 -> CLOSED | P82: =CPUE!L80 -> CLOSED | Q82: =Effort!N80 -> CLOSED | R82: =Harvest!N80 -> CLOSED | S82: =CPUE!N80 -> CLOSED | T82: =+E82+H82 -> 4282.9687 | U82: =+F82+I82 -> 63922.929
A83: 42055 | B83: 42055 | C83: -0.7 | D83: 0.81458333 | E83: =Effort!F81 -> 3705.8154 | F83: =Harvest!F81 -> 54801.133 | G83: =CPUE!F81 -> 14.787875 | H83: =Effort!H81 -> 1103.2527 | I83: =Harvest!H81 -> 15041.012 | J83: =CPUE!H81 -> 13.633333 | K83: =Effort!J81 -> CLOSED | L83: =Harvest!J81 -> CLOSED | M83: =CPUE!J81 -> CLOSED | N83: =Effort!L81 -> 1885.4994 | O83: =Harvest!L81 -> 28282.491 | P83: =CPUE!L81 -> 15 | Q83: =Effort!N81 -> CLOSED | R83: =Harvest!N81 -> CLOSED | S83: =CPUE!N81 -> CLOSED | T83: =+E83+H83+N83 -> 6694.5675 | U83: =+F83+I83+O83 -> 98124.636
A84: 42056 | B84: 42056 | C84: -0.1 | D84: 0.84444444 | E84: =Effort!F82 -> 3160.775 | F84: =Harvest!F82 -> 47411.624 | G84: =CPUE!F82 -> 15 | H84: =Effort!H82 -> 1518.7782 | I84: =Harvest!H82 -> 21322.058 | J84: =CPUE!H82 -> 14.038954 | K84: =Effort!J82 -> 2960.4092 | L84: =Harvest!J82 -> 43528.98 | M84: =CPUE!J82 -> 14.703704 | N84: =Effort!L82 -> 1331.1065 | O84: =Harvest!L82 -> 19966.598 | P84: =CPUE!L82 -> 15 | Q84: =Effort!N82 -> CLOSED | R84: =Harvest!N82 -> CLOSED | S84: =CPUE!N82 -> CLOSED | T84: =+E84+H84+K84+N84 -> 8971.0689 | U84: =+F84+I84+L84+O84 -> 132229.26
A85: 42057 | B85: 42057 | C85: 0.6 | D85: 0.875 | E85: =Effort!F83 -> 760.72618 | F85: =Harvest!F83 -> 11410.893 | G85: =CPUE!F83 -> 15 | H85: =Effort!H83 -> 264 | I85: =Harvest!H83 -> 3960 | J85: =CPUE!H83 -> 15 | K85: =Effort!J83 -> CLOSED | L85: =Harvest!J83 -> CLOSED | M85: =CPUE!J83 -> CLOSED | N85: =Effort!L83 -> 349.52814 | O85: =Harvest!L83 -> 5242.9221 | P85: =CPUE!L83 -> 15 | Q85: =Effort!N83 -> CLOSED | R85: =Harvest!N83 -> CLOSED | S85: =CPUE!N83 -> CLOSED | T85: =+E85+H85+N85 -> 1374.2543 | U85: =+F85+I85+O85 -> 20613.815
A86: Tide Series Totals | E86: =SUM(E78:E85) -> 25283.394 | F86: =SUM(F78:F85) -> 378464.81 | G86: =+F86/E86 -> 14.968909 | H86: =SUM(H78:H85) -> 22233.337 | I86: =SUM(I78:I85) -> 328689.46 | J86: =+I86/H86 -> 14.783632 | K86: =SUM(K84:K85) -> 2960.4092 | L86: =SUM(L84:L85) -> 43528.98 | M86: =+L86/K86 -> 14.703704 | N86: =SUM(N83:N85) -> 3566.1341 | O86: =SUM(O83:O85) -> 53492.011 | P86: =+O86/N86 -> 15 | T86: =SUM(T78:T85) -> 54043.274 | U86: =SUM(U78:U85) -> 804175.27
A87: 42065 | B87: 42065 | C87: 0.5 | D87: 0.70069444 | E87: =Effort!F85 -> 950.09191 | F87: =Harvest!F85 -> 14251.379 | G87: =CPUE!F85 -> 15 | H87: =Effort!H85 -> 1273.5892 | I87: =Harvest!H85 -> 19103.838 | J87: =CPUE!H85 -> 15 | K87: =Effort!J85 -> CLOSED | L87: =Harvest!J85 -> CLOSED | M87: =CPUE!J85 -> CLOSED | N87: =Effort!L85 -> CLOSED | O87: =Harvest!L85 -> CLOSED | P87: =CPUE!L85 -> CLOSED | Q87: =Effort!N85 -> CLOSED | R87: =Harvest!N85 -> CLOSED | S87: =CPUE!N85 -> CLOSED | T87: =+E87+H87 -> 2223.6811 | U87: =+F87+I87 -> 33355.217
A88: 42066 | B88: 42066 | C88: 0.4 | D88: 0.72638889 | E88: =Effort!F86 -> 800 | F88: =Harvest!F86 -> 12000 | G88: =CPUE!F86 -> 15 | H88: =Effort!H86 -> 900.77811 | I88: =Harvest!H86 -> 13511.672 | J88: =CPUE!H86 -> 15 | K88: =Effort!J86 -> CLOSED | L88: =Harvest!J86 -> CLOSED | M88: =CPUE!J86 -> CLOSED | N88: =Effort!L86 -> CLOSED | O88: =Harvest!L86 -> CLOSED | P88: =CPUE!L86 -> CLOSED | Q88: =Effort!N86 -> CLOSED | R88: =Harvest!N86 -> CLOSED | S88: =CPUE!N86 -> CLOSED | T88: =+E88+H88 -> 1700.7781 | U88: =+F88+I88 -> 25511.672
A89: 42067 | B89: 42067 | C89: 0.4 | D89: 0.74930556 | E89: =Effort!F87 -> 1114.3658 | F89: =Harvest!F87 -> 16715.487 | G89: =CPUE!F87 -> 15 | H89: =Effort!H87 -> 1234.7327 | I89: =Harvest!H87 -> 18394.998 | J89: =CPUE!H87 -> 15 | K89: =Effort!J87 -> CLOSED | L89: =Harvest!J87 -> CLOSED | M89: =CPUE!J87 -> CLOSED | N89: =Effort!L87 -> CLOSED | O89: =Harvest!L87 -> CLOSED | P89: =CPUE!L87 -> CLOSED | Q89: =Effort!N87 -> CLOSED | R89: =Harvest!N87 -> CLOSED | S89: =CPUE!N87 -> CLOSED | T89: =+E89+H89 -> 2349.0985 | U89: =+F89+I89 -> 35110.484
A90: 42068 | B90: 42068 | C90: 0.5 | D90: 0.77083333 | E90: =Effort!F88 -> 476.25816 | F90: =Harvest!F88 -> 7143.8725 | G90: =CPUE!F88 -> 15 | H90: =Effort!H88 -> 536.25366 | I90: =Harvest!H88 -> 7766.8796 | J90: =CPUE!H88 -> 15 | K90: =Effort!J88 -> CLOSED | L90: =Harvest!J88 -> CLOSED | M90: =CPUE!J88 -> CLOSED | N90: =Effort!L88 -> CLOSED | O90: =Harvest!L88 -> CLOSED | P90: =CPUE!L88 -> CLOSED | Q90: =Effort!N88 -> CLOSED | R90: =Harvest!N88 -> CLOSED | S90: =CPUE!N88 -> CLOSED | T90: =+E90+H90 -> 1012.5118 | U90: =+F90+I90 -> 14910.752
A91: Tide Series Totals | E91: =SUM(E87:E90) -> 3340.7159 | F91: =SUM(F87:F90) -> 50110.738 | G91: =+F91/E91 -> 15 | H91: =SUM(H87:H90) -> 3945.3537 | I91: =SUM(I87:I90) -> 58777.387 | J91: =+I91/H91 -> 14.897875 | T91: =SUM(T87:T90) -> 7286.0696 | U91: =SUM(U87:U90) -> 108888.13
A92: 42079 | B92: =+A92 -> 42079 | C92: 0.3 | D92: 0.67708333 | E92: =Effort!F90 -> 663.87511 | F92: =Harvest!F90 -> 9958.1267 | G92: =CPUE!F90 -> 15 | H92: =Effort!H90 -> 747.50521 | I92: =Harvest!H90 -> 11212.578 | J92: =CPUE!H90 -> 15 | K92: =Effort!J90 -> CLOSED | L92: =Harvest!J90 -> CLOSED | M92: =CPUE!J90 -> CLOSED | N92: =Effort!L90 -> CLOSED | O92: =Harvest!L90 -> CLOSED | P92: =CPUE!L90 -> CLOSED | Q92: =Effort!N90 -> CLOSED | R92: =Harvest!N90 -> CLOSED | S92: =CPUE!N90 -> CLOSED | T92: =+E92+H92 -> 1411.3803 | U92: =+F92+I92 -> 21170.705
A93: 42080 | B93: =+A93 -> 42080 | C93: -0.2 | D93: 0.71388889 | E93: =Effort!F91 -> 867.76175 | F93: =Harvest!F91 -> 13033.441 | G93: =CPUE!F91 -> 15.019608 | H93: =Effort!H91 -> 977.07599 | I93: =Harvest!H91 -> 14170.069 | J93: =CPUE!H91 -> 14.502525 | K93: =Effort!J91 -> CLOSED | L93: =Harvest!J91 -> CLOSED | M93: =CPUE!J91 -> CLOSED | N93: =Effort!L91 -> CLOSED | O93: =Harvest!L91 -> CLOSED | P93: =CPUE!L91 -> CLOSED | Q93: =Effort!N91 -> CLOSED | R93: =Harvest!N91 -> CLOSED | S93: =CPUE!N91 -> CLOSED | T93: =+E93+H93 -> 1844.8377 | U93: =+F93+I93 -> 27203.51
A94: 42081 | B94: =+A94 -> 42081 | C94: -0.5 | D94: 0.74791667 | E94: =Effort!F92 -> 1252.9781 | F94: =Harvest!F92 -> 18794.672 | G94: =CPUE!F92 -> 15 | H94: =Effort!H92 -> 1410.8191 | I94: =Harvest!H92 -> 20433.729 | J94: =CPUE!H92 -> 14.483593 | K94: =Effort!J92 -> CLOSED | L94: =Harvest!J92 -> CLOSED | M94: =CPUE!J92 -> CLOSED | N94: =Effort!L92 -> CLOSED | O94: =Harvest!L92 -> CLOSED | P94: =CPUE!L92 -> CLOSED | Q94: =Effort!N92 -> CLOSED | R94: =Harvest!N92 -> CLOSED | S94: =CPUE!N92 -> CLOSED | T94: =+E94+H94 -> 2663.7972 | U94: =+F94+I94 -> 39228.401
A95: 42082 | B95: =+A95 -> 42082 | C95: -0.5 | D95: 0.77916667 | E95: =Effort!F93 -> 1252.9781 | F95: =Harvest!F93 -> 18794.672 | G95: =CPUE!F93 -> 15 | H95: =Effort!H93 -> 1410.8191 | I95: =Harvest!H93 -> 20433.729 | J95: =CPUE!H93 -> 14.483593 | K95: =Effort!J93 -> CLOSED | L95: =Harvest!J93 -> CLOSED | M95: =CPUE!J93 -> CLOSED | N95: =Effort!L93 -> CLOSED | O95: =Harvest!L93 -> CLOSED | P95: =CPUE!L93 -> CLOSED | Q95: =Effort!N93 -> CLOSED | R95: =Harvest!N93 -> CLOSED | S95: =CPUE!N93 -> CLOSED | T95: =+E95+H95 -> 2663.7972 | U95: =+F95+I95 -> 39228.401
A96: 42083 | B96: =+A96 -> 42083 | C96: -0.4 | D96: 0.80972222 | E96: =Effort!F94 -> 5074.0605 | F96: =Harvest!F94 -> 65250.26 | G96: =CPUE!F94 -> 12.859575 | H96: =Effort!H94 -> 2586.0108 | I96: =Harvest!H94 -> 32138.925 | J96: =CPUE!H94 -> 12.427993 | K96: =Effort!J94 -> 4545.0958 | L96: =Harvest!J94 -> 62814.245 | M96: =CPUE!J94 -> 13.820225 | N96: =Effort!L94 -> 2995.733 | O96: =Harvest!L94 -> 39011.101 | P96: =CPUE!L94 -> 13.022222 | Q96: =Effort!N94 -> CLOSED | R96: =Harvest!N94 -> CLOSED | S96: =CPUE!N94 -> CLOSED | T96: =+E96+H96+K96+N96 -> 15200.9 | U96: =+F96+I96+L96+O96 -> 199214.53
A97: 42084 | B97: =+A97 -> 42084 | C97: -0.5 | D97: 0.32986111 | E97: =Effort!F95 -> 8823.6492 | F97: =Harvest!F95 -> 132354.74 | G97: =CPUE!F95 -> 15 | H97: =Effort!H95 -> 5519.2265 | I97: =Harvest!H95 -> 62080.924 | J97: =CPUE!H95 -> 11.24812 | K97: =Effort!J95 -> 7523.6935 | L97: =Harvest!J95 -> 104686.82 | M97: =CPUE!J95 -> 13.914286 | N97: =Effort!L95 -> 3139.9977 | O97: =Harvest!L95 -> 47099.966 | P97: =CPUE!L95 -> 15 | Q97: =Effort!N95 -> CLOSED | R97: =Harvest!N95 -> CLOSED | S97: =CPUE!N95 -> CLOSED | T97: =+E97+H97+K97+N97 -> 25006.567 | U97: =+F97+I97+L97+O97 -> 346222.45
A98: 42085 | B98: =+A98 -> 42085 | C98: -0.7 | D98: 0.3625 | E98: =Effort!F96 -> 6761.8563 | F98: =Harvest!F96 -> 101427.84 | G98: =CPUE!F96 -> 15 | H98: =Effort!H96 -> 2909.4876 | I98: =Harvest!H96 -> 40685.466 | J98: =CPUE!H96 -> 13.983722 | K98: =Effort!J96 -> 4417.4898 | L98: =Harvest!J96 -> 64495.351 | M98: =CPUE!J96 -> 14.6 | N98: =Effort!L96 -> 3096.8319 | O98: =Harvest!L96 -> 45703.244 | P98: =CPUE!L96 -> 14.758065 | Q98: =Effort!N96 -> CLOSED | R98: =Harvest!N96 -> CLOSED | S98: =CPUE!N96 -> CLOSED | T98: =+E98+H98+K98+N98 -> 17185.666 | U98: =+F98+I98+L98+O98 -> 252311.91
A99: 42086 | B99: =+A99 -> 42086 | C99: -0.6 | D99: 0.39652778 | E99: =Effort!F97 -> 1037.0643 | F99: =Harvest!F97 -> 12770.864 | G99: =CPUE!F97 -> 12.314439 | H99: =Effort!H97 -> 1150.9334 | I99: =Harvest!H97 -> 13632.607 | J99: =CPUE!H97 -> 11.844828 | K99: =Effort!J97 -> CLOSED | L99: =Harvest!J97 -> CLOSED | M99: =CPUE!J97 -> CLOSED | N99: =Effort!L97 -> CLOSED | O99: =Harvest!L97 -> CLOSED | P99: =CPUE!L97 -> CLOSED | Q99: =Effort!N97 -> CLOSED | R99: =Harvest!N97 -> CLOSED | S99: =CPUE!N97 -> CLOSED | T99: =+E99+H99 -> 2187.9976 | U99: =+F99+I99 -> 26403.471
A100: 42087 | B100: =+A100 -> 42087 | C100: -0.3 | D100: 0.43125 | E100: =Effort!F98 -> 2063.3454 | F100: =Harvest!F98 -> 30828.808 | G100: =CPUE!F98 -> 14.941176 | H100: =Effort!H98 -> 2323.2705 | I100: =Harvest!H98 -> 33517.345 | J100: =CPUE!H98 -> 14.426794 | K100: =Effort!J98 -> CLOSED | L100: =Harvest!J98 -> CLOSED | M100: =CPUE!J98 -> CLOSED | N100: =Effort!L98 -> CLOSED | O100: =Harvest!L98 -> CLOSED | P100: =CPUE!L98 -> CLOSED | Q100: =Effort!N98 -> CLOSED | R100: =Harvest!N98 -> CLOSED | S100: =CPUE!N98 -> CLOSED | T100: =+E100+H100 -> 4386.6159 | U100: =+F100+I100 -> 64346.153
...

Sheet Copy Sheet
A1: BeachName | B1: Date | C1: Effort | D1: Harvest | E1: CPUE | F1: EventID | G1: CorrectionFactor
A2: Copalis | B2: 41923 | C2: 2205.5586 | D2: 8634.5273 | E2: 3.9148936 | F2: 1028 | G2: 0.50836664
A3: LongBeach | B3: 41919 | C3: 1633.3349 | D3: 24500.023 | E3: 15 | F3: 1022 | G3: 0.64889997
A4: LongBeach | B4: 41920 | C4: 1665.0139 | D4: 24526.935 | E4: 14.730769 | F4: 1023 | G4: 0.71276665
A5: LongBeach | B5: 41921 | C5: 1725.9979 | D5: 25889.969 | E5: 15 | F5: 1034 | G5: 0.64889997
A6: LongBeach | B6: 41922 | C6: 2633.4004 | D6: 37783.571 | E6: 14.347826 | F6: 1033 | G6: 0.71276665
A7: LongBeach | B7: 41923 | C7: 1397.0056 | D7: 9249.1406 | E7: 6.6206897 | F7: 1032 | G7: 0.70696664
A8: Mocrocks | B8: 41922 | C8: 1222.3151 | D8: 16040.535 | E8: 13.123077 | F8: 1027 | G8: 0.4786
A9: Mocrocks | B9: 41923 | C9: 2126.2957 | D9: 24229.882 | E9: 11.395349 | F9: 1030 | G9: 0.54353333
A10: Mocrocks | B10: 41924 | C10: 294.76325 | D10: 3766.4192 | E10: 12.777778 | F10: 1031 | G10: 0.56029999
A11: Twin Harbors | B11: 41919 | C11: 1485.9239 | D11: 22288.859 | E11: 15 | F11: 1021 | G11: 0.51243335
A12: Twin Harbors | B12: 41920 | C12: 1763.3463 | D12: 26450.194 | E12: 15 | F12: 1024 | G12: 0.53109998
A13: Twin Harbors | B13: 41921 | C13: 1310.4623 | D13: 17842.448 | E13: 13.615385 | F13: 1025 | G13: 0.52713335
... A15: Twin Harbors | B15: 41923 | C15: 484.01957 | D15: 4169.3616 | E15: 8.6140351 | F15: 1029 | G15: 0.52713335
A17: BeachName | B17: Date | C17: Effort | D17: Harvest | E17: CPUE | F17: EventID | G17: CorrectionFactor
A18: Copalis | B18: 41937 | C18: 196.05298 | D18: 0 | E18: 0 | F18: 1044 | G18: 0.4939
A19: LongBeach | B19: 41934 | C19: 218.83188 | D19: 0 | E19: 0 | F19: 1036 | G19: 0.64889997
A20: LongBeach | B20: 41935 | C20: 524.09571 | D20: 7861.4357 | E20: 15 | F20: 1037 | G20: 0.669725
A21: LongBeach | B21: 41936 | C21: 892.37092 | D21: 12716.286 | E21: 14.25 | F21: 1039 | G21: 0.64883333
A22: LongBeach | B22: 41938 | C22: 100.64938 | D22: 1509.7407 | E22: 15 | F22: 1038 | G22: 0.669725
A23: LongBeach | B23: 41940 | C23: 9.9014573 | D23: 0 | E23: 0 | F23: 1040 | G23: 0.70696664
A24: Mocrocks | B24: 41936 | C24: 1499.4481 | D24: 20419.757 | E24: 13.618182 | F24: 1043 | G24: 0.54353333
A25: Mocrocks | B25: 41938 | C25: 380.01382 | D25: 5700.2073 | E25: 15 | F25: 1045 | G25: 0.56029999
A26: Twin Harbors | B26: 41934 | C26: 380.70948 | D26: 265.34297 | E26: 0.6969697 | F26: 1035 | G26: 0.51243335
A27: Twin Harbors | B27: 41935 | C27: 770.81403 | D27: 10873.984 | E27: 14.107143 | F27: 1041 | G27: 0.53109998
A28: Twin Harbors | B28: 41936 | C28: 1019.0882 | D28: 11569.649 | E28: 11.352941 | F28: 1042 | G28: 0.52824998
A29: Twin Harbors | B29: 41938 | C29: 212.02083 | D29: 3180.3125 | E29: 15 | F29: 1046 | G29: 0.52824998
A30: Twin Harbors | B30: 41939 | C30: 91.838867 | D30: 1270.4377 | E30: 13.833333 | F30: 1047 | G30: 0.47909999
A32: BeachName | B32: Date | C32: Effort | D32: Harvest | E32: CPUE | F32: EventID | G32: CorrectionFactor
A33: Copalis | B33: 41951 | C33: 3127.5339 | D33: 42243.129 | E33: 13.506849 | F33: 1056 | G33: 0.45344999
A34: LongBeach | B34: 41947 | C34: 798.0736 | D34: 11971.104 | E34: 15 | F34: 1048 | G34: 0.72675002
A35: LongBeach | B35: 41948 | C35: 476.76527 | D35: 7161.623 | E35: 15.021277 | F35: 1062 | G35: 0.70696664
A36: LongBeach | B36: 41949 | C36: 695.72654 | D36: 10435.898 | E36: 15 | F36: 1061 | G36: 0.70142502
A37: LongBeach | B37: 41950 | C37: 2757.2142 | D37: 39767.513 | E37: 14.423077 | F37: 1060 | G37: 0.45583335
A38: Mocrocks | B38: 41950 | C38: 1063.9833 | D38: 15959.749 | E38: 15 | F38: 1053 | G38: 0.5812
A39: Mocrocks | B39: 41951 | C39: 1948.1299 | D39: 27588.032 | E39: 14.16129 | F39: 1054 | G39: 0.57266665
A40: Mocrocks | B40: 41952 | C40: 728.74218 | D40: 7838.027 | E40: 10.755556 | F40: 1059 | G40: 0.56029999
A41: Twin Harbors | B41: 41947 | C41: 1095.9097 | D41: 16438.646 | E41: 15 | F41: 1049 | G41: 0.52824998
A42: Twin Harbors | B42: 41948 | C42: 894.43514 | D42: 13416.527 | E42: 15 | F42: 1050 | G42: 0.53109998
A43: Twin Harbors | B43: 41949 | C43: 904.89438 | D43: 13304.393 | E43: 14.702703 | F43: 1051 | G43: 0.52713335
A44: Twin Harbors | B44: 41950 | C44: 1487.4789 | D44: 22312.183 | E44: 15 | F44: 1052 | G44: 0.53109998
... A47: Twin Harbors | B47: 41954 | C47: 56.48654 | D47: 847.2981 | E47: 15 | F47: 1057 | G47: 0.53109998
A49: BeachName | B49: Date | C49: Effort | D49: Harvest | E49: CPUE | F49: EventID | G49: CorrectionFactor
A50: Copalis | B50: 41965 | C50: 2124.6544 | D50: 20605.139 | E50: 9.6981132 | F50: 1067 | G50: 0.50836664
A51: LongBeach | B51: 41963 | C51: 433.43652 | D51: 6375.1289 | E51: 14.708333 | F51: 1073 | G51: 0.72675002
A52: LongBeach | B52: 41964 | C52: 250.83411 | D52: 1755.8388 | E52: 7 | F52: 1075 | G52: 0.69435
A53: LongBeach | B53: 41966 | C53: 370.08223 | D53: 5551.2334 | E53: 15 | F53: 1076 | G53: 0.59986669
A54: LongBeach | B54: 41967 | C54: 121.08703 | D54: 196.76642 | E54: 1.625 | F54: 1077 | G54: 0.72675002
A55: Mocrocks | B55: 41964 | C55: 640.25513 | D55: 4579.216 | E55: 7.1521739 | F55: 1064 | G55: 0.54353333
A56: Mocrocks | B56: 41965 | C56: 1283.331 | D56: 19249.966 | E56: 15 | F56: 1065 | G56: 0.53347498
A57: Mocrocks | B57: 41966 | C57: 428.76518 | D57: 6389.9843 | E57: 14.903226 | F57: 1066 | G57: 0.55912501
A58: Twin Harbors | B58: 41963 | C58: 1033.7037 | D58: 15197.644 | E58: 14.702128 | F58: 1068 | G58: 0.53109998
A59: Twin Harbors | B59: 41964 | C59: 302.8869 | D59: 908.66071 | E59: 3 | F59: 1069 | G59: 0.52824998
A60: Twin Harbors | B60: 41965 | C60: 1333.693 | D60: 12687.182 | E60: 9.5128205 | F60: 1070 | G60: 0.53109998
A61: Twin Harbors | B61: 41966 | C61: 367.39597 | D61: 3603.9795 | E61: 9.8095238 | F61: 1071 | G61: 0.52713335
... A63: Twin Harbors | B63: 41969 | C63: 338.05782 | D63: 3634.1216 | E63: 10.75 | F63: 1074 | G63: 0.51555002
A65: BeachName | B65: Date | C65: Effort | D65: Harvest | E65: CPUE | F65: EventID | G65: CorrectionFactor
A66: Copalis | B66: 41979 | C66: 1191.6819 | D66: 15362.334 | E66: 12.891304 | F66: 1078 | G66: 0.50836664
A67: LongBeach | B67: 41976 | C67: 824.28295 | D67: 12364.244 | E67: 15 | F67: 1088 | G67: 0.50872499
A68: LongBeach | B68: 41977 | C68: 830.18446 | D68: 12452.767 | E68: 15 | F68: 1082 | G68: 0.59986669
A69: LongBeach | B69: 41978 | C69: 846.04719 | D69: 12690.708 | E69: 15 | F69: 1083 | G69: 0.64889997
A70: LongBeach | B70: 41979 | C70: 1083.2473 | D70: 15925.352 | E70: 14.701493 | F70: 1084 | G70: 0.72675002
A71: LongBeach | B71: 41980 | C71: 70.175437 | D71: 1052.6316 | E71: 15 | F71: 1085 | G71: 0.72675002
A72: Mocrocks | B72: 41978 | C72: 961.20238 | D72: 14418.036 | E72: 15 | F72: 1079 | G72: 0.5722
A73: Mocrocks | B73: 41979 | C73: 1410.4646 | D73: 20966.366 | E73: 14.864865 | F73: 1080 | G73: 0.54605001
A74: Mocrocks | B74: 41980 | C74: 347.34048 | D74: 5210.1071 | E74: 15 | F74: 1081 | G74: 0.5812
A75: Twin Harbors | B75: 41976 | C75: 674.07271 | D75: 10111.091 | E75: 15 | F75: 1086 | G75: 0.53109998
A76: Twin Harbors | B76: 41977 | C76: 609.55989 | D76: 9075.6695 | E76: 14.888889 | F76: 1087 | G76: 0.52824998
A77: Twin Harbors | B77: 41978 | C77: 760.71939 | D77: 11410.791 | E77: 15 | F77: 1089 | G77: 0.52824998
A78: Twin Harbors | B78: 41980 | C78: 293.76068 | D78: 3113.8633 | E78: 10.6 | F78: 1090 | G78: 0.47909999
A80: BeachName | B80: Date | C80: Effort | D80: Harvest | E80: CPUE | F80: EventID | G80: CorrectionFactor
A81: Copalis | B81: 41993 | C81: 781.84676 | D81: 68.986479 | E81: 0.088235294 | F81: 1091 | G81: 0.44510001
A82: LongBeach | B82: 41995 | C82: 633.4912 | D82: 8907.2702 | E82: 14.060606 | F82: 1096 | G82: 0.70696664
A83: Mocrocks | B83: 41992 | C83: 909.71745 | D83: 5939.9198 | E83: 6.5294118 | F83: 1092 | G83: 0.50784999
A84: Mocrocks | B84: 41993 | C84: 454.43396 | D84: 0 | E84: 0 | F84: 1093 | G84: 0.54353333
A85: Twin Harbors | B85: 41992 | C85: 550.46402 | D85: 3878.2693 | E85: 7.0454545 | F85: 1094 | G85: 0.52824998
A86: Twin Harbors | B86: 41995 | C86: 737.87683 | D86: 9386.4796 | E86: 12.72093 | F86: 1095 | G86: 0.53109998
A87: Twin Harbors | B87: 41996 | C87: 275.19084 | D87: 2520.1687 | E87: 9.1578947 | F87: 1097 | G87: 0.53109998
A89: BeachName | B89: Date | C89: Effort | D89: Harvest | E89: CPUE | F89: EventID | G89: CorrectionFactor
A90: Copalis | B90: 42004 | C90: 2956.2948 | D90: 44344.421 | E90: 15 | F90: 1101 | G90: 0.48506665
A91: Copalis | B91: 42005 | C91: 3455.8474 | D91: 51837.711 | E91: 15 | F91: 1102 | G91: 0.49166667
A92: Copalis | B92: 42006 | C92: 2410.8541 | D92: 33253.161 | E92: 13.793103 | F92: 1103 | G92: 0.46129999
A93: Copalis | B93: 42007 | C93: 3146.0924 | D93: 47280.008 | E93: 15.028169 | F93: 1104 | G93: 0.50836664
A94: LongBeach | B94: 42005 | C94: 3826.3357 | D94: 57295.218 | E94: 14.973913 | F94: 1111 | G94: 0.71276665
A95: LongBeach | B95: 42006 | C95: 2940.3607 | D95: 44105.411 | E95: 15 | F95: 1112 | G95: 0.64889997
A96: LongBeach | B96: 42007 | C96: 5795.5223 | D96: 53497.129 | E96: 9.2307692 | F96: 1113 | G96: 0.64889997
A97: LongBeach | B97: 42008 | C97: 154.10096 | D97: 616.40383 | E97: 4 | F97: 1114 | G97: 0.69435
A98: LongBeach | B98: 42009 | C98: 18.722546 | D98: 0 | E98: 0 | F98: 1115 | G98: 0.69435
A99: LongBeach | B99: 42011 | C99: 103.19917 | D99: 1547.9876 | E99: 15 | F99: 1116 | G99: 0.72675002
A100: Mocrocks | B100: 42004 | C100: 1992.3104 | D100: 29884.656 | E100: 15 | F100: 1098 | G100: 0.5722
A101: Mocrocks | B101: 42005 | C101: 2947.4411 | D101: 44211.617 | E101: 15 | F101: 1099 | G101: 0.57266665
... A111: Twin Harbors | B111: 42011 | C111: 121.52754 | D111: 1503.9033 | E111: 12.375 | F111: 1117 | G111: 0.47396666
A113: BeachName | B113: Date | C113: Effort | D113: Harvest | E113: CPUE | F113: EventID | G113: CorrectionFactor
A114: Copalis | B114: 42021 | C114: 1990.4827 | D114: 23136.13 | E114: 11.623377 | F114: 1125 | G114: 0.44510001
A115: Copalis | B115: 42028 | C115: 413.86003 | D115: 6207.9005 | E115: 15 | F115: 1135 | G115: 0.51515001
A116: LongBeach | B116: 42021 | C116: 1104.7197 | D116: 16325.303 | E116: 14.777778 | F116: 1126 | G116: 0.70696664
A117: LongBeach | B117: 42024 | C117: 214.59394 | D117: 3075.8464 | E117: 14.333333 | F117: 1128 | G117: 0.64889997
A118: LongBeach | B118: 42025 | C118: 455.45235 | D118: 6804.182 | E118: 14.939394 | F118: 1129 | G118: 0.72675002
A119: LongBeach | B119: 42027 | C119: 325.55899 | D119: 4883.3848 | E119: 15 | F119: 1136 | G119: 0.72675002
A120: LongBeach | B120: 42028 | C120: 661.59799 | D120: 8078.4597 | E120: 12.210526 | F120: 1137 | G120: 0.50872499
...

Sheet Tide Info
A1: TideDate | B1: TideHeight | C1: TideTime | D1: Sunrise | E1: Sunset
A2: 41893 | B2: -0.1 | C2: 0.35347222 | D2: 0.28402778 | E2: 0.81736111
A3: 41893 | B3: -0.7 | C3: 0.87847222 | D3: 0.28402778 | E3: 0.81736111
A4: 41894 | B4: 0.5 | C4: 0.38333333 | D4: 0.28541667 | E4: 0.81597222
A5: 41894 | B5: -0.5 | C5: 0.9125 | D5: 0.28541667 | E5: 0.81597222
A6: 41895 | B6: 1.3 | C6: 0.41388889 | D6: 0.28611111 | E6: 0.81458333
A7: 41895 | B7: -0.2 | C7: 0.94861111 | D7: 0.28611111 | E7: 0.81458333
A8: 41896 | B8: 2 | C8: 0.44652778 | D8: 0.28680556 | E8: 0.81319444
A9: 41896 | B9: 0.3 | C9: 0.9875 | D9: 0.28680556 | E9: 0.81319444
A10: 41897 | B10: 2.6 | C10: 0.48472222 | D10: 0.28819444 | E10: 0.81180556
A11: 41898 | B11: 0.7 | C11: 0.030555556 | D11: 0.28888889 | E11: 0.81041667
A12: 41898 | B12: 3.1 | C12: 0.52916667 | D12: 0.28888889 | E12: 0.81041667
A13: 41899 | B13: 0.9 | C13: 0.077083333 | D13: 0.28958333 | E13: 0.80902778
... A1677: 42766 | B1677: 0.2 | C1677: 0.86805556 | D1677: 0.32222222 | E1677: 0.72083333

Sheet Tribal update
A1: 2014-2015 State (non-Indian) Recreational Razor Clam Effort, Harvest and CPUE totals.
E2: COPALIS | I2: MOCROCKS | M2: KALALOCH | Q2: DAILY TOTALS
A3: DATE | B3: DAY | C3: TIDE | D3: TIME | E3: Effort | F3: Harvest | G3: CPUE | H3: Size (mm) | I3: Effort | J3: Harvest | K3: CPUE | L3: Size (mm) | M3: Effort | N3: Harvest | O3: CPUE | P3: Size (mm) | Q3: Effort | R3: Harvest
A4: 41922 | B4: =+A4 -> 41922 | C4: -1.1 | D4: 0.86319444 | E4: CLOSED | F4: CLOSED | G4: CLOSED | I4: 1222.3151 | J4: 16040.535 | K4: 13.123077 | M4: CLOSED | N4: CLOSED | O4: CLOSED | Q4: =+I4 -> 1222.3151 | R4: =+J4 -> 16040.535
A5: 41923 | B5: =+A5 -> 41923 | C5: -0.8 | D5: 0.89444444 | E5: 2205.5586 | F5: 8634.5273 | G5: 3.9148936 | I5: 2126.2957 | J5: 24229.882 | K5: 11.395349 | M5: CLOSED | N5: CLOSED | O5: CLOSED | Q5: =+E5+I5 -> 4331.8543 | R5: =+F5+J5 -> 32864.409
A6: 41924 | B6: =+A6 -> 41924 | C6: =-0.3 -> -0.3 | D6: 0.92708333 | E6: CLOSED | F6: CLOSED | G6: CLOSED | I6: 294.76325 | J6: 3766.4192 | K6: 12.777778 | M6: CLOSED | N6: CLOSED | O6: CLOSED | Q6: =+I6 -> 294.76325 | R6: =+J6 -> 3766.4192
E7: =SUM(E4:E6) -> 2205.5586 | F7: =SUM(F4:F6) -> 8634.5273 | G7: =+F7/E7 -> 3.9148936 | I7: =SUM(I4:I6) -> 3643.3741 | J7: =SUM(J4:J6) -> 44036.836 | K7: =+J7/I7 -> 12.086828 | L7: 120.68 | Q7: =SUM(Q4:Q6) -> 5848.9327 | R7: =SUM(R4:R6) -> 52671.363
A8: 41936 | B8: 41936 | C8: -0.4 | D8: 0.82222222 | E8: CLOSED | F8: CLOSED | G8: CLOSED | I8: 1499.4481 | J8: 20419.757 | K8: 13.618182 | M8: CLOSED | N8: CLOSED | O8: CLOSED | Q8: =+I8 -> 1499.4481 | R8: =+J8 -> 20419.757
A9: 41937 | B9: 41937 | C9: -0.6 | D9: 0.84861111 | E9: 196.05298 | F9: 0 | G9: 0 | I9: 203.36133 | J9: 0 | K9: 0 | M9: CLOSED | N9: CLOSED | O9: CLOSED | Q9: =+E9+I9 -> 399.4143 | R9: =+F9+J9 -> 0
A10: 41938 | B10: 41938 | C10: -0.6 | D10: 0.87708333 | E10: CLOSED | F10: CLOSED | G10: CLOSED | I10: 380.01382 | J10: 5700.2073 | K10: 15 | M10: CLOSED | N10: CLOSED | O10: CLOSED | Q10: =+I10 -> 380.01382 | R10: =+J10 -> 5700.2073
E11: =SUM(E9:E10) -> 196.05298 | F11: =SUM(F9:F10) -> 0 | G11: =+F11/E11 -> 0 | I11: =SUM(I8:I10) -> 2082.8232 | J11: =SUM(J8:J10) -> 26119.964 | K11: =+J11/I11 -> 12.540653 | L11: 115.39 | Q11: =SUM(Q8:Q10) -> 2278.8762 | R11: =SUM(R8:R10) -> 26119.964
A12: 41950 | B12: 41950 | C12: -1.2 | D12: 0.77916667 | E12: CLOSED | F12: CLOSED | G12: CLOSED | I12: 1063.9833 | J12: 15959.749 | K12: 15 | M12: CLOSED | N12: CLOSED | O12: CLOSED | Q12: =+I12 -> 1063.9833 | R12: =+J12 -> 15959.749
A13: 41951 | B13: 41951 | C13: -1.1 | D13: 0.80833333 | E13: 3127.5339 | F13: 42243.129 | G13: 13.506849 | I13: 1948.1299 | J13: 27588.032 | K13: 14.16129 | M13: CLOSED | N13: CLOSED | O13: CLOSED | Q13: =+E13+I13 -> 5075.6638 | R13: =+F13+J13 -> 69831.162
A14: 41952 | B14: 41952 | C14: -0.7 | D14: 0.83680556 | E14: CLOSED | F14: CLOSED | G14: CLOSED | I14: 728.74218 | J14: 7838.027 | K14: 10.755556 | M14: CLOSED | N14: CLOSED | O14: CLOSED | Q14: =+I14 -> 728.74218 | R14: =+J14 -> 7838.027
E15: =SUM(E13:E14) -> 3127.5339 | F15: =SUM(F13:F14) -> 42243.129 | G15: =+F15/E15 -> 13.506849 | I15: =SUM(I12:I14) -> 3740.8553 | J15: =SUM(J12:J14) -> 51385.809 | K15: =+J15/I15 -> 13.73638 | Q15: =SUM(Q12:Q14) -> 6868.3892 | R15: =SUM(R12:R14) -> 93628.938
A16: 41964 | B16: 41964 | C16: -0.5 | D16: 0.73958333 | E16: CLOSED | F16: CLOSED | G16: CLOSED | I16: 640.25513 | J16: 4579.216 | K16: 7.1521739 | M16: CLOSED | N16: CLOSED | O16: CLOSED | Q16: =+I16 -> 640.25513 | R16: =+J16 -> 4579.216
A17: 41965 | B17: 41965 | C17: -0.8 | D17: 0.76666667 | E17: 2124.6544 | F17: 20605.139 | G17: 9.6981132 | I17: 1283.331 | J17: 19249.966 | K17: 15 | M17: CLOSED | N17: CLOSED | O17: CLOSED | Q17: =+E17+I17 -> 3407.9855 | R17: =+F17+J17 -> 39855.105
A18: 41966 | B18: 41966 | C18: -1 | D18: 0.79513889 | E18: CLOSED | F18: CLOSED | G18: CLOSED | I18: 428.76518 | J18: 6389.9843 | K18: 14.903226 | M18: CLOSED | N18: CLOSED | O18: CLOSED | Q18: =+I18 -> 428.76518 | R18: =+J18 -> 6389.9843
E19: =SUM(E17:E18) -> 2124.6544 | F19: =SUM(F17:F18) -> 20605.139 | G19: =+F19/E19 -> 9.6981132 | I19: =SUM(I16:I18) -> 2352.3513 | J19: =SUM(J16:J18) -> 30219.166 | K19: =+J19/I19 -> 12.846366 | Q19: =SUM(Q16:Q18) -> 4477.0058 | R19: =SUM(R16:R18) -> 50824.305
A20: 41978 | B20: 41964 | C20: -0.9 | D20: 0.70972222 | E20: CLOSED | F20: CLOSED | G20: CLOSED | I20: 961.20238 | J20: 14418.036 | K20: 15 | M20: CLOSED | N20: CLOSED | O20: CLOSED | Q20: =+I20 -> 961.20238 | R20: =+J20 -> 14418.036
A21: 41979 | B21: 41965 | C21: -1 | D21: 0.73958333 | E21: 1191.6819 | F21: 15362.334 | G21: 12.891304 | I21: 1410.4646 | J21: 20966.366 | K21: 14.864865 | M21: CLOSED | N21: CLOSED | O21: CLOSED | Q21: =+E21+I21 -> 2602.1465 | R21: =+F21+J21 -> 36328.699
A22: 41980 | B22: 41966 | C22: -0.9 | D22: 0.76805556 | E22: CLOSED | F22: CLOSED | G22: CLOSED | I22: 347.34048 | J22: 5210.1071 | K22: 15 | M22: CLOSED | N22: CLOSED | O22: CLOSED | Q22: =+I22 -> 347.34048 | R22: =+J22 -> 5210.1071
E23: =SUM(E21:E22) -> 1191.6819 | F23: =SUM(F21:F22) -> 15362.334 | G23: =+F23/E23 -> 12.891304 | I23: =SUM(I20:I22) -> 2719.0074 | J23: =SUM(J20:J22) -> 40594.508 | K23: =+J23/I23 -> 14.9299 | Q23: =SUM(Q20:Q22) -> 3910.6893 | R23: =SUM(R20:R22) -> 55956.842
A24: 41992 | B24: 41964 | C24: 0 | D24: 0.69513889 | E24: CLOSED | F24: CLOSED | G24: CLOSED | I24: 909.71745 | J24: 5939.9198 | K24: 6.5294118 | M24: CLOSED | N24: CLOSED | O24: CLOSED | Q24: =+I24 -> 909.71745 | R24: =+J24 -> 5939.9198
A25: 41993 | B25: 41965 | C25: -0.6 | D25: 0.72430556 | E25: 781.84676 | F25: 68.986479 | G25: 0.088235294 | I25: 454.43396 | J25: 0 | K25: 0 | M25: CLOSED | N25: CLOSED | O25: CLOSED | Q25: =+E25+I25 -> 1236.2807 | R25: =+F25+J25 -> 68.986479
A26: 41994 | B26: 41966 | C26: -1.1 | D26: 0.75416667 | E26: CLOSED | F26: CLOSED | G26: CLOSED | I26: 872.46014 | J26: 13086.902 | K26: 15 | M26: CLOSED | N26: CLOSED | O26: CLOSED | Q26: =+I26 -> 872.46014 | R26: =+J26 -> 13086.902
E27: =SUM(E25:E26) -> 781.84676 | F27: =SUM(F25:F26) -> 68.986479 | G27: =+F27/E27 -> 0.088235294 | I27: =SUM(I24:I26) -> 2236.6115 | J27: =SUM(J24:J26) -> 19026.822 | K27: =+J27/I27 -> 8.5069855 | Q27: =SUM(Q24:Q26) -> 3018.4583 | R27: =SUM(R24:R26) -> 19095.808
A28: 42004 | B28: Wed | C28: 0.6 | D28: 0.62847222 | E28: 2956.2948 | F28: 44344.421 | G28: 15 | I28: 1992.3104 | J28: 29884.656 | K28: 15 | M28: CLOSED | N28: CLOSED | O28: CLOSED | Q28: =+E28+I28 -> 4948.6051 | R28: =+F28+J28 -> 74229.077
A29: 42005 | B29: Thu | C29: 0.2 | D29: 0.66736111 | E29: 3455.8474 | F29: 51837.711 | G29: 15 | I29: 2947.4411 | J29: 44211.617 | K29: 15 | M29: CLOSED | N29: CLOSED | O29: CLOSED | Q29: =+E29+I29 -> 6403.2886 | R29: =+F29+J29 -> 96049.328
A30: 42006 | B30: Fri | C30: -0.2 | D30: 0.70069444 | E30: 2410.8541 | F30: 33253.161 | G30: 13.793103 | I30: 1198.2598 | J30: 17958.534 | K30: 14.987179 | M30: CLOSED | N30: CLOSED | O30: CLOSED | Q30: =+E30+I30 -> 3609.1139 | R30: =+F30+J30 -> 51211.695
A31: 41642 | B31: Sat | C31: -0.5 | D31: 0.73055556 | E31: 3146.0924 | F31: 47280.008 | G31: 15.028169 | I31: 1581.326 | J31: 23688.884 | K31: 14.980392 | M31: CLOSED | N31: CLOSED | O31: CLOSED | Q31: =+E31+I31 -> 4727.4184 | R31: =+F31+J31 -> 70968.892
A32: 41643 | B32: Sun | C32: -0.05 | D32: 0.75833333 | E32: CLOSED | F32: CLOSED | G32: CLOSED | I32: 97.88867 | J32: 391.55468 | K32: 4 | M32: CLOSED | N32: CLOSED | O32: CLOSED | Q32: =+I32 -> 97.88867 | R32: =+J32 -> 391.55468
E33: =SUM(E28:E32) -> 11969.089 | F33: =SUM(F28:F32) -> 176715.3 | G33: =+F33/E33 -> 14.764307 | I33: =SUM(I28:I32) -> 7817.226 | J33: =SUM(J28:J32) -> 116135.25 | K33: =+J33/I33 -> 14.856324 | Q33: =SUM(Q28:Q32) -> 19786.315 | R33: =SUM(R28:R32) -> 292850.55
A34: 42021 | B34: 42021 | C34: 0.1 | D34: 0.67708333 | E34: 1990.4827 | F34: 23136.13 | G34: 11.623377 | I34: 1277.5845 | J34: 17233.196 | K34: 13.488889 | M34: CLOSED | N34: CLOSED | O34: CLOSED | Q34: =+E34+I34 -> 3268.0672 | R34: =+F34+J34 -> 40369.326
A35: 42022 | B35: 42022 | C35: -0.6 | D35: 0.70972222 | E35: CLOSED | F35: CLOSED | G35: CLOSED | I35: 2382.1223 | J35: 29732.415 | K35: 12.481481 | M35: CLOSED | N35: CLOSED | O35: CLOSED | Q35: =+I35 -> 2382.1223 | R35: =+J35 -> 29732.415
A36: 42027 | B36: 42027 | C36: -0.6 | D36: 0.86111111 | E36: CLOSED | F36: CLOSED | G36: CLOSED | I36: 188.7509 | J36: 578.04963 | K36: 3.0625 | M36: CLOSED | N36: CLOSED | O36: CLOSED | Q36: =+I36 -> 188.7509 | R36: =+J36 -> 578.04963
A37: 42028 | B37: 42028 | C37: 0.1 | D37: 0.89236111 | E37: 413.86003 | F37: 6207.9005 | G37: 15 | I37: 398.46208 | J37: 5976.9311 | K37: 15 | M37: CLOSED | N37: CLOSED | O37: CLOSED | Q37: =+E37+I37 -> 812.32211 | R37: =+F37+J37 -> 12184.832
E38: =SUM(E34:E37) -> 2404.3427 | F38: =SUM(F34:F37) -> 29344.03 | G38: =+F38/E38 -> 12.204596 | I38: =SUM(I34:I37) -> 4246.9198 | J38: =SUM(J34:J37) -> 53520.592 | K38: =+J38/I38 -> 12.602214 | Q38: =SUM(Q34:Q37) -> 6651.2625 | R38: =SUM(R34:R37) -> 82864.622
A39: 42034 | B39: 42034 | C39: 0.5 | D39: 0.65486111 | E39: CLOSED | F39: CLOSED | G39: CLOSED | I39: 2439.2317 | J39: 36714.643 | K39: 15.051724 | M39: CLOSED | N39: CLOSED | O39: CLOSED | Q39: =+I39 -> 2439.2317 | R39: =+J39 -> 36714.643
A40: 42035 | B40: 42035 | C40: 0.2 | D40: 0.68888889 | E40: 3379.9945 | F40: 50699.918 | G40: 15 | I40: 2745.0019 | J40: 41175.028 | K40: 15 | M40: CLOSED | N40: CLOSED | O40: CLOSED | Q40: =+E40+I40 -> 6124.9964 | R40: =+F40+J40 -> 91874.946
A41: 42036 | B41: 42036 | C41: 0 | D41: 0.71875 | E41: CLOSED | F41: CLOSED | G41: CLOSED | I41: 238.05015 | J41: 2971.2185 | K41: 12.481481 | M41: CLOSED | N41: CLOSED | O41: CLOSED | Q41: =+I41 -> 238.05015 | R41: =+J41 -> 2971.2185
E42: =SUM(E40:E41) -> 3379.9945 | F42: =SUM(F40:F41) -> 50699.918 | G42: =+F42/E42 -> 15 | I42: =SUM(I39:I41) -> 5422.2837 | J42: =SUM(J39:J41) -> 80860.89 | K42: =+J42/I42 -> 14.9127 | Q42: =SUM(Q39:Q41) -> 8802.2783 | R42: =SUM(R39:R41) -> 131560.81
A43: 42055 | B43: 42055 | C43: -0.7 | D43: 0.81458333 | E43: CLOSED | F43: CLOSED | G43: CLOSED | I43: 1885.4994 | J43: 28282.491 | K43: 15 | M43: CLOSED | N43: CLOSED | O43: CLOSED | Q43: =+I43 -> 1885.4994 | R43: =+J43 -> 28282.491
A44: 42056 | B44: 42056 | C44: -0.1 | D44: 0.84444444 | E44: 2960.4092 | F44: 43528.98 | G44: 14.703704 | I44: 1331.1065 | J44: 19966.598 | K44: 15 | M44: CLOSED | N44: CLOSED | O44: CLOSED | Q44: =+E44+I44 -> 4291.5158 | R44: =+F44+J44 -> 63495.578
A45: 42057 | B45: 42057 | C45: 0.6 | D45: 0.875 | E45: CLOSED | F45: CLOSED | G45: CLOSED | I45: 349.52814 | J45: 5242.9221 | K45: 15 | M45: CLOSED | N45: CLOSED | O45: CLOSED | Q45: =+I45 -> 349.52814 | R45: =+J45 -> 5242.9221
E46: =SUM(E44:E45) -> 2960.4092 | F46: =SUM(F44:F45) -> 43528.98 | G46: =+F46/E46 -> 14.703704 | I46: =SUM(I43:I45) -> 3566.1341 | J46: =SUM(J43:J45) -> 53492.011 | K46: =+J46/I46 -> 15 | Q46: =SUM(Q43:Q45) -> 6526.5433 | R46: =SUM(R43:R45) -> 97020.991
A47: 42083 | B47: 42083 | C47: -0.4 | D47: 0.80972222 | E47: 4545.0958 | F47: 62814.245 | G47: 13.820225 | I47: 2995.733 | J47: 39011.101 | K47: 13.022222 | M47: CLOSED | N47: CLOSED | O47: CLOSED | Q47: =+E47+I47 -> 7540.8288 | R47: =+F47+J47 -> 101825.35
A48: 42084 | B48: 42084 | C48: -0.5 | D48: 0.32986111 | E48: 7523.6935 | F48: 104686.82 | G48: 13.914286 | I48: 3139.9977 | J48: 47099.966 | K48: 15 | M48: CLOSED | N48: CLOSED | O48: CLOSED | Q48: =+E48+I48 -> 10663.691 | R48: =+F48+J48 -> 151786.79
A49: 42085 | B49: 42085 | C49: -0.7 | D49: 0.3625 | E49: 4417.4898 | F49: 64495.351 | G49: 14.6 | I49: 3096.8319 | J49: 45703.244 | K49: 14.758065 | M49: CLOSED | N49: CLOSED | O49: CLOSED | Q49: =+E49+I49 -> 7514.3217 | R49: =+F49+J49 -> 110198.6
E50: =SUM(E47:E49) -> 16486.279 | F50: =SUM(F47:F49) -> 231996.42 | G50: =+F50/E50 -> 14.072091 | I50: =SUM(I47:I49) -> 9232.5626 | J50: =SUM(J47:J49) -> 131814.31 | K50: =+J50/I50 -> 14.27711 | Q50: =SUM(Q47:Q49) -> 25718.842 | R50: =SUM(R47:R49) -> 363810.73
A51: 42098 | B51: 42098 | C51: 0.6 | D51: 0.30763889 | E51: 2097.0113 | F51: 15847.905 | G51: 7.557377 | I51: 1463.0128 | J51: 19426.891 | K51: 13.278689 | M51: CLOSED | N51: CLOSED | O51: CLOSED | Q51: =+E51+I51 -> 3560.0241 | R51: =+F51+J51 -> 35274.796
A52: 42099 | B52: 42099 | C52: 0.3 | D52: 0.33125 | E52: 1432.2624 | F52: 21534.191 | G52: 15.035088 | I52: 1222.9439 | J52: 18124.656 | K52: 14.820513 | M52: CLOSED | N52: CLOSED | O52: CLOSED | Q52: =+E52+I52 -> 2655.2063 | R52: =+F52+J52 -> 39658.847
E53: =SUM(E51:E52) -> 3529.2737 | F53: =SUM(F51:F52) -> 37382.096 | G53: =+F53/E53 -> 10.592008 | I53: =SUM(I51:I52) -> 2685.9567 | J53: =SUM(J51:J52) -> 37551.547 | K53: =+J53/I53 -> 13.980697 | Q53: =SUM(Q51:Q52) -> 6215.2304 | R53: =SUM(R51:R52) -> 74933.643
A54: 42111 | B54: 42111 | C54: -0.2 | D54: 0.25208333 | E54: ='Summary Table'!K110 -> CLOSED | F54: ='Summary Table'!L110 -> CLOSED | G54: CLOSED | I54: ='Summary Table'!N110 -> 883.12565 | J54: ='Summary Table'!O110 -> 12235.304 | K54: ='Summary Table'!P110 -> 13.854545 | M54: CLOSED | N54: CLOSED | O54: CLOSED | Q54: =+I54 -> 883.12565 | R54: =+J54 -> 12235.304
A55: 42112 | B55: 42112 | C55: -0.9 | D55: 0.28611111 | E55: ='Summary Table'!K111 -> 4043.9921 | F55: ='Summary Table'!L111 -> 60659.882 | G55: 15 | I55: ='Summary Table'!N111 -> 3267.6745 | J55: ='Summary Table'!O111 -> 49015.117 | K55: ='Summary Table'!P111 -> 15 | M55: CLOSED | N55: CLOSED | O55: CLOSED | Q55: =+E55+I55 -> 7311.6666 | R55: =+F55+J55 -> 109675
A56: 42113 | B56: 42113 | C56: -1.3 | D56: 0.31875 | E56: ='Summary Table'!K112 -> 4225.6488 | F56: ='Summary Table'!L112 -> 63384.732 | G56: 15 | I56: ='Summary Table'!N112 -> 2651.2018 | J56: ='Summary Table'!O112 -> 39768.027 | K56: ='Summary Table'!P112 -> 15 | M56: CLOSED | N56: CLOSED | O56: CLOSED | Q56: =+E56+I56 -> 6876.8506 | R56: =+F56+J56 -> 103152.76
E57: ='Summary Table'!K118 -> 8269.6409 | F57: ='Summary Table'!L118 -> 124044.61 | G57: ='Summary Table'!M118 -> 15 | I57: ='Summary Table'!N118 -> 6802.002 | J57: ='Summary Table'!O118 -> 101018.45 | K57: ='Summary Table'!P118 -> 14.851282 | Q57: =SUM(Q54:Q56) -> 15071.643 | R57: =SUM(R54:R56) -> 225063.06
A58: 42126 | B58: 42126 | C58: 0.2 | D58: 0.26597222 | E58: CLOSED | F58: CLOSED | G58: CLOSED | I58: 1101.277 | J58: 16519.155 | K58: 15 | M58: CLOSED | N58: CLOSED | O58: CLOSED | Q58: 1101.277 | R58: 16519.155
A59: 42127 | B59: 42127 | C59: -0.3 | D59: 0.29097222 | E59: CLOSED | F59: CLOSED | G59: CLOSED | I59: 1089.9589 | J59: 16349.383 | K59: 15 | M59: CLOSED | N59: CLOSED | O59: CLOSED | Q59: 1089.9589 | R59: 16349.383
I60: =SUM(I58:I59) -> 2191.2359 | J60: =SUM(J58:J59) -> 32868.539 | K60: =+J60/I60 -> 15 | Q60: =SUM(Q58:Q59) -> 2191.2359 | R60: =SUM(R58:R59) -> 32868.539
A78: SEASON SUBTOTALS: | E78: =E7+E11+E15+E19+E23+E27+E33+E38+E42+E46+E50+E53+E57+E60 -> 58626.357 | F78: =F7+F11+F15+F19+F23+F27+F33+F38+F42+F46+F50+F53+F57 -> 780625.47 | G78: =+F78/E78 -> 13.315265 | I78: =I7+I11+I15+I19+I23+I27+I33+I38+I42+I46+I50+I53+I57+I60 -> 58739.344 | J78: =J7+J11+J15+J19+J23+J27+J33+J38+J42+J46+J50+J53+J57+J60 -> 818644.69 | K78: =+J78/I78 -> 13.936906 | M78: =+M7+M11+M15 -> 0 | N78: =+N7+N11+N15 -> 0 | Q78: =Q7+Q11+Q15+Q19+Q23+Q27+Q33+Q38+Q42+Q46+Q50+Q53+Q57+Q60 -> 117365.7 | R78: =R7+R11+R15+R19+R23+R27+R33+R38+R42+R46+R50+R53+R57+R60 -> 1599270.2
A79: WASTAGE | F79: =+Harvest!J130 -> 22094.761 | J79: =+Harvest!L130 -> 12636.234 | R79: =+F79+J79+N79 -> 34730.995
A80: SEASON TOTALS: | E80: =+E78 -> 58626.357 | F80: =SUM(F78:F79) -> 802720.23 | G80: =+G78 -> 13.315265 | I80: =+I78 -> 58739.344 | J80: =SUM(J78:J79) -> 831280.92 | K80: =+K78 -> 13.936906 | M80: =+M78 -> 0 | N80: =+N78 -> 0 | Q80: =+Q78 -> 117365.7 | R80: =SUM(R78:R79) -> 1634001.2
A81: % of TAC Harvested: | F81: =+Harvest!J133 -> 0.90210776 | J81: =+Harvest!L133 -> 0.37105641 | N81: =+Harvest!N133 -> 0

Sheet TAC
A1: NON-TRIBAL TOTAL ALLOWABLE CATCH (TAC)
B3: 2014 - 2015 | C3: 2013 - 2014 | D3: 2012 - 2013 | E3: 2011 - 2012 | F3: 2010 - 2011
A4: LONG BEACH | B4: 3885491.5 | C4: 2881223.3 | D4: 1847952.1 | E4: 1094641.4 | F4: 1276247.7
A5: TWIN HARBORS | B5: 2662860.8 | C5: =5744410.73323314*0.4 -> 2297764.3 | D5: 1881783.2 | E5: 616314.31 | F5: 845427.67
A6: COPALIS | B6: 889827.43 | C6: =(2615522*0.5)-(161153)+250000 -> 1396608 | D6: 1072689.6 | E6: 371373.04 | F6: 683167.41
A7: MOCROCKS | B7: 2240308.7 | C7: 2088668.5 | D7: 909667.35 | E7: 605830.7 | F7: 545586.69
A8: KALALOCH | B8: 125735.13 | C8: =1033285.9456848*0.254*0.5 -> 131227.32 | D8: 113543.21 | E8: 144560.51 | F8: 258924.12
A9: COASTWIDE TAC | B9: =SUM(B4:B8) -> 9804223.7 | C9: =SUM(C4:C8) -> 8795491.4 | D9: =SUM(D4:D8) -> 5825635.5 | E9: =SUM(E4:E8) -> 2832720 | F9: =SUM(F4:F8) -> 3609353.6
B14: =161784/B4 -> 0.041637975

Sheet TH Wastage
A1: EventID | B1: BeachName | C1: Date | D1: SumOfWastage | E1: SumOfTotHarvest
A2: 1021 | B2: Twin Harbors | C2: 41919 | D2: 891 | E2: 22288.859
A3: 1024 | B3: Twin Harbors | C3: 41920 | D3: 1587 | E3: 26450.194
A4: 1029 | B4: Twin Harbors | C4: 41923 | D4: 0 | E4: 4169.3616
A5: 1050 | B5: Twin Harbors | C5: 41948 | D5: 134 | E5: 13416.527
A6: 1070 | B6: Twin Harbors | C6: 41965 | D6: 253 | E6: 12687.182
A7: 1086 | B7: Twin Harbors | C7: 41976 | D7: 539 | E7: 10111.091
A8: 1089 | B8: Twin Harbors | C8: 41978 | D8: 342 | E8: 11410.791
A9: 1118 | B9: Twin Harbors | C9: 42004 | D9: 1819 | E9: 30310.543
A10: 1119 | B10: Twin Harbors | C10: 42005 | D10: 165 | E10: 32968.356
A11: 1146 | B11: Twin Harbors | C11: 42034 | D11: 334 | E11: 16725.036
A12: 1141 | B12: Twin Harbors | C12: 42035 | D12: 261 | E12: 15664.494
A13: 1143 | B13: Twin Harbors | C13: 42037 | D13: 793 | E13: 8813.3856
... A25: 1204 | B25: Twin Harbors | C25: 42115 | D25: 789 | E25: 39476.094
D100: =SUM(D2:D99) -> 31214 | E100: =SUM(E2:E99) -> 640005.33 | F100: =+D100/E100 -> 0.048771469

Sheet LB Wastage
A1: EventID | B1: BeachName | C1: Date | D1: SumOfWastage | E1: SumOfTotHarvest
A2: 1034 | B2: LongBeach | C2: 41921 | D2: 1036 | E2: 25889.969
A3: 1033 | B3: LongBeach | C3: 41922 | D3: 2267 | E3: 37783.571
A4: 1062 | B4: LongBeach | C4: 41948 | D4: 861 | E4: 7161.623
A5: 1088 | B5: LongBeach | C5: 41976 | D5: 124 | E5: 12364.244
A6: 1111 | B6: LongBeach | C6: 42005 | D6: 3439 | E6: 57295.218
A7: 1178 | B7: LongBeach | C7: 42084 | D7: 9265 | E7: 132354.74
A8: 1179 | B8: LongBeach | C8: 42085 | D8: 3041 | E8: 101427.84
A9: 1207 | B9: LongBeach | C9: 42113 | D9: 6998 | E9: 161499.24
A10: 1208 | B10: LongBeach | C10: 42114 | D10: 2593 | E10: 64803.112
A11: 1210 | B11: LongBeach | C11: 42115 | D11: 853 | E11: 42605.814
D100: =SUM(D2:D99) -> 30477 | E100: =SUM(E2:E99) -> 643185.37 | F100: =+D100/E100 -> 0.047384473

Sheet Cop Wastage
A1: EventID | B1: BeachName | C1: Date | D1: SumOfWastage | E1: SumOfTotHarvest
A2: 1101 | B2: Copalis | C2: 42004 | D2: 2218 | E2: 44344.421
A3: 1102 | B3: Copalis | C3: 42005 | D3: 518 | E3: 51837.711
A4: 1103 | B4: Copalis | C4: 42006 | D4: 666 | E4: 33253.161
A5: 1140 | B5: Copalis | C5: 42035 | D5: 2028 | E5: 50699.918
A6: 1173 | B6: Copalis | C6: 42084 | D6: 3141 | E6: 104686.82
A7: 1174 | B7: Copalis | C7: 42085 | D7: 1290 | E7: 64495.351
A8: 1195 | B8: Copalis | C8: 42112 | D8: 1212 | E8: 60659.882
A9: 1196 | B9: Copalis | C9: 42113 | D9: 2325 | E9: 63384.732
D100: =SUM(D2:D99) -> 13398 | E100: =SUM(E2:E99) -> 473362 | F100: =+D100/E100 -> 0.02830392

Sheet Moc Wastage
A1: EventID | B1: BeachName | C1: Date | D1: SumOfWastage | E1: SumOfTotHarvest
A2: 1098 | B2: Mocrocks | C2: 42004 | D2: 0 | E2: 29884.656
A3: 1099 | B3: Mocrocks | C3: 42005 | D3: 1770 | E3: 44211.617
A4: 1138 | B4: Mocrocks | C4: 42034 | D4: 0 | E4: 36714.643
A5: 1139 | B5: Mocrocks | C5: 42035 | D5: 548 | E5: 41175.028
A6: 1172 | B6: Mocrocks | C6: 42085 | D6: 761 | E6: 45703.244
A7: 1198 | B7: Mocrocks | C7: 42112 | D7: 488 | E7: 49015.117
A8: 1216 | B8: Mocrocks | C8: 42126 | D8: 496 | E8: 16519.155
D100: =SUM(D2:D99) -> 4063 | E100: =SUM(E2:E99) -> 263223.46 | F100: =+D100/E100 -> 0.015435554
