Workbook

Sheet Harvest
A1: Date | B1: Day | C1: Tide | D1: Time | E1: Longbeach | G1: Twin Harbors | I1: Copalis | K1: Mocrocks | M1: Kalaloch | O1: Daily Totals
A2: 42362 | B2: =+A2 -> 42362 | C2: -1.2 | D2: 0.74097222 | F2: CLOSED | H2: CLOSED | J2: 42035.027 | L2: CLOSED | N2: CLOSED | O2: =+J2 -> 42035.027
A3: 42363 | B3: =+A3 -> 42363 | C3: -1.3 | D3: 0.77083333 | F3: CLOSED | H3: CLOSED | J3: 45110.099 | L3: CLOSED | N3: CLOSED | O3: =+J3 -> 45110.099
A4: 42364 | B4: =+A4 -> 42364 | C4: -1.1 | D4: 0.8 | F4: CLOSED | H4: CLOSED | J4: 78186.261 | L4: CLOSED | N4: CLOSED | O4: =+J4 -> 78186.261
A6: 42376 | B6: =+A6 -> 42376 | C6: 0.1 | D6: 0.70625 | F6: 31029.546 | H6: CLOSED | J6: CLOSED | L6: CLOSED | N6: CLOSED | O6: =+F6 -> 31029.546
A7: 42377 | B7: =+A7 -> 42377 | C7: -0.4 | D7: 0.73402778 | F7: 32644.271 | H7: CLOSED | J7: 68780.604 | L7: CLOSED | N7: CLOSED | O7: =+F7+J7 -> 101424.87
A8: 42378 | B8: =+A8 -> 42378 | C8: -0.8 | D8: 0.76111111 | F8: 87418.73 | H8: CLOSED | J8: 114652.1 | L8: CLOSED | N8: CLOSED | O8: =+F8+J8 -> 202070.83
A9: 42379 | B9: =+A9 -> 42379 | C9: -1 | D9: 0.78819444 | F9: 34039.751 | H9: CLOSED | J9: CLOSED | L9: CLOSED | N9: CLOSED | O9: =+F9 -> 34039.751
A10: 42380 | B10: =+A10 -> 42380 | C10: -1 | D10: 0.81527778 | F10: 7121.6395 | H10: CLOSED | J10: CLOSED | L10: CLOSED | N10: CLOSED | O10: =+F10 -> 7121.6395
A11: 42381 | B11: =+A11 -> 42381 | C11: -0.8 | D11: 0.84305556 | F11: 1887.2871 | H11: CLOSED | J11: CLOSED | L11: CLOSED | N11: CLOSED | O11: =+F11 -> 1887.2871
A12: 42382 | B12: =+A12 -> 42382 | C12: -0.4 | D12: 0.87222222 | F12: 8868.7553 | H12: CLOSED | J12: CLOSED | L12: CLOSED | N12: CLOSED | O12: =+F12 -> 8868.7553
A13: 42383 | B13: =+A13 -> 42383 | C13: 0.2 | D13: 0.90277778 | E13: * | F13: 8900 | H13: CLOSED | J13: CLOSED | L13: CLOSED | N13: CLOSED | O13: =+F13 -> 8900
A15: 42390 | B15: =+A15 -> 42390 | C15: -0.4 | D15: 0.70069444 | F15: 4230.7215 | H15: CLOSED | J15: CLOSED | L15: CLOSED | N15: CLOSED | O15: =+F15 -> 4230.7215
A16: 42391 | B16: =+A16 -> 42391 | C16: -0.7 | D16: 0.73263889 | F16: 42697.617 | H16: CLOSED | J16: 49770.571 | L16: CLOSED | N16: CLOSED | O16: =+F16+J16 -> 92468.189
A17: 42392 | B17: =+A17 -> 42392 | C17: -0.8 | D17: 0.76111111 | F17: 96068.744 | H17: CLOSED | J17: CLOSED | L17: CLOSED | N17: CLOSED | O17: =+F17 -> 96068.744
A18: 42393 | B18: =+A18 -> 42393 | C18: -0.7 | D18: 0.7875 | E18: ** | F18: 34000 | H18: CLOSED | J18: CLOSED | L18: CLOSED | N18: CLOSED | O18: =+F18 -> 34000
A19: 42394 | B19: =+A19 -> 42394 | C19: -0.4 | D19: 0.81319444 | E19: ** | F19: 7500 | H19: CLOSED | J19: CLOSED | L19: CLOSED | N19: CLOSED | O19: =+F19 -> 7500
A20: 42395 | B20: =+A20 -> 42395 | C20: 0 | D20: 0.83680556 | E20: ** | F20: 1900 | H20: CLOSED | J20: CLOSED | L20: CLOSED | N20: CLOSED | O20: =+F20 -> 1900
A21: 42396 | B21: =+A21 -> 42396 | C21: 0.5 | D21: 0.86041667 | E21: + | F21: 0 | H21: CLOSED | J21: CLOSED | L21: CLOSED | N21: CLOSED | O21: =+F21 -> 0
A23: 42404 | B23: =+A23 -> 42404 | C23: 0.8 | D23: 0.65347222 | F23: 10622.333 | H23: CLOSED | J23: CLOSED | L23: CLOSED | N23: CLOSED | O23: =+F23 -> 10622.333
A24: 42405 | B24: =+A24 -> 42405 | C24: 0.2 | D24: 0.68611111 | F24: 2905.4137 | H24: CLOSED | J24: CLOSED | L24: CLOSED | N24: CLOSED | O24: =+F24 -> 2905.4137
A25: 42406 | B25: =+A25 -> 42406 | C25: -0.3 | D25: 0.71597222 | F25: 121224.39 | H25: CLOSED | J25: CLOSED | L25: CLOSED | N25: CLOSED | O25: =+F25 -> 121224.39
A26: 42407 | B26: =+A26 -> 42407 | C26: -0.7 | D26: 0.74444444 | F26: 25403.936 | H26: CLOSED | J26: CLOSED | L26: CLOSED | N26: CLOSED | O26: =+F26 -> 25403.936
A27: 42408 | B27: =+A27 -> 42408 | C27: -1 | D27: 0.77222222 | F27: 50370.948 | H27: CLOSED | J27: CLOSED | L27: CLOSED | N27: CLOSED | O27: =+F27 -> 50370.948
A28: 42409 | B28: =+A28 -> 42409 | C28: -0.9 | D28: 0.8 | E28: ** | F28: 8000 | H28: CLOSED | J28: CLOSED | L28: CLOSED | N28: CLOSED | O28: =+F28 -> 8000
A29: 42410 | B29: =+A29 -> 42410 | C29: -0.7 | D29: 0.82777778 | F29: 5815.2032 | H29: CLOSED | J29: CLOSED | L29: CLOSED | N29: CLOSED | O29: =+F29 -> 5815.2032
A30: 42411 | B30: =+A30 -> 42411 | C30: -0.1 | D30: 0.85694444 | E30: ** | F30: 5850 | H30: CLOSED | J30: CLOSED | L30: CLOSED | N30: CLOSED | O30: =+F30 -> 5850
A31: 42412 | B31: =+A31 -> 42412 | C31: 0.6 | D31: 0.88680556 | E31: ** | F31: 11000 | H31: CLOSED | J31: CLOSED | L31: CLOSED | N31: CLOSED | O31: =+F31 -> 11000
A32: 42413 | B32: =+A32 -> 42413 | C32: 1.4 | D32: 0.91944444 | E32: ** | F32: 15000 | H32: CLOSED | J32: CLOSED | L32: CLOSED | N32: CLOSED | O32: =+F32 -> 15000
A33: 42414 | B33: =+A33 -> 42414 | C33: 2.2 | D33: 0.95694444 | E33: ** | F33: 1000 | H33: CLOSED | J33: CLOSED | L33: CLOSED | N33: CLOSED | O33: =+F33 -> 1000
A35: 42415 | B35: =+A35 -> 42415 | C35: 1.1 | D35: 0.51111111 | E35: ** | F35: 8000 | H35: CLOSED | J35: CLOSED | L35: CLOSED | N35: CLOSED | O35: =+F35 -> 8000
A36: 42416 | B36: =+A36 -> 42416 | C36: 1 | D36: 0.5625 | E36: ** | F36: 8000 | H36: CLOSED | J36: CLOSED | L36: CLOSED | N36: CLOSED | O36: =+F36 -> 8000
A37: 42417 | B37: =+A37 -> 42417 | C37: 0.7 | D37: 0.61111111 | F37: 7673.8625 | H37: CLOSED | J37: CLOSED | L37: CLOSED | N37: CLOSED | O37: =+F37 -> 7673.8625
A38: 42418 | B38: =+A38 -> 42418 | C38: 0.3 | D38: 0.65347222 | F38: 8977.8398 | H38: CLOSED | J38: CLOSED | L38: CLOSED | N38: CLOSED | O38: =+F38 -> 8977.8398
A39: 42419 | B39: =+A39 -> 42419 | C39: 0 | D39: 0.68958333 | F39: 22831.619 | H39: CLOSED | J39: 42899.999 | L39: 14975.819 | N39: CLOSED | O39: =+F39+J39+L39 -> 80707.437
A40: 42420 | B40: =+A40 -> 42420 | C40: -0.1 | D40: 0.72013889 | F40: 201114.35 | H40: CLOSED | J40: 128329.73 | L40: 117314.81 | N40: CLOSED | O40: =+F40+J40+L40 -> 446758.89
A41: 42421 | B41: =+A41 -> 42421 | C41: -0.2 | D41: 0.74722222 | F41: 32313.047 | H41: CLOSED | J41: CLOSED | L41: 37155.497 | N41: CLOSED | O41: =+F41+L41 -> 69468.544
A42: 42422 | B42: =+A42 -> 42422 | C42: -0.1 | D42: 0.77152778 | F42: 18961.597 | H42: CLOSED | J42: CLOSED | L42: CLOSED | N42: CLOSED | O42: =+F42 -> 18961.597
A43: 42423 | B43: =+A43 -> 42423 | C43: 0.1 | D43: 0.79444444 | E43: ** | F43: 16050 | H43: CLOSED | J43: CLOSED | L43: CLOSED | N43: CLOSED | O43: =+F43 -> 16050
A44: 42424 | B44: =+A44 -> 42424 | C44: 0.5 | D44: 0.81597222 | F44: 3372.4205 | H44: CLOSED | J44: CLOSED | L44: CLOSED | N44: CLOSED | O44: =+F44 -> 3372.4205
A45: 42425 | B45: =+A45 -> 42425 | C45: 0.9 | D45: 0.8375 | E45: ** | F45: 9000 | H45: CLOSED | J45: CLOSED | L45: CLOSED | N45: CLOSED | O45: =+F45 -> 9000
A46: 42426 | B46: =+A46 -> 42426 | C46: 1.4 | D46: 0.85902778 | E46: ** | F46: 11700 | H46: CLOSED | J46: CLOSED | L46: CLOSED | N46: CLOSED | O46: =+F46 -> 11700
A47: 42427 | B47: =+A47 -> 42427 | C47: 2 | D47: 0.88125 | E47: ** | F47: 1200 | H47: CLOSED | J47: CLOSED | L47: CLOSED | N47: CLOSED | O47: =+F47 -> 1200
A48: 42428 | B48: =+A48 -> 42428 | C48: 2.5 | D48: 0.90555556 | E48: # | F48: 0 | H48: CLOSED | J48: CLOSED | L48: CLOSED | N48: CLOSED | O48: =+F48 -> 0
A49: 42429 | B49: =+A49 -> 42429 | C49: 3.1 | D49: 0.93472222 | E49: # | F49: 0 | H49: CLOSED | J49: CLOSED | L49: CLOSED | N49: CLOSED | O49: =+F49 -> 0
A51: 42430 | B51: =+A51 -> 42430 | C51: 1.9 | D51: 0.48888889 | E51: ** | F51: 935 | H51: CLOSED | J51: CLOSED | L51: CLOSED | N51: CLOSED | O51: =+F51 -> 935
A52: 42431 | B52: =+A52 -> 42431 | C52: 1.8 | D52: 0.53541667 | F52: 963.52374 | H52: CLOSED | J52: CLOSED | L52: CLOSED | N52: CLOSED | O52: =+F52 -> 963.52374
A53: 42432 | B53: =+A53 -> 42432 | C53: 1.4 | D53: 0.58263889 | F53: 2253.097 | H53: CLOSED | J53: CLOSED | L53: CLOSED | N53: CLOSED | O53: =+F53 -> 2253.097
A54: 42433 | B54: =+A54 -> 42433 | C54: 0.9 | D54: 0.625 | F54: 3738.5704 | H54: CLOSED | J54: CLOSED | L54: CLOSED | N54: CLOSED | O54: =+F54 -> 3738.5704
A55: 42434 | B55: =+A55 -> 42434 | C55: 0.3 | D55: 0.66180556 | F55: 26602.028 | H55: CLOSED | J55: CLOSED | L55: 16190.465 | N55: CLOSED | O55: =+F55+L55 -> 42792.493
A56: 42435 | B56: =+A56 -> 42435 | C56: -0.2 | D56: 0.69444444 | F56: 19027.575 | H56: CLOSED | J56: CLOSED | L56: 46672.736 | N56: CLOSED | O56: =+F56+L56 -> 65700.312
A57: 42436 | B57: =+A57 -> 42436 | C57: -0.5 | D57: 0.72430556 | E57: * | F57: =+L57*(F56+F55+F58)/(L55+L56+L58) -> 18040.853 | H57: CLOSED | J57: CLOSED | L57: 23014.071 | N57: CLOSED | O57: =+F57+L57 -> 41054.924
A58: 42437 | B58: =+A58 -> 42437 | C58: -0.6 | D58: 0.75347222 | F58: 16046.324 | H58: CLOSED | J58: CLOSED | L58: 15814.576 | N58: CLOSED | O58: =+F58+L58 -> 31860.899
A59: 42438 | B59: =+A59 -> 42438 | C59: -0.5 | D59: 0.78263889 | E59: ** | F59: 15750 | H59: CLOSED | J59: CLOSED | L59: CLOSED | N59: CLOSED | O59: =+F59 -> 15750
A60: 42439 | B60: =+A60 -> 42439 | C60: -0.2 | D60: 0.81111111 | E60: ** | F60: 10400 | H60: CLOSED | J60: CLOSED | L60: CLOSED | N60: CLOSED | O60: =+F60 -> 10400
A62: 42440 | B62: =+A62 -> 42440 | C62: -0.1 | D62: 0.33263889 | F62: 6977.1567 | H62: CLOSED | J62: CLOSED | L62: CLOSED | N62: CLOSED | O62: =+F62 -> 6977.1567 | P62: Commercial
A63: 42441 | B63: =+A63 -> 42441 | C63: -0.2 | D63: 0.36736111 | F63: 15539.313 | H63: CLOSED | J63: CLOSED | L63: CLOSED | N63: CLOSED | O63: =+F63 -> 15539.313 | P63: Subsistance
A64: 42442 | B64: =+A64 -> 42442 | C64: 0 | D64: 0.44652778 | E64: + | F64: 0 | H64: CLOSED | J64: CLOSED | L64: CLOSED | N64: CLOSED | O64: =+F64 -> 0
A65: 42443 | B65: =+A65 -> 42443 | C65: 0.3 | D65: 0.4875 | E65: ** | F65: 14900 | H65: CLOSED | J65: CLOSED | L65: CLOSED | N65: CLOSED | O65: =+F65 -> 14900
A67: 42444 | B67: =+A67 -> 42444 | C67: 0.6 | D67: 0.53402778 | F67: 1705.4524 | H67: CLOSED | J67: CLOSED | L67: CLOSED | N67: CLOSED | O67: =+F67 -> 1705.4524
A68: 42445 | B68: =+A68 -> 42445 | C68: 0.8 | D68: 0.58402778 | F68: 5771.6543 | H68: CLOSED | J68: CLOSED | L68: CLOSED | N68: CLOSED | O68: =+F68 -> 5771.6543
A69: 42446 | B69: =+A69 -> 42446 | C69: 0.8 | D69: 0.63333333 | E69: ** | F69: 6000 | H69: CLOSED | J69: CLOSED | L69: CLOSED | N69: CLOSED | O69: =+F69 -> 6000
A70: 42447 | B70: =+A70 -> 42447 | C70: 0.7 | D70: 0.67708333 | F70: 11775.292 | H70: CLOSED | J70: 45488.673 | L70: 20860.834 | N70: CLOSED | O70: =+F70+J70+L70 -> 78124.799
A71: 42448 | B71: =+A71 -> 42448 | C71: 0.5 | D71: 0.71319444 | F71: 16670.659 | H71: CLOSED | J71: 45113.613 | L71: 41740.394 | N71: CLOSED | O71: =+F71+J71+L71 -> 103524.67
A72: 42449 | B72: =+A72 -> 42449 | C72: 0.4 | D72: 0.74305556 | E72: * | F72: =+(J72+L72)*(F71+F70)/(J70+J71+L70+L71) -> 7947.2571 | H72: CLOSED | J72: 26990.748 | L72: 15811.396 | N72: CLOSED | O72: =+F72+J72+L72 -> 50749.401
A73: 42450 | B73: =+A73 -> 42450 | C73: 0.5 | D73: 0.76944444 | E73: ** | F73: 16500 | H73: CLOSED | J73: CLOSED | L73: CLOSED | N73: CLOSED | O73: =+F73 -> 16500
A74: 42451 | B74: =+A74 -> 42451 | C74: 0.6 | D74: 0.79305556 | E74: ** | F74: 16500 | H74: CLOSED | J74: CLOSED | L74: CLOSED | N74: CLOSED | O74: =+F74 -> 16500
A75: 42452 | B75: =+A75 -> 42452 | C75: 0.8 | D75: 0.81527778 | E75: ** | F75: 16500 | H75: CLOSED | J75: CLOSED | L75: CLOSED | N75: CLOSED | O75: =+F75 -> 16500
A77: 42453 | B77: =+A77 -> 42453 | C77: 0.8 | D77: 0.33125 | F77: 1796.3933 | H77: CLOSED | J77: CLOSED | L77: CLOSED | N77: CLOSED | O77: =+F77 -> 1796.3933
A78: 42454 | B78: =+A78 -> 42454 | C78: 0.7 | D78: 0.35486111 | F78: 5622.7387 | H78: CLOSED | J78: CLOSED | L78: 14939.928 | N78: CLOSED | O78: =+F78+L78 -> 20562.667
A79: 42455 | B79: =+A79 -> 42455 | C79: 0.6 | D79: 0.37916667 | E79: * | F79: =+L79*F78/L78 -> 28046.285 | H79: CLOSED | J79: CLOSED | L79: 74520.532 | N79: CLOSED | O79: =+F79+L79 -> 102566.82
A80: 42456 | B80: =+A80 -> 42456 | C80: 0.7 | D80: 0.40416667 | E80: * | F80: =+L80*F78/L78 -> 16628.608 | H80: CLOSED | J80: CLOSED | L80: 44183.133 | N80: CLOSED | O80: =+F80+L80 -> 60811.74
A81: 42457 | B81: =+A81 -> 42457 | C81: 0.8 | D81: 0.43125 | E81: ** | F81: 28300 | H81: CLOSED | J81: CLOSED | L81: CLOSED | N81: CLOSED | O81: =+F81 -> 28300
A82: 42458 | B82: =+A82 -> 42458 | C82: 1 | D82: 0.4625 | E82: ** | F82: 13500 | H82: CLOSED | J82: CLOSED | L82: CLOSED | N82: CLOSED | O82: =+F82 -> 13500
A83: 42459 | B83: =+A83 -> 42459 | C83: 1.2 | D83: 0.5 | F83: 6249.6259 | H83: CLOSED | J83: CLOSED | L83: CLOSED | N83: CLOSED | O83: =+F83 -> 6249.6259
A84: 42460 | B84: =+A84 -> 42460 | C84: 1.2 | D84: 0.54305556 | E84: ** | F84: 6000 | H84: CLOSED | J84: CLOSED | L84: CLOSED | N84: CLOSED | O84: =+F84 -> 6000
A86: 42463 | B86: =+A86 -> 42463 | C86: 0.5 | D86: 0.67569444 | F86: 33180.092 | H86: CLOSED | J86: CLOSED | L86: CLOSED | N86: CLOSED | O86: =+F86 -> 33180.092
A87: 42464 | B87: =+A87 -> 42464 | C87: 0.1 | D87: 0.71111111 | E87: ** | F87: 33000 | H87: CLOSED | J87: CLOSED | L87: CLOSED | N87: CLOSED | O87: =+F87 -> 33000
A88: 42465 | B88: =+A88 -> 42465 | C88: 0 | D88: 0.74375 | F88: 16895.292 | H88: CLOSED | J88: CLOSED | L88: CLOSED | N88: CLOSED | O88: =+F88 -> 16895.292
A89: 42466 | B89: =+A89 -> 42466 | C89: 0 | D89: 0.775 | F89: 34680.91 | H89: CLOSED | J89: CLOSED | L89: CLOSED | N89: CLOSED | O89: =+F89 -> 34680.91
A90: 42467 | B90: =+A90 -> 42467 | C90: -0.6 | D90: 0.29652778 | F90: 23312.355 | H90: CLOSED | J90: 18362.15 | L90: 13069.605 | N90: CLOSED | O90: =+F90+J90+L90 -> 54744.11
A91: 42468 | B91: =+A91 -> 42468 | C91: -1.1 | D91: 0.32916667 | F91: 77919.43 | H91: CLOSED | J91: 44627.048 | L91: 22768.481 | N91: CLOSED | O91: =+F91+J91+L91 -> 145314.96
A92: 42469 | B92: =+A92 -> 42469 | C92: -1.3 | D92: 0.3625 | F92: 184370.22 | H92: CLOSED | J92: 102732.57 | L92: CLOSED | N92: CLOSED | O92: =+F92+J92 -> 287102.79
A93: 42470 | B93: =+A93 -> 42470 | C93: -1.2 | D93: 0.39722222 | E93: ** | F93: 184300 | H93: CLOSED | J93: CLOSED | L93: 93932.772 | N93: CLOSED | O93: =+F93+L93 -> 278232.77
A94: 42471 | B94: =+A94 -> 42471 | C94: -0.9 | D94: 0.43263889 | F94: 28328.993 | H94: CLOSED | J94: CLOSED | L94: CLOSED | N94: CLOSED | O94: =+F94 -> 28328.993
A95: 42472 | B95: =+A95 -> 42472 | C95: -0.4 | D95: 0.47152778 | F95: 13458.792 | H95: CLOSED | J95: CLOSED | L95: CLOSED | N95: CLOSED | O95: =+F95 -> 13458.792
A97: 42480 | B97: =+A97 -> 42480 | C97: 0.6 | D97: 0.26736111 | F97: 5721.2468 | H97: CLOSED | J97: CLOSED | L97: CLOSED | N97: CLOSED | O97: =+F97 -> 5721.2468
A98: 42481 | B98: =+A98 -> 42481 | C98: 0.2 | D98: 0.29236111 | F98: 7661.934 | H98: CLOSED | J98: CLOSED | L98: CLOSED | N98: CLOSED | O98: =+F98 -> 7661.934
A99: 42482 | B99: =+A99 -> 42482 | C99: 0 | D99: 0.31597222 | F99: 17844.241 | H99: CLOSED | J99: CLOSED | L99: CLOSED | N99: CLOSED | O99: =+F99 -> 17844.241
A100: 42483 | B100: =+A100 -> 42483 | C100: -0.2 | D100: 0.33888889 | F100: 67419.979 | H100: CLOSED | J100: CLOSED | L100: 60334.45 | N100: CLOSED | O100: =+F100+L100 -> 127754.43
A101: 42484 | B101: =+A101 -> 42484 | C101: -0.2 | D101: 0.3625 | F101: 54364.446 | H101: CLOSED | J101: CLOSED | L101: CLOSED | N101: CLOSED | O101: =+F101 -> 54364.446
A102: 42485 | B102: =+A102 -> 42485 | C102: -0.2 | D102: 0.3875 | F102: 23716.71 | H102: CLOSED | J102: 19650.712 | L102: 23335.003 | N102: CLOSED | O102: =+F102+J102+L102 -> 66702.425
A103: 42486 | B103: =+A103 -> 42486 | C103: -0.1 | D103: 0.41388889 | F103: 14385.4 | H103: CLOSED | J103: 15914.551 | L103: 21106.66 | N103: CLOSED | O103: =+F103+J103+L103 -> 51406.611
A104: 42487 | B104: =+A104 -> 42487 | C104: 0.1 | D104: 0.44375 | F104: 16483.24 | H104: CLOSED | J104: CLOSED | L104: CLOSED | N104: CLOSED | O104: =+F104 -> 16483.24
A105: 42488 | B105: =+A105 -> 42488 | C105: 0.3 | D105: 0.47777778 | E105: ** | F105: =+(F103+F104)/2 -> 15434.32 | H105: CLOSED | J105: CLOSED | L105: CLOSED | N105: CLOSED | O105: =+F105 -> 15434.32
A107: 42496 | B107: =+A107 -> 42496 | C107: -1.5 | D107: 0.28541667 | F107: 89268.95 | H107: CLOSED | J107: CLOSED | L107: CLOSED | N107: CLOSED | O107: =+F107 -> 89268.95
A108: 42497 | B108: =+A108 -> 42497 | C108: -2 | D108: 0.31875 | F108: 190031.44 | H108: CLOSED | J108: CLOSED | L108: CLOSED | N108: CLOSED | O108: =+F108 -> 190031.44
A109: 42498 | B109: =+A109 -> 42498 | C109: -2.1 | D109: 0.35138889 | F109: 121053.52 | H109: CLOSED | J109: CLOSED | L109: CLOSED | N109: CLOSED | O109: =+F109 -> 121053.52
A110: 42499 | B110: =+A110 -> 42499 | C110: -1.9 | D110: 0.38472222 | F110: CLOSED | H110: CLOSED | J110: CLOSED | L110: 41409.432 | N110: CLOSED | O110: =+L110 -> 41409.432
A111: 42500 | B111: =+A111 -> 42500 | C111: -1.5 | D111: 0.41875 | F111: CLOSED | H111: CLOSED | J111: CLOSED | L111: 43550.834 | N111: CLOSED | O111: =+L111 -> 43550.834
...

Sheet Effort
A1: Date | B1: Day | C1: Tide | D1: Time | E1: Longbeach | G1: Twin Harbors | I1: Copalis | K1: Mocrocks | M1: Kalaloch | O1: Daily Totals
A2: 42362 | B2: =+A2 -> 42362 | C2: -1.2 | D2: 0.74097222 | F2: CLOSED | H2: CLOSED | J2: 2988.2721 | L2: CLOSED | N2: CLOSED | O2: =+J2 -> 2988.2721
A3: 42363 | B3: =+A3 -> 42363 | C3: -1.3 | D3: 0.77083333 | F3: CLOSED | H3: CLOSED | J3: 3038.5041 | L3: CLOSED | N3: CLOSED | O3: =+J3 -> 3038.5041
A4: 42364 | B4: =+A4 -> 42364 | C4: -1.1 | D4: 0.8 | F4: CLOSED | H4: CLOSED | J4: 5373.483 | L4: CLOSED | N4: CLOSED | O4: =+J4 -> 5373.483
A6: 42376 | B6: =+A6 -> 42376 | C6: 0.1 | D6: 0.70625 | F6: 2173.2756 | H6: CLOSED | J6: CLOSED | L6: CLOSED | N6: CLOSED | O6: =+F6 -> 2173.2756
A7: 42377 | B7: =+A7 -> 42377 | C7: -0.4 | D7: 0.73402778 | F7: 2178.502 | H7: CLOSED | J7: 4608.3005 | L7: CLOSED | N7: CLOSED | O7: =+F7+J7 -> 6786.8025
A8: 42378 | B8: =+A8 -> 42378 | C8: -0.8 | D8: 0.76111111 | F8: 6868.6145 | H8: CLOSED | J8: 8906.2352 | L8: CLOSED | N8: CLOSED | O8: =+F8+J8 -> 15774.85
A9: 42379 | B9: =+A9 -> 42379 | C9: -1 | D9: 0.78819444 | F9: 2284.2464 | H9: CLOSED | J9: CLOSED | L9: CLOSED | N9: CLOSED | O9: =+F9 -> 2284.2464
A10: 42380 | B10: =+A10 -> 42380 | C10: -1 | D10: 0.81527778 | F10: 508.68853 | H10: CLOSED | J10: CLOSED | L10: CLOSED | N10: CLOSED | O10: =+F10 -> 508.68853
A11: 42381 | B11: =+A11 -> 42381 | C11: -0.8 | D11: 0.84305556 | F11: 125.81914 | H11: CLOSED | J11: CLOSED | L11: CLOSED | N11: CLOSED | O11: =+F11 -> 125.81914
A12: 42382 | B12: =+A12 -> 42382 | C12: -0.4 | D12: 0.87222222 | F12: 591.25035 | H12: CLOSED | J12: CLOSED | L12: CLOSED | N12: CLOSED | O12: =+F12 -> 591.25035
A13: 42383 | B13: =+A13 -> 42383 | C13: 0.2 | D13: 0.90277778 | E13: ** | F13: 600 | H13: CLOSED | J13: CLOSED | L13: CLOSED | N13: CLOSED | O13: =+F13 -> 600
A15: 42390 | B15: =+A15 -> 42390 | C15: -0.4 | D15: 0.70069444 | F15: 488.61854 | H15: CLOSED | J15: CLOSED | L15: CLOSED | N15: CLOSED | O15: =+F15 -> 488.61854
A16: 42391 | B16: =+A16 -> 42391 | C16: -0.7 | D16: 0.73263889 | F16: 2846.5078 | H16: CLOSED | J16: 4454.509 | L16: CLOSED | N16: CLOSED | O16: =+F16+J16 -> 7301.0168
A17: 42392 | B17: =+A17 -> 42392 | C17: -0.8 | D17: 0.76111111 | F17: 6367.2656 | H17: CLOSED | J17: CLOSED | L17: CLOSED | N17: CLOSED | O17: =+F17 -> 6367.2656
A18: 42393 | B18: =+A18 -> 42393 | C18: -0.7 | D18: 0.7875 | E18: ** | F18: 2300 | H18: CLOSED | J18: CLOSED | L18: CLOSED | N18: CLOSED | O18: =+F18 -> 2300
A19: 42394 | B19: =+A19 -> 42394 | C19: -0.4 | D19: 0.81319444 | E19: ** | F19: 510 | H19: CLOSED | J19: CLOSED | L19: CLOSED | N19: CLOSED | O19: =+F19 -> 510
A20: 42395 | B20: =+A20 -> 42395 | C20: 0 | D20: 0.83680556 | E20: ** | F20: 150 | H20: CLOSED | J20: CLOSED | L20: CLOSED | N20: CLOSED | O20: =+F20 -> 150
A21: 42396 | B21: =+A21 -> 42396 | C21: 0.5 | D21: 0.86041667 | E21: + | F21: 100 | H21: CLOSED | J21: CLOSED | L21: CLOSED | N21: CLOSED | O21: =+F21 -> 100
A23: 42404 | B23: =+A23 -> 42404 | C23: 0.8 | D23: 0.65347222 | F23: 774.80547 | H23: CLOSED | J23: CLOSED | L23: CLOSED | N23: CLOSED | O23: =+F23 -> 774.80547
A24: 42405 | B24: =+A24 -> 42405 | C24: 0.2 | D24: 0.68611111 | F24: 451.95325 | H24: CLOSED | J24: CLOSED | L24: CLOSED | N24: CLOSED | O24: =+F24 -> 451.95325
A25: 42406 | B25: =+A25 -> 42406 | C25: -0.3 | D25: 0.71597222 | F25: 8081.6261 | H25: CLOSED | J25: CLOSED | L25: CLOSED | N25: CLOSED | O25: =+F25 -> 8081.6261
A26: 42407 | B26: =+A26 -> 42407 | C26: -0.7 | D26: 0.74444444 | F26: 1693.5957 | H26: CLOSED | J26: CLOSED | L26: CLOSED | N26: CLOSED | O26: =+F26 -> 1693.5957
A27: 42408 | B27: =+A27 -> 42408 | C27: -1 | D27: 0.77222222 | F27: 3408.5604 | H27: CLOSED | J27: CLOSED | L27: CLOSED | N27: CLOSED | O27: =+F27 -> 3408.5604
A28: 42409 | B28: =+A28 -> 42409 | C28: -0.9 | D28: 0.8 | E28: ** | F28: 550 | H28: CLOSED | J28: CLOSED | L28: CLOSED | N28: CLOSED | O28: =+F28 -> 550
A29: 42410 | B29: =+A29 -> 42410 | C29: -0.7 | D29: 0.82777778 | F29: 387.68022 | H29: CLOSED | J29: CLOSED | L29: CLOSED | N29: CLOSED | O29: =+F29 -> 387.68022
A30: 42411 | B30: =+A30 -> 42411 | C30: -0.1 | D30: 0.85694444 | E30: ** | F30: 400 | H30: CLOSED | J30: CLOSED | L30: CLOSED | N30: CLOSED | O30: =+F30 -> 400
A31: 42412 | B31: =+A31 -> 42412 | C31: 0.6 | D31: 0.88680556 | E31: ** | F31: 800 | H31: CLOSED | J31: CLOSED | L31: CLOSED | N31: CLOSED | O31: =+F31 -> 800
A32: 42413 | B32: =+A32 -> 42413 | C32: 1.4 | D32: 0.91944444 | E32: ** | F32: 1000 | H32: CLOSED | J32: CLOSED | L32: CLOSED | N32: CLOSED | O32: =+F32 -> 1000
A33: 42414 | B33: =+A33 -> 42414 | C33: 2.2 | D33: 0.95694444 | E33: ** | F33: 100 | H33: CLOSED | J33: CLOSED | L33: CLOSED | N33: CLOSED | O33: =+F33 -> 100
A35: 42415 | B35: =+A35 -> 42415 | C35: 1.1 | D35: 0.51111111 | E35: ** | F35: 800 | H35: CLOSED | J35: CLOSED | L35: CLOSED | N35: CLOSED | O35: =+F35 -> 800
A36: 42416 | B36: =+A36 -> 42416 | C36: 1 | D36: 0.5625 | E36: ** | F36: 800 | H36: CLOSED | J36: CLOSED | L36: CLOSED | N36: CLOSED | O36: =+F36 -> 800
A37: 42417 | B37: =+A37 -> 42417 | C37: 0.7 | D37: 0.61111111 | F37: 791.11985 | H37: CLOSED | J37: CLOSED | L37: CLOSED | N37: CLOSED | O37: =+F37 -> 791.11985
A38: 42418 | B38: =+A38 -> 42418 | C38: 0.3 | D38: 0.65347222 | F38: 873.949 | H38: CLOSED | J38: CLOSED | L38: CLOSED | N38: CLOSED | O38: =+F38 -> 873.949
A39: 42419 | B39: =+A39 -> 42419 | C39: 0 | D39: 0.68958333 | F39: 1990.7679 | H39: CLOSED | J39: 3391.3042 | L39: 1766.6574 | N39: CLOSED | O39: =+F39+J39+L39 -> 7148.7296
A40: 42420 | B40: =+A40 -> 42420 | C40: -0.1 | D40: 0.72013889 | F40: 13050.087 | H40: CLOSED | J40: 9950.4269 | L40: 7972.8508 | N40: CLOSED | O40: =+F40+J40+L40 -> 30973.364
A41: 42421 | B41: =+A41 -> 42421 | C41: -0.2 | D41: 0.74722222 | F41: 2154.2031 | H41: CLOSED | J41: CLOSED | L41: 2511.1991 | N41: CLOSED | O41: =+F41+L41 -> 4665.4023
A42: 42422 | B42: =+A42 -> 42422 | C42: -0.1 | D42: 0.77152778 | F42: 1270.6225 | H42: CLOSED | J42: CLOSED | L42: CLOSED | N42: CLOSED | O42: =+F42 -> 1270.6225
A43: 42423 | B43: =+A43 -> 42423 | C43: 0.1 | D43: 0.79444444 | E43: ** | F43: 1100 | H43: CLOSED | J43: CLOSED | L43: CLOSED | N43: CLOSED | O43: =+F43 -> 1100
A44: 42424 | B44: =+A44 -> 42424 | C44: 0.5 | D44: 0.81597222 | F44: 358.76814 | H44: CLOSED | J44: CLOSED | L44: CLOSED | N44: CLOSED | O44: =+F44 -> 358.76814
A45: 42425 | B45: =+A45 -> 42425 | C45: 0.9 | D45: 0.8375 | E45: ** | F45: 870 | H45: CLOSED | J45: CLOSED | L45: CLOSED | N45: CLOSED | O45: =+F45 -> 870
A46: 42426 | B46: =+A46 -> 42426 | C46: 1.4 | D46: 0.85902778 | E46: ** | F46: 1000 | H46: CLOSED | J46: CLOSED | L46: CLOSED | N46: CLOSED | O46: =+F46 -> 1000
A47: 42427 | B47: =+A47 -> 42427 | C47: 2 | D47: 0.88125 | E47: ** | F47: 100 | H47: CLOSED | J47: CLOSED | L47: CLOSED | N47: CLOSED | O47: =+F47 -> 100
A48: 42428 | B48: =+A48 -> 42428 | C48: 2.5 | D48: 0.90555556 | E48: # | F48: 0 | H48: CLOSED | J48: CLOSED | L48: CLOSED | N48: CLOSED | O48: =+F48 -> 0
A49: 42429 | B49: =+A49 -> 42429 | C49: 3.1 | D49: 0.93472222 | E49: # | F49: 0 | H49: CLOSED | J49: CLOSED | L49: CLOSED | N49: CLOSED | O49: =+F49 -> 0
A51: 42430 | B51: =+A51 -> 42430 | C51: 1.9 | D51: 0.48888889 | F51: 80 | H51: CLOSED | J51: CLOSED | L51: CLOSED | N51: CLOSED | O51: =+F51 -> 80
A52: 42431 | B52: =+A52 -> 42431 | C52: 1.8 | D52: 0.53541667 | F52: 82.587749 | H52: CLOSED | J52: CLOSED | L52: CLOSED | N52: CLOSED | O52: =+F52 -> 82.587749
A53: 42432 | B53: =+A53 -> 42432 | C53: 1.4 | D53: 0.58263889 | F53: 166.89608 | H53: CLOSED | J53: CLOSED | L53: CLOSED | N53: CLOSED | O53: =+F53 -> 166.89608
A54: 42433 | B54: =+A54 -> 42433 | C54: 0.9 | D54: 0.625 | F54: 581.5554 | H54: CLOSED | J54: CLOSED | L54: CLOSED | N54: CLOSED | O54: =+F54 -> 581.5554
A55: 42434 | B55: =+A55 -> 42434 | C55: 0.3 | D55: 0.66180556 | F55: 6502.7181 | H55: CLOSED | J55: CLOSED | L55: 4831.4403 | N55: CLOSED | O55: =+F55+L55 -> 11334.158
A56: 42435 | B56: =+A56 -> 42435 | C56: -0.2 | D56: 0.69444444 | F56: 1496.1854 | H56: CLOSED | J56: CLOSED | L56: 3365.1189 | N56: CLOSED | O56: =+F56+L56 -> 4861.3043
A57: 42436 | B57: =+A57 -> 42436 | C57: -0.5 | D57: 0.72430556 | E57: * | F57: =+L57*(F56+F55+F58)/(L55+L56+L58) -> 1496.0099 | H57: CLOSED | J57: CLOSED | L57: 1534.2714 | N57: CLOSED | O57: =+F57+L57 -> 3030.2813
A58: 42437 | B58: =+A58 -> 42437 | C58: -0.6 | D58: 0.75347222 | F58: 1069.7549 | H58: CLOSED | J58: CLOSED | L58: 1104.0364 | N58: CLOSED | O58: =+F58+L58 -> 2173.7913
A59: 42438 | B59: =+A59 -> 42438 | C59: -0.5 | D59: 0.78263889 | E59: ** | F59: 1050 | H59: CLOSED | J59: CLOSED | L59: CLOSED | N59: CLOSED | O59: =+F59 -> 1050
A60: 42439 | B60: =+A60 -> 42439 | C60: -0.2 | D60: 0.81111111 | E60: ** | F60: 800 | H60: CLOSED | J60: CLOSED | L60: CLOSED | N60: CLOSED | O60: =+F60 -> 800
A62: 42440 | B62: =+A62 -> 42440 | C62: -0.1 | D62: 0.33263889 | F62: 465.14378 | H62: CLOSED | J62: CLOSED | L62: CLOSED | N62: CLOSED | O62: =+F62 -> 465.14378
A63: 42441 | B63: =+A63 -> 42441 | C63: -0.2 | D63: 0.36736111 | F63: 1855.4404 | H63: CLOSED | J63: CLOSED | L63: CLOSED | N63: CLOSED | O63: =+F63 -> 1855.4404
A64: 42442 | B64: =+A64 -> 42442 | C64: 0 | D64: 0.44652778 | E64: + | F64: 0 | H64: CLOSED | J64: CLOSED | L64: CLOSED | N64: CLOSED | O64: =+F64 -> 0
A65: 42443 | B65: =+A65 -> 42443 | C65: 0.3 | D65: 0.4875 | E65: ** | F65: 1000 | H65: CLOSED | J65: CLOSED | L65: CLOSED | N65: CLOSED | O65: =+F65 -> 1000
A67: 42444 | B67: =+A67 -> 42444 | C67: 0.6 | D67: 0.53402778 | F67: 146.18164 | H67: CLOSED | J67: CLOSED | L67: CLOSED | N67: CLOSED | O67: =+F67 -> 146.18164
A68: 42445 | B68: =+A68 -> 42445 | C68: 0.8 | D68: 0.58402778 | F68: 384.77695 | H68: CLOSED | J68: CLOSED | L68: CLOSED | N68: CLOSED | O68: =+F68 -> 384.77695
A69: 42446 | B69: =+A69 -> 42446 | C69: 0.8 | D69: 0.63333333 | E69: ** | F69: 400 | H69: CLOSED | J69: CLOSED | L69: CLOSED | N69: CLOSED | O69: =+F69 -> 400
A70: 42447 | B70: =+A70 -> 42447 | C70: 0.7 | D70: 0.67708333 | F70: 785.01948 | H70: CLOSED | J70: 3152.6803 | L70: 1390.7223 | N70: CLOSED | O70: =+F70+J70+L70 -> 5328.422
A71: 42448 | B71: =+A71 -> 42448 | C71: 0.5 | D71: 0.71319444 | F71: 1227.8073 | H71: CLOSED | J71: 3556.6749 | L71: 3124.4271 | N71: CLOSED | O71: =+F71+J71+L71 -> 7908.9093
A72: 42449 | B72: =+A72 -> 42449 | C72: 0.4 | D72: 0.74305556 | E72: * | F72: =+(J72+L72)*(F71+F70)/(J70+J71+L70+L71) -> 651.23353 | H72: CLOSED | J72: 2388.5618 | L72: 1243.0343 | N72: CLOSED | O72: =+F72+J72+L72 -> 4282.8296
A73: 42450 | B73: =+A73 -> 42450 | C73: 0.5 | D73: 0.76944444 | E73: ** | F73: 1100 | H73: CLOSED | J73: CLOSED | L73: CLOSED | N73: CLOSED | O73: =+F73 -> 1100
A74: 42451 | B74: =+A74 -> 42451 | C74: 0.6 | D74: 0.79305556 | E74: ** | F74: 1100 | H74: CLOSED | J74: CLOSED | L74: CLOSED | N74: CLOSED | O74: =+F74 -> 1100
A75: 42452 | B75: =+A75 -> 42452 | C75: 0.8 | D75: 0.81527778 | E75: ** | F75: 1100 | H75: CLOSED | J75: CLOSED | L75: CLOSED | N75: CLOSED | O75: =+F75 -> 1100
A77: 42453 | B77: =+A77 -> 42453 | C77: 0.8 | D77: 0.33125 | F77: 263.47102 | H77: CLOSED | J77: CLOSED | L77: CLOSED | N77: CLOSED | O77: =+F77 -> 263.47102
A78: 42454 | B78: =+A78 -> 42454 | C78: 0.7 | D78: 0.35486111 | F78: 715.62129 | H78: CLOSED | J78: CLOSED | L78: 1292.8784 | N78: CLOSED | O78: =+F78 -> 715.62129
A79: 42455 | B79: =+A79 -> 42455 | C79: 0.6 | D79: 0.37916667 | E79: * | F79: =+L79*F78/L78 -> 2749.8579 | H79: CLOSED | J79: CLOSED | L79: 4968.0354 | N79: CLOSED | O79: =+F79 -> 2749.8579
A80: 42456 | B80: =+A80 -> 42456 | C80: 0.7 | D80: 0.40416667 | E80: * | F80: =+L80*F78/L78 -> 1926.8215 | H80: CLOSED | J80: CLOSED | L80: 3481.0953 | N80: CLOSED | O80: =+F80 -> 1926.8215
A81: 42457 | B81: =+A81 -> 42457 | C81: 0.8 | D81: 0.43125 | E81: ** | F81: 1900 | H81: CLOSED | J81: CLOSED | L81: CLOSED | N81: CLOSED | O81: =+F81 -> 1900
A82: 42458 | B82: =+A82 -> 42458 | C82: 1 | D82: 0.4625 | E82: ** | F82: 900 | H82: CLOSED | J82: CLOSED | L82: CLOSED | N82: CLOSED | O82: =+F82 -> 900
A83: 42459 | B83: =+A83 -> 42459 | C83: 1.2 | D83: 0.5 | F83: 416.64173 | H83: CLOSED | J83: CLOSED | L83: CLOSED | N83: CLOSED | O83: =+F83 -> 416.64173
A84: 42460 | B84: =+A84 -> 42460 | C84: 1.2 | D84: 0.54305556 | F84: 400 | H84: CLOSED | J84: CLOSED | L84: CLOSED | N84: CLOSED | O84: =+F84 -> 400
A86: 42463 | B86: =+A86 -> 42463 | C86: 0.5 | D86: 0.67569444 | F86: 2212.0061 | H86: CLOSED | J86: CLOSED | L86: CLOSED | N86: CLOSED | O86: =+F86 -> 2212.0061
A87: 42464 | B87: =+A87 -> 42464 | C87: 0.1 | D87: 0.71111111 | F87: 2200 | H87: CLOSED | J87: CLOSED | L87: CLOSED | N87: CLOSED | O87: =+F87 -> 2200
A88: 42465 | B88: =+A88 -> 42465 | C88: 0 | D88: 0.74375 | F88: 1138.0248 | H88: CLOSED | J88: CLOSED | L88: CLOSED | N88: CLOSED | O88: =+F88 -> 1138.0248
A89: 42466 | B89: =+A89 -> 42466 | C89: 0 | D89: 0.775 | F89: 2312.0607 | H89: CLOSED | J89: CLOSED | L89: CLOSED | N89: CLOSED | O89: =+F89 -> 2312.0607
A90: 42467 | B90: =+A90 -> 42467 | C90: -0.6 | D90: 0.29652778 | F90: 1554.157 | H90: CLOSED | J90: 1222.4801 | L90: 871.30697 | N90: CLOSED | O90: =+F90+J90+L90 -> 3647.9441
A91: 42468 | B91: =+A91 -> 42468 | C91: -1.1 | D91: 0.32916667 | F91: 5194.6287 | H91: CLOSED | J91: 2975.1365 | L91: 1517.8988 | N91: CLOSED | O91: =+F91+J91+L91 -> 9687.6639
A92: 42469 | B92: =+A92 -> 42469 | C92: -1.3 | D92: 0.3625 | F92: 12291.348 | H92: CLOSED | J92: 6892.9022 | L92: CLOSED | N92: CLOSED | O92: =+F92+J92 -> 19184.25
A93: 42470 | B93: =+A93 -> 42470 | C93: -1.2 | D93: 0.39722222 | E93: ** | F93: 12300 | H93: CLOSED | J93: CLOSED | L93: 6262.1848 | N93: CLOSED | O93: =+F93+L93 -> 18562.185
A94: 42471 | B94: =+A94 -> 42471 | C94: -0.9 | D94: 0.43263889 | F94: 1888.5995 | H94: CLOSED | J94: CLOSED | L94: CLOSED | N94: CLOSED | O94: =+F94 -> 1888.5995
A95: 42472 | B95: =+A95 -> 42472 | C95: -0.4 | D95: 0.47152778 | F95: 897.2528 | H95: CLOSED | J95: CLOSED | L95: CLOSED | N95: CLOSED | O95: =+F95 -> 897.2528
A97: 42480 | B97: =+A97 -> 42480 | C97: 0.6 | D97: 0.26736111 | F97: 381.41645 | H97: CLOSED | J97: CLOSED | L97: CLOSED | N97: CLOSED | O97: =+F97 -> 381.41645
A98: 42481 | B98: =+A98 -> 42481 | C98: 0.2 | D98: 0.29236111 | F98: 510.7956 | H98: CLOSED | J98: CLOSED | L98: CLOSED | N98: CLOSED | O98: =+F98 -> 510.7956
A99: 42482 | B99: =+A99 -> 42482 | C99: 0 | D99: 0.31597222 | F99: 1189.6161 | H99: CLOSED | J99: CLOSED | L99: CLOSED | N99: CLOSED | O99: =+F99 -> 1189.6161
A100: 42483 | B100: =+A100 -> 42483 | C100: -0.2 | D100: 0.33888889 | F100: 4494.6653 | H100: CLOSED | J100: CLOSED | L100: 4007.8539 | N100: CLOSED | O100: =+F100+L100 -> 8502.5192
A101: 42484 | B101: =+A101 -> 42484 | C101: -0.2 | D101: 0.3625 | F101: 3624.2964 | H101: CLOSED | J101: CLOSED | L101: CLOSED | N101: CLOSED | O101: =+F101 -> 3624.2964
A102: 42485 | B102: =+A102 -> 42485 | C102: -0.2 | D102: 0.3875 | F102: 1581.114 | H102: CLOSED | J102: 1346.5156 | L102: 1555.6668 | N102: CLOSED | O102: =+F102+J102+L102 -> 4483.2965
A103: 42486 | B103: =+A103 -> 42486 | C103: -0.1 | D103: 0.41388889 | F103: 959.02665 | H103: CLOSED | J103: 1060.9701 | L103: 1407.1107 | N103: CLOSED | O103: =+F103+J103+L103 -> 3427.1074
A104: 42487 | B104: =+A104 -> 42487 | C104: 0.1 | D104: 0.44375 | F104: 1098.8826 | H104: CLOSED | J104: CLOSED | L104: CLOSED | N104: CLOSED | O104: =+F104 -> 1098.8826
A105: 42488 | B105: =+A105 -> 42488 | C105: 0.3 | D105: 0.47777778 | E105: ** | F105: =+(F103+F104)/2 -> 1028.9546 | H105: CLOSED | J105: CLOSED | L105: CLOSED | N105: CLOSED | O105: =+F105 -> 1028.9546
A107: 42496 | B107: =+A107 -> 42496 | C107: -1.5 | D107: 0.28541667 | F107: 5951.2633 | H107: CLOSED | J107: CLOSED | L107: CLOSED | N107: CLOSED | O107: =+F107 -> 5951.2633
A108: 42497 | B108: =+A108 -> 42497 | C108: -2 | D108: 0.31875 | F108: 12668.762 | H108: CLOSED | J108: CLOSED | L108: CLOSED | N108: CLOSED | O108: =+F108 -> 12668.762
A109: 42498 | B109: =+A109 -> 42498 | C109: -2.1 | D109: 0.35138889 | F109: 8070.2345 | H109: CLOSED | J109: CLOSED | L109: CLOSED | N109: CLOSED | O109: =+F109 -> 8070.2345
A110: 42499 | B110: =+A110 -> 42499 | C110: -1.9 | D110: 0.38472222 | F110: CLOSED | H110: CLOSED | J110: CLOSED | L110: 2774.1613 | N110: CLOSED | O110: =+L110 -> 2774.1613
A111: 42500 | B111: =+A111 -> 42500 | C111: -1.5 | D111: 0.41875 | F111: CLOSED | H111: CLOSED | J111: CLOSED | L111: 2903.3889 | N111: CLOSED | O111: =+L111 -> 2903.3889
...

Sheet CPUE
A1: Date | B1: Day | C1: Tide | D1: Time | E1: Longbeach | G1: Twin Harbors | I1: Copalis | K1: Mocrocks | M1: Kalaloch
A2: 42362 | B2: =+A2 -> 42362 | C2: -1.2 | D2: 0.74097222 | F2: CLOSED | H2: CLOSED | J2: =+Harvest!J2/Effort!J2 -> 14.066667 | L2: CLOSED | N2: CLOSED
A3: 42363 | B3: =+A3 -> 42363 | C3: -1.3 | D3: 0.77083333 | F3: CLOSED | H3: CLOSED | J3: =+Harvest!J3/Effort!J3 -> 14.846154 | L3: CLOSED | N3: CLOSED
A4: 42364 | B4: =+A4 -> 42364 | C4: -1.1 | D4: 0.8 | F4: CLOSED | H4: CLOSED | J4: =+Harvest!J4/Effort!J4 -> 14.550388 | L4: CLOSED | N4: CLOSED
A6: 42376 | B6: =+A6 -> 42376 | C6: 0.1 | D6: 0.70625 | F6: =+Harvest!F6/Effort!F6 -> 14.277778 | H6: CLOSED | J6: CLOSED | L6: CLOSED | N6: CLOSED
A7: 42377 | B7: =+A7 -> 42377 | C7: -0.4 | D7: 0.73402778 | F7: =+Harvest!F7/Effort!F7 -> 14.984733 | H7: CLOSED | J7: =+Harvest!J7/Effort!J7 -> 14.925373 | L7: CLOSED | N7: CLOSED
A8: 42378 | B8: =+A8 -> 42378 | C8: -0.8 | D8: 0.76111111 | F8: =+Harvest!F8/Effort!F8 -> 12.727273 | H8: CLOSED | J8: =+Harvest!J8/Effort!J8 -> 12.873239 | L8: CLOSED | N8: CLOSED
A9: 42379 | B9: =+A9 -> 42379 | C9: -1 | D9: 0.78819444 | F9: =+Harvest!F9/Effort!F9 -> 14.901961 | H9: CLOSED | J9: CLOSED | L9: CLOSED | N9: CLOSED
A10: 42380 | B10: =+A10 -> 42380 | C10: -1 | D10: 0.81527778 | F10: =+Harvest!F10/Effort!F10 -> 14 | H10: CLOSED | J10: CLOSED | L10: CLOSED | N10: CLOSED
A11: 42381 | B11: =+A11 -> 42381 | C11: -0.8 | D11: 0.84305556 | F11: =+Harvest!F11/Effort!F11 -> 15 | H11: CLOSED | J11: CLOSED | L11: CLOSED | N11: CLOSED
A12: 42382 | B12: =+A12 -> 42382 | C12: -0.4 | D12: 0.87222222 | F12: =+Harvest!F12/Effort!F12 -> 15 | H12: CLOSED | J12: CLOSED | L12: CLOSED | N12: CLOSED
A13: 42383 | B13: =+A13 -> 42383 | C13: 0.2 | D13: 0.90277778 | F13: =+Harvest!F13/Effort!F13 -> 14.833333 | H13: CLOSED | J13: CLOSED | L13: CLOSED | N13: CLOSED
A15: 42390 | B15: =+A15 -> 42390 | C15: -0.4 | D15: 0.70069444 | F15: =+Harvest!F15/Effort!F15 -> 8.6585366 | H15: CLOSED | J15: CLOSED | L15: CLOSED | N15: CLOSED
A16: 42391 | B16: =+A16 -> 42391 | C16: -0.7 | D16: 0.73263889 | F16: =+Harvest!F16/Effort!F16 -> 15 | H16: CLOSED | J16: =+Harvest!J16/Effort!J16 -> 11.173077 | L16: CLOSED | N16: CLOSED
A17: 42392 | B17: =+A17 -> 42392 | C17: -0.8 | D17: 0.76111111 | F17: =+Harvest!F17/Effort!F17 -> 15.087912 | H17: CLOSED | J17: CLOSED | L17: CLOSED | N17: CLOSED
A18: 42393 | B18: =+A18 -> 42393 | C18: -0.7 | D18: 0.7875 | F18: =+Harvest!F18/Effort!F18 -> 14.782609 | H18: CLOSED | J18: CLOSED | L18: CLOSED | N18: CLOSED
A19: 42394 | B19: =+A19 -> 42394 | C19: -0.4 | D19: 0.81319444 | F19: =+Harvest!F19/Effort!F19 -> 14.705882 | H19: CLOSED | J19: CLOSED | L19: CLOSED | N19: CLOSED
A20: 42395 | B20: =+A20 -> 42395 | C20: 0 | D20: 0.83680556 | F20: =+Harvest!F20/Effort!F20 -> 12.666667 | H20: CLOSED | J20: CLOSED | L20: CLOSED | N20: CLOSED
A21: 42396 | B21: =+A21 -> 42396 | C21: 0.5 | D21: 0.86041667 | F21: =+Harvest!F21/Effort!F21 -> 0 | H21: CLOSED | J21: CLOSED | L21: CLOSED | N21: CLOSED
A23: 42404 | B23: =+A23 -> 42404 | C23: 0.8 | D23: 0.65347222 | F23: =+Harvest!F23/Effort!F23 -> 13.709677 | H23: CLOSED | J23: CLOSED | L23: CLOSED | N23: CLOSED
A24: 42405 | B24: =+A24 -> 42405 | C24: 0.2 | D24: 0.68611111 | F24: =+Harvest!F24/Effort!F24 -> 6.4285714 | H24: CLOSED | J24: CLOSED | L24: CLOSED | N24: CLOSED
A25: 42406 | B25: =+A25 -> 42406 | C25: -0.3 | D25: 0.71597222 | F25: =+Harvest!F25/Effort!F25 -> 15 | H25: CLOSED | J25: CLOSED | L25: CLOSED | N25: CLOSED
A26: 42407 | B26: =+A26 -> 42407 | C26: -0.7 | D26: 0.74444444 | F26: =+Harvest!F26/Effort!F26 -> 15 | H26: CLOSED | J26: CLOSED | L26: CLOSED | N26: CLOSED
A27: 42408 | B27: =+A27 -> 42408 | C27: -1 | D27: 0.77222222 | F27: =+Harvest!F27/Effort!F27 -> 14.777778 | H27: CLOSED | J27: CLOSED | L27: CLOSED | N27: CLOSED
A28: 42409 | B28: =+A28 -> 42409 | C28: -0.9 | D28: 0.8 | F28: =+Harvest!F28/Effort!F28 -> 14.545455 | H28: CLOSED | J28: CLOSED | L28: CLOSED | N28: CLOSED
A29: 42410 | B29: =+A29 -> 42410 | C29: -0.7 | D29: 0.82777778 | F29: =+Harvest!F29/Effort!F29 -> 15 | H29: CLOSED | J29: CLOSED | L29: CLOSED | N29: CLOSED
... A38: 42418 | B38: =+A38 -> 42418 | C38: 0.3 | D38: 0.65347222 | F38: =+Harvest!F38/Effort!F38 -> 10.272727 | H38: CLOSED | J38: CLOSED | L38: CLOSED | N38: CLOSED
A39: 42419 | B39: =+A39 -> 42419 | C39: 0 | D39: 0.68958333 | F39: =+Harvest!F39/Effort!F39 -> 11.46875 | H39: CLOSED | J39: =+Harvest!J39/Effort!J39 -> 12.65 | L39: =+Harvest!L39/Effort!L39 -> 8.4769231 | N39: CLOSED
A40: 42420 | B40: =+A40 -> 42420 | C40: -0.1 | D40: 0.72013889 | F40: =+Harvest!F40/Effort!F40 -> 15.410959 | H40: CLOSED | J40: =+Harvest!J40/Effort!J40 -> 12.896907 | L40: =+Harvest!L40/Effort!L40 -> 14.714286 | N40: CLOSED
A41: 42421 | B41: =+A41 -> 42421 | C41: -0.2 | D41: 0.74722222 | F41: =+Harvest!F41/Effort!F41 -> 15 | H41: CLOSED | J41: CLOSED | L41: =+Harvest!L41/Effort!L41 -> 14.795918 | N41: CLOSED
A42: 42422 | B42: =+A42 -> 42422 | C42: -0.1 | D42: 0.77152778 | F42: =+Harvest!F42/Effort!F42 -> 14.923077 | H42: CLOSED | J42: CLOSED | L42: CLOSED | N42: CLOSED
A43: 42423 | B43: =+A43 -> 42423 | C43: 0.1 | D43: 0.79444444 | E43: ** | F43: =+Harvest!F43/Effort!F43 -> 14.590909 | H43: CLOSED | J43: CLOSED | L43: CLOSED | N43: CLOSED
A44: 42424 | B44: =+A44 -> 42424 | C44: 0.5 | D44: 0.81597222 | F44: =+Harvest!F44/Effort!F44 -> 9.4 | H44: CLOSED | J44: CLOSED | L44: CLOSED | N44: CLOSED
A45: 42425 | B45: =+A45 -> 42425 | C45: 0.9 | D45: 0.8375 | E45: ** | F45: =+Harvest!F45/Effort!F45 -> 10.344828 | H45: CLOSED | J45: CLOSED | L45: CLOSED | N45: CLOSED
A46: 42426 | B46: =+A46 -> 42426 | C46: 1.4 | D46: 0.85902778 | F46: =+Harvest!F46/Effort!F46 -> 11.7 | H46: CLOSED | J46: CLOSED | L46: CLOSED | N46: CLOSED
A47: 42427 | B47: =+A47 -> 42427 | C47: 2 | D47: 0.88125 | F47: =+Harvest!F47/Effort!F47 -> 12 | H47: CLOSED | J47: CLOSED | L47: CLOSED | N47: CLOSED
A48: 42428 | B48: =+A48 -> 42428 | C48: 2.5 | D48: 0.90555556 | E48: # | F48: 0 | H48: CLOSED | J48: CLOSED | L48: CLOSED | N48: CLOSED
A49: 42429 | B49: =+A49 -> 42429 | C49: 3.1 | D49: 0.93472222 | E49: # | F49: 0 | H49: CLOSED | J49: CLOSED | L49: CLOSED | N49: CLOSED
A51: 42430 | B51: =+A51 -> 42430 | C51: 1.9 | D51: 0.48888889 | E51: ** | F51: =+Harvest!F51/Effort!F51 -> 11.6875 | H51: CLOSED | J51: CLOSED | L51: CLOSED | N51: CLOSED
A52: 42431 | B52: =+A52 -> 42431 | C52: 1.8 | D52: 0.53541667 | F52: =+Harvest!F52/Effort!F52 -> 11.666667 | H52: CLOSED | J52: CLOSED | L52: CLOSED | N52: CLOSED
A53: 42432 | B53: =+A53 -> 42432 | C53: 1.4 | D53: 0.58263889 | F53: =+Harvest!F53/Effort!F53 -> 13.5 | H53: CLOSED | J53: CLOSED | L53: CLOSED | N53: CLOSED
A54: 42433 | B54: =+A54 -> 42433 | C54: 0.9 | D54: 0.625 | F54: =+Harvest!F54/Effort!F54 -> 6.4285714 | H54: CLOSED | J54: CLOSED | L54: CLOSED | N54: CLOSED
A55: 42434 | B55: =+A55 -> 42434 | C55: 0.3 | D55: 0.66180556 | F55: =+Harvest!F55/Effort!F55 -> 4.0909091 | H55: CLOSED | J55: CLOSED | L55: =+Harvest!L55/Effort!L55 -> 3.3510638 | N55: CLOSED
A56: 42435 | B56: =+A56 -> 42435 | C56: -0.2 | D56: 0.69444444 | F56: =+Harvest!F56/Effort!F56 -> 12.717391 | H56: CLOSED | J56: CLOSED | L56: =+Harvest!L56/Effort!L56 -> 13.869565 | N56: CLOSED
A57: 42436 | B57: =+A57 -> 42436 | C57: -0.5 | D57: 0.72430556 | E57: ** | F57: =+Harvest!F57/Effort!F57 -> 12.059314 | H57: CLOSED | J57: CLOSED | L57: =+Harvest!L57/Effort!L57 -> 15 | N57: CLOSED
A58: 42437 | B58: =+A58 -> 42437 | C58: -0.6 | D58: 0.75347222 | F58: =+Harvest!F58/Effort!F58 -> 15 | H58: CLOSED | J58: CLOSED | L58: =+Harvest!L58/Effort!L58 -> 14.324324 | N58: CLOSED
A59: 42438 | B59: =+A59 -> 42438 | C59: -0.5 | D59: 0.78263889 | E59: ** | F59: =+Harvest!F59/Effort!F59 -> 15 | H59: CLOSED | J59: CLOSED | L59: CLOSED | N59: CLOSED
A60: 42439 | B60: =+A60 -> 42439 | C60: -0.2 | D60: 0.81111111 | E60: ** | F60: =+Harvest!F60/Effort!F60 -> 13 | H60: CLOSED | J60: CLOSED | L60: CLOSED | N60: CLOSED
A62: 42440 | B62: =+A62 -> 42440 | C62: -0.1 | D62: 0.33263889 | F62: =+Harvest!F62/Effort!F62 -> 15 | H62: CLOSED | J62: CLOSED | L62: CLOSED | N62: CLOSED
A63: 42441 | B63: =+A63 -> 42441 | C63: -0.2 | D63: 0.36736111 | F63: =+Harvest!F63/Effort!F63 -> 8.375 | H63: CLOSED | J63: CLOSED | L63: CLOSED | N63: CLOSED
A64: 42442 | B64: =+A64 -> 42442 | C64: 0 | D64: 0.44652778 | E64: + | F64: 0 | H64: CLOSED | J64: CLOSED | L64: CLOSED | N64: CLOSED
A65: 42443 | B65: =+A65 -> 42443 | C65: 0.3 | D65: 0.4875 | F65: =+Harvest!F65/Effort!F65 -> 14.9 | H65: CLOSED | J65: CLOSED | L65: CLOSED | N65: CLOSED
A67: 42444 | B67: =+A67 -> 42444 | C67: 0.6 | D67: 0.53402778 | F67: =+Harvest!F67/Effort!F67 -> 11.666667 | H67: CLOSED | J67: CLOSED | L67: CLOSED | N67: CLOSED
A68: 42445 | B68: =+A68 -> 42445 | C68: 0.8 | D68: 0.58402778 | F68: =+Harvest!F68/Effort!F68 -> 15 | H68: CLOSED | J68: CLOSED | L68: CLOSED | N68: CLOSED
A69: 42446 | B69: =+A69 -> 42446 | C69: 0.8 | D69: 0.63333333 | E69: ** | F69: =+Harvest!F69/Effort!F69 -> 15 | H69: CLOSED | J69: CLOSED | L69: CLOSED | N69: CLOSED
A70: 42447 | B70: =+A70 -> 42447 | C70: 0.7 | D70: 0.67708333 | F70: =+Harvest!F70/Effort!F70 -> 15 | H70: CLOSED | J70: =+Harvest!J70/Effort!J70 -> 14.428571 | L70: =+Harvest!L70/Effort!L70 -> 15 | N70: CLOSED
A71: 42448 | B71: =+A71 -> 42448 | C71: 0.5 | D71: 0.71319444 | F71: =+Harvest!F71/Effort!F71 -> 13.577586 | H71: CLOSED | J71: =+Harvest!J71/Effort!J71 -> 12.684211 | L71: =+Harvest!L71/Effort!L71 -> 13.359375 | N71: CLOSED
A72: 42449 | B72: =+A72 -> 42449 | C72: 0.4 | D72: 0.74305556 | E72: * | F72: =+Harvest!F72/Effort!F72 -> 12.203391 | H72: CLOSED | J72: =+Harvest!J72/Effort!J72 -> 11.3 | L72: =+Harvest!L72/Effort!L72 -> 12.72 | N72: CLOSED
A73: 42450 | B73: =+A73 -> 42450 | C73: 0.5 | D73: 0.76944444 | F73: =+Harvest!F73/Effort!F73 -> 15 | H73: CLOSED | J73: CLOSED | L73: CLOSED | N73: CLOSED
A74: 42451 | B74: =+A74 -> 42451 | C74: 0.6 | D74: 0.79305556 | F74: =+Harvest!F74/Effort!F74 -> 15 | H74: CLOSED | J74: CLOSED | L74: CLOSED | N74: CLOSED
A75: 42452 | B75: =+A75 -> 42452 | C75: 0.8 | D75: 0.81527778 | F75: =+Harvest!F75/Effort!F75 -> 15 | H75: CLOSED | J75: CLOSED | L75: CLOSED | N75: CLOSED
A77: 42453 | B77: =+A77 -> 42453 | C77: 0.8 | D77: 0.33125 | F77: =+Harvest!F77/Effort!F77 -> 6.8181818 | H77: CLOSED | J77: CLOSED | L77: CLOSED | N77: CLOSED
A78: 42454 | B78: =+A78 -> 42454 | C78: 0.7 | D78: 0.35486111 | F78: =+Harvest!F78/Effort!F78 -> 7.8571429 | H78: CLOSED | J78: CLOSED | L78: =+Harvest!L78/Effort!L78 -> 11.555556 | N78: CLOSED
A79: 42455 | B79: =+A79 -> 42455 | C79: 0.6 | D79: 0.37916667 | F79: =+Harvest!F79/Effort!F79 -> 10.199176 | H79: CLOSED | J79: CLOSED | L79: =+Harvest!L79/Effort!L79 -> 15 | N79: CLOSED
A80: 42456 | B80: =+A80 -> 42456 | C80: 0.7 | D80: 0.40416667 | F80: =+Harvest!F80/Effort!F80 -> 8.6300719 | H80: CLOSED | J80: CLOSED | L80: =+Harvest!L80/Effort!L80 -> 12.692308 | N80: CLOSED
A81: 42457 | B81: =+A81 -> 42457 | C81: 0.8 | D81: 0.43125 | F81: =+Harvest!F81/Effort!F81 -> 14.894737 | H81: CLOSED | J81: CLOSED | L81: CLOSED | N81: CLOSED
A82: 42458 | B82: =+A82 -> 42458 | C82: 1 | D82: 0.4625 | F82: =+Harvest!F82/Effort!F82 -> 15 | H82: CLOSED | J82: CLOSED | L82: CLOSED | N82: CLOSED
A83: 42459 | B83: =+A83 -> 42459 | C83: 1.2 | D83: 0.5 | F83: =+Harvest!F83/Effort!F83 -> 15 | H83: CLOSED | J83: CLOSED | L83: CLOSED | N83: CLOSED
A84: 42460 | B84: =+A84 -> 42460 | C84: 1.2 | D84: 0.54305556 | F84: =+Harvest!F84/Effort!F84 -> 15 | H84: CLOSED | J84: CLOSED | L84: CLOSED | N84: CLOSED
A86: 42463 | B86: =+A86 -> 42463 | C86: 0.5 | D86: 0.67569444 | F86: =+Harvest!F86/Effort!F86 -> 15 | H86: CLOSED | J86: CLOSED | L86: CLOSED | N86: CLOSED
A87: 42464 | B87: =+A87 -> 42464 | C87: 0.1 | D87: 0.71111111 | F87: =+Harvest!F87/Effort!F87 -> 15 | H87: CLOSED | J87: CLOSED | L87: CLOSED | N87: CLOSED
A88: 42465 | B88: =+A88 -> 42465 | C88: 0 | D88: 0.74375 | F88: =+Harvest!F88/Effort!F88 -> 14.846154 | H88: CLOSED | J88: CLOSED | L88: CLOSED | N88: CLOSED
A89: 42466 | B89: =+A89 -> 42466 | C89: 0 | D89: 0.775 | F89: =+Harvest!F89/Effort!F89 -> 15 | H89: CLOSED | J89: CLOSED | L89: CLOSED | N89: CLOSED
A90: 42467 | B90: =+A90 -> 42467 | C90: -0.6 | D90: 0.29652778 | F90: =+Harvest!F90/Effort!F90 -> 15 | H90: CLOSED | J90: =+Harvest!J90/Effort!J90 -> 15.020408 | L90: =+Harvest!L90/Effort!L90 -> 15 | N90: CLOSED
A91: 42468 | B91: =+A91 -> 42468 | C91: -1.1 | D91: 0.32916667 | F91: =+Harvest!F91/Effort!F91 -> 15 | H91: CLOSED | J91: =+Harvest!J91/Effort!J91 -> 15 | L91: =+Harvest!L91/Effort!L91 -> 15 | N91: CLOSED
A92: 42469 | B92: =+A92 -> 42469 | C92: -1.3 | D92: 0.3625 | F92: =+Harvest!F92/Effort!F92 -> 15 | H92: CLOSED | J92: =+Harvest!J92/Effort!J92 -> 14.90411 | L92: CLOSED | N92: CLOSED
A93: 42470 | B93: =+A93 -> 42470 | C93: -1.2 | D93: 0.39722222 | F93: =+Harvest!F93/Effort!F93 -> 14.98374 | H93: CLOSED | J93: CLOSED | L93: =+Harvest!L93/Effort!L93 -> 15 | N93: CLOSED
A94: 42471 | B94: =+A94 -> 42471 | C94: -0.9 | D94: 0.43263889 | F94: =+Harvest!F94/Effort!F94 -> 15 | H94: CLOSED | J94: CLOSED | L94: CLOSED | N94: CLOSED
A95: 42472 | B95: =+A95 -> 42472 | C95: -0.4 | D95: 0.47152778 | F95: =+Harvest!F95/Effort!F95 -> 15 | H95: CLOSED | J95: CLOSED | L95: CLOSED | N95: CLOSED
A97: 42480 | B97: =+A97 -> 42480 | C97: 0.6 | D97: 0.26736111 | F97: =+Harvest!F97/Effort!F97 -> 15 | H97: CLOSED | J97: CLOSED | L97: CLOSED | N97: CLOSED
A98: 42481 | B98: =+A98 -> 42481 | C98: 0.2 | D98: 0.29236111 | F98: =+Harvest!F98/Effort!F98 -> 15 | H98: CLOSED | J98: CLOSED | L98: CLOSED | N98: CLOSED
A99: 42482 | B99: =+A99 -> 42482 | C99: 0 | D99: 0.31597222 | F99: =+Harvest!F99/Effort!F99 -> 15 | H99: CLOSED | J99: CLOSED | L99: CLOSED | N99: CLOSED
A100: 42483 | B100: =+A100 -> 42483 | C100: -0.2 | D100: 0.33888889 | F100: =+Harvest!F100/Effort!F100 -> 15 | H100: CLOSED | J100: CLOSED | L100: =+Harvest!L100/Effort!L100 -> 15.054054 | N100: CLOSED
A101: 42484 | B101: =+A101 -> 42484 | C101: -0.2 | D101: 0.3625 | F101: =+Harvest!F101/Effort!F101 -> 15 | H101: CLOSED | J101: CLOSED | L101: CLOSED | N101: CLOSED
A102: 42485 | B102: =+A102 -> 42485 | C102: -0.2 | D102: 0.3875 | F102: =+Harvest!F102/Effort!F102 -> 15 | H102: CLOSED | J102: =+Harvest!J102/Effort!J102 -> 14.59375 | L102: =+Harvest!L102/Effort!L102 -> 15 | N102: CLOSED
A103: 42486 | B103: =+A103 -> 42486 | C103: -0.1 | D103: 0.41388889 | F103: =+Harvest!F103/Effort!F103 -> 15 | H103: CLOSED | J103: =+Harvest!J103/Effort!J103 -> 15 | L103: =+Harvest!L103/Effort!L103 -> 15 | N103: CLOSED
A104: 42487 | B104: =+A104 -> 42487 | C104: 0.1 | D104: 0.44375 | F104: =+Harvest!F104/Effort!F104 -> 15 | H104: CLOSED | J104: CLOSED | L104: CLOSED | N104: CLOSED
A105: 42488 | B105: =+A105 -> 42488 | C105: 0.3 | D105: 0.47777778 | F105: =+Harvest!F105/Effort!F105 -> 15 | H105: CLOSED | J105: CLOSED | L105: CLOSED | N105: CLOSED
A107: 42496 | B107: =+A107 -> 42496 | C107: -1.5 | D107: 0.28541667 | F107: =+Harvest!F107/Effort!F107 -> 15 | H107: CLOSED | J107: CLOSED | L107: CLOSED | N107: CLOSED
A108: 42497 | B108: =+A108 -> 42497 | C108: -2 | D108: 0.31875 | F108: =+Harvest!F108/Effort!F108 -> 15 | H108: CLOSED | J108: CLOSED | L108: CLOSED | N108: CLOSED
A109: 42498 | B109: =+A109 -> 42498 | C109: -2.1 | D109: 0.35138889 | F109: =+Harvest!F109/Effort!F109 -> 15 | H109: CLOSED | J109: CLOSED | L109: CLOSED | N109: CLOSED
A110: 42499 | B110: 42499 | C110: -1.9 | D110: 0.38472222 | F110: CLOSED | H110: CLOSED | J110: CLOSED | L110: =+Harvest!L110/Effort!L110 -> 14.926829 | N110: CLOSED
A111: 42500 | B111: 42500 | C111: -1.5 | D111: 0.41875 | F111: CLOSED | H111: CLOSED | J111: CLOSED | L111: =+Harvest!L111/Effort!L111 -> 15 | N111: CLOSED
A112: 42501 | B112: 42501 | C112: -0.9 | D112: 0.45486111 | F112: CLOSED | H112: CLOSED | J112: CLOSED | L112: =+Harvest!L112/Effort!L112 -> 14.942529 | N112: CLOSED
A113: 42502 | B113: 42502 | C113: -0.3 | D113: 0.49236111 | F113: CLOSED | H113: CLOSED | J113: CLOSED | L113: =+Harvest!L113/Effort!L113 -> 15 | N113: CLOSED
A115: 42510 | B115: 42510 | C115: -0.3 | D115: 0.27569444 | F115: CLOSED | H115: CLOSED | J115: =+Harvest!J115/Effort!J115 -> 14.947368 | L115: =+Harvest!L115/Effort!L115 -> 15 | N115: CLOSED
A116: 42511 | B116: 42511 | C116: -0.6 | D116: 0.3 | F116: CLOSED | H116: CLOSED | J116: =+Harvest!J116/Effort!J116 -> 15 | L116: =+Harvest!L116/Effort!L116 -> 15.037037 | N116: CLOSED
A117: 42512 | B117: 42512 | C117: -0.8 | D117: 0.32430556 | F117: CLOSED | H117: CLOSED | J117: CLOSED | L117: =+Harvest!L117/Effort!L117 -> 15 | N117: CLOSED
A120: SEASON TOTALS : | F120: =Harvest!F120/Effort!F120 -> 13.960237 | H120: =Harvest!H120/Effort!H120 -> #DIV/0! | J120: =Harvest!J120/Effort!J120 -> 13.691022 | L120: =Harvest!L120/Effort!L120 -> 13.648906
A121: *- estimate based on comparison of other beaches. + - no harvest due to very heavy surf and storm warnings.
...

Sheet Summary Table
A1: 2015-2016 State (non-Indian) Recreational Razor Clam Effort, Harvest and CPUE totals.
E2: LONG BEACH | H2: TWIN HARBORS | K2: COPALIS | N2: MOCROCKS | Q2: KALALOCH | T2: DAILY TOTALS
A3: DATE | B3: DAY | C3: TIDE | D3: TIME | E3: Effort | F3: Harvest | G3: CPUE | H3: Effort | I3: Harvest | J3: CPUE | K3: Effort | L3: Harvest | M3: CPUE | N3: Effort | O3: Harvest | P3: CPUE | Q3: Effort | R3: Harvest | S3: CPUE | T3: Effort | U3: Harvest
A4: 42362 | B4: 42362 | C4: -1.2 | D4: 0.74097222 | E4: =Effort!F2 -> CLOSED | F4: =Harvest!F2 -> CLOSED | G4: =CPUE!F2 -> CLOSED | H4: =Effort!H2 -> CLOSED | I4: =Harvest!H2 -> CLOSED | J4: =CPUE!H2 -> CLOSED | K4: =Effort!J2 -> 2988.2721 | L4: =Harvest!J2 -> 42035.027 | M4: =CPUE!J2 -> 14.066667 | N4: =Effort!L2 -> CLOSED | O4: =Harvest!L2 -> CLOSED | P4: =CPUE!L2 -> CLOSED | Q4: =Effort!N2 -> CLOSED | R4: =Harvest!N2 -> CLOSED | S4: =CPUE!N2 -> CLOSED | T4: =+K4 -> 2988.2721 | U4: =+L4 -> 42035.027
A5: 42363 | B5: 42363 | C5: -1.3 | D5: 0.77083333 | E5: =Effort!F3 -> CLOSED | F5: =Harvest!F3 -> CLOSED | G5: =CPUE!F3 -> CLOSED | H5: =Effort!H3 -> CLOSED | I5: =Harvest!H3 -> CLOSED | J5: =CPUE!H3 -> CLOSED | K5: =Effort!J3 -> 3038.5041 | L5: =Harvest!J3 -> 45110.099 | M5: =CPUE!J3 -> 14.846154 | N5: =Effort!L3 -> CLOSED | O5: =Harvest!L3 -> CLOSED | P5: =CPUE!L3 -> CLOSED | Q5: =Effort!N3 -> CLOSED | R5: =Harvest!N3 -> CLOSED | S5: =CPUE!N3 -> CLOSED | T5: =+K5 -> 3038.5041 | U5: =+L5 -> 45110.099
A6: 42364 | B6: 42364 | C6: -1.1 | D6: 0.8 | E6: =Effort!F4 -> CLOSED | F6: =Harvest!F4 -> CLOSED | G6: =CPUE!F4 -> CLOSED | H6: =Effort!H4 -> CLOSED | I6: =Harvest!H4 -> CLOSED | J6: =CPUE!H4 -> CLOSED | K6: =Effort!J4 -> 5373.483 | L6: =Harvest!J4 -> 78186.261 | M6: =CPUE!J4 -> 14.550388 | N6: =Effort!L4 -> CLOSED | O6: =Harvest!L4 -> CLOSED | P6: =CPUE!L4 -> CLOSED | Q6: =Effort!N4 -> CLOSED | R6: =Harvest!N4 -> CLOSED | S6: =CPUE!N4 -> CLOSED | T6: =+K6 -> 5373.483 | U6: =+L6 -> 78186.261
A7: Tide Series Totals | K7: =SUM(K4:K6) -> 11400.259 | L7: =SUM(L4:L6) -> 165331.39 | M7: =+L7/K7 -> 14.502424 | T7: =SUM(T4:T6) -> 11400.259 | U7: =SUM(U4:U6) -> 165331.39
A8: 42376 | B8: =+A8 -> 42376 | C8: 0.1 | D8: 0.70625 | E8: =Effort!F6 -> 2173.2756 | F8: =Harvest!F6 -> 31029.546 | G8: =CPUE!F6 -> 14.277778 | H8: =Effort!H6 -> CLOSED | I8: =Harvest!H6 -> CLOSED | J8: =CPUE!H6 -> CLOSED | K8: =Effort!J6 -> CLOSED | L8: =Harvest!J6 -> CLOSED | M8: =CPUE!J6 -> CLOSED | N8: =Effort!L6 -> CLOSED | O8: =Harvest!L6 -> CLOSED | P8: =CPUE!L6 -> CLOSED | Q8: =Effort!N6 -> CLOSED | R8: =Harvest!N6 -> CLOSED | S8: =CPUE!N6 -> CLOSED | T8: =+E8 -> 2173.2756 | U8: =+F8 -> 31029.546
A9: 42377 | B9: =+A9 -> 42377 | C9: -0.4 | D9: 0.73402778 | E9: =Effort!F7 -> 2178.502 | F9: =Harvest!F7 -> 32644.271 | G9: =CPUE!F7 -> 14.984733 | H9: =Effort!H7 -> CLOSED | I9: =Harvest!H7 -> CLOSED | J9: =CPUE!H7 -> CLOSED | K9: =Effort!J7 -> 4608.3005 | L9: =Harvest!J7 -> 68780.604 | M9: =CPUE!J7 -> 14.925373 | N9: =Effort!L7 -> CLOSED | O9: =Harvest!L7 -> CLOSED | P9: =CPUE!L7 -> CLOSED | Q9: =Effort!N7 -> CLOSED | R9: =Harvest!N7 -> CLOSED | S9: =CPUE!N7 -> CLOSED | T9: =+E9+K9 -> 6786.8025 | U9: =+F9+L9 -> 101424.87
A10: 42378 | B10: =+A10 -> 42378 | C10: -0.8 | D10: 0.76111111 | E10: =Effort!F8 -> 6868.6145 | F10: =Harvest!F8 -> 87418.73 | G10: =CPUE!F8 -> 12.727273 | H10: =Effort!H8 -> CLOSED | I10: =Harvest!H8 -> CLOSED | J10: =CPUE!H8 -> CLOSED | K10: =Effort!J8 -> 8906.2352 | L10: =Harvest!J8 -> 114652.1 | M10: =CPUE!J8 -> 12.873239 | N10: =Effort!L8 -> CLOSED | O10: =Harvest!L8 -> CLOSED | P10: =CPUE!L8 -> CLOSED | Q10: =Effort!N8 -> CLOSED | R10: =Harvest!N8 -> CLOSED | S10: =CPUE!N8 -> CLOSED | T10: =+E10+K10 -> 15774.85 | U10: =+F10+L10 -> 202070.83
A11: 42379 | B11: =+A11 -> 42379 | C11: -1 | D11: 0.78819444 | E11: =Effort!F9 -> 2284.2464 | F11: =Harvest!F9 -> 34039.751 | G11: =CPUE!F9 -> 14.901961 | H11: =Effort!H9 -> CLOSED | I11: =Harvest!H9 -> CLOSED | J11: =CPUE!H9 -> CLOSED | K11: =Effort!J9 -> CLOSED | L11: =Harvest!J9 -> CLOSED | M11: =CPUE!J9 -> CLOSED | N11: =Effort!L9 -> CLOSED | O11: =Harvest!L9 -> CLOSED | P11: =CPUE!L9 -> CLOSED | Q11: =Effort!N9 -> CLOSED | R11: =Harvest!N9 -> CLOSED | S11: =CPUE!N9 -> CLOSED | T11: =+E11 -> 2284.2464 | U11: =+F11 -> 34039.751
A12: 42380 | B12: =+A12 -> 42380 | C12: -1 | D12: 0.81527778 | E12: =Effort!F10 -> 508.68853 | F12: =Harvest!F10 -> 7121.6395 | G12: =CPUE!F10 -> 14 | H12: =Effort!H10 -> CLOSED | I12: =Harvest!H10 -> CLOSED | J12: =CPUE!H10 -> CLOSED | K12: =Effort!J10 -> CLOSED | L12: =Harvest!J10 -> CLOSED | M12: =CPUE!J10 -> CLOSED | N12: =Effort!L10 -> CLOSED | O12: =Harvest!L10 -> CLOSED | P12: =CPUE!L10 -> CLOSED | Q12: =Effort!N10 -> CLOSED | R12: =Harvest!N10 -> CLOSED | S12: =CPUE!N10 -> CLOSED | T12: =+E12 -> 508.68853 | U12: =+F12 -> 7121.6395
A13: 42381 | B13: =+A13 -> 42381 | C13: -0.8 | D13: 0.84305556 | E13: =Effort!F11 -> 125.81914 | F13: =Harvest!F11 -> 1887.2871 | G13: =CPUE!F11 -> 15 | H13: =Effort!H11 -> CLOSED | I13: =Harvest!H11 -> CLOSED | J13: =CPUE!H11 -> CLOSED | K13: =Effort!J11 -> CLOSED | L13: =Harvest!J11 -> CLOSED | M13: =CPUE!J11 -> CLOSED | N13: =Effort!L11 -> CLOSED | O13: =Harvest!L11 -> CLOSED | P13: =CPUE!L11 -> CLOSED | Q13: =Effort!N11 -> CLOSED | R13: =Harvest!N11 -> CLOSED | S13: =CPUE!N11 -> CLOSED | T13: =+E13 -> 125.81914 | U13: =+F13 -> 1887.2871
A14: 42382 | B14: =+A14 -> 42382 | C14: -0.4 | D14: 0.87222222 | E14: =Effort!F12 -> 591.25035 | F14: =Harvest!F12 -> 8868.7553 | G14: =CPUE!F12 -> 15 | H14: =Effort!H12 -> CLOSED | I14: =Harvest!H12 -> CLOSED | J14: =CPUE!H12 -> CLOSED | K14: =Effort!J12 -> CLOSED | L14: =Harvest!J12 -> CLOSED | M14: =CPUE!J12 -> CLOSED | N14: =Effort!L12 -> CLOSED | O14: =Harvest!L12 -> CLOSED | P14: =CPUE!L12 -> CLOSED | Q14: =Effort!N12 -> CLOSED | R14: =Harvest!N12 -> CLOSED | S14: =CPUE!N12 -> CLOSED | T14: =+E14 -> 591.25035 | U14: =+F14 -> 8868.7553
A15: 42383 | B15: =+A15 -> 42383 | C15: 0.2 | D15: 0.90277778 | E15: =Effort!F13 -> 600 | F15: =Harvest!F13 -> 8900 | G15: =CPUE!F13 -> 14.833333 | H15: =Effort!H13 -> CLOSED | I15: =Harvest!H13 -> CLOSED | J15: =CPUE!H13 -> CLOSED | K15: =Effort!J13 -> CLOSED | L15: =Harvest!J13 -> CLOSED | M15: =CPUE!J13 -> CLOSED | N15: =Effort!L13 -> CLOSED | O15: =Harvest!L13 -> CLOSED | P15: =CPUE!L13 -> CLOSED | Q15: =Effort!N13 -> CLOSED | R15: =Harvest!N13 -> CLOSED | S15: =CPUE!N13 -> CLOSED | T15: =+E15 -> 600 | U15: =+F15 -> 8900
A16: Tide Series Totals | E16: =SUM(E8:E15) -> 15330.397 | F16: =SUM(F8:F15) -> 211909.98 | G16: =+F16/E16 -> 13.822864 | K16: =SUM(K9:K15) -> 13514.536 | L16: =SUM(L9:L15) -> 183432.7 | M16: =+L16/K16 -> 13.572993 | T16: =SUM(T8:T15) -> 28844.932 | U16: =SUM(U8:U15) -> 395342.68
A17: 42390 | B17: 42390 | C17: -0.4 | D17: 0.70069444 | E17: =Effort!F15 -> 488.61854 | F17: =Harvest!F15 -> 4230.7215 | G17: =CPUE!F15 -> 8.6585366 | H17: =Effort!H15 -> CLOSED | I17: =Harvest!H15 -> CLOSED | J17: =CPUE!H15 -> CLOSED | K17: =Effort!J15 -> CLOSED | L17: =Harvest!J15 -> CLOSED | M17: =CPUE!J15 -> CLOSED | N17: =Effort!L15 -> CLOSED | O17: =Harvest!L15 -> CLOSED | P17: =CPUE!L15 -> CLOSED | Q17: =Effort!N15 -> CLOSED | R17: =Harvest!N15 -> CLOSED | S17: =CPUE!N15 -> CLOSED | T17: =+E17 -> 488.61854 | U17: =+F17 -> 4230.7215
A18: 42391 | B18: 42391 | C18: -0.7 | D18: 0.73263889 | E18: =Effort!F16 -> 2846.5078 | F18: =Harvest!F16 -> 42697.617 | G18: =CPUE!F16 -> 15 | H18: =Effort!H16 -> CLOSED | I18: =Harvest!H16 -> CLOSED | J18: =CPUE!H16 -> CLOSED | K18: =Effort!J16 -> 4454.509 | L18: =Harvest!J16 -> 49770.571 | M18: =CPUE!J16 -> 11.173077 | N18: =Effort!L16 -> CLOSED | O18: =Harvest!L16 -> CLOSED | P18: =CPUE!L16 -> CLOSED | Q18: =Effort!N16 -> CLOSED | R18: =Harvest!N16 -> CLOSED | S18: =CPUE!N16 -> CLOSED | T18: =+E18+K18 -> 7301.0168 | U18: =+F18+L18 -> 92468.189
A19: 42392 | B19: 42392 | C19: -0.8 | D19: 0.76111111 | E19: =Effort!F17 -> 6367.2656 | F19: =Harvest!F17 -> 96068.744 | G19: =CPUE!F17 -> 15.087912 | H19: =Effort!H17 -> CLOSED | I19: =Harvest!H17 -> CLOSED | J19: =CPUE!H17 -> CLOSED | K19: =Effort!J17 -> CLOSED | L19: =Harvest!J17 -> CLOSED | M19: =CPUE!J17 -> CLOSED | N19: =Effort!L17 -> CLOSED | O19: =Harvest!L17 -> CLOSED | P19: =CPUE!L17 -> CLOSED | Q19: =Effort!N17 -> CLOSED | R19: =Harvest!N17 -> CLOSED | S19: =CPUE!N17 -> CLOSED | T19: =+E19 -> 6367.2656 | U19: =+F19 -> 96068.744
A20: 42393 | B20: 42393 | C20: -0.7 | D20: 0.7875 | E20: =Effort!F18 -> 2300 | F20: =Harvest!F18 -> 34000 | G20: =CPUE!F18 -> 14.782609 | H20: =Effort!H18 -> CLOSED | I20: =Harvest!H18 -> CLOSED | J20: =CPUE!H18 -> CLOSED | K20: =Effort!J18 -> CLOSED | L20: =Harvest!J18 -> CLOSED | M20: =CPUE!J18 -> CLOSED | N20: =Effort!L18 -> CLOSED | O20: =Harvest!L18 -> CLOSED | P20: =CPUE!L18 -> CLOSED | Q20: =Effort!N18 -> CLOSED | R20: =Harvest!N18 -> CLOSED | S20: =CPUE!N18 -> CLOSED | T20: =+E20 -> 2300 | U20: =+F20 -> 34000
A21: 42394 | B21: 42394 | C21: -0.4 | D21: 0.81319444 | E21: =Effort!F19 -> 510 | F21: =Harvest!F19 -> 7500 | G21: =CPUE!F19 -> 14.705882 | H21: =Effort!H19 -> CLOSED | I21: =Harvest!H19 -> CLOSED | J21: =CPUE!H19 -> CLOSED | K21: =Effort!J19 -> CLOSED | L21: =Harvest!J19 -> CLOSED | M21: =CPUE!J19 -> CLOSED | N21: =Effort!L19 -> CLOSED | O21: =Harvest!L19 -> CLOSED | P21: =CPUE!L19 -> CLOSED | Q21: =Effort!N19 -> CLOSED | R21: =Harvest!N19 -> CLOSED | S21: =CPUE!N19 -> CLOSED | T21: =+E21 -> 510 | U21: =+F21 -> 7500
A22: 42395 | B22: 42395 | C22: 0 | D22: 0.83680556 | E22: =Effort!F20 -> 150 | F22: =Harvest!F20 -> 1900 | G22: =CPUE!F20 -> 12.666667 | H22: =Effort!H20 -> CLOSED | I22: =Harvest!H20 -> CLOSED | J22: =CPUE!H20 -> CLOSED | K22: =Effort!J20 -> CLOSED | L22: =Harvest!J20 -> CLOSED | M22: =CPUE!J20 -> CLOSED | N22: =Effort!L20 -> CLOSED | O22: =Harvest!L20 -> CLOSED | P22: =CPUE!L20 -> CLOSED | Q22: =Effort!N20 -> CLOSED | R22: =Harvest!N20 -> CLOSED | S22: =CPUE!N20 -> CLOSED | T22: =+E22 -> 150 | U22: =+F22 -> 1900
A23: 42396 | B23: 42396 | C23: 0.5 | D23: 0.86041667 | E23: =Effort!F21 -> 100 | F23: =Harvest!F21 -> 0 | G23: =CPUE!F21 -> 0 | H23: =Effort!H21 -> CLOSED | I23: =Harvest!H21 -> CLOSED | J23: =CPUE!H21 -> CLOSED | K23: =Effort!J21 -> CLOSED | L23: =Harvest!J21 -> CLOSED | M23: =CPUE!J21 -> CLOSED | N23: =Effort!L21 -> CLOSED | O23: =Harvest!L21 -> CLOSED | P23: =CPUE!L21 -> CLOSED | Q23: =Effort!N21 -> CLOSED | R23: =Harvest!N21 -> CLOSED | S23: =CPUE!N21 -> CLOSED | T23: =+E23 -> 100 | U23: =+F23 -> 0
A24: Tide Series Totals | E24: =SUM(E17:E23) -> 12762.392 | F24: =SUM(F17:F23) -> 186397.08 | G24: =+F24/E24 -> 14.605184 | K24: =SUM(K18:K23) -> 4454.509 | L24: =SUM(L18:L23) -> 49770.571 | M24: =+L24/K24 -> 11.173077 | T24: =SUM(T17:T23) -> 17216.901 | U24: =SUM(U17:U23) -> 236167.65
A25: 42404 | B25: 42404 | C25: 0.8 | D25: 0.65347222 | E25: =Effort!F23 -> 774.80547 | F25: =Harvest!F23 -> 10622.333 | G25: =CPUE!F23 -> 13.709677 | H25: =Effort!H23 -> CLOSED | I25: =Harvest!H23 -> CLOSED | J25: =CPUE!H23 -> CLOSED | K25: =Effort!J23 -> CLOSED | L25: =Harvest!J23 -> CLOSED | M25: =CPUE!J23 -> CLOSED | N25: =Effort!L23 -> CLOSED | O25: =Harvest!L23 -> CLOSED | P25: =CPUE!L23 -> CLOSED | Q25: =Effort!N23 -> CLOSED | R25: =Harvest!N23 -> CLOSED | S25: =CPUE!N23 -> CLOSED | T25: =+E25 -> 774.80547 | U25: =+F25 -> 10622.333
A26: 42405 | B26: 42405 | C26: 0.2 | D26: 0.68611111 | E26: =Effort!F24 -> 451.95325 | F26: =Harvest!F24 -> 2905.4137 | G26: =CPUE!F24 -> 6.4285714 | H26: =Effort!H24 -> CLOSED | I26: =Harvest!H24 -> CLOSED | J26: =CPUE!H24 -> CLOSED | K26: =Effort!J24 -> CLOSED | L26: =Harvest!J24 -> CLOSED | M26: =CPUE!J24 -> CLOSED | N26: =Effort!L24 -> CLOSED | O26: =Harvest!L24 -> CLOSED | P26: =CPUE!L24 -> CLOSED | Q26: =Effort!N24 -> CLOSED | R26: =Harvest!N24 -> CLOSED | S26: =CPUE!N24 -> CLOSED | T26: =+E26 -> 451.95325 | U26: =+F26 -> 2905.4137
A27: 42406 | B27: 42406 | C27: -0.3 | D27: 0.71597222 | E27: =Effort!F25 -> 8081.6261 | F27: =Harvest!F25 -> 121224.39 | G27: =CPUE!F25 -> 15 | H27: =Effort!H25 -> CLOSED | I27: =Harvest!H25 -> CLOSED | J27: =CPUE!H25 -> CLOSED | K27: =Effort!J25 -> CLOSED | L27: =Harvest!J25 -> CLOSED | M27: =CPUE!J25 -> CLOSED | N27: =Effort!L25 -> CLOSED | O27: =Harvest!L25 -> CLOSED | P27: =CPUE!L25 -> CLOSED | Q27: =Effort!N25 -> CLOSED | R27: =Harvest!N25 -> CLOSED | S27: =CPUE!N25 -> CLOSED | T27: =+E27 -> 8081.6261 | U27: =+F27 -> 121224.39
A28: 42407 | B28: 42407 | C28: -0.7 | D28: 0.74444444 | E28: =Effort!F26 -> 1693.5957 | F28: =Harvest!F26 -> 25403.936 | G28: =CPUE!F26 -> 15 | H28: =Effort!H26 -> CLOSED | I28: =Harvest!H26 -> CLOSED | J28: =CPUE!H26 -> CLOSED | K28: =Effort!J26 -> CLOSED | L28: =Harvest!J26 -> CLOSED | M28: =CPUE!J26 -> CLOSED | N28: =Effort!L26 -> CLOSED | O28: =Harvest!L26 -> CLOSED | P28: =CPUE!L26 -> CLOSED | Q28: =Effort!N26 -> CLOSED | R28: =Harvest!N26 -> CLOSED | S28: =CPUE!N26 -> CLOSED | T28: =+E28 -> 1693.5957 | U28: =+F28 -> 25403.936
A29: 42408 | B29: =+A29 -> 42408 | C29: -1 | D29: 0.77222222 | E29: =Effort!F27 -> 3408.5604 | F29: =Harvest!F27 -> 50370.948 | G29: =CPUE!F27 -> 14.777778 | H29: =Effort!H27 -> CLOSED | I29: =Harvest!H27 -> CLOSED | J29: =CPUE!H27 -> CLOSED | K29: =Effort!J27 -> CLOSED | L29: =Harvest!J27 -> CLOSED | M29: =CPUE!J27 -> CLOSED | N29: =Effort!L27 -> CLOSED | O29: =Harvest!L27 -> CLOSED | P29: =CPUE!L27 -> CLOSED | Q29: =Effort!N27 -> CLOSED | R29: =Harvest!N27 -> CLOSED | S29: =CPUE!N27 -> CLOSED | T29: =+E29 -> 3408.5604 | U29: =+F29 -> 50370.948
A30: 42409 | B30: =+A30 -> 42409 | C30: -0.9 | D30: 0.8 | E30: =Effort!F28 -> 550 | F30: =Harvest!F28 -> 8000 | G30: =CPUE!F28 -> 14.545455 | H30: =Effort!H28 -> CLOSED | I30: =Harvest!H28 -> CLOSED | J30: =CPUE!H28 -> CLOSED | K30: =Effort!J28 -> CLOSED | L30: =Harvest!J28 -> CLOSED | M30: =CPUE!J28 -> CLOSED | N30: =Effort!L28 -> CLOSED | O30: =Harvest!L28 -> CLOSED | P30: =CPUE!L28 -> CLOSED | Q30: =Effort!N28 -> CLOSED | R30: =Harvest!N28 -> CLOSED | S30: =CPUE!N28 -> CLOSED | T30: =+E30 -> 550 | U30: =+F30 -> 8000
A31: 42410 | B31: =+A31 -> 42410 | C31: -0.7 | D31: 0.82777778 | E31: =Effort!F29 -> 387.68022 | F31: =Harvest!F29 -> 5815.2032 | G31: =CPUE!F29 -> 15 | H31: =Effort!H29 -> CLOSED | I31: =Harvest!H29 -> CLOSED | J31: =CPUE!H29 -> CLOSED | K31: =Effort!J29 -> CLOSED | L31: =Harvest!J29 -> CLOSED | M31: =CPUE!J29 -> CLOSED | N31: =Effort!L29 -> CLOSED | O31: =Harvest!L29 -> CLOSED | P31: =CPUE!L29 -> CLOSED | Q31: =Effort!N29 -> CLOSED | R31: =Harvest!N29 -> CLOSED | S31: =CPUE!N29 -> CLOSED | T31: =+E31 -> 387.68022 | U31: =+F31 -> 5815.2032
A32: 42411 | B32: =+A32 -> 42411 | C32: -0.1 | D32: 0.85694444 | E32: =Effort!F30 -> 400 | F32: =Harvest!F30 -> 5850 | G32: =CPUE!F30 -> 14.625 | H32: =Effort!H30 -> CLOSED | I32: =Harvest!H30 -> CLOSED | J32: =CPUE!H30 -> CLOSED | K32: =Effort!J30 -> CLOSED | L32: =Harvest!J30 -> CLOSED | M32: =CPUE!J30 -> CLOSED | N32: =Effort!L30 -> CLOSED | O32: =Harvest!L30 -> CLOSED | P32: =CPUE!L30 -> CLOSED | Q32: =Effort!N30 -> CLOSED | R32: =Harvest!N30 -> CLOSED | S32: =CPUE!N30 -> CLOSED | T32: =+E32 -> 400 | U32: =+F32 -> 5850
A33: 42412 | B33: =+A33 -> 42412 | C33: 0.6 | D33: 0.88680556 | E33: =Effort!F31 -> 800 | F33: =Harvest!F31 -> 11000 | G33: =CPUE!F31 -> 13.75 | H33: =Effort!H31 -> CLOSED | I33: =Harvest!H31 -> CLOSED | J33: =CPUE!H31 -> CLOSED | K33: =Effort!J31 -> CLOSED | L33: =Harvest!J31 -> CLOSED | M33: =CPUE!J31 -> CLOSED | N33: =Effort!L31 -> CLOSED | O33: =Harvest!L31 -> CLOSED | P33: =CPUE!L31 -> CLOSED | Q33: =Effort!N31 -> CLOSED | R33: =Harvest!N31 -> CLOSED | S33: =CPUE!N31 -> CLOSED | T33: =+E33 -> 800 | U33: =+F33 -> 11000
A34: 42413 | B34: =+A34 -> 42413 | C34: 1.4 | D34: 0.91944444 | E34: =Effort!F32 -> 1000 | F34: =Harvest!F32 -> 15000 | G34: =CPUE!F32 -> 15 | H34: =Effort!H32 -> CLOSED | I34: =Harvest!H32 -> CLOSED | J34: =CPUE!H32 -> CLOSED | K34: =Effort!J32 -> CLOSED | L34: =Harvest!J32 -> CLOSED | M34: =CPUE!J32 -> CLOSED | N34: =Effort!L32 -> CLOSED | O34: =Harvest!L32 -> CLOSED | P34: =CPUE!L32 -> CLOSED | Q34: =Effort!N32 -> CLOSED | R34: =Harvest!N32 -> CLOSED | S34: =CPUE!N32 -> CLOSED | T34: =+E34 -> 1000 | U34: =+F34 -> 15000
A35: 42414 | B35: =+A35 -> 42414 | C35: 2.2 | D35: 0.95694444 | E35: =Effort!F33 -> 100 | F35: =Harvest!F33 -> 1000 | G35: =CPUE!F33 -> 10 | H35: =Effort!H33 -> CLOSED | I35: =Harvest!H33 -> CLOSED | J35: =CPUE!H33 -> CLOSED | K35: =Effort!J33 -> CLOSED | L35: =Harvest!J33 -> CLOSED | M35: =CPUE!J33 -> CLOSED | N35: =Effort!L33 -> CLOSED | O35: =Harvest!L33 -> CLOSED | P35: =CPUE!L33 -> CLOSED | Q35: =Effort!N33 -> CLOSED | R35: =Harvest!N33 -> CLOSED | S35: =CPUE!N33 -> CLOSED | T35: =+E35 -> 100 | U35: =+F35 -> 1000
A36: Tide Series Totals | E36: =SUM(E25:E35) -> 17648.221 | F36: =SUM(F25:F35) -> 257192.23 | G36: =+F36/E36 -> 14.573266 | T36: =SUM(T25:T35) -> 17648.221 | U36: =SUM(U25:U35) -> 257192.23
A37: 42415 | B37: =+A37 -> 42415 | C37: 1.1 | D37: 0.51111111 | E37: =Effort!F35 -> 800 | F37: =Harvest!F35 -> 8000 | G37: =CPUE!F35 -> 10 | H37: =Effort!H35 -> CLOSED | I37: =Harvest!H35 -> CLOSED | J37: =CPUE!H35 -> CLOSED | K37: =Effort!J35 -> CLOSED | L37: =Harvest!J35 -> CLOSED | M37: =CPUE!J35 -> CLOSED | N37: =Effort!L35 -> CLOSED | O37: =Harvest!L35 -> CLOSED | P37: =CPUE!L35 -> CLOSED | Q37: =Effort!N35 -> CLOSED | R37: =Harvest!N35 -> CLOSED | S37: =CPUE!N35 -> CLOSED | T37: =+E37 -> 800 | U37: =+F37 -> 8000
A38: 42416 | B38: =+A38 -> 42416 | C38: 1 | D38: 0.5625 | E38: =Effort!F36 -> 800 | F38: =Harvest!F36 -> 8000 | G38: =CPUE!F36 -> 10 | H38: =Effort!H36 -> CLOSED | I38: =Harvest!H36 -> CLOSED | J38: =CPUE!H36 -> CLOSED | K38: =Effort!J36 -> CLOSED | L38: =Harvest!J36 -> CLOSED | M38: =CPUE!J36 -> CLOSED | N38: =Effort!L36 -> CLOSED | O38: =Harvest!L36 -> CLOSED | P38: =CPUE!L36 -> CLOSED | Q38: =Effort!N36 -> CLOSED | R38: =Harvest!N36 -> CLOSED | S38: =CPUE!N36 -> CLOSED | T38: =+E38 -> 800 | U38: =+F38 -> 8000
A39: 42417 | B39: =+A39 -> 42417 | C39: 0.7 | D39: 0.61111111 | E39: =Effort!F37 -> 791.11985 | F39: =Harvest!F37 -> 7673.8625 | G39: =CPUE!F37 -> 9.7 | H39: =Effort!H37 -> CLOSED | I39: =Harvest!H37 -> CLOSED | J39: =CPUE!H37 -> CLOSED | K39: =Effort!J37 -> CLOSED | L39: =Harvest!J37 -> CLOSED | M39: =CPUE!J37 -> CLOSED | N39: =Effort!L37 -> CLOSED | O39: =Harvest!L37 -> CLOSED | P39: =CPUE!L37 -> CLOSED | Q39: =Effort!N37 -> CLOSED | R39: =Harvest!N37 -> CLOSED | S39: =CPUE!N37 -> CLOSED | T39: =+E39 -> 791.11985 | U39: =+F39 -> 7673.8625
A40: 42418 | B40: =+A40 -> 42418 | C40: 0.3 | D40: 0.65347222 | E40: =Effort!F38 -> 873.949 | F40: =Harvest!F38 -> 8977.8398 | G40: =CPUE!F38 -> 10.272727 | H40: =Effort!H38 -> CLOSED | I40: =Harvest!H38 -> CLOSED | J40: =CPUE!H38 -> CLOSED | K40: =Effort!J38 -> CLOSED | L40: =Harvest!J38 -> CLOSED | M40: =CPUE!J38 -> CLOSED | N40: =Effort!L38 -> CLOSED | O40: =Harvest!L38 -> CLOSED | P40: =CPUE!L38 -> CLOSED | Q40: =Effort!N38 -> CLOSED | R40: =Harvest!N38 -> CLOSED | S40: =CPUE!N38 -> CLOSED | T40: =+E40 -> 873.949 | U40: =+F40 -> 8977.8398
A41: 42419 | B41: =+A41 -> 42419 | C41: 0 | D41: 0.68958333 | E41: =Effort!F39 -> 1990.7679 | F41: =Harvest!F39 -> 22831.619 | G41: =CPUE!F39 -> 11.46875 | H41: =Effort!H39 -> CLOSED | I41: =Harvest!H39 -> CLOSED | J41: =CPUE!H39 -> CLOSED | K41: =Effort!J39 -> 3391.3042 | L41: =Harvest!J39 -> 42899.999 | M41: =CPUE!J39 -> 12.65 | N41: =Effort!L39 -> 1766.6574 | O41: =Harvest!L39 -> 14975.819 | P41: =CPUE!L39 -> 8.4769231 | Q41: =Effort!N39 -> CLOSED | R41: =Harvest!N39 -> CLOSED | S41: =CPUE!N39 -> CLOSED | T41: =+E41+K41+N41 -> 7148.7296 | U41: =+F41+L41+O41 -> 80707.437
A42: 42420 | B42: =+A42 -> 42420 | C42: -0.1 | D42: 0.72013889 | E42: =Effort!F40 -> 13050.087 | F42: =Harvest!F40 -> 201114.35 | G42: =CPUE!F40 -> 15.410959 | H42: =Effort!H40 -> CLOSED | I42: =Harvest!H40 -> CLOSED | J42: =CPUE!H40 -> CLOSED | K42: =Effort!J40 -> 9950.4269 | L42: =Harvest!J40 -> 128329.73 | M42: =CPUE!J40 -> 12.896907 | N42: =Effort!L40 -> 7972.8508 | O42: =Harvest!L40 -> 117314.81 | P42: =CPUE!L40 -> 14.714286 | Q42: =Effort!N40 -> CLOSED | R42: =Harvest!N40 -> CLOSED | S42: =CPUE!N40 -> CLOSED | T42: =+E42+K42+N42 -> 30973.364 | U42: =+F42+L42+O42 -> 446758.89
A43: 42421 | B43: =+A43 -> 42421 | C43: -0.2 | D43: 0.74722222 | E43: =Effort!F41 -> 2154.2031 | F43: =Harvest!F41 -> 32313.047 | G43: =CPUE!F41 -> 15 | H43: =Effort!H41 -> CLOSED | I43: =Harvest!H41 -> CLOSED | J43: =CPUE!H41 -> CLOSED | K43: =Effort!J41 -> CLOSED | L43: =Harvest!J41 -> CLOSED | M43: =CPUE!J41 -> CLOSED | N43: =Effort!L41 -> 2511.1991 | O43: =Harvest!L41 -> 37155.497 | P43: =CPUE!L41 -> 14.795918 | Q43: =Effort!N41 -> CLOSED | R43: =Harvest!N41 -> CLOSED | S43: =CPUE!N41 -> CLOSED | T43: =+E43+N43 -> 4665.4023 | U43: =+F43+O43 -> 69468.544
A44: 42422 | B44: 42422 | C44: -0.1 | D44: 0.77152778 | E44: =Effort!F42 -> 1270.6225 | F44: =Harvest!F42 -> 18961.597 | G44: =CPUE!F42 -> 14.923077 | H44: =Effort!H42 -> CLOSED | I44: =Harvest!H42 -> CLOSED | J44: =CPUE!H42 -> CLOSED | K44: =Effort!J42 -> CLOSED | L44: =Harvest!J42 -> CLOSED | M44: =CPUE!J42 -> CLOSED | N44: =Effort!L42 -> CLOSED | O44: =Harvest!L42 -> CLOSED | P44: =CPUE!L42 -> CLOSED | Q44: =Effort!N42 -> CLOSED | R44: =Harvest!N42 -> CLOSED | S44: =CPUE!N42 -> CLOSED | T44: =+E44 -> 1270.6225 | U44: =+F44 -> 18961.597
A45: 42423 | B45: 42423 | C45: 0.1 | D45: 0.79444444 | E45: =Effort!F43 -> 1100 | F45: =Harvest!F43 -> 16050 | G45: =CPUE!F43 -> 14.590909 | H45: =Effort!H43 -> CLOSED | I45: =Harvest!H43 -> CLOSED | J45: =CPUE!H43 -> CLOSED | K45: =Effort!J43 -> CLOSED | L45: =Harvest!J43 -> CLOSED | M45: =CPUE!J43 -> CLOSED | N45: =Effort!L43 -> CLOSED | O45: =Harvest!L43 -> CLOSED | P45: =CPUE!L43 -> CLOSED | Q45: =Effort!N43 -> CLOSED | R45: =Harvest!N43 -> CLOSED | S45: =CPUE!N43 -> CLOSED | T45: =+E45 -> 1100 | U45: =+F45 -> 16050
A46: 42424 | B46: 42424 | C46: 0.5 | D46: 0.81597222 | E46: =Effort!F44 -> 358.76814 | F46: =Harvest!F44 -> 3372.4205 | G46: =CPUE!F44 -> 9.4 | H46: =Effort!H44 -> CLOSED | I46: =Harvest!H44 -> CLOSED | J46: =CPUE!H44 -> CLOSED | K46: =Effort!J44 -> CLOSED | L46: =Harvest!J44 -> CLOSED | M46: =CPUE!J44 -> CLOSED | N46: =Effort!L44 -> CLOSED | O46: =Harvest!L44 -> CLOSED | P46: =CPUE!L44 -> CLOSED | Q46: =Effort!N44 -> CLOSED | R46: =Harvest!N44 -> CLOSED | S46: =CPUE!N44 -> CLOSED | T46: =+E46 -> 358.76814 | U46: =+F46 -> 3372.4205
A47: 42425 | B47: 42425 | C47: 0.9 | D47: 0.8375 | E47: =Effort!F45 -> 870 | F47: =Harvest!F45 -> 9000 | G47: =CPUE!F45 -> 10.344828 | H47: =Effort!H45 -> CLOSED | I47: =Harvest!H45 -> CLOSED | J47: =CPUE!H45 -> CLOSED | K47: =Effort!J45 -> CLOSED | L47: =Harvest!J45 -> CLOSED | M47: =CPUE!J45 -> CLOSED | N47: =Effort!L45 -> CLOSED | O47: =Harvest!L45 -> CLOSED | P47: =CPUE!L45 -> CLOSED | Q47: =Effort!N45 -> CLOSED | R47: =Harvest!N45 -> CLOSED | S47: =CPUE!N45 -> CLOSED | T47: =+E47 -> 870 | U47: =+F47 -> 9000
A48: 42426 | B48: 42426 | C48: 1.4 | D48: 0.85902778 | E48: =Effort!F46 -> 1000 | F48: =Harvest!F46 -> 11700 | G48: =CPUE!F46 -> 11.7 | H48: =Effort!H46 -> CLOSED | I48: =Harvest!H46 -> CLOSED | J48: =CPUE!H46 -> CLOSED | K48: =Effort!J46 -> CLOSED | L48: =Harvest!J46 -> CLOSED | M48: =CPUE!J46 -> CLOSED | N48: =Effort!L46 -> CLOSED | O48: =Harvest!L46 -> CLOSED | P48: =CPUE!L46 -> CLOSED | Q48: =Effort!N46 -> CLOSED | R48: =Harvest!N46 -> CLOSED | S48: =CPUE!N46 -> CLOSED | T48: =+E48 -> 1000 | U48: =+F48 -> 11700
A49: 42427 | B49: 42427 | C49: 2 | D49: 0.88125 | E49: =Effort!F47 -> 100 | F49: =Harvest!F47 -> 1200 | G49: =CPUE!F47 -> 12 | H49: =Effort!H47 -> CLOSED | I49: =Harvest!H47 -> CLOSED | J49: =CPUE!H47 -> CLOSED | K49: =Effort!J47 -> CLOSED | L49: =Harvest!J47 -> CLOSED | M49: =CPUE!J47 -> CLOSED | N49: =Effort!L47 -> CLOSED | O49: =Harvest!L47 -> CLOSED | P49: =CPUE!L47 -> CLOSED | Q49: =Effort!N47 -> CLOSED | R49: =Harvest!N47 -> CLOSED | S49: =CPUE!N47 -> CLOSED | T49: =+E49 -> 100 | U49: =+F49 -> 1200
A50: 42428 | B50: 42428 | C50: 2.5 | D50: 0.90555556 | E50: =Effort!F48 -> 0 | F50: =Harvest!F48 -> 0 | G50: =CPUE!F48 -> 0 | H50: =Effort!H48 -> CLOSED | I50: =Harvest!H48 -> CLOSED | J50: =CPUE!H48 -> CLOSED | K50: =Effort!J48 -> CLOSED | L50: =Harvest!J48 -> CLOSED | M50: =CPUE!J48 -> CLOSED | N50: =Effort!L48 -> CLOSED | O50: =Harvest!L48 -> CLOSED | P50: =CPUE!L48 -> CLOSED | Q50: =Effort!N48 -> CLOSED | R50: =Harvest!N48 -> CLOSED | S50: =CPUE!N48 -> CLOSED | T50: =+E50 -> 0 | U50: =+F50 -> 0
A51: 42429 | B51: 42429 | C51: 3.1 | D51: 0.93472222 | E51: =Effort!F49 -> 0 | F51: =Harvest!F49 -> 0 | G51: =CPUE!F49 -> 0 | H51: =Effort!H49 -> CLOSED | I51: =Harvest!H49 -> CLOSED | J51: =CPUE!H49 -> CLOSED | K51: =Effort!J49 -> CLOSED | L51: =Harvest!J49 -> CLOSED | M51: =CPUE!J49 -> CLOSED | N51: =Effort!L49 -> CLOSED | O51: =Harvest!L49 -> CLOSED | P51: =CPUE!L49 -> CLOSED | Q51: =Effort!N49 -> CLOSED | R51: =Harvest!N49 -> CLOSED | S51: =CPUE!N49 -> CLOSED | T51: =+E51 -> 0 | U51: =+F51 -> 0
A52: Tide Series Totals | E52: =SUM(E37:E51) -> 25159.517 | F52: =SUM(F37:F51) -> 349194.74 | G52: =+F52/E52 -> 13.87923 | K52: =SUM(K41:K49) -> 13341.731 | L52: =SUM(L41:L49) -> 171229.73 | M52: =+L52/K52 -> 12.834146 | N52: =SUM(N41:N49) -> 12250.707 | O52: =SUM(O41:O49) -> 169446.12 | P52: =+O52/N52 -> 13.831538 | T52: =SUM(T37:T51) -> 50751.956 | U52: =SUM(U37:U51) -> 689870.59
A53: 42430 | B53: =+A53 -> 42430 | C53: 1.9 | D53: 0.48888889 | E53: =Effort!F51 -> 80 | F53: =Harvest!F51 -> 935 | G53: =CPUE!F51 -> 11.6875 | H53: =Effort!H51 -> CLOSED | I53: =Harvest!H51 -> CLOSED | J53: =CPUE!H51 -> CLOSED | K53: =Effort!J51 -> CLOSED | L53: =Harvest!J51 -> CLOSED | M53: =CPUE!J51 -> CLOSED | N53: =Effort!L51 -> CLOSED | O53: =Harvest!L51 -> CLOSED | P53: =CPUE!L51 -> CLOSED | Q53: =Effort!N51 -> CLOSED | R53: =Harvest!N51 -> CLOSED | S53: =CPUE!N51 -> CLOSED | T53: =+E53 -> 80 | U53: =+F53 -> 935
A54: 42431 | B54: =+A54 -> 42431 | C54: 1.8 | D54: 0.53541667 | E54: =Effort!F52 -> 82.587749 | F54: =Harvest!F52 -> 963.52374 | G54: =CPUE!F52 -> 11.666667 | H54: =Effort!H52 -> CLOSED | I54: =Harvest!H52 -> CLOSED | J54: =CPUE!H52 -> CLOSED | K54: =Effort!J52 -> CLOSED | L54: =Harvest!J52 -> CLOSED | M54: =CPUE!J52 -> CLOSED | N54: =Effort!L52 -> CLOSED | O54: =Harvest!L52 -> CLOSED | P54: =CPUE!L52 -> CLOSED | Q54: =Effort!N52 -> CLOSED | R54: =Harvest!N52 -> CLOSED | S54: =CPUE!N52 -> CLOSED | T54: =+E54 -> 82.587749 | U54: =+F54 -> 963.52374
A55: 42432 | B55: =+A55 -> 42432 | C55: 1.4 | D55: 0.58263889 | E55: =Effort!F53 -> 166.89608 | F55: =Harvest!F53 -> 2253.097 | G55: =CPUE!F53 -> 13.5 | H55: =Effort!H53 -> CLOSED | I55: =Harvest!H53 -> CLOSED | J55: =CPUE!H53 -> CLOSED | K55: =Effort!J53 -> CLOSED | L55: =Harvest!J53 -> CLOSED | M55: =CPUE!J53 -> CLOSED | N55: =Effort!L53 -> CLOSED | O55: =Harvest!L53 -> CLOSED | P55: =CPUE!L53 -> CLOSED | Q55: =Effort!N53 -> CLOSED | R55: =Harvest!N53 -> CLOSED | S55: =CPUE!N53 -> CLOSED | T55: =+E55 -> 166.89608 | U55: =+F55 -> 2253.097
A56: 42433 | B56: =+A56 -> 42433 | C56: 0.9 | D56: 0.625 | E56: =Effort!F54 -> 581.5554 | F56: =Harvest!F54 -> 3738.5704 | G56: =CPUE!F54 -> 6.4285714 | H56: =Effort!H54 -> CLOSED | I56: =Harvest!H54 -> CLOSED | J56: =CPUE!H54 -> CLOSED | K56: =Effort!J54 -> CLOSED | L56: =Harvest!J54 -> CLOSED | M56: =CPUE!J54 -> CLOSED | N56: =Effort!L54 -> CLOSED | O56: =Harvest!L54 -> CLOSED | P56: =CPUE!L54 -> CLOSED | Q56: =Effort!N54 -> CLOSED | R56: =Harvest!N54 -> CLOSED | S56: =CPUE!N54 -> CLOSED | T56: =+E56 -> 581.5554 | U56: =+F56 -> 3738.5704
A57: 42434 | B57: =+A57 -> 42434 | C57: 0.3 | D57: 0.66180556 | E57: =Effort!F55 -> 6502.7181 | F57: =Harvest!F55 -> 26602.028 | G57: =CPUE!F55 -> 4.0909091 | H57: =Effort!H55 -> CLOSED | I57: =Harvest!H55 -> CLOSED | J57: =CPUE!H55 -> CLOSED | K57: =Effort!J55 -> CLOSED | L57: =Harvest!J55 -> CLOSED | M57: =CPUE!J55 -> CLOSED | N57: =Effort!L55 -> 4831.4403 | O57: =Harvest!L55 -> 16190.465 | P57: =CPUE!L55 -> 3.3510638 | Q57: =Effort!N55 -> CLOSED | R57: =Harvest!N55 -> CLOSED | S57: =CPUE!N55 -> CLOSED | T57: =+E57+N57 -> 11334.158 | U57: =+F57+O57 -> 42792.493
A58: 42435 | B58: =+A58 -> 42435 | C58: -0.2 | D58: 0.69444444 | E58: =Effort!F56 -> 1496.1854 | F58: =Harvest!F56 -> 19027.575 | G58: =CPUE!F56 -> 12.717391 | H58: =Effort!H56 -> CLOSED | I58: =Harvest!H56 -> CLOSED | J58: =CPUE!H56 -> CLOSED | K58: =Effort!J56 -> CLOSED | L58: =Harvest!J56 -> CLOSED | M58: =CPUE!J56 -> CLOSED | N58: =Effort!L56 -> 3365.1189 | O58: =Harvest!L56 -> 46672.736 | P58: =CPUE!L56 -> 13.869565 | Q58: =Effort!N56 -> CLOSED | R58: =Harvest!N56 -> CLOSED | S58: =CPUE!N56 -> CLOSED | T58: =+E58+N58 -> 4861.3043 | U58: =+F58+O58 -> 65700.312
A59: 42436 | B59: =+A59 -> 42436 | C59: -0.5 | D59: 0.72430556 | E59: =Effort!F57 -> 1496.0099 | F59: =Harvest!F57 -> 18040.853 | G59: =CPUE!F57 -> 12.059314 | H59: =Effort!H57 -> CLOSED | I59: =Harvest!H57 -> CLOSED | J59: =CPUE!H57 -> CLOSED | K59: =Effort!J57 -> CLOSED | L59: =Harvest!J57 -> CLOSED | M59: =CPUE!J57 -> CLOSED | N59: =Effort!L57 -> 1534.2714 | O59: =Harvest!L57 -> 23014.071 | P59: =CPUE!L57 -> 15 | Q59: =Effort!N57 -> CLOSED | R59: =Harvest!N57 -> CLOSED | S59: =CPUE!N57 -> CLOSED | T59: =+E59+N59 -> 3030.2813 | U59: =+F59+O59 -> 41054.924
A60: 42437 | B60: =+A60 -> 42437 | C60: -0.6 | D60: 0.75347222 | E60: =Effort!F58 -> 1069.7549 | F60: =Harvest!F58 -> 16046.324 | G60: =CPUE!F58 -> 15 | H60: =Effort!H58 -> CLOSED | I60: =Harvest!H58 -> CLOSED | J60: =CPUE!H58 -> CLOSED | K60: =Effort!J58 -> CLOSED | L60: =Harvest!J58 -> CLOSED | M60: =CPUE!J58 -> CLOSED | N60: =Effort!L58 -> 1104.0364 | O60: =Harvest!L58 -> 15814.576 | P60: =CPUE!L58 -> 14.324324 | Q60: =Effort!N58 -> CLOSED | R60: =Harvest!N58 -> CLOSED | S60: =CPUE!N58 -> CLOSED | T60: =+E60+N60 -> 2173.7913 | U60: =+F60+O60 -> 31860.899
A61: 42438 | B61: =+A61 -> 42438 | C61: -0.5 | D61: 0.78263889 | E61: =Effort!F59 -> 1050 | F61: =Harvest!F59 -> 15750 | G61: =CPUE!F59 -> 15 | H61: =Effort!H59 -> CLOSED | I61: =Harvest!H59 -> CLOSED | J61: =CPUE!H59 -> CLOSED | K61: =Effort!J59 -> CLOSED | L61: =Harvest!J59 -> CLOSED | M61: =CPUE!J59 -> CLOSED | N61: =Effort!L59 -> CLOSED | O61: =Harvest!L59 -> CLOSED | P61: =CPUE!L59 -> CLOSED | Q61: =Effort!N59 -> CLOSED | R61: =Harvest!N59 -> CLOSED | S61: =CPUE!N59 -> CLOSED | T61: =+E61 -> 1050 | U61: =+F61 -> 15750
A62: 42439 | B62: =+A62 -> 42439 | C62: -0.2 | D62: 0.81111111 | E62: =Effort!F60 -> 800 | F62: =Harvest!F60 -> 10400 | G62: =CPUE!F60 -> 13 | H62: =Effort!H60 -> CLOSED | I62: =Harvest!H60 -> CLOSED | J62: =CPUE!H60 -> CLOSED | K62: =Effort!J60 -> CLOSED | L62: =Harvest!J60 -> CLOSED | M62: =CPUE!J60 -> CLOSED | N62: =Effort!L60 -> CLOSED | O62: =Harvest!L60 -> CLOSED | P62: =CPUE!L60 -> CLOSED | Q62: =Effort!N60 -> CLOSED | R62: =Harvest!N60 -> CLOSED | S62: =CPUE!N60 -> CLOSED | T62: =+E62 -> 800 | U62: =+F62 -> 10400
A63: Tide Series Totals | E63: =SUM(E53:E62) -> 13325.708 | F63: =SUM(F53:F62) -> 113756.97 | G63: =+F63/E63 -> 8.5366553 | N63: =SUM(N57:N62) -> 10834.867 | O63: =SUM(O57:O62) -> 101691.85 | P63: =+O63/N63 -> 9.385611 | T63: =SUM(T53:T62) -> 24160.575 | U63: =SUM(U53:U62) -> 215448.82
A64: 42440 | B64: =+A64 -> 42440 | C64: -0.1 | D64: 0.33263889 | E64: =Effort!F62 -> 465.14378 | F64: =Harvest!F62 -> 6977.1567 | G64: =CPUE!F62 -> 15 | H64: =Effort!H62 -> CLOSED | I64: =Harvest!H62 -> CLOSED | J64: =CPUE!H62 -> CLOSED | K64: =Effort!J62 -> CLOSED | L64: =Harvest!J62 -> CLOSED | M64: =CPUE!J62 -> CLOSED | N64: =Effort!L62 -> CLOSED | O64: =Harvest!L62 -> CLOSED | P64: =CPUE!L62 -> CLOSED | Q64: =Effort!N62 -> CLOSED | R64: =Harvest!N62 -> CLOSED | S64: =CPUE!N62 -> CLOSED | T64: =+E64 -> 465.14378 | U64: =+F64 -> 6977.1567
A65: 42441 | B65: =+A65 -> 42441 | C65: -0.2 | D65: 0.36736111 | E65: =Effort!F63 -> 1855.4404 | F65: =Harvest!F63 -> 15539.313 | G65: =CPUE!F63 -> 8.375 | H65: =Effort!H63 -> CLOSED | I65: =Harvest!H63 -> CLOSED | J65: =CPUE!H63 -> CLOSED | K65: =Effort!J63 -> CLOSED | L65: =Harvest!J63 -> CLOSED | M65: =CPUE!J63 -> CLOSED | N65: =Effort!L63 -> CLOSED | O65: =Harvest!L63 -> CLOSED | P65: =CPUE!L63 -> CLOSED | Q65: =Effort!N63 -> CLOSED | R65: =Harvest!N63 -> CLOSED | S65: =CPUE!N63 -> CLOSED | T65: =+E65 -> 1855.4404 | U65: =+F65 -> 15539.313
A66: 42442 | B66: =+A66 -> 42442 | C66: 0 | D66: 0.44652778 | E66: =Effort!F64 -> 0 | F66: =Harvest!F64 -> 0 | G66: =CPUE!F64 -> 0 | H66: =Effort!H64 -> CLOSED | I66: =Harvest!H64 -> CLOSED | J66: =CPUE!H64 -> CLOSED | K66: =Effort!J64 -> CLOSED | L66: =Harvest!J64 -> CLOSED | M66: =CPUE!J64 -> CLOSED | N66: =Effort!L64 -> CLOSED | O66: =Harvest!L64 -> CLOSED | P66: =CPUE!L64 -> CLOSED | Q66: =Effort!N64 -> CLOSED | R66: =Harvest!N64 -> CLOSED | S66: =CPUE!N64 -> CLOSED | T66: =+E66 -> 0 | U66: =+F66 -> 0
A67: 42443 | B67: =+A67 -> 42443 | C67: 0.3 | D67: 0.4875 | E67: =Effort!F65 -> 1000 | F67: =Harvest!F65 -> 14900 | G67: =CPUE!F65 -> 14.9 | H67: =Effort!H65 -> CLOSED | I67: =Harvest!H65 -> CLOSED | J67: =CPUE!H65 -> CLOSED | K67: =Effort!J65 -> CLOSED | L67: =Harvest!J65 -> CLOSED | M67: =CPUE!J65 -> CLOSED | N67: =Effort!L65 -> CLOSED | O67: =Harvest!L65 -> CLOSED | P67: =CPUE!L65 -> CLOSED | Q67: =Effort!N65 -> CLOSED | R67: =Harvest!N65 -> CLOSED | S67: =CPUE!N65 -> CLOSED | T67: =+E67 -> 1000 | U67: =+F67 -> 14900
A68: Tide Series Totals | E68: =SUM(E64:E67) -> 3320.5842 | F68: =SUM(F64:F67) -> 37416.47 | G68: =+F68/E68 -> 11.268038 | T68: =SUM(T64:T67) -> 3320.5842 | U68: =SUM(U64:U67) -> 37416.47
A69: 42444 | B69: 42444 | C69: 0.6 | D69: 0.53402778 | E69: =Effort!F67 -> 146.18164 | F69: =Harvest!F67 -> 1705.4524 | G69: =CPUE!F67 -> 11.666667 | H69: =Effort!H67 -> CLOSED | I69: =Harvest!H67 -> CLOSED | J69: =CPUE!H67 -> CLOSED | K69: =Effort!J67 -> CLOSED | L69: =Harvest!J67 -> CLOSED | M69: =CPUE!J67 -> CLOSED | N69: =Effort!L67 -> CLOSED | O69: =Harvest!L67 -> CLOSED | P69: =CPUE!L67 -> CLOSED | Q69: =Effort!N67 -> CLOSED | R69: =Harvest!N67 -> CLOSED | S69: =CPUE!N67 -> CLOSED | T69: =+E69 -> 146.18164 | U69: =+F69 -> 1705.4524
A70: 42445 | B70: =+A70 -> 42445 | C70: 0.8 | D70: 0.58402778 | E70: =Effort!F68 -> 384.77695 | F70: =Harvest!F68 -> 5771.6543 | G70: =CPUE!F68 -> 15 | H70: =Effort!H68 -> CLOSED | I70: =Harvest!H68 -> CLOSED | J70: =CPUE!H68 -> CLOSED | K70: =Effort!J68 -> CLOSED | L70: =Harvest!J68 -> CLOSED | M70: =CPUE!J68 -> CLOSED | N70: =Effort!L68 -> CLOSED | O70: =Harvest!L68 -> CLOSED | P70: =CPUE!L68 -> CLOSED | Q70: =Effort!N68 -> CLOSED | R70: =Harvest!N68 -> CLOSED | S70: =CPUE!N68 -> CLOSED | T70: =+E70 -> 384.77695 | U70: =+F70 -> 5771.6543
A71: 42446 | B71: =+A71 -> 42446 | C71: 0.8 | D71: 0.63333333 | E71: =Effort!F69 -> 400 | F71: =Harvest!F69 -> 6000 | G71: =CPUE!F69 -> 15 | H71: =Effort!H69 -> CLOSED | I71: =Harvest!H69 -> CLOSED | J71: =CPUE!H69 -> CLOSED | K71: =Effort!J69 -> CLOSED | L71: =Harvest!J69 -> CLOSED | M71: =CPUE!J69 -> CLOSED | N71: =Effort!L69 -> CLOSED | O71: =Harvest!L69 -> CLOSED | P71: =CPUE!L69 -> CLOSED | Q71: =Effort!N69 -> CLOSED | R71: =Harvest!N69 -> CLOSED | S71: =CPUE!N69 -> CLOSED | T71: =+E71 -> 400 | U71: =+F71 -> 6000
A72: 42447 | B72: =+A72 -> 42447 | C72: 0.7 | D72: 0.67708333 | E72: =Effort!F70 -> 785.01948 | F72: =Harvest!F70 -> 11775.292 | G72: =CPUE!F70 -> 15 | H72: =Effort!H70 -> CLOSED | I72: =Harvest!H70 -> CLOSED | J72: =CPUE!H70 -> CLOSED | K72: =Effort!J70 -> 3152.6803 | L72: =Harvest!J70 -> 45488.673 | M72: =CPUE!J70 -> 14.428571 | N72: =Effort!L70 -> 1390.7223 | O72: =Harvest!L70 -> 20860.834 | P72: =CPUE!L70 -> 15 | Q72: =Effort!N70 -> CLOSED | R72: =Harvest!N70 -> CLOSED | S72: =CPUE!N70 -> CLOSED | T72: =+E72+K72+N72 -> 5328.422 | U72: =+F72+L72+O72 -> 78124.799
A73: 42448 | B73: =+A73 -> 42448 | C73: 0.5 | D73: 0.71319444 | E73: =Effort!F71 -> 1227.8073 | F73: =Harvest!F71 -> 16670.659 | G73: =CPUE!F71 -> 13.577586 | H73: =Effort!H71 -> CLOSED | I73: =Harvest!H71 -> CLOSED | J73: =CPUE!H71 -> CLOSED | K73: =Effort!J71 -> 3556.6749 | L73: =Harvest!J71 -> 45113.613 | M73: =CPUE!J71 -> 12.684211 | N73: =Effort!L71 -> 3124.4271 | O73: =Harvest!L71 -> 41740.394 | P73: =CPUE!L71 -> 13.359375 | Q73: =Effort!N71 -> CLOSED | R73: =Harvest!N71 -> CLOSED | S73: =CPUE!N71 -> CLOSED | T73: =+E73+K73+N73 -> 7908.9093 | U73: =+F73+L73+O73 -> 103524.67
A74: 42449 | B74: =+A74 -> 42449 | C74: 0.4 | D74: 0.74305556 | E74: =Effort!F72 -> 651.23353 | F74: =Harvest!F72 -> 7947.2571 | G74: =CPUE!F72 -> 12.203391 | H74: =Effort!H72 -> CLOSED | I74: =Harvest!H72 -> CLOSED | J74: =CPUE!H72 -> CLOSED | K74: =Effort!J72 -> 2388.5618 | L74: =Harvest!J72 -> 26990.748 | M74: =CPUE!J72 -> 11.3 | N74: =Effort!L72 -> 1243.0343 | O74: =Harvest!L72 -> 15811.396 | P74: =CPUE!L72 -> 12.72 | Q74: =Effort!N72 -> CLOSED | R74: =Harvest!N72 -> CLOSED | S74: =CPUE!N72 -> CLOSED | T74: =+E74+K74+N74 -> 4282.8296 | U74: =+F74+L74+O74 -> 50749.401
A75: 42450 | B75: =+A75 -> 42450 | C75: 0.5 | D75: 0.76944444 | E75: =Effort!F73 -> 1100 | F75: =Harvest!F73 -> 16500 | G75: =CPUE!F73 -> 15 | H75: =Effort!H73 -> CLOSED | I75: =Harvest!H73 -> CLOSED | J75: =CPUE!H73 -> CLOSED | K75: =Effort!J73 -> CLOSED | L75: =Harvest!J73 -> CLOSED | M75: =CPUE!J73 -> CLOSED | N75: =Effort!L73 -> CLOSED | O75: =Harvest!L73 -> CLOSED | P75: =CPUE!L73 -> CLOSED | Q75: =Effort!N73 -> CLOSED | R75: =Harvest!N73 -> CLOSED | S75: =CPUE!N73 -> CLOSED | T75: =+E75 -> 1100 | U75: =+F75 -> 16500
A76: 42451 | B76: =+A76 -> 42451 | C76: 0.6 | D76: 0.79305556 | E76: =Effort!F74 -> 1100 | F76: =Harvest!F74 -> 16500 | G76: =CPUE!F74 -> 15 | H76: =Effort!H74 -> CLOSED | I76: =Harvest!H74 -> CLOSED | J76: =CPUE!H74 -> CLOSED | K76: =Effort!J74 -> CLOSED | L76: =Harvest!J74 -> CLOSED | M76: =CPUE!J74 -> CLOSED | N76: =Effort!L74 -> CLOSED | O76: =Harvest!L74 -> CLOSED | P76: =CPUE!L74 -> CLOSED | Q76: =Effort!N74 -> CLOSED | R76: =Harvest!N74 -> CLOSED | S76: =CPUE!N74 -> CLOSED | T76: =+E76 -> 1100 | U76: =+F76 -> 16500
A77: 42452 | B77: =+A77 -> 42452 | C77: 0.8 | D77: 0.81527778 | E77: =Effort!F75 -> 1100 | F77: =Harvest!F75 -> 16500 | G77: =CPUE!F75 -> 15 | H77: =Effort!H75 -> CLOSED | I77: =Harvest!H75 -> CLOSED | J77: =CPUE!H75 -> CLOSED | K77: =Effort!J75 -> CLOSED | L77: =Harvest!J75 -> CLOSED | M77: =CPUE!J75 -> CLOSED | N77: =Effort!L75 -> CLOSED | O77: =Harvest!L75 -> CLOSED | P77: =CPUE!L75 -> CLOSED | Q77: =Effort!N75 -> CLOSED | R77: =Harvest!N75 -> CLOSED | S77: =CPUE!N75 -> CLOSED | T77: =+E77 -> 1100 | U77: =+F77 -> 16500
A78: Tide Series Totals | E78: =SUM(E69:E77) -> 6895.0189 | F78: =SUM(F69:F77) -> 99370.315 | G78: =+F78/E78 -> 14.411899 | K78: =SUM(K72:K77) -> 9097.917 | L78: =SUM(L72:L77) -> 117593.03 | M78: =+L78/K78 -> 12.92527 | N78: =SUM(N72:N77) -> 5758.1837 | O78: =SUM(O72:O77) -> 78412.624 | P78: =+O78/N78 -> 13.617597 | T78: =SUM(T69:T77) -> 21751.12 | U78: =SUM(U69:U77) -> 295375.97
A79: 42453 | B79: =+A79 -> 42453 | C79: 0.8 | D79: 0.33125 | E79: =Effort!F77 -> 263.47102 | F79: =Harvest!F77 -> 1796.3933 | G79: =CPUE!F77 -> 6.8181818 | H79: =Effort!H77 -> CLOSED | I79: =Harvest!H77 -> CLOSED | J79: =CPUE!H77 -> CLOSED | K79: =Effort!J77 -> CLOSED | L79: =Harvest!J77 -> CLOSED | M79: =CPUE!J77 -> CLOSED | N79: =Effort!L77 -> CLOSED | O79: =Harvest!L77 -> CLOSED | P79: =CPUE!L77 -> CLOSED | Q79: =Effort!N77 -> CLOSED | R79: =Harvest!N77 -> CLOSED | S79: =CPUE!N77 -> CLOSED | T79: =+E79 -> 263.47102 | U79: =+F79 -> 1796.3933
A80: 42454 | B80: =+A80 -> 42454 | C80: 0.7 | D80: 0.35486111 | E80: =Effort!F78 -> 715.62129 | F80: =Harvest!F78 -> 5622.7387 | G80: =CPUE!F78 -> 7.8571429 | H80: =Effort!H78 -> CLOSED | I80: =Harvest!H78 -> CLOSED | J80: =CPUE!H78 -> CLOSED | K80: =Effort!J78 -> CLOSED | L80: =Harvest!J78 -> CLOSED | M80: =CPUE!J78 -> CLOSED | N80: =Effort!L78 -> 1292.8784 | O80: =Harvest!L78 -> 14939.928 | P80: =CPUE!L78 -> 11.555556 | Q80: =Effort!N78 -> CLOSED | R80: =Harvest!N78 -> CLOSED | S80: =CPUE!N78 -> CLOSED | T80: =+E80+N80 -> 2008.4997 | U80: =+F80+O80 -> 20562.667
A81: 42455 | B81: =+A81 -> 42455 | C81: 0.6 | D81: 0.37916667 | E81: =Effort!F79 -> 2749.8579 | F81: =Harvest!F79 -> 28046.285 | G81: =CPUE!F79 -> 10.199176 | H81: =Effort!H79 -> CLOSED | I81: =Harvest!H79 -> CLOSED | J81: =CPUE!H79 -> CLOSED | K81: =Effort!J79 -> CLOSED | L81: =Harvest!J79 -> CLOSED | M81: =CPUE!J79 -> CLOSED | N81: =Effort!L79 -> 4968.0354 | O81: =Harvest!L79 -> 74520.532 | P81: =CPUE!L79 -> 15 | Q81: =Effort!N79 -> CLOSED | R81: =Harvest!N79 -> CLOSED | S81: =CPUE!N79 -> CLOSED | T81: =+E81+N81 -> 7717.8934 | U81: =+F81+O81 -> 102566.82
A82: 42456 | B82: =+A82 -> 42456 | C82: 0.7 | D82: 0.40416667 | E82: =Effort!F80 -> 1926.8215 | F82: =Harvest!F80 -> 16628.608 | G82: =CPUE!F80 -> 8.6300719 | H82: =Effort!H80 -> CLOSED | I82: =Harvest!H80 -> CLOSED | J82: =CPUE!H80 -> CLOSED | K82: =Effort!J80 -> CLOSED | L82: =Harvest!J80 -> CLOSED | M82: =CPUE!J80 -> CLOSED | N82: =Effort!L80 -> 3481.0953 | O82: =Harvest!L80 -> 44183.133 | P82: =CPUE!L80 -> 12.692308 | Q82: =Effort!N80 -> CLOSED | R82: =Harvest!N80 -> CLOSED | S82: =CPUE!N80 -> CLOSED | T82: =+E82+N82 -> 5407.9168 | U82: =+F82+O82 -> 60811.74
A83: 42457 | B83: =+A83 -> 42457 | C83: 0.8 | D83: 0.43125 | E83: =Effort!F81 -> 1900 | F83: =Harvest!F81 -> 28300 | G83: =CPUE!F81 -> 14.894737 | H83: =Effort!H81 -> CLOSED | I83: =Harvest!H81 -> CLOSED | J83: =CPUE!H81 -> CLOSED | K83: =Effort!J81 -> CLOSED | L83: =Harvest!J81 -> CLOSED | M83: =CPUE!J81 -> CLOSED | N83: =Effort!L81 -> CLOSED | O83: =Harvest!L81 -> CLOSED | P83: =CPUE!L81 -> CLOSED | Q83: =Effort!N81 -> CLOSED | R83: =Harvest!N81 -> CLOSED | S83: =CPUE!N81 -> CLOSED | T83: =+E83 -> 1900 | U83: =+F83 -> 28300
A84: 42458 | B84: =+A84 -> 42458 | C84: 1 | D84: 0.4625 | E84: =Effort!F82 -> 900 | F84: =Harvest!F82 -> 13500 | G84: =CPUE!F82 -> 15 | H84: =Effort!H82 -> CLOSED | I84: =Harvest!H82 -> CLOSED | J84: =CPUE!H82 -> CLOSED | K84: =Effort!J82 -> CLOSED | L84: =Harvest!J82 -> CLOSED | M84: =CPUE!J82 -> CLOSED | N84: =Effort!L82 -> CLOSED | O84: =Harvest!L82 -> CLOSED | P84: =CPUE!L82 -> CLOSED | Q84: =Effort!N82 -> CLOSED | R84: =Harvest!N82 -> CLOSED | S84: =CPUE!N82 -> CLOSED | T84: =+E84 -> 900 | U84: =+F84 -> 13500
A85: 42459 | B85: =+A85 -> 42459 | C85: 1.2 | D85: 0.5 | E85: =Effort!F83 -> 416.64173 | F85: =Harvest!F83 -> 6249.6259 | G85: =CPUE!F83 -> 15 | H85: =Effort!H83 -> CLOSED | I85: =Harvest!H83 -> CLOSED | J85: =CPUE!H83 -> CLOSED | K85: =Effort!J83 -> CLOSED | L85: =Harvest!J83 -> CLOSED | M85: =CPUE!J83 -> CLOSED | N85: =Effort!L83 -> CLOSED | O85: =Harvest!L83 -> CLOSED | P85: =CPUE!L83 -> CLOSED | Q85: =Effort!N83 -> CLOSED | R85: =Harvest!N83 -> CLOSED | S85: =CPUE!N83 -> CLOSED | T85: =+E85 -> 416.64173 | U85: =+F85 -> 6249.6259
A86: 42460 | B86: =+A86 -> 42460 | C86: 1.2 | D86: 0.54305556 | E86: =Effort!F84 -> 400 | F86: =Harvest!F84 -> 6000 | G86: =CPUE!F84 -> 15 | H86: =Effort!H84 -> CLOSED | I86: =Harvest!H84 -> CLOSED | J86: =CPUE!H84 -> CLOSED | K86: =Effort!J84 -> CLOSED | L86: =Harvest!J84 -> CLOSED | M86: =CPUE!J84 -> CLOSED | N86: =Effort!L84 -> CLOSED | O86: =Harvest!L84 -> CLOSED | P86: =CPUE!L84 -> CLOSED | Q86: =Effort!N84 -> CLOSED | R86: =Harvest!N84 -> CLOSED | S86: =CPUE!N84 -> CLOSED | T86: =+E86 -> 400 | U86: =+F86 -> 6000
A87: Tide Series Totals | E87: =SUM(E79:E86) -> 9272.4135 | F87: =SUM(F79:F86) -> 106143.65 | G87: =+F87/E87 -> 11.447252 | N87: =SUM(N80:N86) -> 9742.0091 | O87: =SUM(O80:O86) -> 133643.59 | P87: =+O87/N87 -> 13.718278 | T87: =SUM(T79:T86) -> 19014.423 | U87: =SUM(U79:U86) -> 239787.24
A88: 42463 | B88: =+A88 -> 42463 | C88: 0.5 | D88: 0.67569444 | E88: =Effort!F86 -> 2212.0061 | F88: =Harvest!F86 -> 33180.092 | G88: =CPUE!F86 -> 15 | H88: =Effort!H86 -> CLOSED | I88: =Harvest!H86 -> CLOSED | J88: =CPUE!H86 -> CLOSED | K88: =Effort!J86 -> CLOSED | L88: =Harvest!J86 -> CLOSED | M88: =CPUE!J86 -> CLOSED | N88: =Effort!L86 -> CLOSED | O88: =Harvest!L86 -> CLOSED | P88: =CPUE!L86 -> CLOSED | Q88: =Effort!N86 -> CLOSED | R88: =Harvest!N86 -> CLOSED | S88: =CPUE!N86 -> CLOSED | T88: =+E88 -> 2212.0061 | U88: =+F88 -> 33180.092
A89: 42464 | B89: =+A89 -> 42464 | C89: 0.1 | D89: 0.71111111 | E89: =Effort!F87 -> 2200 | F89: =Harvest!F87 -> 33000 | G89: =CPUE!F87 -> 15 | H89: =Effort!H87 -> CLOSED | I89: =Harvest!H87 -> CLOSED | J89: =CPUE!H87 -> CLOSED | K89: =Effort!J87 -> CLOSED | L89: =Harvest!J87 -> CLOSED | M89: =CPUE!J87 -> CLOSED | N89: =Effort!L87 -> CLOSED | O89: =Harvest!L87 -> CLOSED | P89: =CPUE!L87 -> CLOSED | Q89: =Effort!N87 -> CLOSED | R89: =Harvest!N87 -> CLOSED | S89: =CPUE!N87 -> CLOSED | T89: =+E89 -> 2200 | U89: =+F89 -> 33000
A90: 42465 | B90: =+A90 -> 42465 | C90: 0 | D90: 0.74375 | E90: =Effort!F88 -> 1138.0248 | F90: =Harvest!F88 -> 16895.292 | G90: =CPUE!F88 -> 14.846154 | H90: =Effort!H88 -> CLOSED | I90: =Harvest!H88 -> CLOSED | J90: =CPUE!H88 -> CLOSED | K90: =Effort!J88 -> CLOSED | L90: =Harvest!J88 -> CLOSED | M90: =CPUE!J88 -> CLOSED | N90: =Effort!L88 -> CLOSED | O90: =Harvest!L88 -> CLOSED | P90: =CPUE!L88 -> CLOSED | Q90: =Effort!N88 -> CLOSED | R90: =Harvest!N88 -> CLOSED | S90: =CPUE!N88 -> CLOSED | T90: =+E90 -> 1138.0248 | U90: =+F90 -> 16895.292
A91: 42466 | B91: =+A91 -> 42466 | C91: 0 | D91: 0.775 | E91: =Effort!F89 -> 2312.0607 | F91: =Harvest!F89 -> 34680.91 | G91: =CPUE!F89 -> 15 | H91: =Effort!H89 -> CLOSED | I91: =Harvest!H89 -> CLOSED | J91: =CPUE!H89 -> CLOSED | K91: =Effort!J89 -> CLOSED | L91: =Harvest!J89 -> CLOSED | M91: =CPUE!J89 -> CLOSED | N91: =Effort!L89 -> CLOSED | O91: =Harvest!L89 -> CLOSED | P91: =CPUE!L89 -> CLOSED | Q91: =Effort!N89 -> CLOSED | R91: =Harvest!N89 -> CLOSED | S91: =CPUE!N89 -> CLOSED | T91: =+E91 -> 2312.0607 | U91: =+F91 -> 34680.91
A92: 42467 | B92: =+A92 -> 42467 | C92: -0.6 | D92: 0.29652778 | E92: =Effort!F90 -> 1554.157 | F92: =Harvest!F90 -> 23312.355 | G92: =CPUE!F90 -> 15 | H92: =Effort!H90 -> CLOSED | I92: =Harvest!H90 -> CLOSED | J92: =CPUE!H90 -> CLOSED | K92: =Effort!J90 -> 1222.4801 | L92: =Harvest!J90 -> 18362.15 | M92: =CPUE!J90 -> 15.020408 | N92: =Effort!L90 -> 871.30697 | O92: =Harvest!L90 -> 13069.605 | P92: =CPUE!L90 -> 15 | Q92: =Effort!N90 -> CLOSED | R92: =Harvest!N90 -> CLOSED | S92: =CPUE!N90 -> CLOSED | T92: =+E92+K92+N92 -> 3647.9441 | U92: =+F92+L92+O92 -> 54744.11
A93: 42468 | B93: =+A93 -> 42468 | C93: -1.1 | D93: 0.32916667 | E93: =Effort!F91 -> 5194.6287 | F93: =Harvest!F91 -> 77919.43 | G93: =CPUE!F91 -> 15 | H93: =Effort!H91 -> CLOSED | I93: =Harvest!H91 -> CLOSED | J93: =CPUE!H91 -> CLOSED | K93: =Effort!J91 -> 2975.1365 | L93: =Harvest!J91 -> 44627.048 | M93: =CPUE!J91 -> 15 | N93: =Effort!L91 -> 1517.8988 | O93: =Harvest!L91 -> 22768.481 | P93: =CPUE!L91 -> 15 | Q93: =Effort!N91 -> CLOSED | R93: =Harvest!N91 -> CLOSED | S93: =CPUE!N91 -> CLOSED | T93: =+E93+K93+N93 -> 9687.6639 | U93: =+F93+L93+O93 -> 145314.96
A94: 42469 | B94: =+A94 -> 42469 | C94: -1.3 | D94: 0.3625 | E94: =Effort!F92 -> 12291.348 | F94: =Harvest!F92 -> 184370.22 | G94: =CPUE!F92 -> 15 | H94: =Effort!H92 -> CLOSED | I94: =Harvest!H92 -> CLOSED | J94: =CPUE!H92 -> CLOSED | K94: =Effort!J92 -> 6892.9022 | L94: =Harvest!J92 -> 102732.57 | M94: =CPUE!J92 -> 14.90411 | N94: =Effort!L92 -> CLOSED | O94: =Harvest!L92 -> CLOSED | P94: =CPUE!L92 -> CLOSED | Q94: =Effort!N92 -> CLOSED | R94: =Harvest!N92 -> CLOSED | S94: =CPUE!N92 -> CLOSED | T94: =+E94+K94 -> 19184.25 | U94: =+F94+L94 -> 287102.79
A95: 42470 | B95: =+A95 -> 42470 | C95: -1.2 | D95: 0.39722222 | E95: =Effort!F93 -> 12300 | F95: =Harvest!F93 -> 184300 | G95: =CPUE!F93 -> 14.98374 | H95: =Effort!H93 -> CLOSED | I95: =Harvest!H93 -> CLOSED | J95: =CPUE!H93 -> CLOSED | K95: =Effort!J93 -> CLOSED | L95: =Harvest!J93 -> CLOSED | M95: =CPUE!J93 -> CLOSED | N95: =Effort!L93 -> 6262.1848 | O95: =Harvest!L93 -> 93932.772 | P95: =CPUE!L93 -> 15 | Q95: =Effort!N93 -> CLOSED | R95: =Harvest!N93 -> CLOSED | S95: =CPUE!N93 -> CLOSED | T95: =+E95+N95 -> 18562.185 | U95: =+F95+O95 -> 278232.77
A96: 42471 | B96: =+A96 -> 42471 | C96: -0.9 | D96: 0.43263889 | E96: =Effort!F94 -> 1888.5995 | F96: =Harvest!F94 -> 28328.993 | G96: =CPUE!F94 -> 15 | H96: =Effort!H94 -> CLOSED | I96: =Harvest!H94 -> CLOSED | J96: =CPUE!H94 -> CLOSED | K96: =Effort!J94 -> CLOSED | L96: =Harvest!J94 -> CLOSED | M96: =CPUE!J94 -> CLOSED | N96: =Effort!L94 -> CLOSED | O96: =Harvest!L94 -> CLOSED | P96: =CPUE!L94 -> CLOSED | Q96: =Effort!N94 -> CLOSED | R96: =Harvest!N94 -> CLOSED | S96: =CPUE!N94 -> CLOSED | T96: =+E96 -> 1888.5995 | U96: =+F96 -> 28328.993
A97: 42472 | B97: =+A97 -> 42472 | C97: -0.4 | D97: 0.47152778 | E97: =Effort!F95 -> 897.2528 | F97: =Harvest!F95 -> 13458.792 | G97: =CPUE!F95 -> 15 | H97: =Effort!H95 -> CLOSED | I97: =Harvest!H95 -> CLOSED | J97: =CPUE!H95 -> CLOSED | K97: =Effort!J95 -> CLOSED | L97: =Harvest!J95 -> CLOSED | M97: =CPUE!J95 -> CLOSED | N97: =Effort!L95 -> CLOSED | O97: =Harvest!L95 -> CLOSED | P97: =CPUE!L95 -> CLOSED | Q97: =Effort!N95 -> CLOSED | R97: =Harvest!N95 -> CLOSED | S97: =CPUE!N95 -> CLOSED | T97: =+E97 -> 897.2528 | U97: =+F97 -> 13458.792
A98: Tide Series Totals | E98: =SUM(E88:E97) -> 41988.078 | F98: =SUM(F88:F97) -> 629446.09 | G98: =+F98/E98 -> 14.991067 | K98: =SUM(K92:K97) -> 11090.519 | L98: =SUM(L92:L97) -> 165721.77 | M98: =+L98/K98 -> 14.942652 | N98: =SUM(N92:N97) -> 8651.3905 | O98: =SUM(O92:O97) -> 129770.86 | P98: =+O98/N98 -> 15 | T98: =SUM(T88:T97) -> 61729.987 | U98: =SUM(U88:U97) -> 924938.71
A99: 42480 | B99: 42480 | C99: 0.6 | D99: 0.26736111 | E99: =Effort!F97 -> 381.41645 | F99: =Harvest!F97 -> 5721.2468 | G99: =CPUE!F97 -> 15 | H99: =Effort!H97 -> CLOSED | I99: =Harvest!H97 -> CLOSED | J99: =CPUE!H97 -> CLOSED | K99: =Effort!J97 -> CLOSED | L99: =Harvest!J97 -> CLOSED | M99: =CPUE!J97 -> CLOSED | N99: =Effort!L97 -> CLOSED | O99: =Harvest!L97 -> CLOSED | P99: =CPUE!L97 -> CLOSED | Q99: =Effort!N97 -> CLOSED | R99: =Harvest!N97 -> CLOSED | S99: =CPUE!N97 -> CLOSED | T99: =+E99 -> 381.41645 | U99: =+F99 -> 5721.2468
A100: 42481 | B100: =+A100 -> 42481 | C100: 0.2 | D100: 0.29236111 | E100: =Effort!F98 -> 510.7956 | F100: =Harvest!F98 -> 7661.934 | G100: =CPUE!F98 -> 15 | H100: =Effort!H98 -> CLOSED | I100: =Harvest!H98 -> CLOSED | J100: =CPUE!H98 -> CLOSED | K100: =Effort!J98 -> CLOSED | L100: =Harvest!J98 -> CLOSED | M100: =CPUE!J98 -> CLOSED | N100: =Effort!L98 -> CLOSED | O100: =Harvest!L98 -> CLOSED | P100: =CPUE!L98 -> CLOSED | Q100: =Effort!N98 -> CLOSED | R100: =Harvest!N98 -> CLOSED | S100: =CPUE!N98 -> CLOSED | T100: =+E100 -> 510.7956 | U100: =+F100 -> 7661.934
...

Sheet Copy Sheet
A1: BeachName | B1: Date | C1: Effort | D1: Harvest | E1: CPUE | F1: EventID | G1: CorrectionFactor
A2: Copalis | B2: 42362 | C2: 3418.4839 | D2: 48086.674 | E2: 14.066667 | F2: 1224 | G2: 0.4815
A3: Copalis | B3: 42363 | C3: 3097.8534 | D3: 45991.208 | E3: 14.846154 | F3: 1225 | G3: 0.45906666
A4: Copalis | B4: 42364 | C4: 5364.5965 | D4: 78056.958 | E4: 14.550388 | F4: 1226 | G4: 0.49884999
A6: BeachName | B6: Date | C6: Effort | D6: Harvest | E6: CPUE | F6: EventID | G6: CorrectionFactor
A7: Copalis | B7: 42377 | C7: 4608.3005 | D7: 68780.604 | E7: 14.925373 | F7: 1227 | G7: 0.36967501
A8: Copalis | B8: 42378 | C8: 8906.2352 | D8: 114652.1 | E8: 12.873239 | F8: 1228 | G8: 0.498025
A10: BeachName | B10: Date | C10: Effort | D10: Harvest | E10: CPUE | F10: EventID | G10: CorrectionFactor
A11: Copalis | B11: 42362 | C11: 2988.2721 | D11: 42035.027 | E11: 14.066667 | F11: 1224 | G11: 0.55081999
A12: Copalis | B12: 42363 | C12: 3038.5041 | D12: 45110.099 | E12: 14.846154 | F12: 1225 | G12: 0.46803334
A13: Copalis | B13: 42364 | C13: 5373.483 | D13: 78186.261 | E13: 14.550388 | F13: 1226 | G13: 0.498025
A14: Copalis | B14: 42377 | C14: 4608.3005 | D14: 68780.604 | E14: 14.925373 | F14: 1227 | G14: 0.36967501
A15: Copalis | B15: 42378 | C15: 8906.2352 | D15: 114652.1 | E15: 12.873239 | F15: 1228 | G15: 0.498025
A16: LongBeach | B16: 42376 | C16: 2173.2756 | D16: 31029.546 | E16: 14.277778 | F16: 1229 | G16: 0.68533331
A17: LongBeach | B17: 42377 | C17: 2178.502 | D17: 32644.271 | E17: 14.984733 | F17: 1230 | G17: 0.68533331
A18: LongBeach | B18: 42378 | C18: 6868.6145 | D18: 87418.73 | E18: 12.727273 | F18: 1231 | G18: 0.68533331
A19: LongBeach | B19: 42379 | C19: 2284.2464 | D19: 34039.751 | E19: 14.901961 | F19: 1232 | G19: 0.63583332
A20: LongBeach | B20: 42380 | C20: 508.68853 | D20: 7121.6395 | E20: 14 | F20: 1233 | G20: 0.59417498
A21: LongBeach | B21: 42381 | C21: 125.81914 | D21: 1887.2871 | E21: 15 | F21: 1234 | G21: 0.63583332
A22: LongBeach | B22: 42382 | C22: 591.25035 | D22: 8868.7553 | E22: 15 | F22: 1235 | G22: 0.46173334
A24: BeachName | B24: Date | C24: Effort | D24: Harvest | E24: CPUE | F24: EventID | G24: CorrectionFactor
A25: Copalis | B25: 42391 | C25: 4454.509 | D25: 49770.571 | E25: 11.173077 | F25: 1236 | G25: 0.42597499
A26: LongBeach | B26: 42390 | C26: 488.61854 | D26: 4230.7215 | E26: 8.6585366 | F26: 1239 | G26: 0.50959998
A27: LongBeach | B27: 42391 | C27: 2846.5078 | D27: 42697.617 | E27: 15 | F27: 1237 | G27: 0.70139998
A28: LongBeach | B28: 42392 | C28: 6367.2656 | D28: 96068.744 | E28: 15.087912 | F28: 1238 | G28: 0.70139998
A30: BeachName | B30: Date | C30: Effort | D30: Harvest | E30: CPUE | F30: EventID | G30: CorrectionFactor
A31: LongBeach | B31: 42404 | C31: 774.80547 | D31: 10622.333 | E31: 13.709677 | F31: 1240 | G31: 0.68533331
A32: LongBeach | B32: 42405 | C32: 451.95325 | D32: 2905.4137 | E32: 6.4285714 | F32: 1241 | G32: 0.70139998
A33: LongBeach | B33: 42406 | C33: 8081.6261 | D33: 121224.39 | E33: 15 | F33: 1242 | G33: 0.68533331
A34: LongBeach | B34: 42407 | C34: 1693.5957 | D34: 25403.936 | E34: 15 | F34: 1243 | G34: 0.36070001
A35: LongBeach | B35: 42408 | C35: 3408.5604 | D35: 50370.948 | E35: 14.777778 | F35: 1244 | G35: 0.68533331
A36: LongBeach | B36: 42410 | C36: 387.68022 | D36: 5815.2032 | E36: 15 | F36: 1245 | G36: 0.63583332
A38: BeachName | B38: Date | C38: Effort | D38: Harvest | E38: CPUE | F38: EventID | G38: CorrectionFactor
A39: Copalis | B39: 42419 | C39: 3391.3042 | D39: 42899.999 | E39: 12.65 | F39: 1246 | G39: 0.39866668
A40: Copalis | B40: 42420 | C40: 9950.4269 | D40: 128329.73 | E40: 12.896907 | F40: 1247 | G40: 0.42597499
A41: LongBeach | B41: 42417 | C41: 791.11985 | D41: 7673.8625 | E41: 9.7 | F41: 1251 | G41: 0.54353333
A42: LongBeach | B42: 42418 | C42: 873.949 | D42: 8977.8398 | E42: 10.272727 | F42: 1252 | G42: 0.54353333
A43: LongBeach | B43: 42419 | C43: 1990.7679 | D43: 22831.619 | E43: 11.46875 | F43: 1253 | G43: 0.54605001
A44: LongBeach | B44: 42420 | C44: 13050.087 | D44: 201114.35 | E44: 15.410959 | F44: 1254 | G44: 0.54605001
A45: LongBeach | B45: 42421 | C45: 2154.2031 | D45: 32313.047 | E45: 15 | F45: 1255 | G45: 0.56029999
A46: LongBeach | B46: 42422 | C46: 1270.6225 | D46: 18961.597 | E46: 14.923077 | F46: 1256 | G46: 0.48086667
A47: Mocrocks | B47: 42419 | C47: 1766.6574 | D47: 14975.819 | E47: 8.4769231 | F47: 1248 | G47: 0.50784999
A48: Mocrocks | B48: 42420 | C48: 7972.8508 | D48: 117314.81 | E48: 14.714286 | F48: 1249 | G48: 0.43779999
A49: Mocrocks | B49: 42421 | C49: 2511.1991 | D49: 37155.497 | E49: 14.795918 | F49: 1250 | G49: 0.55105001
A51: BeachName | B51: Date | C51: Effort | D51: Harvest | E51: CPUE | F51: EventID | G51: CorrectionFactor
A52: LongBeach | B52: 42424 | C52: 358.76814 | D52: 3372.4205 | E52: 9.4 | F52: 1260 | G52: 0.57266665
A53: LongBeach | B53: 42431 | C53: 82.587749 | D53: 963.52374 | E53: 11.666667 | F53: 1261 | G53: 0.5812
A54: LongBeach | B54: 42432 | C54: 166.89608 | D54: 2253.097 | E54: 13.5 | F54: 1262 | G54: 0.5812
A55: LongBeach | B55: 42433 | C55: 581.5554 | D55: 3738.5704 | E55: 6.4285714 | F55: 1263 | G55: 0.5812
A56: LongBeach | B56: 42434 | C56: 6502.7181 | D56: 26602.028 | E56: 4.0909091 | F56: 1265 | G56: 0.46173334
A57: LongBeach | B57: 42435 | C57: 1496.1854 | D57: 19027.575 | E57: 12.717391 | F57: 1266 | G57: 0.67505002
A58: LongBeach | B58: 42437 | C58: 1069.7549 | D58: 16046.324 | E58: 15 | F58: 1267 | G58: 0.70139998
A59: LongBeach | B59: 42440 | C59: 465.14378 | D59: 6977.1567 | E59: 15 | F59: 1268 | G59: 0.56326669
A60: LongBeach | B60: 42441 | C60: 1855.4404 | D60: 15539.313 | E60: 8.375 | F60: 1269 | G60: 0.58829999
A61: Mocrocks | B61: 42434 | C61: 4831.4403 | D61: 16190.465 | E61: 3.3510638 | F61: 1257 | G61: 0.69306666
A62: Mocrocks | B62: 42435 | C62: 3365.1189 | D62: 46672.736 | E62: 13.869565 | F62: 1258 | G62: 0.521725
A63: Mocrocks | B63: 42436 | C63: 1534.2714 | D63: 23014.071 | E63: 15 | F63: 1259 | G63: 0.55075002
A64: Mocrocks | B64: 42437 | C64: 1104.0364 | D64: 15814.576 | E64: 14.324324 | F64: 1264 | G64: 0.54566669
A66: BeachName | B66: Date | C66: Effort | D66: Harvest | E66: CPUE | F66: EventID | G66: CorrectionFactor
A67: Copalis | B67: 42447 | C67: 3152.6803 | D67: 45488.673 | E67: 14.428571 | F67: 1272 | G67: 0.42597499
A68: Copalis | B68: 42448 | C68: 3556.6749 | D68: 45113.613 | E68: 12.684211 | F68: 1274 | G68: 0.75
A69: Copalis | B69: 42449 | C69: 2388.5618 | D69: 26990.748 | E69: 11.3 | F69: 1275 | G69: 0.3567
A70: LongBeach | B70: 42444 | C70: 146.18164 | D70: 1705.4524 | E70: 11.666667 | F70: 1270 | G70: 0.59514999
A71: LongBeach | B71: 42445 | C71: 384.77695 | D71: 5771.6543 | E71: 15 | F71: 1271 | G71: 0.59514999
A72: LongBeach | B72: 42447 | C72: 785.01948 | D72: 11775.292 | E72: 15 | F72: 1278 | G72: 0.68533331
A73: LongBeach | B73: 42448 | C73: 1227.8073 | D73: 16670.659 | E73: 13.577586 | F73: 1279 | G73: 0.70139998
A74: Mocrocks | B74: 42447 | C74: 1390.7223 | D74: 20860.834 | E74: 15 | F74: 1273 | G74: 0.53785002
A75: Mocrocks | B75: 42448 | C75: 3124.4271 | D75: 41740.394 | E75: 13.359375 | F75: 1276 | G75: 0.54987502
A76: Mocrocks | B76: 42449 | C76: 1243.0343 | D76: 15811.396 | E76: 12.72 | F76: 1277 | G76: 0.57010001
A78: BeachName | B78: Date | C78: Effort | D78: Harvest | E78: CPUE | F78: EventID | G78: CorrectionFactor
A79: LongBeach | B79: 42453 | C79: 263.47102 | D79: 1796.3933 | E79: 6.8181818 | F79: 1280 | G79: 0.58829999
A80: LongBeach | B80: 42454 | C80: 715.62129 | D80: 5622.7387 | E80: 7.8571429 | F80: 1281 | G80: 0.58829999
A81: Mocrocks | B81: 42454 | C81: 1292.8784 | D81: 14939.928 | E81: 11.555556 | F81: 1282 | G81: 0.72783333
A82: Mocrocks | B82: 42455 | C82: 4968.0354 | D82: 74520.532 | E82: 15 | F82: 1283 | G82: 0.59909999
A83: Mocrocks | B83: 42456 | C83: 3481.0953 | D83: 44183.133 | E83: 12.692308 | F83: 1284 | G83: 0.58736664
A85: BeachName | B85: Date | C85: Effort | D85: Harvest | E85: CPUE | F85: EventID | G85: CorrectionFactor
A86: Copalis | B86: 42467 | C86: 1222.4801 | D86: 18362.15 | E86: 15.020408 | F86: 1289 | G86: 0.56963331
A87: Copalis | B87: 42468 | C87: 2975.1365 | D87: 44627.048 | E87: 15 | F87: 1290 | G87: 0.56963331
A88: Copalis | B88: 42469 | C88: 6892.9022 | D88: 102732.57 | E88: 14.90411 | F88: 1291 | G88: 0.56963331
A89: LongBeach | B89: 42459 | C89: 416.64173 | D89: 6249.6259 | E89: 15 | F89: 1292 | G89: 0.55683333
A90: LongBeach | B90: 42463 | C90: 2212.0061 | D90: 33180.092 | E90: 15 | F90: 1293 | G90: 0.56193334
A91: LongBeach | B91: 42465 | C91: 1138.0248 | D91: 16895.292 | E91: 14.846154 | F91: 1294 | G91: 0.58829999
A92: LongBeach | B92: 42466 | C92: 2312.0607 | D92: 34680.91 | E92: 15 | F92: 1295 | G92: 0.55683333
A93: LongBeach | B93: 42467 | C93: 1554.157 | D93: 23312.355 | E93: 15 | F93: 1296 | G93: 0.59514999
A94: LongBeach | B94: 42468 | C94: 5194.6287 | D94: 77919.43 | E94: 15 | F94: 1297 | G94: 0.58829999
A95: LongBeach | B95: 42469 | C95: 12291.348 | D95: 184370.22 | E95: 15 | F95: 1298 | G95: 0.58829999
A96: LongBeach | B96: 42471 | C96: 1888.5995 | D96: 28328.993 | E96: 15 | F96: 1299 | G96: 0.59514999
A97: LongBeach | B97: 42472 | C97: 897.2528 | D97: 13458.792 | E97: 15 | F97: 1300 | G97: 0.59514999
... A100: Mocrocks | B100: 42470 | C100: 6262.1848 | D100: 93932.772 | E100: 15 | F100: 1288 | G100: 0.49583334
A102: BeachName | B102: Date | C102: Effort | D102: Harvest | E102: CPUE | F102: EventID | G102: CorrectionFactor
A103: Copalis | B103: 42485 | C103: 1346.5156 | D103: 19650.712 | E103: 14.59375 | F103: 1309 | G103: 0.50266665
A104: Copalis | B104: 42486 | C104: 1060.9701 | D104: 15914.551 | E104: 15 | F104: 1310 | G104: 0.50266665
A105: LongBeach | B105: 42480 | C105: 472.14988 | D105: 6977.326 | E105: 14.777778 | F105: 1301 | G105: 0.59514999
A106: LongBeach | B106: 42481 | C106: 510.7956 | D106: 7661.934 | E106: 15 | F106: 1302 | G106: 0.59514999
A107: LongBeach | B107: 42482 | C107: 1189.6161 | D107: 17844.241 | E107: 15 | F107: 1303 | G107: 0.59514999
A108: LongBeach | B108: 42483 | C108: 4494.6653 | D108: 67419.979 | E108: 15 | F108: 1304 | G108: 0.59514999
A109: LongBeach | B109: 42484 | C109: 3624.2964 | D109: 54364.446 | E109: 15 | F109: 1306 | G109: 0.59514999
A110: LongBeach | B110: 42485 | C110: 1581.114 | D110: 23716.71 | E110: 15 | F110: 1307 | G110: 0.59514999
A111: LongBeach | B111: 42486 | C111: 959.02665 | D111: 14385.4 | E111: 15 | F111: 1308 | G111: 0.59514999
A112: LongBeach | B112: 42487 | C112: 1098.8826 | D112: 16483.24 | E112: 15 | F112: 1313 | G112: 0.59514999
...

Sheet Sheet1
A1: TideDate | B1: TideHeight | C1: TideTime | D1: Sunrise | E1: Sunset
A2: 42429 | B2: 1.9 | C2: 0.44791667 | D2: 0.29027778 | E2: 0.75138889
A3: 42430 | B3: 1.9 | C3: 0.48888889 | D3: 0.28888889 | E3: 0.75208333
A4: 42431 | B4: 1.8 | C4: 0.53541667 | D4: 0.2875 | E4: 0.75347222
A5: 42432 | B5: 1.4 | C5: 0.58263889 | D5: 0.28611111 | E5: 0.75416667
A6: 42433 | B6: 0.9 | C6: 0.625 | D6: 0.28472222 | E6: 0.75555556
A7: 42434 | B7: 0.3 | C7: 0.66180556 | D7: 0.28333333 | E7: 0.75625
A8: 42435 | B8: -0.2 | C8: 0.69444444 | D8: 0.28263889 | E8: 0.75763889
A9: 42436 | B9: -0.5 | C9: 0.72430556 | D9: 0.28125 | E9: 0.75833333
A10: 42437 | B10: -0.6 | C10: 0.75347222 | D10: 0.27986111 | E10: 0.75972222
A11: 42438 | B11: -0.5 | C11: 0.78263889 | D11: 0.27847222 | E11: 0.76041667
A12: 42439 | B12: -0.2 | C12: 0.81111111 | D12: 0.27708333 | E12: 0.76111111
A13: 42440 | B13: -0.1 | C13: 0.33263889 | D13: 0.27569444 | E13: 0.7625
... A33: 42460 | B33: 1.2 | C33: 0.54305556 | D33: 0.28958333 | E33: 0.82361111

Sheet Tide Info
A1: TideDate | B1: TideHeight | C1: TideTime | D1: Sunrise | E1: Sunset
A2: 42362 | B2: 2.8 | C2: 0.20138889 | D2: 0.33541667 | E2: 0.68819444
A3: 42362 | B3: -1.2 | C3: 0.74097222 | D3: 0.33541667 | E3: 0.68819444
A4: 42363 | B4: 2.7 | C4: 0.23611111 | D4: 0.33541667 | E4: 0.68888889
A5: 42363 | B5: -1.3 | C5: 0.77083333 | D5: 0.33541667 | E5: 0.68888889
A6: 42364 | B6: 2.7 | C6: 0.26944444 | D6: 0.33541667 | E6: 0.68888889
A7: 42364 | B7: -1.1 | C7: 0.8 | D7: 0.33541667 | E7: 0.68888889
A8: 42365 | B8: 2.8 | C8: 0.30138889 | D8: 0.33541667 | E8: 0.68958333
A9: 42365 | B9: -0.8 | C9: 0.82777778 | D9: 0.33541667 | E9: 0.68958333
A10: 42366 | B10: 2.9 | C10: 0.33333333 | D10: 0.33611111 | E10: 0.69027778
A11: 42366 | B11: -0.3 | C11: 0.85486111 | D11: 0.33611111 | E11: 0.69027778
A12: 42367 | B12: 2.9 | C12: 0.36527778 | D12: 0.33611111 | E12: 0.69097222
A13: 42367 | B13: 0.2 | C13: 0.88194444 | D13: 0.33611111 | E13: 0.69097222
... A784: 42766 | B784: 0.2 | C784: 0.86805556 | D784: 0.32222222 | E784: 0.72083333

Sheet Tribal update
A1: 2015-2016 State (non-Indian) Recreational Razor Clam Effort, Harvest and CPUE totals.
E2: COPALIS | I2: MOCROCKS | M2: KALALOCH | Q2: DAILY TOTALS
A3: DATE | B3: DAY | C3: TIDE | D3: TIME | E3: Effort | F3: Harvest | G3: CPUE | H3: Size (mm) | I3: Effort | J3: Harvest | K3: CPUE | L3: Size (mm) | M3: Effort | N3: Harvest | O3: CPUE | P3: Size (mm) | Q3: Effort | R3: Harvest
A4: 42362 | B4: 42362 | C4: -1.2 | D4: 0.74097222 | E4: 2988.2721 | F4: 42035.027 | G4: 14.066667 | I4: CLOSED | J4: CLOSED | K4: CLOSED | M4: CLOSED | N4: CLOSED | O4: CLOSED | Q4: =+E4 -> 2988.2721 | R4: =+F4 -> 42035.027
A5: 42363 | B5: 42363 | C5: -1.3 | D5: 0.77083333 | E5: 3038.5041 | F5: 45110.099 | G5: 14.846154 | I5: CLOSED | J5: CLOSED | K5: CLOSED | M5: CLOSED | N5: CLOSED | O5: CLOSED | Q5: =+E5 -> 3038.5041 | R5: =+F5 -> 45110.099
A6: 42364 | B6: 42364 | C6: -1.1 | D6: 0.8 | E6: 5373.483 | F6: 78186.261 | G6: 14.550388 | I6: CLOSED | J6: CLOSED | K6: CLOSED | M6: CLOSED | N6: CLOSED | O6: CLOSED | Q6: =+E6 -> 5373.483 | R6: =+F6 -> 78186.261
A7: Tide Series Totals | E7: =SUM(E4:E6) -> 11400.259 | F7: =SUM(F4:F6) -> 165331.39 | G7: =+F7/E7 -> 14.502424 | H7: 111.5 | Q7: =SUM(Q4:Q6) -> 11400.259 | R7: =SUM(R4:R6) -> 165331.39
A8: 42377 | B8: 42377 | C8: -0.4 | D8: 0.73402778 | E8: 4608.3005 | F8: 68780.604 | G8: 14.925373 | I8: CLOSED | J8: CLOSED | K8: CLOSED | M8: CLOSED | N8: CLOSED | O8: CLOSED | Q8: =+E8 -> 4608.3005 | R8: =+F8 -> 68780.604
A9: 42378 | B9: 42378 | C9: -0.8 | D9: 0.76111111 | E9: 8906.2352 | F9: 114652.1 | G9: 12.873239 | I9: CLOSED | J9: CLOSED | K9: CLOSED | M9: CLOSED | N9: CLOSED | O9: CLOSED | Q9: =+E9 -> 8906.2352 | R9: =+F9 -> 114652.1
A10: Tide Series Totals | E10: =SUM(E8:E9) -> 13514.536 | F10: =SUM(F8:F9) -> 183432.7 | G10: =+F10/E10 -> 13.572993 | H10: 114.29 | Q10: =SUM(Q8:Q9) -> 13514.536 | R10: =SUM(R8:R9) -> 183432.7
A11: 42391 | B11: 42391 | C11: -0.7 | D11: 0.73263889 | E11: 4454.509 | F11: 49770.571 | G11: 11.173077 | I11: CLOSED | J11: CLOSED | K11: CLOSED | M11: CLOSED | N11: CLOSED | O11: CLOSED | Q11: =+E11 -> 4454.509 | R11: =+F11 -> 49770.571
A12: Tide Series Totals | E12: =SUM(E11) -> 4454.509 | F12: =SUM(F11) -> 49770.571 | G12: =+F12/E12 -> 11.173077 | Q12: =SUM(Q11) -> 4454.509 | R12: =SUM(R11) -> 49770.571
A13: 42419 | B13: 42419 | C13: 0 | D13: 0.68958333 | E13: 3391.3042 | F13: 42899.999 | G13: 12.65 | I13: 1766.6574 | J13: 14975.819 | K13: 8.4769231 | M13: CLOSED | N13: CLOSED | O13: CLOSED | Q13: =+E13+I13 -> 5157.9617 | R13: =+F13+J13 -> 57875.818
A14: 42420 | B14: 42420 | C14: -0.1 | D14: 0.72013889 | E14: 9950.4269 | F14: 128329.73 | G14: 12.896907 | I14: 7972.8508 | J14: 117314.81 | K14: 14.714286 | M14: CLOSED | N14: CLOSED | O14: CLOSED | Q14: =+E14+I14 -> 17923.278 | R14: =+F14+J14 -> 245644.54
A15: 42421 | B15: 42421 | C15: -0.2 | D15: 0.74722222 | E15: CLOSED | F15: CLOSED | G15: CLOSED | I15: 2511.1991 | J15: 37155.497 | K15: 14.795918 | M15: CLOSED | N15: CLOSED | O15: CLOSED | Q15: =+I15 -> 2511.1991 | R15: =+J15 -> 37155.497
A16: Tide Series Totals | E16: =SUM(E13:E15) -> 13341.731 | F16: =SUM(F13:F15) -> 171229.73 | G16: =+F16/E16 -> 12.834146 | I16: =SUM(I13:I15) -> 12250.707 | J16: =SUM(J13:J15) -> 169446.12 | K16: =+J16/I16 -> 13.831538 | Q16: =SUM(Q13:Q15) -> 25592.438 | R16: =SUM(R13:R15) -> 340675.85
A17: 42434 | B17: 42434 | C17: 0.3 | D17: 0.66180556 | E17: CLOSED | F17: CLOSED | G17: CLOSED | I17: 4831.4403 | J17: 16190.465 | K17: 3.3510638 | M17: CLOSED | N17: CLOSED | O17: CLOSED | Q17: =+I17 -> 4831.4403 | R17: =+J17 -> 16190.465
A18: 42435 | B18: 42435 | C18: -0.2 | D18: 0.69444444 | E18: CLOSED | F18: CLOSED | G18: CLOSED | I18: 3365.1189 | J18: 46672.736 | K18: 13.869565 | M18: CLOSED | N18: CLOSED | O18: CLOSED | Q18: =+I18 -> 3365.1189 | R18: =+J18 -> 46672.736
A19: 42436 | B19: 42436 | C19: -0.5 | D19: 0.72430556 | E19: CLOSED | F19: CLOSED | G19: CLOSED | I19: 1534.2714 | J19: 23014.071 | K19: 15 | M19: CLOSED | N19: CLOSED | O19: CLOSED | Q19: =+I19 -> 1534.2714 | R19: =+J19 -> 23014.071
A20: 42437 | B20: 42437 | C20: -0.6 | D20: 0.75347222 | E20: CLOSED | F20: CLOSED | G20: CLOSED | I20: 1104.0364 | J20: 15814.576 | K20: 14.324324 | M20: CLOSED | N20: CLOSED | O20: CLOSED | Q20: =+I20 -> 1104.0364 | R20: =+J20 -> 15814.576
A21: Tide Series Totals | I21: =SUM(I17:I20) -> 10834.867 | J21: =SUM(J17:J20) -> 101691.85 | K21: =+J21/I21 -> 9.385611 | Q21: =SUM(Q17:Q20) -> 10834.867 | R21: =SUM(R17:R20) -> 101691.85
A22: 42447 | B22: 42447 | C22: 0.7 | D22: 0.67708333 | E22: 3152.6803 | F22: 45488.673 | G22: 14.428571 | I22: 1390.7223 | J22: 20860.834 | K22: 15 | M22: CLOSED | N22: CLOSED | O22: CLOSED | Q22: =+E22+I22 -> 4543.4025 | R22: =+F22+J22 -> 66349.506
A23: 42448 | B23: 42448 | C23: 0.5 | D23: 0.71319444 | E23: 3556.6749 | F23: 45113.613 | G23: 12.684211 | I23: 3124.4271 | J23: 41740.394 | K23: 13.359375 | M23: CLOSED | N23: CLOSED | O23: CLOSED | Q23: =+E23+I23 -> 6681.102 | R23: =+F23+J23 -> 86854.007
A24: 42449 | B24: 42449 | C24: 0.4 | D24: 0.74305556 | E24: 2388.5618 | F24: 26990.748 | G24: 11.3 | I24: 1243.0343 | J24: 15811.396 | K24: 12.72 | M24: CLOSED | N24: CLOSED | O24: CLOSED | Q24: =+E24+I24 -> 3631.5961 | R24: =+F24+J24 -> 42802.144
A25: Tide Series Totals | E25: =SUM(E22:E24) -> 9097.917 | F25: =SUM(F22:F24) -> 117593.03 | G25: =+F25/E25 -> 12.92527 | I25: =SUM(I22:I24) -> 5758.1837 | J25: =SUM(J22:J24) -> 78412.624 | K25: =+J25/I25 -> 13.617597 | Q25: =SUM(Q22:Q24) -> 14856.101 | R25: =SUM(R22:R24) -> 196005.66
A26: 42454 | B26: 42454 | C26: 0.7 | D26: 0.35486111 | E26: CLOSED | F26: CLOSED | G26: CLOSED | I26: 1292.8784 | J26: 14939.928 | K26: 11.555556 | M26: CLOSED | N26: CLOSED | O26: CLOSED | Q26: =+I26 -> 1292.8784 | R26: =+J26 -> 14939.928
A27: 42455 | B27: 42455 | C27: 0.6 | D27: 0.37916667 | E27: CLOSED | F27: CLOSED | G27: CLOSED | I27: 4968.0354 | J27: 74520.532 | K27: 15 | M27: CLOSED | N27: CLOSED | O27: CLOSED | Q27: =+I27 -> 4968.0354 | R27: =+J27 -> 74520.532
A28: 42456 | B28: 42456 | C28: 0.7 | D28: 0.40416667 | E28: CLOSED | F28: CLOSED | G28: CLOSED | I28: 3481.0953 | J28: 44183.133 | K28: 12.692308 | M28: CLOSED | N28: CLOSED | O28: CLOSED | Q28: =+I28 -> 3481.0953 | R28: =+J28 -> 44183.133
A29: Tide Series Totals | I29: =SUM(I26:I28) -> 9742.0091 | J29: =SUM(J26:J28) -> 133643.59 | K29: =+J29/I29 -> 13.718278 | Q29: =SUM(Q26:Q28) -> 9742.0091 | R29: =SUM(R26:R28) -> 133643.59
A30: 42467 | B30: 42467 | C30: -0.6 | D30: 0.29652778 | E30: 1222.4801 | F30: 18362.15 | G30: 15.020408 | I30: 871.30697 | J30: 13069.605 | K30: 15 | M30: CLOSED | N30: CLOSED | O30: CLOSED | Q30: =+E30+I30 -> 2093.7871 | R30: =+F30+J30 -> 31431.755
A31: 42468 | B31: 42468 | C31: -1.1 | D31: 0.32916667 | E31: 2975.1365 | F31: 44627.048 | G31: 15 | I31: 1517.8988 | J31: 22768.481 | K31: 15 | M31: CLOSED | N31: CLOSED | O31: CLOSED | Q31: =+E31+I31 -> 4493.0353 | R31: =+F31+J31 -> 67395.529
A32: 42469 | B32: 42469 | C32: -1.3 | D32: 0.3625 | E32: 6892.9022 | F32: 102732.57 | G32: 14.90411 | I32: CLOSED | J32: CLOSED | K32: CLOSED | M32: CLOSED | N32: CLOSED | O32: CLOSED | Q32: =+E32 -> 6892.9022 | R32: =+F32 -> 102732.57
A33: 42470 | B33: 42470 | C33: -1.2 | D33: 0.39722222 | E33: CLOSED | F33: CLOSED | G33: CLOSED | I33: 6262.1848 | J33: 93932.772 | K33: 15 | M33: CLOSED | N33: CLOSED | O33: CLOSED | Q33: =+I33 -> 6262.1848 | R33: =+J33 -> 93932.772
A34: Tide Series Totals | E34: =SUM(E30:E33) -> 11090.519 | F34: =SUM(F30:F33) -> 165721.77 | G34: =+F34/E34 -> 14.942652 | I34: =SUM(I30:I33) -> 8651.3905 | J34: =SUM(J30:J33) -> 129770.86 | K34: =+J34/I34 -> 15 | Q34: =SUM(Q30:Q33) -> 19741.909 | R34: =SUM(R30:R33) -> 295492.63
A35: 42483 | B35: 42483 | C35: -0.2 | D35: 0.33888889 | E35: CLOSED | F35: CLOSED | G35: CLOSED | I35: 4007.8539 | J35: 60334.45 | K35: 15.054054 | M35: CLOSED | N35: CLOSED | O35: CLOSED | Q35: =+I35 -> 4007.8539 | R35: =+J35 -> 60334.45
A36: 42485 | B36: 42485 | C36: -0.2 | D36: 0.3875 | E36: 1346.5156 | F36: 19650.712 | G36: 14.59375 | I36: 1555.6668 | J36: 23335.003 | K36: 15 | M36: CLOSED | N36: CLOSED | O36: CLOSED | Q36: =+E36+I36 -> 2902.1824 | R36: =+F36+J36 -> 42985.715
A37: 42486 | B37: 42486 | C37: -0.1 | D37: 0.41388889 | E37: 1060.9701 | F37: 15914.551 | G37: 15 | I37: 1407.1107 | J37: 21106.66 | K37: 15 | M37: CLOSED | N37: CLOSED | O37: CLOSED | Q37: =+E37+I37 -> 2468.0808 | R37: =+F37+J37 -> 37021.212
A38: Tide Series Totals | E38: =SUM(E36:E37) -> 2407.4857 | F38: =SUM(F36:F37) -> 35565.263 | G38: =+F38/E38 -> 14.772783 | I38: =SUM(I35:I37) -> 6970.6315 | J38: =SUM(J35:J37) -> 104776.11 | K38: =+J38/I38 -> 15.031079 | Q38: =SUM(Q35:Q37) -> 9378.1171 | R38: =SUM(R35:R37) -> 140341.38
A39: 42499 | B39: 42499 | C39: -1.9 | D39: 0.38472222 | E39: CLOSED | F39: CLOSED | G39: CLOSED | I39: 2774.1613 | J39: 41409.432 | K39: 14.926829 | M39: CLOSED | N39: CLOSED | O39: CLOSED | Q39: =+I39 -> 2774.1613 | R39: =+J39 -> 41409.432
A40: 42500 | B40: 42500 | C40: -1.5 | D40: 0.41875 | E40: CLOSED | F40: CLOSED | G40: CLOSED | I40: 2903.3889 | J40: 43550.834 | K40: 15 | M40: CLOSED | N40: CLOSED | O40: CLOSED | Q40: =+I40 -> 2903.3889 | R40: =+J40 -> 43550.834
A41: 42501 | B41: 42501 | C41: -0.9 | D41: 0.45486111 | E41: CLOSED | F41: CLOSED | G41: CLOSED | I41: 1937.3378 | J41: 28948.726 | K41: 14.942529 | M41: CLOSED | N41: CLOSED | O41: CLOSED | Q41: =+I41 -> 1937.3378 | R41: =+J41 -> 28948.726
A42: 42502 | B42: 42502 | C42: -0.3 | D42: 0.49236111 | E42: CLOSED | F42: CLOSED | G42: CLOSED | I42: 1478.1279 | J42: 22171.919 | K42: 15 | M42: CLOSED | N42: CLOSED | O42: CLOSED | Q42: =+I42 -> 1478.1279 | R42: =+J42 -> 22171.919
A43: Tide Series Totals | I43: =SUM(I39:I42) -> 9093.016 | J43: =SUM(J39:J42) -> 136080.91 | K43: =+J43/I43 -> 14.965432 | Q43: =SUM(Q39:Q42) -> 9093.016 | R43: =SUM(R39:R42) -> 136080.91
A44: 42510 | B44: 42510 | C44: -0.3 | D44: 0.27569444 | E44: 1165.8786 | F44: 17426.816 | G44: 14.947368 | I44: 1067.4764 | J44: 16012.145 | K44: 15 | M44: CLOSED | N44: CLOSED | O44: CLOSED | Q44: =+E44+I44 -> 2233.3549 | R44: =+F44+J44 -> 33438.962
A45: 42511 | B45: 42511 | C45: -0.6 | D45: 0.3 | E45: 3063.2659 | F45: 45948.988 | G45: 15 | I45: 2802.2746 | J45: 42137.907 | K45: 15.037037 | M45: CLOSED | N45: CLOSED | O45: CLOSED | Q45: =+E45+I45 -> 5865.5405 | R45: =+F45+J45 -> 88086.896
A46: 42512 | B46: 42512 | C46: -0.8 | D46: 0.32430556 | E46: CLOSED | F46: CLOSED | G46: CLOSED | I46: 3576.7251 | J46: 53650.876 | K46: 15 | M46: CLOSED | N46: CLOSED | O46: CLOSED | Q46: =+I46 -> 3576.7251 | R46: =+J46 -> 53650.876
A47: Tide Series Totals | E47: =SUM(E44:E46) -> 4229.1444 | F47: =SUM(F44:F46) -> 63375.805 | G47: =+F47/E47 -> 14.985491 | I47: =SUM(I44:I46) -> 7446.4761 | J47: =SUM(J44:J46) -> 111800.93 | K47: =+J47/I47 -> 15.013938 | Q47: =SUM(Q44:Q46) -> 11675.621 | R47: =SUM(R44:R46) -> 175176.73
A48: SEASON SUBTOTALS: | E48: =+E7+E10+E12+E16+E25+E34+E38+E47 -> 69536.101 | F48: =+F7+F10+F12+F16+F25+F34+F38+F47 -> 952020.26 | G48: =+F48/E48 -> 13.691022 | I48: =+I7+I10+I12+I16+I21+I25+I29+I34+I38+I43+I47 -> 70747.281 | J48: =+J7+J10+J12+J16+J21+J25+J29+J34+J38+J43+J47 -> 965623 | K48: =+J48/I48 -> 13.648906 | M48: =+M7+M10+M12 -> 0 | N48: =+N7+N10+N12 -> 0 | Q48: =+Q7+Q10+Q12+Q16+Q21+Q25+Q29+Q34+Q38+Q43+Q47 -> 140283.38 | R48: =+R7+R10+R12+R16+R21+R25+R29+R34+R38+R43+R47 -> 1917643.3
A49: WASTAGE | F49: =+Harvest!J122 -> 31157.027 | J49: =+Harvest!L122 -> 27208.162 | R49: =+F49+J49+N49 -> 58365.188
A50: SEASON TOTALS: | E50: =+E48 -> 69536.101 | F50: =SUM(F48:F49) -> 983177.29 | G50: =+G48 -> 13.691022 | I50: =+I48 -> 70747.281 | J50: =SUM(J48:J49) -> 992831.16 | K50: =+K48 -> 13.648906 | M50: =+M48 -> 0 | N50: =+N48 -> 0 | Q50: =+Q48 -> 140283.38 | R50: =SUM(R48:R49) -> 1976008.4
A51: % of TAC Harvested: | F51: =+Harvest!J125 -> 0.89805841 | J51: =+Harvest!L125 -> 0.58571553 | N51: =+Harvest!N125 -> 0

Sheet TAC
A1: NON-TRIBAL TOTAL ALLOWABLE CATCH (TAC)
B3: 2015 - 2016 | C3: 2014 - 2015 | D3: 2013 - 2014 | E3: 2012 - 2013 | F3: 2011 - 2012 | G3: 2010 - 2011
A4: LONG BEACH | B4: 4768605 | C4: 3885491.5 | D4: 2881223.3 | E4: 1847952.1 | F4: 1094641.4 | G4: 1276247.7
A5: TWIN HARBORS | B5: 1198600 | C5: 2662860.8 | D5: =5744410.73323314*0.4 -> 2297764.3 | E5: 1881783.2 | F5: 616314.31 | G5: 845427.67
A6: COPALIS | B6: 1094781 | C6: 889827.43 | D6: =(2615522*0.5)-(161153)+250000 -> 1396608 | E6: 1072689.6 | F6: 371373.04 | G6: 683167.41
A7: MOCROCKS | B7: 1695074 | C7: 2240308.7 | D7: 2088668.5 | E7: 909667.35 | F7: 605830.7 | G7: 545586.69
A8: KALALOCH | B8: 63740 | C8: 125735.13 | D8: =1033285.9456848*0.254*0.5 -> 131227.32 | E8: 113543.21 | F8: 144560.51 | G8: 258924.12
A9: COASTWIDE TAC | B9: =SUM(B4:B8) -> 8820800 | C9: =SUM(C4:C8) -> 9804223.7 | D9: =SUM(D4:D8) -> 8795491.4 | E9: =SUM(E4:E8) -> 5825635.5 | F9: =SUM(F4:F8) -> 2832720 | G9: =SUM(G4:G8) -> 3609353.6

Sheet TH Wastage
D100: =SUM(D2:D99) -> 0 | E100: =SUM(E2:E99) -> 0 | F100: =+D100/E100 -> #DIV/0!

Sheet LB Wastage
A1: EventID | B1: BeachName | C1: Date | D1: LocationID | E1: NHoles | F1: NClams | G1: NMorts
A2: 1295 | B2: LongBeach | C2: 42466 | D2: 12600 | E2: 100 | F2: 2 | G2: 2
A3: 1296 | B3: LongBeach | C3: 42467 | D3: 12600 | E3: 50 | F3: 4 | G3: 4
A4: 1296 | B4: LongBeach | C4: 42467 | D4: 12500 | E4: 50 | F4: 1 | G4: 1
A5: 1296 | B5: LongBeach | C5: 42467 | D5: 12400 | E5: 50 | F5: 0 | G5: 0
A6: 1297 | B6: LongBeach | C6: 42468 | D6: 12400 | E6: 50 | F6: 0 | G6: 0
A7: 1297 | B7: LongBeach | C7: 42468 | D7: 12500 | E7: 50 | F7: 2 | G7: 2
A8: 1299 | B8: LongBeach | C8: 42471 | D8: 12600 | E8: 50 | F8: 2 | G8: 2
A9: 1299 | B9: LongBeach | C9: 42471 | D9: 12500 | E9: 50 | F9: 2 | G9: 2
E100: =SUM(E2:E99) -> 450 | F100: =SUM(F2:F99) -> 13 | G100: =SUM(G2:G99) -> 13 | H100: =+G100/E100 -> 0.028888889

Sheet Cop Wastage
A1: EventID | B1: BeachName | C1: Date | D1: LocationID | E1: NHoles | F1: NClams | G1: NMorts | M1: EventID | N1: BeachName | O1: Date | P1: LocationID | Q1: NHoles | R1: NClams | S1: NMorts
A2: 1272 | B2: Copalis | C2: 42447 | D2: 31005 | E2: 100 | F2: 2 | G2: 2 | M2: 1272 | N2: Copalis | O2: 42447 | P2: 31005 | Q2: 100 | R2: 2 | S2: 2
A3: 1272 | B3: Copalis | C3: 42447 | D3: 32007 | E3: 100 | F3: 1 | G3: 1 | M3: 1272 | N3: Copalis | O3: 42447 | P3: 32007 | Q3: 100 | R3: 1 | S3: 1
A4: 1272 | B4: Copalis | C4: 42447 | D4: 33012 | E4: 100 | F4: 3 | G4: 2 | M4: 1272 | N4: Copalis | O4: 42447 | P4: 33012 | Q4: 100 | R4: 3 | S4: 2
A5: 1290 | B5: Copalis | C5: 42468 | D5: 31005 | E5: 100 | F5: 14 | G5: 14 | M5: 1290 | N5: Copalis | O5: 42468 | P5: 31005 | Q5: 100 | R5: 14 | S5: 14
A6: 1290 | B6: Copalis | C6: 42468 | D6: 32007 | E6: 100 | F6: 0 | G6: 0 | M6: 1290 | N6: Copalis | O6: 42468 | P6: 32007 | Q6: 100 | R6: 0 | S6: 0
A7: 1290 | B7: Copalis | C7: 42468 | D7: 31002 | E7: 100 | F7: 1 | G7: 1 | M7: 1290 | N7: Copalis | O7: 42468 | P7: 31002 | Q7: 100 | R7: 1 | S7: 1
A8: 1291 | B8: Copalis | C8: 42469 | D8: 33012 | E8: 100 | F8: 2 | G8: 2 | M8: 1291 | N8: Copalis | O8: 42469 | P8: 33012 | Q8: 100 | R8: 2 | S8: 2
A9: 1291 | B9: Copalis | C9: 42469 | D9: 32009 | E9: 100 | F9: 6 | G9: 5 | M9: 1291 | N9: Copalis | O9: 42469 | P9: 32009 | Q9: 100 | R9: 6 | S9: 5
A10: 1309 | B10: Copalis | C10: 42485 | D10: 31005 | E10: 100 | F10: 1 | G10: 1 | Q10: =SUM(Q2:Q9) -> 800 | S10: =SUM(S2:S9) -> 27 | T10: =+S10/Q10 -> 0.03375
A11: 1309 | B11: Copalis | C11: 42485 | D11: 33012 | E11: 100 | F11: 3 | G11: 3
A12: 1324 | B12: Copalis | C12: 42511 | D12: 33012 | E12: 100 | F12: 5 | G12: 5
E100: =SUM(E2:E99) -> 1100 | F100: =SUM(F2:F99) -> 38 | G100: =SUM(G2:G99) -> 36 | H100: =+G100/E100 -> 0.032727273

Sheet Moc Wastage
A1: EventID | B1: BeachName | C1: Date | D1: LocationID | E1: NHoles | F1: NClams | G1: NMorts
A2: 1287 | B2: Mocrocks | C2: 42468 | D2: 42600 | E2: 100 | F2: 2 | G2: 2
A3: 1287 | B3: Mocrocks | C3: 42468 | D3: 41400 | E3: 100 | F3: 4 | G3: 4
A4: 1288 | B4: Mocrocks | C4: 42470 | D4: 41300 | E4: 100 | F4: 2 | G4: 2
A5: 1288 | B5: Mocrocks | C5: 42470 | D5: 41400 | E5: 100 | F5: 4 | G5: 4
A6: 1288 | B6: Mocrocks | C6: 42470 | D6: 42500 | E6: 100 | F6: 2 | G6: 2
A7: 1288 | B7: Mocrocks | C7: 42470 | D7: 42600 | E7: 100 | F7: 1 | G7: 1
A8: 1305 | B8: Mocrocks | C8: 42483 | D8: 41400 | E8: 100 | F8: 2 | G8: 2
A9: 1311 | B9: Mocrocks | C9: 42485 | D9: 42500 | E9: 100 | F9: 3 | G9: 3
A10: 1314 | B10: Mocrocks | C10: 42499 | D10: 41400 | E10: 100 | F10: 3 | G10: 3
A11: 1314 | B11: Mocrocks | C11: 42499 | D11: 42600 | E11: 100 | F11: 2 | G11: 2
A12: 1314 | B12: Mocrocks | C12: 42499 | D12: 42500 | E12: 100 | F12: 4 | G12: 4
A13: 1315 | B13: Mocrocks | C13: 42500 | D13: 42600 | E13: 110 | F13: 2 | G13: 2
... A19: 1325 | B19: Mocrocks | C19: 42512 | D19: 41300 | E19: 100 | F19: 5 | G19: 5
E100: =SUM(E2:E99) -> 1810 | F100: =SUM(F2:F99) -> 51 | G100: =SUM(G2:G99) -> 51 | H100: =+G100/E100 -> 0.028176796
