Workbook

Sheet Harvest
A1: Date | B1: Day | C1: Tide | D1: Time | E1: Longbeach | G1: Twin Harbors | I1: Copalis | K1: Mocrocks | M1: Kalaloch | O1: Daily Totals
A2: 42657 | B2: 42657 | C2: 0.2 | D2: 0.74652778 | F2: Closed | G2: + | H2: 0 | I2: + | J2: 0 | K2: + | L2: 0 | N2: Closed | O2: =+H2+J2+L2 -> 0 | Q2: =SUM(O2:O7) -> 38959.263
A3: 42658 | B3: 42658 | C3: -0.6 | D3: 0.77916667 | F3: Closed | G3: + | H3: 0 | I3: + | J3: 0 | K3: + | L3: 0 | N3: Closed | O3: =+H3+J3+L3 -> 0
A4: 42659 | B4: 42659 | C4: -1.1 | D4: 0.81111111 | F4: Closed | H4: 5239.273 | J4: 3931.0174 | L4: 3976.3841 | N4: Closed | O4: =+H4+J4+L4 -> 13146.675
A5: 42660 | B5: 42660 | C5: -1.4 | D5: 0.84444444 | F5: Closed | H5: 14382.965 | J5: Closed | L5: Closed | N5: Closed | O5: =+H5 -> 14382.965
A6: 42661 | B6: 42661 | C6: -1.4 | D6: 0.87777778 | F6: Closed | H6: 9038.1747 | J6: Closed | L6: Closed | N6: Closed | O6: =+H6 -> 9038.1747
A7: 42662 | B7: 42662 | C7: -1.1 | D7: 0.91319444 | F7: Closed | H7: 2391.4485 | J7: Closed | L7: Closed | N7: Closed | O7: =+H7 -> 2391.4485
A9: 42691 | B9: 42691 | C9: -1.3 | D9: 0.85902778 | F9: Closed | H9: 10852.816 | J9: 10315.008 | L9: 7736.059 | N9: Closed | O9: =+H9+J9+L9 -> 28903.883
A10: 42692 | B10: 42692 | C10: -0.8 | D10: 0.89444444 | F10: Closed | H10: 12110.146 | J10: 10774.46 | L10: 6406.8845 | N10: Closed | O10: =+H10+J10+L10 -> 29291.491
A11: 42693 | B11: 42693 | C11: -0.1 | D11: 0.93194444 | F11: Closed | H11: 252.86589 | J11: 261.92821 | L11: 159.50036 | N11: Closed | O11: =+H11+J11+L11 -> 674.29446
A13: 42700 | B13: 42700 | C13: 0.5 | D13: 0.69930556 | F13: Closed | H13: 34508.144 | J13: Closed | L13: Closed | N13: Closed | O13: =+H13 -> 34508.144
A14: 42701 | B14: 42701 | C14: 0.2 | D14: 0.725 | F14: Closed | H14: 3289.6565 | J14: Closed | L14: Closed | N14: Closed | O14: =+H14 -> 3289.6565
A15: 42702 | B15: 42702 | C15: -0.1 | D15: 0.74930556 | F15: Closed | G15: * | H15: 3300 | J15: Closed | L15: Closed | N15: Closed | O15: =+H15 -> 3300
A17: 42714 | B17: 42714 | C17: 0.5 | D17: 0.64444444 | F17: Closed | H17: Closed | J17: 16813.56 | L17: 22186.181 | N17: Closed | O17: =+J17+L17 -> 38999.741
A18: 42715 | B18: 42715 | C18: -0.5 | D18: 0.68125 | F18: Closed | H18: Closed | J18: 14427.834 | L18: 13865.988 | N18: Closed | O18: =+J18+L18 -> 28293.822
A20: 42734 | B20: 42734 | C20: -0.4 | D20: 0.80694444 | F20: Closed | H20: Closed | J20: 33206.837 | L20: 19052.495 | N20: Closed | O20: =+J20+L20 -> 52259.332
A21: 42735 | B21: 42735 | C21: -0.4 | D21: 0.83125 | F21: Closed | H21: Closed | J21: 16361.611 | L21: 7057.4573 | N21: Closed | O21: =+J21+L21 -> 23419.068
A23: 42743 | B23: 42743 | C23: 0.4 | D23: 0.63263889 | F23: Closed | H23: Closed | J23: Closed | L23: Closed | N23: 55.977518 | O23: =+N23 -> 55.977518
A24: 42744 | B24: 42744 | C24: -0.4 | D24: 0.67222222 | F24: Closed | H24: Closed | J24: Closed | L24: Closed | N24: 1354.0909 | O24: =+N24 -> 1354.0909
A26: 42748 | B26: 42748 | C26: -1.4 | D26: 0.80347222 | F26: Closed | H26: Closed | J26: 19953.336 | L26: 7541.2774 | N26: Closed | O26: =+J26+L26 -> 27494.613
A27: 42749 | B27: 42749 | C27: -1 | D27: 0.83263889 | F27: Closed | H27: Closed | J27: 29519.205 | L27: 11707.679 | N27: Closed | O27: =+J27+L27 -> 41226.884
A28: 42750 | B28: 42750 | C28: -0.4 | D28: 0.86111111 | F28: Closed | H28: Closed | J28: 10379.858 | L28: 6457.2727 | N28: Closed | O28: =+J28+L28 -> 16837.131
A30: 42762 | B30: =+A30 -> 42762 | C30: -0.5 | D30: 0.76805556 | F30: Closed | H30: Closed | J30: 41084.52 | L30: Closed | N30: Closed | O30: =+J30 -> 41084.52
A31: 42763 | B31: =+A31 -> 42763 | C31: -0.6 | D31: 0.79236111 | F31: Closed | H31: Closed | J31: 60122.957 | L31: Closed | N31: Closed | O31: =+J31 -> 60122.957
A32: 42764 | B32: =+A32 -> 42764 | C32: -0.5 | D32: 0.81736111 | F32: Closed | H32: Closed | J32: 7517.0823 | L32: 7038.8012 | N32: Closed | O32: =+J32+L32 -> 14555.883
A33: 42765 | B33: =+A33 -> 42765 | C33: -0.3 | D33: 0.84236111 | F33: Closed | H33: Closed | J33: 6733.1876 | L33: 3902.1458 | N33: Closed | O33: =+J33+L33 -> 10635.333
A34: 42766 | B34: =+A34 -> 42766 | C34: 0.2 | D34: 0.86805556 | F34: Closed | H34: Closed | J34: 3819.7609 | L34: 1201.5436 | N34: Closed | O34: =+J34+L34 -> 5021.3045
A36: 42773 | B36: =+A36 -> 42773 | C36: -0.1 | D36: 0.66180556 | F36: Closed | H36: 10833.886 | J36: 11402.082 | L36: 7811.4949 | N36: Closed | O36: =+H36+J36+L36 -> 30047.463
A37: 42774 | B37: =+A37 -> 42774 | C37: -0.6 | D37: 0.69861111 | F37: Closed | H37: 8621.2794 | J37: 7546.1728 | L37: 6552.5503 | N37: Closed | O37: =+H37+J37+L37 -> 22720.002
A38: 42775 | B38: =+A38 -> 42775 | C38: -0.9 | D38: 0.73125 | F38: Closed | H38: 5333.4717 | J38: 4994.2372 | L38: 978.87929 | N38: Closed | O38: =+H38+J38+L38 -> 11306.588
A39: 42776 | B39: =+A39 -> 42776 | C39: -1 | D39: 0.76111111 | F39: Closed | H39: 13987.284 | J39: Closed | L39: 11802.752 | N39: Closed | O39: =+H39+L39 -> 25790.036
A40: 42777 | B40: =+A40 -> 42777 | C40: -0.8 | D40: 0.78958333 | F40: Closed | H40: 45902.945 | J40: Closed | L40: 49446.36 | N40: Closed | O40: =+H40+L40 -> 95349.305
A41: 42778 | B41: =+A41 -> 42778 | C41: -0.5 | D41: 0.81527778 | F41: Closed | H41: 18791.496 | J41: Closed | L41: 6302.3529 | N41: Closed | O41: =+H41+L41 -> 25093.849
A43: 42789 | B43: =+A43 -> 42789 | C43: 0.3 | D43: 0.69583333 | F43: Closed | H43: 30768.198 | J43: Closed | L43: Closed | N43: Closed | O43: =+H43 -> 30768.198
A44: 42790 | B44: =+A44 -> 42790 | C44: -0.1 | D44: 0.72291667 | F44: Closed | H44: 30879.446 | J44: 36368.681 | L44: 21031.351 | N44: Closed | O44: =+H44+J44+L44 -> 88279.478
A45: 42791 | B45: =+A45 -> 42791 | C45: -0.3 | D45: 0.74861111 | F45: Closed | H45: 70266.78 | J45: 108102.1 | L45: 66871.304 | N45: Closed | O45: =+H45+J45+L45 -> 245240.19
A46: 42792 | B46: =+A46 -> 42792 | C46: -0.4 | D46: 0.77361111 | F46: Closed | H46: 23539.1 | J46: 18158.717 | L46: 10016.961 | N46: Closed | O46: =+H46+J46+L46 -> 51714.778
A47: 42793 | B47: =+A47 -> 42793 | C47: -0.3 | D47: 0.79930556 | F47: Closed | H47: 4876.5299 | J47: Closed | L47: Closed | N47: Closed | O47: =+H47 -> 4876.5299
A48: 42794 | B48: =+A48 -> 42794 | C48: 0 | D48: 0.825 | F48: Closed | H48: 5388.9177 | J48: Closed | L48: Closed | N48: Closed | O48: =+H48 -> 5388.9177
A50: 42801 | B50: =+A50 -> 42801 | C50: 0.5 | D50: 0.60625 | F50: Closed | H50: 5883.692 | J50: Closed | L50: Closed | N50: Closed | O50: =+H50 -> 5883.692
A51: 42802 | B51: =+A51 -> 42802 | C51: 0.1 | D51: 0.64930556 | F51: Closed | H51: 12598.636 | J51: Closed | L51: Closed | N51: Closed | O51: =+H51 -> 12598.636
A52: 42803 | B52: =+A52 -> 42803 | C52: -0.1 | D52: 0.68611111 | F52: Closed | H52: 7764.6109 | J52: Closed | L52: 7426.9137 | N52: Closed | O52: =+H52+L52 -> 15191.525
A53: 42804 | B53: =+A53 -> 42804 | C53: -0.3 | D53: 0.71736111 | F53: Closed | H53: 44464.52 | J53: 36252.19 | L53: Closed | N53: Closed | O53: =+H53+J53 -> 80716.71
A54: 42805 | B54: =+A54 -> 42805 | C54: -0.3 | D54: 0.74583333 | F54: Closed | H54: 42966.084 | J54: Closed | L54: 17676.781 | N54: Closed | O54: =+H54+L54 -> 60642.865
A55: 42806 | B55: =+A55 -> 42806 | C55: -0.1 | D55: 0.81319444 | F55: Closed | H55: 23389.708 | J55: 20615.606 | L55: Closed | N55: Closed | O55: =+H55+J55 -> 44005.314
A56: 42807 | B56: =+A56 -> 42807 | C56: 0.3 | D56: 0.8375 | F56: Closed | H56: 6956.9335 | J56: Closed | L56: Closed | N56: Closed | O56: =+H56 -> 6956.9335
A58: 42818 | B58: =+A58 -> 42818 | C58: 0.5 | D58: 0.70902778 | F58: Closed | H58: Closed | J58: Closed | L58: 840.96277 | N58: Closed | O58: =+L58 -> 840.96277
A59: 42819 | B59: =+A59 -> 42819 | C59: 0.2 | D59: 0.73888889 | F59: Closed | H59: Closed | J59: 81823.469 | L59: Closed | N59: Closed | O59: =+J59 -> 81823.469
A60: 42820 | B60: =+A60 -> 42820 | C60: 0 | D60: 0.76666667 | F60: Closed | H60: Closed | J60: Closed | L60: 8567.5415 | N60: Closed | O60: =+L60 -> 8567.5415
A62: 42824 | B62: =+A62 -> 42824 | C62: -0.6 | D62: 0.37361111 | F62: Closed | H62: Closed | J62: Closed | L62: 11500.759 | N62: Closed | O62: =+L62 -> 11500.759
A63: 42825 | B63: =+A63 -> 42825 | C63: -0.6 | D63: 0.40763889 | F63: Closed | H63: Closed | J63: 55801.702 | L63: Closed | N63: Closed | O63: =+J63 -> 55801.702
A64: 42826 | B64: =+A64 -> 42826 | C64: -0.5 | D64: 0.44444444 | F64: Closed | H64: Closed | J64: Closed | L64: 98845.707 | N64: Closed | O64: =+L64 -> 98845.707
A65: 42827 | B65: =+A65 -> 42827 | C65: -0.1 | D65: 0.48541667 | F65: Closed | H65: Closed | J65: 66125.821 | L65: Closed | N65: Closed | O65: =+J65 -> 66125.821
A67: 42830 | B67: =+A67 -> 42830 | C67: 0.5 | D67: 0.62916667 | F67: Closed | H67: 7287.7015 | J67: Closed | L67: Closed | N67: Closed | O67: =+H67 -> 7287.7015
A68: 42831 | B68: =+A68 -> 42831 | C68: 0.4 | D68: 0.67222222 | F68: Closed | H68: 10239.399 | J68: Closed | L68: Closed | N68: Closed | O68: =+H68 -> 10239.399
A69: 42832 | B69: =+A69 -> 42832 | C69: 0.4 | D69: 0.70902778 | F69: Closed | H69: 0 | J69: Closed | L69: Closed | N69: Closed | O69: =+H69 -> 0
A70: 42833 | B70: =+A70 -> 42833 | C70: 0.4 | D70: 0.74027778 | F70: Closed | H70: 17054.892 | J70: Closed | L70: Closed | N70: Closed | O70: =+H70 -> 17054.892
A71: 42834 | B71: =+A71 -> 42834 | C71: 0.5 | D71: 0.26736111 | F71: Closed | H71: 4798.5759 | J71: Closed | L71: Closed | N71: Closed | O71: =+H71 -> 4798.5759
A73: 42837 | B73: 42837 | C73: 0 | D73: 0.33888889 | F73: 6549.0748 | H73: 3447.8283 | J73: Closed | L73: Closed | N73: Closed | O73: =+F73+H73 -> 9996.9031
A74: 42838 | B74: 42838 | C74: 0 | D74: 0.36319444 | F74: 13606.796 | H74: 10437.437 | J74: 8083.6693 | L74: Closed | N74: Closed | O74: =+F74+H74+J74 -> 32127.902
A75: 42839 | B75: 42839 | C75: 0.1 | D75: 0.3875 | F75: 25828.659 | H75: 16543.31 | J75: Closed | L75: 21229.561 | N75: Closed | O75: =+F75+H75+L75 -> 63601.53
A76: 42840 | B76: 42840 | C76: 0.3 | D76: 0.41319444 | F76: 116077.14 | H76: 31117.95 | J76: 45358.708 | L76: Closed | N76: Closed | O76: =+F76+H76+J76 -> 192553.8
A77: 42841 | B77: 42841 | C77: 0.5 | D77: 0.44166667 | E77: * | F77: 98665.571 | H77: 35829.367 | J77: Closed | L77: 42244.052 | N77: Closed | O77: =+F77+H77+L77 -> 176738.99
A79: 42851 | B79: =+A79 -> 42851 | C79: -1.1 | D79: 0.29791667 | F79: 48489.359 | H79: 12108.537 | J79: Closed | L79: Closed | N79: Closed | O79: =+F79+H79 -> 60597.896
A80: 42852 | B80: =+A80 -> 42852 | C80: -1.5 | D80: 0.32986111 | F80: 169649.85 | H80: 21096.142 | J80: Closed | L80: 41270.553 | N80: Closed | O80: =+F80+H80+L80 -> 232016.54
A81: 42853 | B81: =+A81 -> 42853 | C81: -1.8 | D81: 0.3625 | F81: 285761.24 | H81: 30389.206 | J81: 85279.364 | L81: Closed | N81: Closed | O81: =+F81+H81+J81 -> 401429.81
A82: 42854 | B82: =+A82 -> 42854 | C82: -1.7 | D82: 0.39722222 | F82: 352438.38 | H82: 64236.307 | J82: Closed | L82: 137921.58 | N82: Closed | O82: =+F82+H82+L82 -> 554596.27
A83: 42855 | B83: =+A83 -> 42855 | C83: -1.3 | D83: 0.43333333 | F83: 275547.35 | G83: * | H83: =+Effort!H83*CPUE!H83 -> 60920.7 | J83: 169058.49 | L83: Closed | N83: Closed | O83: =+F83+H83+J83 -> 505526.54
A84: 42856 | B84: =+A84 -> 42856 | C84: -0.8 | D84: 0.47222222 | F84: =+Effort!F84*CPUE!F84 -> 162500 | H84: Closed | J84: Closed | L84: Closed | N84: Closed | O84: =+F84 -> 162500
A86: 42868 | B86: 42868 | C86: -0.6 | D86: 0.37083333 | F86: Closed | H86: Closed | J86: Closed | N86: Closed
A87: 42869 | B87: 42869 | C87: -0.4 | D87: 0.39583333 | F87: Closed | H87: Closed | J87: Closed | N87: Closed
A96: FALL 2014 - SPRING 2015 SEASON TOTALS: | F96: =SUM(F2:F94) -> 1555113.4 | H96: =SUM(H2:H94) -> 834086.36 | J96: =SUM(J2:J94) -> 1040193.2 | L96: =SUM(L2:L94) -> 686628.09 | N96: =SUM(N3:N53) -> 1410.0684 | O96: =SUM(O2:O94) -> 4117431.1
A97: ESTIMATED WASTAGE RATE: | F97: =+'LB Wastage'!H100 -> 0.03 | H97: =+'TH Wastage'!H40 -> 0.04 | J97: =+'Cop Wastage'!H40 -> 0.05227656 | L97: =+'Moc Wastage'!H40 -> 0.028333333
A98: ESTIMATED TOTAL WASTAGE: | F98: =+F96*F97 -> 46653.403 | H98: =+H96*H97 -> 33363.454 | J98: =+J96*J97 -> 54377.721 | L98: =+L96*L97 -> 19454.462 | O98: =F98+H98+J98+L98+N98 -> 153849.04
A99: SEASON TOTAL INCLUDING WASTAGE: | F99: =F96+F98 -> 1601766.8 | H99: =H96+H98 -> 867449.82 | J99: =J96+J98 -> 1094570.9 | L99: =L96+L98 -> 706082.55 | N99: =N96+N98 -> 1410.0684 | O99: =O96+O98 -> 4271280.2
A100: Fall 2016 / Spring 2017 Harvest Rate (clams/day):
A101: % of TAC Harvested: | F101: =F99/TAC!B4 -> 0.32718341 | H101: =H99/TAC!B5 -> 0.45736354 | J101: =+J99/TAC!B6 -> 1.2430234 | L101: =L99/TAC!B7 -> 0.74962111 | N101: =N99/TAC!B8 -> 0.0019425421 | O101: =O99/TAC!B9 -> 0.4572795
A102: clams left in TAC : | F102: =+TAC!B4-Harvest!F99 -> 3293856.8 | H102: =TAC!B5-Harvest!H99 -> 1029181.1 | J102: =+TAC!B6-Harvest!J99 -> -213999.45 | L102: =TAC!B7-L99 -> 235836.69 | N102: =TAC!B8-N99 -> 724478.14 | O102: =TAC!B9-Harvest!O99 -> 5069353.2
A104: *- estimate based on comparison of other beaches. + - no harvest due to very heavy surf and storm warnings.
A105: ** - No beach count. Used data from another day with similar conditions to estimate count.

Sheet Effort
A1: Date | B1: Day | C1: Tide | D1: Time | E1: Longbeach | G1: Twin Harbors | I1: Copalis | K1: Mocrocks | M1: Kalaloch | O1: Daily Totals
A2: 42657 | B2: 42657 | C2: 0.2 | D2: 0.74652778 | F2: Closed | G2: + | H2: 0 | I2: + | J2: 0 | K2: + | L2: 0 | N2: Closed
A3: 42658 | B3: 42658 | C3: -0.6 | D3: 0.77916667 | F3: Closed | G3: + | H3: 0 | I3: + | J3: 0 | K3: + | L3: 0 | N3: Closed
A4: 42659 | B4: 42659 | C4: -1.1 | D4: 0.81111111 | F4: Closed | H4: 554.15388 | J4: 307.45388 | L4: 296.48478 | N4: Closed | O4: =+H4+J4+L4 -> 1158.0925
A5: 42660 | B5: 42660 | C5: -1.4 | D5: 0.84444444 | F5: Closed | H5: 1012.021 | J5: Closed | L5: Closed | N5: Closed | O5: =+H5 -> 1012.021
A6: 42661 | B6: 42661 | C6: -1.4 | D6: 0.87777778 | F6: Closed | H6: 677.8631 | J6: Closed | L6: Closed | N6: Closed | O6: =+H6 -> 677.8631
A7: 42662 | B7: 42662 | C7: -1.1 | D7: 0.91319444 | F7: Closed | H7: 159.4299 | J7: Closed | L7: Closed | N7: Closed | O7: =+H7 -> 159.4299 | Q7: =SUM(O4:O7) -> 3007.4065
A9: 42691 | B9: 42691 | C9: -1.3 | D9: 0.85902778 | F9: Closed | H9: 809.65455 | J9: 698.17739 | L9: 546.07475 | N9: Closed | O9: =+H9+J9+L9 -> 2053.9067
A10: 42692 | B10: 42692 | C10: -0.8 | D10: 0.89444444 | F10: Closed | H10: 895.90365 | J10: 908.09801 | L10: 842.59275 | N10: Closed | O10: =+H10+J10+L10 -> 2646.5944
A11: 42693 | B11: 42693 | C11: -0.1 | D11: 0.93194444 | F11: Closed | H11: 416.48499 | J11: 654.82053 | L11: 595.46802 | N11: Closed | O11: =+H11+J11+L11 -> 1666.7735
A13: 42700 | B13: 42700 | C13: 0.5 | D13: 0.69930556 | F13: Closed | H13: 4386.0819 | J13: Closed | L13: Closed | N13: Closed | O13: =+H13 -> 4386.0819
A14: 42701 | B14: 42701 | C14: 0.2 | D14: 0.725 | F14: Closed | H14: 455.99199 | J14: Closed | L14: Closed | N14: Closed | O14: =+H14 -> 455.99199
A15: 42702 | B15: 42702 | C15: -0.1 | D15: 0.74930556 | F15: Closed | G15: * | H15: 460 | J15: Closed | L15: Closed | N15: Closed | O15: =+H15 -> 460 | Q15: =SUM(O9:O15) -> 11669.349
A17: 42714 | B17: 42714 | C17: 0.5 | D17: 0.64444444 | F17: Closed | H17: Closed | J17: 1730.2545 | L17: 1897.7294 | N17: Closed | O17: =+J17+L17 -> 3627.9838
A18: 42715 | B18: 42715 | C18: -0.5 | D18: 0.68125 | F18: Closed | H18: Closed | J18: 961.85558 | L18: 924.39921 | N18: Closed | O18: =+J18+L18 -> 1886.2548
A20: 42734 | B20: 42734 | C20: -0.4 | D20: 0.80694444 | F20: Closed | H20: Closed | J20: 2584.6269 | L20: 1621.0631 | N20: Closed | O20: =+J20+L20 -> 4205.69
A21: 42735 | B21: 42735 | C21: -0.4 | D21: 0.83125 | F21: Closed | H21: Closed | J21: 1417.8172 | L21: 849.15931 | N21: Closed | O21: =+J21+L21 -> 2266.9765 | Q21: =SUM(O17:O21) -> 11986.905
A23: 42743 | B23: 42743 | C23: 0.4 | D23: 0.63263889 | F23: Closed | H23: Closed | J23: Closed | L23: Closed | N23: 424.70811 | O23: =+N23 -> 424.70811
A24: 42744 | B24: 42744 | C24: -0.4 | D24: 0.67222222 | F24: Closed | H24: Closed | J24: Closed | L24: Closed | N24: 212.72727 | O24: =+N24 -> 212.72727
A26: 42748 | B26: 42748 | C26: -1.4 | D26: 0.80347222 | F26: Closed | H26: Closed | J26: 1360.4547 | L26: 528.84133 | N26: Closed | O26: =+J26+L26 -> 1889.296
A27: 42749 | B27: 42749 | C27: -1 | D27: 0.83263889 | F27: Closed | H27: Closed | J27: 2076.159 | L27: 1249.2064 | N27: Closed | O27: =+J27+L27 -> 3325.3654
A28: 42750 | B28: 42750 | C28: -0.4 | D28: 0.86111111 | F28: Closed | H28: Closed | J28: 827.08032 | L28: 789.73839 | N28: Closed | O28: =+J28+L28 -> 1616.8187
A30: 42762 | B30: =+A30 -> 42762 | C30: -0.5 | D30: 0.76805556 | F30: Closed | H30: Closed | J30: 3378.4057 | L30: Closed | N30: Closed | O30: =+J30 -> 3378.4057
A31: 42763 | B31: =+A31 -> 42763 | C31: -0.6 | D31: 0.79236111 | F31: Closed | H31: Closed | J31: 5779.776 | L31: Closed | N31: Closed | O31: =+J31 -> 5779.776
A32: 42764 | B32: =+A32 -> 42764 | C32: -0.5 | D32: 0.81736111 | F32: Closed | H32: Closed | J32: 528.97987 | L32: 476.5855 | N32: Closed | O32: =+J32+L32 -> 1005.5654
A33: 42765 | B33: =+A33 -> 42765 | C33: -0.3 | D33: 0.84236111 | F33: Closed | H33: Closed | J33: 448.87918 | L33: 271.73718 | N33: Closed | O33: =+J33+L33 -> 720.61635
A34: 42766 | B34: =+A34 -> 42766 | C34: 0.2 | D34: 0.86805556 | F34: Closed | H34: Closed | J34: 254.65073 | L34: 80.102905 | N34: Closed | O34: =+J34+L34 -> 334.75363 | Q34: =SUM(O23:O34) -> 18688.033
A36: 42773 | B36: =+A36 -> 42773 | C36: -0.1 | D36: 0.66180556 | F36: Closed | H36: 734.50074 | J36: 760.1388 | L36: 537.04028 | N36: Closed | O36: =+H36+J36+L36 -> 2031.6798
A37: 42774 | B37: =+A37 -> 42774 | C37: -0.6 | D37: 0.69861111 | F37: Closed | H37: 581.59425 | J37: 552.54403 | L37: 458.04235 | N37: Closed | O37: =+H37+J37+L37 -> 1592.1806
A38: 42775 | B38: =+A38 -> 42775 | C38: -0.9 | D38: 0.73125 | F38: Closed | H38: 599.1023 | J38: 688.09491 | L38: 549.78152 | N38: Closed | O38: =+H38+J38+L38 -> 1836.9787
A39: 42776 | B39: =+A39 -> 42776 | C39: -1 | D39: 0.76111111 | F39: Closed | H39: 973.02848 | J39: Closed | L39: 1468.6682 | N39: Closed | O39: =+H39+L39 -> 2441.6967
A40: 42777 | B40: =+A40 -> 42777 | C40: -0.8 | D40: 0.78958333 | F40: Closed | H40: 3616.08 | J40: Closed | L40: 4451.6084 | N40: Closed | O40: =+H40+L40 -> 8067.6884
A41: 42778 | B41: =+A41 -> 42778 | C41: -0.5 | D41: 0.81527778 | F41: Closed | H41: 1320.6322 | J41: Closed | L41: 716.17647 | N41: Closed | O41: =+H41+L41 -> 2036.8087
A43: 42789 | B43: =+A43 -> 42789 | C43: 0.3 | D43: 0.69583333 | F43: Closed | H43: 2118.2925 | J43: Closed | L43: Closed | N43: Closed | O43: =+H43 -> 2118.2925
A44: 42790 | B44: =+A44 -> 42790 | C44: -0.1 | D44: 0.72291667 | F44: Closed | H44: 2110.9955 | J44: 2424.5787 | L44: 1438.6266 | N44: Closed | O44: =+H44+J44+L44 -> 5974.2009
A45: 42791 | B45: =+A45 -> 42791 | C45: -0.3 | D45: 0.74861111 | F45: Closed | H45: 4832.7589 | J45: 8177.9369 | L45: 4819.975 | N45: Closed | O45: =+H45+J45+L45 -> 17830.671
A46: 42792 | B46: =+A46 -> 42792 | C46: -0.4 | D46: 0.77361111 | F46: Closed | H46: 1906 | J46: 1607.6658 | L46: 783.21915 | N46: Closed | O46: =+H46+J46+L46 -> 4296.885
A47: 42793 | B47: =+A47 -> 42793 | C47: -0.3 | D47: 0.79930556 | F47: Closed | H47: 714.23923 | J47: Closed | L47: Closed | N47: Closed | O47: =+H47 -> 714.23923
A48: 42794 | B48: =+A48 -> 42794 | C48: 0 | D48: 0.825 | F48: Closed | H48: 447.007 | J48: Closed | L48: Closed | N48: Closed | O48: =+H48 -> 447.007 | Q48: =SUM(O36:O48) -> 49388.328
A50: 42801 | B50: =+A50 -> 42801 | C50: 0.5 | D50: 0.60625 | F50: Closed | H50: 392.24613 | J50: Closed | L50: Closed | N50: Closed | O50: =+H50 -> 392.24613
A51: 42802 | B51: =+A51 -> 42802 | C51: 0.1 | D51: 0.64930556 | F51: Closed | H51: 869.72831 | J51: Closed | L51: Closed | N51: Closed | O51: =+H51 -> 869.72831
A52: 42803 | B52: =+A52 -> 42803 | C52: -0.1 | D52: 0.68611111 | F52: Closed | H52: 656.1643 | J52: Closed | L52: 571.30106 | N52: Closed | O52: =+H52+L52 -> 1227.4654
A53: 42804 | B53: =+A53 -> 42804 | C53: -0.3 | D53: 0.71736111 | F53: Closed | H53: 2986.423 | J53: 2564.7808 | L53: Closed | N53: Closed | O53: =+H53+J53 -> 5551.2038
A54: 42805 | B54: =+A54 -> 42805 | C54: -0.3 | D54: 0.74583333 | F54: Closed | H54: 3147.9008 | J54: Closed | L54: 2865.1925 | N54: Closed | O54: =+H54+L54 -> 6013.0932
A55: 42806 | B55: =+A55 -> 42806 | C55: -0.1 | D55: 0.81319444 | F55: Closed | H55: 1559.3139 | J55: 1374.3737 | L55: Closed | N55: Closed | O55: =+H55+J55 -> 2933.6876
A56: 42807 | B56: =+A56 -> 42807 | C56: 0.3 | D56: 0.8375 | F56: Closed | H56: 463.79557 | J56: Closed | L56: Closed | N56: Closed | O56: =+H56 -> 463.79557
A58: 42818 | B58: =+A58 -> 42818 | C58: 0.5 | D58: 0.70902778 | F58: Closed | H58: Closed | J58: Closed | L58: 1536.932 | N58: Closed | O58: =+L58 -> 1536.932
A59: 42819 | B59: =+A59 -> 42819 | C59: 0.2 | D59: 0.73888889 | F59: Closed | H59: Closed | J59: 9039.5451 | L59: Closed | N59: Closed | O59: =+J59 -> 9039.5451
A60: 42820 | B60: =+A60 -> 42820 | C60: 0 | D60: 0.76666667 | F60: Closed | H60: Closed | J60: Closed | L60: 1164.5202 | N60: Closed | O60: =+L60 -> 1164.5202
A62: 42824 | B62: =+A62 -> 42824 | C62: -0.6 | D62: 0.37361111 | F62: Closed | H62: Closed | J62: Closed | L62: 1290.9016 | N62: Closed | O62: =+L62 -> 1290.9016
A63: 42825 | B63: =+A63 -> 42825 | C63: -0.6 | D63: 0.40763889 | F63: Closed | H63: Closed | J63: 3720.1135 | L63: Closed | N63: Closed | O63: =+J63 -> 3720.1135 | Q63: =SUM(O50:O63) -> 34203.232
A64: 42826 | B64: =+A64 -> 42826 | C64: -0.5 | D64: 0.44444444 | F64: Closed | H64: Closed | J64: Closed | L64: 6877.1156 | N64: Closed | O64: =+L64 -> 6877.1156
A65: 42827 | B65: =+A65 -> 42827 | C65: -0.1 | D65: 0.48541667 | F65: Closed | H65: Closed | J65: 6049.8091 | L65: Closed | N65: Closed | O65: =+J65 -> 6049.8091
A67: 42830 | B67: =+A67 -> 42830 | C67: 0.5 | D67: 0.62916667 | F67: Closed | H67: 485.84677 | J67: Closed | L67: Closed | N67: Closed | O67: =+H67 -> 485.84677
A68: 42831 | B68: =+A68 -> 42831 | C68: 0.4 | D68: 0.67222222 | F68: Closed | H68: 1098.6479 | J68: Closed | L68: Closed | N68: Closed | O68: =+H68 -> 1098.6479
A69: 42832 | B69: =+A69 -> 42832 | C69: 0.4 | D69: 0.70902778 | F69: Closed | H69: 0 | J69: Closed | L69: Closed | N69: Closed | O69: =+H69 -> 0
A70: 42833 | B70: =+A70 -> 42833 | C70: 0.4 | D70: 0.74027778 | F70: Closed | H70: 1424.8391 | J70: Closed | L70: Closed | N70: Closed | O70: =+H70 -> 1424.8391
A71: 42834 | B71: =+A71 -> 42834 | C71: 0.5 | D71: 0.26736111 | F71: Closed | H71: 543.23501 | J71: Closed | L71: Closed | N71: Closed | O71: =+H71 -> 543.23501
A73: 42837 | B73: 42837 | C73: 0 | D73: 0.33888889 | F73: 475.51038 | H73: 248.17273 | J73: Closed | L73: Closed | N73: Closed | O73: =+F73+H73 -> 723.68311
A74: 42838 | B74: 42838 | C74: 0 | D74: 0.36319444 | F74: 929.79774 | H74: 695.82911 | J74: 785.9123 | L74: Closed | N74: Closed | O74: =+F74+H74+J74 -> 2411.5391
A75: 42839 | B75: 42839 | C75: 0.1 | D75: 0.3875 | F75: 1721.9106 | H75: 1167.2895 | J75: Closed | L75: 1700.8847 | N75: Closed | O75: =+F75+H75+L75 -> 4590.0848
A76: 42840 | B76: 42840 | C76: 0.3 | D76: 0.41319444 | F76: 8162.5023 | H76: 2222.7107 | J76: 3489.1314 | L76: Closed | N76: Closed | O76: =+F76+H76+J76 -> 13874.344
A77: 42841 | B77: 42841 | C77: 0.5 | D77: 0.44166667 | E77: * | F77: 6938.1269 | H77: 2535.0967 | J77: Closed | L77: 3700.209 | N77: Closed | O77: =+F77+H77+L77 -> 13173.433
A79: 42851 | B79: =+A79 -> 42851 | C79: -1.1 | D79: 0.29791667 | F79: 2083.7471 | H79: 807.23582 | J79: Closed | L79: Closed | N79: Closed | O79: =+F79+H79 -> 2890.983
A80: 42852 | B80: =+A80 -> 42852 | C80: -1.5 | D80: 0.32986111 | F80: 6785.9938 | H80: 1414.2665 | J80: Closed | L80: 2755.3635 | N80: Closed | O80: =+F80+H80+L80 -> 10955.624
A81: 42853 | B81: =+A81 -> 42853 | C81: -1.8 | D81: 0.3625 | F81: 11829.402 | H81: 2048.7105 | J81: 5685.2909 | L81: Closed | N81: Closed | O81: =+F81+H81+J81 -> 19563.403
A82: 42854 | B82: =+A82 -> 42854 | C82: -1.7 | D82: 0.39722222 | F82: 14567.453 | H82: 4282.4205 | J82: Closed | L82: 9302.879 | N82: Closed | O82: =+F82+H82+L82 -> 28152.752
A83: 42855 | B83: =+A83 -> 42855 | C83: -1.3 | D83: 0.43333333 | F83: 17783.843 | G83: * | H83: =+J83*H81/J81 -> 4061.38 | J83: 11270.566 | L83: Closed | N83: Closed | O83: =+F83+H83+J83 -> 33115.789 | Q83: =SUM(O64:O83) -> 145931.13
A84: 42856 | B84: =+A84 -> 42856 | C84: -0.8 | D84: 0.47222222 | E84: * | F84: 6500 | H84: Closed | J84: Closed | L84: Closed | N84: Closed | O84: =+F84 -> 6500
F85: =SUM(F64:F83) -> 71278.286 | H85: =SUM(H64:H83) -> 23035.681 | J85: =SUM(J64:J83) -> 27280.71 | L85: =SUM(L64:L83) -> 24336.452
A86: 42868 | B86: 42868 | C86: -0.6 | D86: 0.37083333 | F86: Closed | H86: Closed | J86: Closed | N86: Closed
A87: 42869 | B87: 42869 | C87: -0.4 | D87: 0.39583333 | F87: Closed | H87: Closed | J87: Closed | N87: Closed
A95: SEASON TOTALS : | F95: =SUM(F2:F94) -> 149056.57 | H95: =SUM(H2:H94) -> 85928.75 | J95: =SUM(J2:J94) -> 109388.68 | L95: =SUM(L3:L94) -> 82294.072 | N95: =SUM(N3:N94) -> 637.43538 | O95: =SUM(O2:O94) -> 281374.38
A96: *- estimate based on comparison of other beaches. + - no harvest due to very heavy surf and storm warnings.
A97: ** - No beach count. Used data from another day with similar conditions to estimate count.
A98: # - Tide is not low enough for decent digging opportunity

Sheet CPUE
A1: Date | B1: Day | C1: Tide | D1: Time | E1: Longbeach | G1: Twin Harbors | I1: Copalis | K1: Mocrocks | M1: Kalaloch
A2: 42657 | B2: 42657 | C2: 0.2 | D2: 0.74652778 | F2: Closed | G2: + | H2: 0 | I2: + | J2: 0 | K2: + | L2: 0 | N2: Closed
A3: 42658 | B3: 42658 | C3: -0.6 | D3: 0.77916667 | F3: Closed | G3: + | H3: 0 | I3: + | J3: 0 | K3: + | L3: 0 | N3: Closed
A4: 42659 | B4: 42659 | C4: -1.1 | D4: 0.81111111 | F4: Closed | H4: =+Harvest!H4/Effort!H4 -> 9.4545455 | J4: =+Harvest!J4/Effort!J4 -> 12.785714 | L4: =+Harvest!L4/Effort!L4 -> 13.411765 | N4: Closed
A5: 42660 | B5: 42660 | C5: -1.4 | D5: 0.84444444 | F5: Closed | H5: =+Harvest!H5/Effort!H5 -> 14.212121 | J5: Closed | L5: Closed | N5: Closed
A6: 42661 | B6: 42661 | C6: -1.4 | D6: 0.87777778 | F6: Closed | H6: =+Harvest!H6/Effort!H6 -> 13.333333 | J6: Closed | L6: Closed | N6: Closed
A7: 42662 | B7: 42662 | C7: -1.1 | D7: 0.91319444 | F7: Closed | H7: =+Harvest!H7/Effort!H7 -> 15 | J7: Closed | L7: Closed | N7: Closed
A9: 42691 | B9: 42691 | C9: -1.3 | D9: 0.85902778 | F9: Closed | H9: =+Harvest!H9/Effort!H9 -> 13.404255 | J9: =+Harvest!J9/Effort!J9 -> 14.774194 | L9: =+Harvest!L9/Effort!L9 -> 14.166667 | N9: Closed
A10: 42692 | B10: 42692 | C10: -0.8 | D10: 0.89444444 | F10: Closed | H10: =+Harvest!H10/Effort!H10 -> 13.517241 | J10: =+Harvest!J10/Effort!J10 -> 11.864865 | L10: =+Harvest!L10/Effort!L10 -> 7.6037736 | N10: Closed
A11: 42693 | B11: 42693 | C11: -0.1 | D11: 0.93194444 | F11: Closed | H11: =+Harvest!H11/Effort!H11 -> 0.60714286 | J11: =+Harvest!J11/Effort!J11 -> 0.4 | L11: =+Harvest!L11/Effort!L11 -> 0.26785714 | N11: Closed
A13: 42700 | B13: 42700 | C13: 0.5 | D13: 0.69930556 | F13: Closed | H13: =+Harvest!H13/Effort!H13 -> 7.8676471 | J13: Closed | L13: Closed | N13: Closed
A14: 42701 | B14: 42701 | C14: 0.2 | D14: 0.725 | F14: Closed | H14: =+Harvest!H14/Effort!H14 -> 7.2142857 | J14: Closed | L14: Closed | N14: Closed
A15: 42702 | B15: 42702 | C15: -0.1 | D15: 0.74930556 | F15: Closed | H15: =+Harvest!H15/Effort!H15 -> 7.173913 | J15: Closed | L15: Closed | N15: Closed
A17: 42714 | B17: 42714 | C17: 0.5 | D17: 0.64444444 | F17: Closed | H17: Closed | J17: =+Harvest!J17/Effort!J17 -> 9.7173913 | L17: =+Harvest!L17/Effort!L17 -> 11.690909 | N17: Closed
A18: 42715 | B18: 42715 | C18: -0.5 | D18: 0.68125 | F18: Closed | H18: Closed | J18: =+Harvest!J18/Effort!J18 -> 15 | L18: =+Harvest!L18/Effort!L18 -> 15 | N18: Closed
A20: 42734 | B20: 42734 | C20: -0.4 | D20: 0.80694444 | F20: Closed | H20: Closed | J20: =+Harvest!J20/Effort!J20 -> 12.847826 | L20: =+Harvest!L20/Effort!L20 -> 11.753086 | N20: Closed
A21: 42735 | B21: 42735 | C21: -0.4 | D21: 0.83125 | F21: Closed | H21: Closed | J21: =+Harvest!J21/Effort!J21 -> 11.54 | L21: =+Harvest!L21/Effort!L21 -> 8.3111111 | N21: Closed
A23: 42743 | B23: 42743 | C23: 0.4 | D23: 0.63263889 | F23: Closed | H23: Closed | J23: Closed | L23: Closed | N23: 0.13180233
A24: 42744 | B24: 42744 | C24: -0.4 | D24: 0.67222222 | F24: Closed | H24: Closed | J24: Closed | L24: Closed | N24: =+Harvest!N24/Effort!N24 -> 6.3653846
A26: 42748 | B26: 42748 | C26: -1.4 | D26: 0.80347222 | F26: Closed | H26: Closed | J26: =+Harvest!J26/Effort!J26 -> 14.666667 | L26: =+Harvest!L26/Effort!L26 -> 14.26 | N26: Closed
A27: 42749 | B27: 42749 | C27: -1 | D27: 0.83263889 | F27: Closed | H27: Closed | J27: =+Harvest!J27/Effort!J27 -> 14.218182 | L27: =+Harvest!L27/Effort!L27 -> 9.372093 | N27: Closed
A28: 42750 | B28: 42750 | C28: -0.4 | D28: 0.86111111 | F28: Closed | H28: Closed | J28: =+Harvest!J28/Effort!J28 -> 12.55 | L28: =+Harvest!L28/Effort!L28 -> 8.1764706 | N28: Closed
A30: 42762 | B30: =+A30 -> 42762 | C30: -0.5 | D30: 0.76805556 | F30: Closed | H30: Closed | J30: =+Harvest!J30/Effort!J30 -> 12.16092 | L30: Closed | N30: Closed
A31: 42763 | B31: =+A31 -> 42763 | C31: -0.6 | D31: 0.79236111 | F31: Closed | H31: Closed | J31: =+Harvest!J31/Effort!J31 -> 10.402299 | L31: Closed | N31: Closed
A32: 42764 | B32: =+A32 -> 42764 | C32: -0.5 | D32: 0.81736111 | F32: Closed | H32: Closed | J32: =+Harvest!J32/Effort!J32 -> 14.210526 | L32: =+Harvest!L32/Effort!L32 -> 14.769231 | N32: Closed
A33: 42765 | B33: =+A33 -> 42765 | C33: -0.3 | D33: 0.84236111 | F33: Closed | H33: Closed | J33: =+Harvest!J33/Effort!J33 -> 15 | L33: =+Harvest!L33/Effort!L33 -> 14.36 | N33: Closed
A34: 42766 | B34: =+A34 -> 42766 | C34: 0.2 | D34: 0.86805556 | F34: Closed | H34: Closed | J34: =+Harvest!J34/Effort!J34 -> 15 | L34: =+Harvest!L34/Effort!L34 -> 15 | N34: Closed
A36: 42773 | B36: =+A36 -> 42773 | C36: -0.1 | D36: 0.66180556 | F36: Closed | H36: =+Harvest!H36/Effort!H36 -> 14.75 | J36: =+Harvest!J36/Effort!J36 -> 15 | L36: =+Harvest!L36/Effort!L36 -> 14.545455 | N36: Closed
A37: 42774 | B37: =+A37 -> 42774 | C37: -0.6 | D37: 0.69861111 | F37: Closed | H37: =+Harvest!H37/Effort!H37 -> 14.823529 | J37: =+Harvest!J37/Effort!J37 -> 13.657143 | L37: =+Harvest!L37/Effort!L37 -> 14.305556 | N37: Closed
A38: 42775 | B38: =+A38 -> 42775 | C38: -0.9 | D38: 0.73125 | F38: Closed | H38: =+Harvest!H38/Effort!H38 -> 8.902439 | J38: =+Harvest!J38/Effort!J38 -> 7.2580645 | L38: =+Harvest!L38/Effort!L38 -> 1.7804878 | N38: Closed
A39: 42776 | B39: =+A39 -> 42776 | C39: -1 | D39: 0.76111111 | F39: Closed | H39: =+Harvest!H39/Effort!H39 -> 14.375 | J39: Closed | L39: =+Harvest!L39/Effort!L39 -> 8.0363636 | N39: Closed
A40: 42777 | B40: =+A40 -> 42777 | C40: -0.8 | D40: 0.78958333 | F40: Closed | H40: =+Harvest!H40/Effort!H40 -> 12.694118 | J40: Closed | L40: =+Harvest!L40/Effort!L40 -> 11.107527 | N40: Closed
A41: 42778 | B41: =+A41 -> 42778 | C41: -0.5 | D41: 0.81527778 | F41: Closed | H41: =+Harvest!H41/Effort!H41 -> 14.229167 | J41: Closed | L41: =+Harvest!L41/Effort!L41 -> 8.8 | N41: Closed
A43: 42789 | B43: =+A43 -> 42789 | C43: 0.3 | D43: 0.69583333 | F43: Closed | H43: =+Harvest!H43/Effort!H43 -> 14.525 | J43: Closed | L43: Closed | N43: Closed
A44: 42790 | B44: =+A44 -> 42790 | C44: -0.1 | D44: 0.72291667 | F44: Closed | H44: =+Harvest!H44/Effort!H44 -> 14.627907 | J44: =+Harvest!J44/Effort!J44 -> 15 | L44: =+Harvest!L44/Effort!L44 -> 14.619048 | N44: Closed
A45: 42791 | B45: =+A45 -> 42791 | C45: -0.3 | D45: 0.74861111 | F45: Closed | H45: =+Harvest!H45/Effort!H45 -> 14.539683 | J45: =+Harvest!J45/Effort!J45 -> 13.21875 | L45: =+Harvest!L45/Effort!L45 -> 13.873786 | N45: Closed
A46: 42792 | B46: =+A46 -> 42792 | C46: -0.4 | D46: 0.77361111 | F46: Closed | H46: =+Harvest!H46/Effort!H46 -> 12.35 | J46: =+Harvest!J46/Effort!J46 -> 11.295082 | L46: =+Harvest!L46/Effort!L46 -> 12.789474 | N46: Closed
A47: 42793 | B47: =+A47 -> 42793 | C47: -0.3 | D47: 0.79930556 | F47: Closed | H47: =+Harvest!H47/Effort!H47 -> 6.8275862 | J47: Closed | L47: Closed | N47: Closed
A48: 42794 | B48: =+A48 -> 42794 | C48: 0 | D48: 0.825 | F48: Closed | H48: =+Harvest!H48/Effort!H48 -> 12.055556 | J48: Closed | L48: Closed | N48: Closed
A50: 42801 | B50: =+A50 -> 42801 | C50: 0.5 | D50: 0.60625 | F50: Closed | H50: =+Harvest!H50/Effort!H50 -> 15 | J50: Closed | L50: Closed | N50: Closed
A51: 42802 | B51: =+A51 -> 42802 | C51: 0.1 | D51: 0.64930556 | F51: Closed | H51: =+Harvest!H51/Effort!H51 -> 14.485714 | J51: Closed | L51: Closed | N51: Closed
A52: 42803 | B52: =+A52 -> 42803 | C52: -0.1 | D52: 0.68611111 | F52: Closed | H52: =+Harvest!H52/Effort!H52 -> 11.833333 | J52: Closed | L52: =+Harvest!L52/Effort!L52 -> 13 | N52: Closed
A53: 42804 | B53: =+A53 -> 42804 | C53: -0.3 | D53: 0.71736111 | F53: Closed | H53: =+Harvest!H53/Effort!H53 -> 14.888889 | J53: =+Harvest!J53/Effort!J53 -> 14.134615 | L53: Closed | N53: Closed
A54: 42805 | B54: =+A54 -> 42805 | C54: -0.3 | D54: 0.74583333 | F54: Closed | H54: =+Harvest!H54/Effort!H54 -> 13.649123 | J54: Closed | L54: =+Harvest!L54/Effort!L54 -> 6.1694915 | N54: Closed
A55: 42806 | B55: =+A55 -> 42806 | C55: -0.1 | D55: 0.81319444 | F55: Closed | H55: =+Harvest!H55/Effort!H55 -> 15 | J55: =+Harvest!J55/Effort!J55 -> 15 | L55: Closed | N55: Closed
A56: 42807 | B56: =+A56 -> 42807 | C56: 0.3 | D56: 0.8375 | F56: Closed | H56: =+Harvest!H56/Effort!H56 -> 15 | J56: Closed | L56: Closed | N56: Closed
A58: 42818 | B58: =+A58 -> 42818 | C58: 0.5 | D58: 0.70902778 | F58: Closed | H58: Closed | J58: Closed | L58: =+Harvest!L58/Effort!L58 -> 0.54716981 | N58: Closed
A59: 42819 | B59: =+A59 -> 42819 | C59: 0.2 | D59: 0.73888889 | F59: Closed | H59: Closed | J59: =+Harvest!J59/Effort!J59 -> 9.0517241 | L59: Closed | N59: Closed
A60: 42820 | B60: =+A60 -> 42820 | C60: 0 | D60: 0.76666667 | F60: Closed | H60: Closed | J60: Closed | L60: =+Harvest!L60/Effort!L60 -> 7.3571429 | N60: Closed
A62: 42824 | B62: =+A62 -> 42824 | C62: -0.6 | D62: 0.37361111 | F62: Closed | H62: Closed | J62: Closed | L62: =+Harvest!L62/Effort!L62 -> 8.9090909 | N62: Closed
A63: 42825 | B63: =+A63 -> 42825 | C63: -0.6 | D63: 0.40763889 | F63: Closed | H63: Closed | J63: =+Harvest!J63/Effort!J63 -> 15 | L63: Closed | N63: Closed
A64: 42826 | B64: =+A64 -> 42826 | C64: -0.5 | D64: 0.44444444 | F64: Closed | H64: Closed | J64: Closed | L64: =+Harvest!L64/Effort!L64 -> 14.373134 | N64: Closed
A65: 42827 | B65: =+A65 -> 42827 | C65: -0.1 | D65: 0.48541667 | F65: Closed | H65: Closed | J65: =+Harvest!J65/Effort!J65 -> 10.930233 | L65: Closed | N65: Closed
A67: 42830 | B67: =+A67 -> 42830 | C67: 0.5 | D67: 0.62916667 | F67: Closed | H67: =+Harvest!H67/Effort!H67 -> 15 | J67: Closed | L67: Closed | N67: Closed
A68: 42831 | B68: =+A68 -> 42831 | C68: 0.4 | D68: 0.67222222 | F68: Closed | H68: =+Harvest!H68/Effort!H68 -> 9.32 | J68: Closed | L68: Closed | N68: Closed
A69: 42832 | B69: =+A69 -> 42832 | C69: 0.4 | D69: 0.70902778 | F69: Closed | H69: 0 | J69: Closed | L69: Closed | N69: Closed
A70: 42833 | B70: =+A70 -> 42833 | C70: 0.4 | D70: 0.74027778 | F70: Closed | H70: =+Harvest!H70/Effort!H70 -> 11.969697 | J70: Closed | L70: Closed | N70: Closed
A71: 42834 | B71: =+A71 -> 42834 | C71: 0.5 | D71: 0.26736111 | F71: Closed | H71: =+Harvest!H71/Effort!H71 -> 8.8333333 | J71: Closed | L71: Closed | N71: Closed
A73: 42837 | B73: 42837 | C73: 0 | D73: 0.33888889 | F73: =+Harvest!F73/Effort!F73 -> 13.772727 | H73: =+Harvest!H73/Effort!H73 -> 13.892857 | J73: Closed | L73: Closed | N73: Closed
A74: 42838 | B74: 42838 | C74: 0 | D74: 0.36319444 | F74: =+Harvest!F74/Effort!F74 -> 14.634146 | H74: =+Harvest!H74/Effort!H74 -> 15 | J74: =+Harvest!J74/Effort!J74 -> 10.285714 | L74: Closed | N74: Closed
A75: 42839 | B75: 42839 | C75: 0.1 | D75: 0.3875 | F75: =+Harvest!F75/Effort!F75 -> 15 | H75: =+Harvest!H75/Effort!H75 -> 14.172414 | J75: Closed | L75: =+Harvest!L75/Effort!L75 -> 12.481481 | N75: Closed
A76: 42840 | B76: 42840 | C76: 0.3 | D76: 0.41319444 | F76: =+Harvest!F76/Effort!F76 -> 14.220779 | H76: =+Harvest!H76/Effort!H76 -> 14 | J76: =+Harvest!J76/Effort!J76 -> 13 | L76: Closed | N76: Closed
A77: 42841 | B77: 42841 | C77: 0.5 | D77: 0.44166667 | E77: * | F77: =+Harvest!F77/Effort!F77 -> 14.220779 | H77: =+Harvest!H77/Effort!H77 -> 14.133333 | J77: Closed | L77: =+Harvest!L77/Effort!L77 -> 11.416667 | N77: Closed
N78: Closed
A79: 42851 | B79: =+A79 -> 42851 | C79: -1.1 | D79: 0.29791667 | F79: =+Harvest!F79/Effort!F79 -> 23.27027 | H79: =+Harvest!H79/Effort!H79 -> 15 | J79: Closed | L79: Closed | N79: Closed
A80: 42852 | B80: =+A80 -> 42852 | C80: -1.5 | D80: 0.32986111 | F80: =+Harvest!F80/Effort!F80 -> 25 | H80: =+Harvest!H80/Effort!H80 -> 14.916667 | J80: Closed | L80: =+Harvest!L80/Effort!L80 -> 14.978261 | N80: Closed
A81: 42853 | B81: =+A81 -> 42853 | C81: -1.8 | D81: 0.3625 | F81: =+Harvest!F81/Effort!F81 -> 24.156863 | H81: =+Harvest!H81/Effort!H81 -> 14.833333 | J81: =+Harvest!J81/Effort!J81 -> 15 | L81: Closed | N81: Closed
A82: 42854 | B82: =+A82 -> 42854 | C82: -1.7 | D82: 0.39722222 | F82: =+Harvest!F82/Effort!F82 -> 24.193548 | H82: =+Harvest!H82/Effort!H82 -> 15 | J82: Closed | L82: =+Harvest!L82/Effort!L82 -> 14.825688 | N82: Closed
A83: 42855 | B83: =+A83 -> 42855 | C83: -1.3 | D83: 0.43333333 | F83: =+Harvest!F83/Effort!F83 -> 15.494253 | G83: * | H83: 15 | J83: =+Harvest!J83/Effort!J83 -> 15 | L83: Closed | N83: Closed
A84: 42856 | B84: =+A84 -> 42856 | C84: -0.8 | D84: 0.47222222 | F84: 25 | H84: Closed | J84: Closed | L84: Closed | N84: Closed
A86: 42868 | B86: 42868 | C86: -0.6 | D86: 0.37083333 | F86: Closed | H86: Closed | J86: Closed | N86: Closed
A87: 42869 | B87: 42869 | C87: -0.4 | D87: 0.39583333 | F87: Closed | H87: Closed | J87: Closed | N87: Closed
A97: SEASON TOTALS : | F97: =Harvest!F96/Effort!F95 -> 10.433042 | H97: =Harvest!H96/Effort!H95 -> 9.7067206 | J97: =Harvest!J96/Effort!J95 -> 9.5091481 | L97: =Harvest!L96/Effort!L95 -> 8.3435911 | N97: =Harvest!N96/Effort!N95 -> 2.2120963
A98: *- estimate based on comparison of other beaches. + - no harvest due to very heavy surf and storm warnings.
A99: ** - No beach count. Used data from another day with similar conditions to estimate count.

Sheet Summary Table
A1: 2016-2017 State (non-Indian) Recreational Razor Clam Effort, Harvest and CPUE totals.FINAL
E2: LONG BEACH | H2: TWIN HARBORS | K2: COPALIS | N2: MOCROCKS | Q2: KALALOCH | T2: DAILY TOTALS
A3: DATE | B3: DAY | C3: TIDE | D3: TIME | E3: Effort | F3: Harvest | G3: CPUE | H3: Effort | I3: Harvest | J3: CPUE | K3: Effort | L3: Harvest | M3: CPUE | N3: Effort | O3: Harvest | P3: CPUE | Q3: Effort | R3: Harvest | S3: CPUE | T3: Effort | U3: Harvest
A4: 42657 | B4: 42657 | C4: 0.2 | D4: 0.74652778 | E4: =Effort!F2 -> Closed | F4: =Harvest!F2 -> Closed | G4: =CPUE!F2 -> Closed | H4: =Effort!H2 -> 0 | I4: =Harvest!H2 -> 0 | J4: =CPUE!H2 -> 0 | K4: =Effort!J2 -> 0 | L4: =Harvest!J2 -> 0 | M4: =CPUE!J2 -> 0 | N4: =Effort!L2 -> 0 | O4: =Harvest!L2 -> 0 | P4: =CPUE!L2 -> 0 | Q4: =Effort!N2 -> Closed | R4: =Harvest!N2 -> Closed | S4: =CPUE!N2 -> Closed | T4: =+H4+K4+N4 -> 0 | U4: =+I4+L4+O4 -> 0
A5: 42658 | B5: 42658 | C5: -0.6 | D5: 0.77916667 | E5: =Effort!F3 -> Closed | F5: =Harvest!F3 -> Closed | G5: =CPUE!F3 -> Closed | H5: =Effort!H3 -> 0 | I5: =Harvest!H3 -> 0 | J5: =CPUE!H3 -> 0 | K5: =Effort!J3 -> 0 | L5: =Harvest!J3 -> 0 | M5: =CPUE!J3 -> 0 | N5: =Effort!L3 -> 0 | O5: =Harvest!L3 -> 0 | P5: =CPUE!L3 -> 0 | Q5: =Effort!N3 -> Closed | R5: =Harvest!N3 -> Closed | S5: =CPUE!N3 -> Closed | T5: =+H5+K5+N5 -> 0 | U5: =+I5+L5+O5 -> 0
A6: 42659 | B6: 42659 | C6: -1.1 | D6: 0.81111111 | E6: =Effort!F4 -> Closed | F6: =Harvest!F4 -> Closed | G6: =CPUE!F4 -> Closed | H6: =Effort!H4 -> 554.15388 | I6: =Harvest!H4 -> 5239.273 | J6: =CPUE!H4 -> 9.4545455 | K6: =Effort!J4 -> 307.45388 | L6: =Harvest!J4 -> 3931.0174 | M6: =CPUE!J4 -> 12.785714 | N6: =Effort!L4 -> 296.48478 | O6: =Harvest!L4 -> 3976.3841 | P6: =CPUE!L4 -> 13.411765 | Q6: =Effort!N4 -> Closed | R6: =Harvest!N4 -> Closed | S6: =CPUE!N4 -> Closed | T6: =+H6+K6+N6 -> 1158.0925 | U6: =+I6+L6+O6 -> 13146.675
A7: 42660 | B7: 42660 | C7: -1.4 | D7: 0.84444444 | E7: =Effort!F5 -> Closed | F7: =Harvest!F5 -> Closed | G7: =CPUE!F5 -> Closed | H7: =Effort!H5 -> 1012.021 | I7: =Harvest!H5 -> 14382.965 | J7: =CPUE!H5 -> 14.212121 | K7: =Effort!J5 -> Closed | L7: =Harvest!J5 -> Closed | M7: =CPUE!J5 -> Closed | N7: =Effort!L5 -> Closed | O7: =Harvest!L5 -> Closed | P7: =CPUE!L5 -> Closed | Q7: =Effort!N5 -> Closed | R7: =Harvest!N5 -> Closed | S7: =CPUE!N5 -> Closed | T7: =+H7 -> 1012.021 | U7: =+I7 -> 14382.965
A8: 42661 | B8: 42661 | C8: -1.4 | D8: 0.87777778 | E8: =Effort!F6 -> Closed | F8: =Harvest!F6 -> Closed | G8: =CPUE!F6 -> Closed | H8: =Effort!H6 -> 677.8631 | I8: =Harvest!H6 -> 9038.1747 | J8: =CPUE!H6 -> 13.333333 | K8: =Effort!J6 -> Closed | L8: =Harvest!J6 -> Closed | M8: =CPUE!J6 -> Closed | N8: =Effort!L6 -> Closed | O8: =Harvest!L6 -> Closed | P8: =CPUE!L6 -> Closed | Q8: =Effort!N6 -> Closed | R8: =Harvest!N6 -> Closed | S8: =CPUE!N6 -> Closed | T8: =+H8 -> 677.8631 | U8: =+I8 -> 9038.1747
A9: 42662 | B9: 42662 | C9: -1.1 | D9: 0.91319444 | E9: =Effort!F7 -> Closed | F9: =Harvest!F7 -> Closed | G9: =CPUE!F7 -> Closed | H9: =Effort!H7 -> 159.4299 | I9: =Harvest!H7 -> 2391.4485 | J9: =CPUE!H7 -> 15 | K9: =Effort!J7 -> Closed | L9: =Harvest!J7 -> Closed | M9: =CPUE!J7 -> Closed | N9: =Effort!L7 -> Closed | O9: =Harvest!L7 -> Closed | P9: =CPUE!L7 -> Closed | Q9: =Effort!N7 -> Closed | R9: =Harvest!N7 -> Closed | S9: =CPUE!N7 -> Closed | T9: =+H9 -> 159.4299 | U9: =+I9 -> 2391.4485
A10: Tide Series Totals | H10: =SUM(H4:H9) -> 2403.4679 | I10: =SUM(I4:I9) -> 31051.861 | J10: =+I10/H10 -> 12.919607 | K10: =SUM(K4:K9) -> 307.45388 | L10: =SUM(L4:L9) -> 3931.0174 | M10: =+L10/K10 -> 12.785714 | N10: =SUM(N4:N9) -> 296.48478 | O10: =SUM(O4:O9) -> 3976.3841 | P10: =+O10/N10 -> 13.411765 | T10: =SUM(T4:T9) -> 3007.4065 | U10: =SUM(U4:U9) -> 38959.263
A11: 42691 | B11: 42691 | C11: -1.3 | D11: 0.85902778 | E11: =Effort!F9 -> Closed | F11: =Harvest!F9 -> Closed | G11: =CPUE!F9 -> Closed | H11: =Effort!H9 -> 809.65455 | I11: =Harvest!H9 -> 10852.816 | J11: =CPUE!H9 -> 13.404255 | K11: =Effort!J9 -> 698.17739 | L11: =Harvest!J9 -> 10315.008 | M11: =CPUE!J9 -> 14.774194 | N11: =Effort!L9 -> 546.07475 | O11: =Harvest!L9 -> 7736.059 | P11: =CPUE!L9 -> 14.166667 | Q11: =Effort!N9 -> Closed | R11: =Harvest!N9 -> Closed | S11: =CPUE!N9 -> Closed | T11: =+H11+K11+N11 -> 2053.9067 | U11: =+I11+L11+O11 -> 28903.883
A12: 42692 | B12: 42692 | C12: -0.8 | D12: 0.89444444 | E12: =Effort!F10 -> Closed | F12: =Harvest!F10 -> Closed | G12: =CPUE!F10 -> Closed | H12: =Effort!H10 -> 895.90365 | I12: =Harvest!H10 -> 12110.146 | J12: =CPUE!H10 -> 13.517241 | K12: =Effort!J10 -> 908.09801 | L12: =Harvest!J10 -> 10774.46 | M12: =CPUE!J10 -> 11.864865 | N12: =Effort!L10 -> 842.59275 | O12: =Harvest!L10 -> 6406.8845 | P12: =CPUE!L10 -> 7.6037736 | Q12: =Effort!N10 -> Closed | R12: =Harvest!N10 -> Closed | S12: =CPUE!N10 -> Closed | T12: =+H12+K12+N12 -> 2646.5944 | U12: =+I12+L12+O12 -> 29291.491
A13: 42693 | B13: 42693 | C13: -0.1 | D13: 0.93194444 | E13: =Effort!F11 -> Closed | F13: =Harvest!F11 -> Closed | G13: =CPUE!F11 -> Closed | H13: =Effort!H11 -> 416.48499 | I13: =Harvest!H11 -> 252.86589 | J13: =CPUE!H11 -> 0.60714286 | K13: =Effort!J11 -> 654.82053 | L13: =Harvest!J11 -> 261.92821 | M13: =CPUE!J11 -> 0.4 | N13: =Effort!L11 -> 595.46802 | O13: =Harvest!L11 -> 159.50036 | P13: =CPUE!L11 -> 0.26785714 | Q13: =Effort!N11 -> Closed | R13: =Harvest!N11 -> Closed | S13: =CPUE!N11 -> Closed | T13: =+H13+K13+N13 -> 1666.7735 | U13: =+I13+L13+O13 -> 674.29446
A14: Tide Series Totals | H14: =SUM(H11:H13) -> 2122.0432 | I14: =SUM(I11:I13) -> 23215.828 | J14: =+I14/H14 -> 10.940318 | K14: =SUM(K11:K13) -> 2261.0959 | L14: =SUM(L11:L13) -> 21351.396 | M14: =+L14/K14 -> 9.4429413 | N14: =SUM(N11:N13) -> 1984.1355 | O14: =SUM(O11:O13) -> 14302.444 | P14: =+O14/N14 -> 7.2084007 | T14: =SUM(T11:T13) -> 6367.2747 | U14: =SUM(U11:U13) -> 58869.668
A15: 42700 | B15: 42700 | C15: 0.5 | D15: 0.69930556 | E15: =Effort!F13 -> Closed | F15: =Harvest!F13 -> Closed | G15: =CPUE!F13 -> Closed | H15: =Effort!H13 -> 4386.0819 | I15: =Harvest!H13 -> 34508.144 | J15: =CPUE!H13 -> 7.8676471 | K15: =Effort!J13 -> Closed | L15: =Harvest!J13 -> Closed | M15: =CPUE!J13 -> Closed | N15: =Effort!L13 -> Closed | O15: =Harvest!L13 -> Closed | P15: =CPUE!L13 -> Closed | Q15: =Effort!N13 -> Closed | R15: =Harvest!N13 -> Closed | S15: =CPUE!N13 -> Closed | T15: =+H15 -> 4386.0819 | U15: =+I15 -> 34508.144
A16: 42701 | B16: 42701 | C16: 0.2 | D16: 0.725 | E16: =Effort!F14 -> Closed | F16: =Harvest!F14 -> Closed | G16: =CPUE!F14 -> Closed | H16: =Effort!H14 -> 455.99199 | I16: =Harvest!H14 -> 3289.6565 | J16: =CPUE!H14 -> 7.2142857 | K16: =Effort!J14 -> Closed | L16: =Harvest!J14 -> Closed | M16: =CPUE!J14 -> Closed | N16: =Effort!L14 -> Closed | O16: =Harvest!L14 -> Closed | P16: =CPUE!L14 -> Closed | Q16: =Effort!N14 -> Closed | R16: =Harvest!N14 -> Closed | S16: =CPUE!N14 -> Closed | T16: =+H16 -> 455.99199 | U16: =+I16 -> 3289.6565
A17: 42702 | B17: 42702 | C17: -0.1 | D17: 0.74930556 | E17: =Effort!F15 -> Closed | F17: =Harvest!F15 -> Closed | G17: =CPUE!F15 -> Closed | H17: =Effort!H15 -> 460 | I17: =Harvest!H15 -> 3300 | J17: =CPUE!H15 -> 7.173913 | K17: =Effort!J15 -> Closed | L17: =Harvest!J15 -> Closed | M17: =CPUE!J15 -> Closed | N17: =Effort!L15 -> Closed | O17: =Harvest!L15 -> Closed | P17: =CPUE!L15 -> Closed | Q17: =Effort!N15 -> Closed | R17: =Harvest!N15 -> Closed | S17: =CPUE!N15 -> Closed | T17: =+H17 -> 460 | U17: =+I17 -> 3300
A18: Tide Series Totals | H18: =SUM(H15:H17) -> 5302.0739 | I18: =SUM(I15:I17) -> 41097.801 | J18: =+I18/H18 -> 7.751269 | T18: =SUM(T15:T17) -> 5302.0739 | U18: =SUM(U15:U17) -> 41097.801
A19: 42714 | B19: 42714 | C19: 0.5 | D19: 0.64444444 | E19: =Effort!F17 -> Closed | F19: =Harvest!F17 -> Closed | G19: =CPUE!F17 -> Closed | H19: =Effort!H17 -> Closed | I19: =Harvest!H17 -> Closed | J19: =CPUE!H17 -> Closed | K19: =Effort!J17 -> 1730.2545 | L19: =Harvest!J17 -> 16813.56 | M19: =CPUE!J17 -> 9.7173913 | N19: =Effort!L17 -> 1897.7294 | O19: =Harvest!L17 -> 22186.181 | P19: =CPUE!L17 -> 11.690909 | Q19: =Effort!N17 -> Closed | R19: =Harvest!N17 -> Closed | S19: =CPUE!N17 -> Closed | T19: =+K19+N19 -> 3627.9838 | U19: =+L19+O19 -> 38999.741
A20: 42715 | B20: 42715 | C20: -0.5 | D20: 0.68125 | E20: =Effort!F18 -> Closed | F20: =Harvest!F18 -> Closed | G20: =CPUE!F18 -> Closed | H20: =Effort!H18 -> Closed | I20: =Harvest!H18 -> Closed | J20: =CPUE!H18 -> Closed | K20: =Effort!J18 -> 961.85558 | L20: =Harvest!J18 -> 14427.834 | M20: =CPUE!J18 -> 15 | N20: =Effort!L18 -> 924.39921 | O20: =Harvest!L18 -> 13865.988 | P20: =CPUE!L18 -> 15 | Q20: =Effort!N18 -> Closed | R20: =Harvest!N18 -> Closed | S20: =CPUE!N18 -> Closed | T20: =+K20+N20 -> 1886.2548 | U20: =+L20+O20 -> 28293.822
A21: Tide Series Totals | K21: =SUM(K19:K20) -> 2692.1101 | L21: =SUM(L19:L20) -> 31241.393 | M21: =+L21/K21 -> 11.604798 | N21: =SUM(N19:N20) -> 2822.1286 | O21: =SUM(O19:O20) -> 36052.17 | P21: =+O21/N21 -> 12.774815 | T21: =SUM(T19:T20) -> 5514.2386 | U21: =SUM(U19:U20) -> 67293.563
A22: 42734 | B22: 42734 | C22: -0.4 | D22: 0.80694444 | E22: =Effort!F20 -> Closed | F22: =Harvest!F20 -> Closed | G22: =CPUE!F20 -> Closed | H22: =Effort!H20 -> Closed | I22: =Harvest!H20 -> Closed | J22: =CPUE!H20 -> Closed | K22: =Effort!J20 -> 2584.6269 | L22: =Harvest!J20 -> 33206.837 | M22: =CPUE!J20 -> 12.847826 | N22: =Effort!L20 -> 1621.0631 | O22: =Harvest!L20 -> 19052.495 | P22: =CPUE!L20 -> 11.753086 | Q22: =Effort!N20 -> Closed | R22: =Harvest!N20 -> Closed | S22: =CPUE!N20 -> Closed | T22: =+K22+N22 -> 4205.69 | U22: =+L22+O22 -> 52259.332
A23: 42735 | B23: 42735 | C23: -0.4 | D23: 0.83125 | E23: =Effort!F21 -> Closed | F23: =Harvest!F21 -> Closed | G23: =CPUE!F21 -> Closed | H23: =Effort!H21 -> Closed | I23: =Harvest!H21 -> Closed | J23: =CPUE!H21 -> Closed | K23: =Effort!J21 -> 1417.8172 | L23: =Harvest!J21 -> 16361.611 | M23: =CPUE!J21 -> 11.54 | N23: =Effort!L21 -> 849.15931 | O23: =Harvest!L21 -> 7057.4573 | P23: =CPUE!L21 -> 8.3111111 | Q23: =Effort!N21 -> Closed | R23: =Harvest!N21 -> Closed | S23: =CPUE!N21 -> Closed | T23: =+K23+N23 -> 2266.9765 | U23: =+L23+O23 -> 23419.068
A24: Tide Series Totals | K24: =SUM(K22:K23) -> 4002.4441 | L24: =SUM(L22:L23) -> 49568.448 | M24: =+L24/K24 -> 12.384545 | N24: =SUM(N22:N23) -> 2470.2224 | O24: =SUM(O22:O23) -> 26109.952 | P24: =+O24/N24 -> 10.569879 | T24: =SUM(T22:T23) -> 6472.6665 | U24: =SUM(U22:U23) -> 75678.4
A25: 42743 | B25: 42743 | C25: 0.4 | D25: 0.63263889 | E25: =Effort!F23 -> Closed | F25: =Harvest!F23 -> Closed | G25: =CPUE!F23 -> Closed | H25: =Effort!H23 -> Closed | I25: =Harvest!H23 -> Closed | J25: =CPUE!H23 -> Closed | K25: =Effort!J23 -> Closed | L25: =Harvest!J23 -> Closed | M25: =CPUE!J23 -> Closed | N25: =Effort!L23 -> Closed | O25: =Harvest!L23 -> Closed | P25: =CPUE!L23 -> Closed | Q25: =Effort!N23 -> 424.70811 | R25: =Harvest!N23 -> 55.977518 | S25: =CPUE!N23 -> 0.13180233 | T25: =+Q25 -> 424.70811 | U25: =+R25 -> 55.977518
A26: 42744 | B26: 42744 | C26: -0.4 | D26: 0.67222222 | E26: =Effort!F24 -> Closed | F26: =Harvest!F24 -> Closed | G26: =CPUE!F24 -> Closed | H26: =Effort!H24 -> Closed | I26: =Harvest!H24 -> Closed | J26: =CPUE!H24 -> Closed | K26: =Effort!J24 -> Closed | L26: =Harvest!J24 -> Closed | M26: =CPUE!J24 -> Closed | N26: =Effort!L24 -> Closed | O26: =Harvest!L24 -> Closed | P26: =CPUE!L24 -> Closed | Q26: =Effort!N24 -> 212.72727 | R26: =Harvest!N24 -> 1354.0909 | S26: =CPUE!N24 -> 6.3653846 | T26: =+Q26 -> 212.72727 | U26: =+R26 -> 1354.0909
A27: Tide Series Totals | Q27: =SUM(Q25:Q26) -> 637.43538 | R27: =SUM(R25:R26) -> 1410.0684 | S27: =+R27/Q27 -> 2.2120963 | T27: =SUM(T25:T26) -> 637.43538 | U27: =SUM(U25:U26) -> 1410.0684
A28: 42748 | B28: 42748 | C28: -1.4 | D28: 0.80347222 | E28: =Effort!F26 -> Closed | F28: =Harvest!F26 -> Closed | G28: =CPUE!F26 -> Closed | H28: =Effort!H26 -> Closed | I28: =Harvest!H26 -> Closed | J28: =CPUE!H26 -> Closed | K28: =Effort!J26 -> 1360.4547 | L28: =Harvest!J26 -> 19953.336 | M28: =CPUE!J26 -> 14.666667 | N28: =Effort!L26 -> 528.84133 | O28: =Harvest!L26 -> 7541.2774 | P28: =CPUE!L26 -> 14.26 | Q28: =Effort!N26 -> Closed | R28: =Harvest!N26 -> Closed | S28: =CPUE!N26 -> Closed | T28: =+K28+N28 -> 1889.296 | U28: =+L28+O28 -> 27494.613
A29: 42749 | B29: 42749 | C29: -1 | D29: 0.83263889 | E29: =Effort!F27 -> Closed | F29: =Harvest!F27 -> Closed | G29: =CPUE!F27 -> Closed | H29: =Effort!H27 -> Closed | I29: =Harvest!H27 -> Closed | J29: =CPUE!H27 -> Closed | K29: =Effort!J27 -> 2076.159 | L29: =Harvest!J27 -> 29519.205 | M29: =CPUE!J27 -> 14.218182 | N29: =Effort!L27 -> 1249.2064 | O29: =Harvest!L27 -> 11707.679 | P29: =CPUE!L27 -> 9.372093 | Q29: =Effort!N27 -> Closed | R29: =Harvest!N27 -> Closed | S29: =CPUE!N27 -> Closed | T29: =+K29+N29 -> 3325.3654 | U29: =+L29+O29 -> 41226.884 | TJ29: +
A30: 42750 | B30: 42750 | C30: -0.4 | D30: 0.86111111 | E30: =Effort!F28 -> Closed | F30: =Harvest!F28 -> Closed | G30: =CPUE!F28 -> Closed | H30: =Effort!H28 -> Closed | I30: =Harvest!H28 -> Closed | J30: =CPUE!H28 -> Closed | K30: =Effort!J28 -> 827.08032 | L30: =Harvest!J28 -> 10379.858 | M30: =CPUE!J28 -> 12.55 | N30: =Effort!L28 -> 789.73839 | O30: =Harvest!L28 -> 6457.2727 | P30: =CPUE!L28 -> 8.1764706 | Q30: =Effort!N28 -> Closed | R30: =Harvest!N28 -> Closed | S30: =CPUE!N28 -> Closed | T30: =+K30+N30 -> 1616.8187 | U30: =+L30+O30 -> 16837.131
A31: Tide Series Totals | K31: =SUM(K28:K30) -> 4263.694 | L31: =SUM(L28:L30) -> 59852.399 | M31: =+L31/K31 -> 14.037686 | N31: =SUM(N28:N30) -> 2567.7861 | O31: =SUM(O28:O30) -> 25706.229 | P31: =+O31/N31 -> 10.011047 | T31: =SUM(T28:T30) -> 6831.4801 | U31: =SUM(U28:U30) -> 85558.628
A32: 42762 | B32: 42762 | C32: -0.5 | D32: 0.76805556 | E32: =Effort!F30 -> Closed | F32: =Harvest!F30 -> Closed | G32: =CPUE!F30 -> Closed | H32: =Effort!H30 -> Closed | I32: =Harvest!H30 -> Closed | J32: =CPUE!H30 -> Closed | K32: =Effort!J30 -> 3378.4057 | L32: =Harvest!J30 -> 41084.52 | M32: =CPUE!J30 -> 12.16092 | N32: =Effort!L30 -> Closed | O32: =Harvest!L30 -> Closed | P32: =CPUE!L30 -> Closed | Q32: =Effort!N30 -> Closed | R32: =Harvest!N30 -> Closed | S32: =CPUE!N30 -> Closed | T32: =+K32 -> 3378.4057 | U32: =+L32 -> 41084.52
A33: 42763 | B33: 42763 | C33: -0.6 | D33: 0.79236111 | E33: =Effort!F31 -> Closed | F33: =Harvest!F31 -> Closed | G33: =CPUE!F31 -> Closed | H33: =Effort!H31 -> Closed | I33: =Harvest!H31 -> Closed | J33: =CPUE!H31 -> Closed | K33: =Effort!J31 -> 5779.776 | L33: =Harvest!J31 -> 60122.957 | M33: =CPUE!J31 -> 10.402299 | N33: =Effort!L31 -> Closed | O33: =Harvest!L31 -> Closed | P33: =CPUE!L31 -> Closed | Q33: =Effort!N31 -> Closed | R33: =Harvest!N31 -> Closed | S33: =CPUE!N31 -> Closed | T33: =+K33 -> 5779.776 | U33: =+L33 -> 60122.957
A34: 42764 | B34: 42764 | C34: -0.5 | D34: 0.81736111 | E34: =Effort!F32 -> Closed | F34: =Harvest!F32 -> Closed | G34: =CPUE!F32 -> Closed | H34: =Effort!H32 -> Closed | I34: =Harvest!H32 -> Closed | J34: =CPUE!H32 -> Closed | K34: =Effort!J32 -> 528.97987 | L34: =Harvest!J32 -> 7517.0823 | M34: =CPUE!J32 -> 14.210526 | N34: =Effort!L32 -> 476.5855 | O34: =Harvest!L32 -> 7038.8012 | P34: =CPUE!L32 -> 14.769231 | Q34: =Effort!N32 -> Closed | R34: =Harvest!N32 -> Closed | S34: =CPUE!N32 -> Closed | T34: =+K34+N34 -> 1005.5654 | U34: =+L34+O34 -> 14555.883
A35: 42765 | B35: 42765 | C35: -0.3 | D35: 0.84236111 | E35: =Effort!F33 -> Closed | F35: =Harvest!F33 -> Closed | G35: =CPUE!F33 -> Closed | H35: =Effort!H33 -> Closed | I35: =Harvest!H33 -> Closed | J35: =CPUE!H33 -> Closed | K35: =Effort!J33 -> 448.87918 | L35: =Harvest!J33 -> 6733.1876 | M35: =CPUE!J33 -> 15 | N35: =Effort!L33 -> 271.73718 | O35: =Harvest!L33 -> 3902.1458 | P35: =CPUE!L33 -> 14.36 | Q35: =Effort!N33 -> Closed | R35: =Harvest!N33 -> Closed | S35: =CPUE!N33 -> Closed | T35: =+K35+N35 -> 720.61635 | U35: =+L35+O35 -> 10635.333
A36: 42766 | B36: =+A36 -> 42766 | C36: 0.2 | D36: 0.86805556 | E36: =Effort!F34 -> Closed | F36: =Harvest!F34 -> Closed | G36: =CPUE!F34 -> Closed | H36: =Effort!H34 -> Closed | I36: =Harvest!H34 -> Closed | J36: =CPUE!H34 -> Closed | K36: =Effort!J34 -> 254.65073 | L36: =Harvest!J34 -> 3819.7609 | M36: =CPUE!J34 -> 15 | N36: =Effort!L34 -> 80.102905 | O36: =Harvest!L34 -> 1201.5436 | P36: =CPUE!L34 -> 15 | Q36: =Effort!N34 -> Closed | R36: =Harvest!N34 -> Closed | S36: =CPUE!N34 -> Closed | T36: =+K36+N36 -> 334.75363 | U36: =+L36+O36 -> 5021.3045
A37: Tide Series Totals | K37: =SUM(K32:K36) -> 10390.691 | L37: =SUM(L32:L36) -> 119277.51 | M37: =+L37/K37 -> 11.479266 | N37: =SUM(N34:N36) -> 828.42558 | O37: =SUM(O34:O36) -> 12142.491 | P37: =+O37/N37 -> 14.65731 | T37: =SUM(T32:T36) -> 11219.117 | U37: =SUM(U32:U36) -> 131420
A38: 42773 | B38: 42773 | C38: -0.1 | D38: 0.66180556 | E38: =Effort!F36 -> Closed | F38: =Harvest!F36 -> Closed | G38: =CPUE!F36 -> Closed | H38: =Effort!H36 -> 734.50074 | I38: =Harvest!H36 -> 10833.886 | J38: =CPUE!H36 -> 14.75 | K38: =Effort!J36 -> 760.1388 | L38: =Harvest!J36 -> 11402.082 | M38: =CPUE!J36 -> 15 | N38: =Effort!L36 -> 537.04028 | O38: =Harvest!L36 -> 7811.4949 | P38: =CPUE!L36 -> 14.545455 | Q38: =Effort!N36 -> Closed | R38: =Harvest!N36 -> Closed | S38: =CPUE!N36 -> Closed | T38: =+H38+K38+N38 -> 2031.6798 | U38: =+I38+L38+O38 -> 30047.463
A39: 42774 | B39: 42774 | C39: -0.6 | D39: 0.69861111 | E39: =Effort!F37 -> Closed | F39: =Harvest!F37 -> Closed | G39: =CPUE!F37 -> Closed | H39: =Effort!H37 -> 581.59425 | I39: =Harvest!H37 -> 8621.2794 | J39: =CPUE!H37 -> 14.823529 | K39: =Effort!J37 -> 552.54403 | L39: =Harvest!J37 -> 7546.1728 | M39: =CPUE!J37 -> 13.657143 | N39: =Effort!L37 -> 458.04235 | O39: =Harvest!L37 -> 6552.5503 | P39: =CPUE!L37 -> 14.305556 | Q39: =Effort!N37 -> Closed | R39: =Harvest!N37 -> Closed | S39: =CPUE!N37 -> Closed | T39: =+H39+K39+N39 -> 1592.1806 | U39: =+I39+L39+O39 -> 22720.002
A40: 42775 | B40: 42775 | C40: -0.9 | D40: 0.73125 | E40: =Effort!F38 -> Closed | F40: =Harvest!F38 -> Closed | G40: =CPUE!F38 -> Closed | H40: =Effort!H38 -> 599.1023 | I40: =Harvest!H38 -> 5333.4717 | J40: =CPUE!H38 -> 8.902439 | K40: =Effort!J38 -> 688.09491 | L40: =Harvest!J38 -> 4994.2372 | M40: =CPUE!J38 -> 7.2580645 | N40: =Effort!L38 -> 549.78152 | O40: =Harvest!L38 -> 978.87929 | P40: =CPUE!L38 -> 1.7804878 | Q40: =Effort!N38 -> Closed | R40: =Harvest!N38 -> Closed | S40: =CPUE!N38 -> Closed | T40: =+H40+K40+N40 -> 1836.9787 | U40: =+I40+L40+O40 -> 11306.588
A41: 42776 | B41: 42776 | C41: -1 | D41: 0.76111111 | E41: =Effort!F39 -> Closed | F41: =Harvest!F39 -> Closed | G41: =CPUE!F39 -> Closed | H41: =Effort!H39 -> 973.02848 | I41: =Harvest!H39 -> 13987.284 | J41: =CPUE!H39 -> 14.375 | K41: =Effort!J39 -> Closed | L41: =Harvest!J39 -> Closed | M41: =CPUE!J39 -> Closed | N41: =Effort!L39 -> 1468.6682 | O41: =Harvest!L39 -> 11802.752 | P41: =CPUE!L39 -> 8.0363636 | Q41: =Effort!N39 -> Closed | R41: =Harvest!N39 -> Closed | S41: =CPUE!N39 -> Closed | T41: =+H41+N41 -> 2441.6967 | U41: =+I41+O41 -> 25790.036
A42: 42777 | B42: 42777 | C42: -0.8 | D42: 0.78958333 | E42: =Effort!F40 -> Closed | F42: =Harvest!F40 -> Closed | G42: =CPUE!F40 -> Closed | H42: =Effort!H40 -> 3616.08 | I42: =Harvest!H40 -> 45902.945 | J42: =CPUE!H40 -> 12.694118 | K42: =Effort!J40 -> Closed | L42: =Harvest!J40 -> Closed | M42: =CPUE!J40 -> Closed | N42: =Effort!L40 -> 4451.6084 | O42: =Harvest!L40 -> 49446.36 | P42: =CPUE!L40 -> 11.107527 | Q42: =Effort!N40 -> Closed | R42: =Harvest!N40 -> Closed | S42: =CPUE!N40 -> Closed | T42: =+H42+N42 -> 8067.6884 | U42: =+I42+O42 -> 95349.305
A43: 42778 | B43: 42778 | C43: -0.5 | D43: 0.81527778 | E43: =Effort!F41 -> Closed | F43: =Harvest!F41 -> Closed | G43: =CPUE!F41 -> Closed | H43: =Effort!H41 -> 1320.6322 | I43: =Harvest!H41 -> 18791.496 | J43: =CPUE!H41 -> 14.229167 | K43: =Effort!J41 -> Closed | L43: =Harvest!J41 -> Closed | M43: =CPUE!J41 -> Closed | N43: =Effort!L41 -> 716.17647 | O43: =Harvest!L41 -> 6302.3529 | P43: =CPUE!L41 -> 8.8 | Q43: =Effort!N41 -> Closed | R43: =Harvest!N41 -> Closed | S43: =CPUE!N41 -> Closed | T43: =+H43+N43 -> 2036.8087 | U43: =+I43+O43 -> 25093.849
A44: Tide Series Totals | H44: =SUM(H38:H43) -> 7824.938 | I44: =SUM(I38:I43) -> 103470.36 | J44: =+I44/H44 -> 13.223154 | K44: =SUM(K38:K43) -> 2000.7777 | L44: =SUM(L38:L43) -> 23942.492 | M44: =+L44/K44 -> 11.966593 | N44: =SUM(N38:N43) -> 8181.3172 | O44: =SUM(O38:O43) -> 82894.389 | P44: =+O44/N44 -> 10.132157 | T44: =SUM(T38:T43) -> 18007.033 | U44: =SUM(U38:U43) -> 210307.24
A45: 42789 | B45: 42789 | C45: 0.3 | D45: 0.69583333 | E45: =Effort!F43 -> Closed | F45: =Harvest!F43 -> Closed | G45: =CPUE!F43 -> Closed | H45: =Effort!H43 -> 2118.2925 | I45: =Harvest!H43 -> 30768.198 | J45: =CPUE!H43 -> 14.525 | K45: =Effort!J43 -> Closed | L45: =Harvest!J43 -> Closed | M45: =CPUE!J43 -> Closed | N45: =Effort!L43 -> Closed | O45: =Harvest!L43 -> Closed | P45: =CPUE!L43 -> Closed | Q45: =Effort!N43 -> Closed | R45: =Harvest!N43 -> Closed | S45: =CPUE!N43 -> Closed | T45: =+H45 -> 2118.2925 | U45: =+I45 -> 30768.198
A46: 42790 | B46: 42790 | C46: -0.1 | D46: 0.72291667 | E46: =Effort!F44 -> Closed | F46: =Harvest!F44 -> Closed | G46: =CPUE!F44 -> Closed | H46: =Effort!H44 -> 2110.9955 | I46: =Harvest!H44 -> 30879.446 | J46: =CPUE!H44 -> 14.627907 | K46: =Effort!J44 -> 2424.5787 | L46: =Harvest!J44 -> 36368.681 | M46: =CPUE!J44 -> 15 | N46: =Effort!L44 -> 1438.6266 | O46: =Harvest!L44 -> 21031.351 | P46: =CPUE!L44 -> 14.619048 | Q46: =Effort!N44 -> Closed | R46: =Harvest!N44 -> Closed | S46: =CPUE!N44 -> Closed | T46: =+H46+K46+N46 -> 5974.2009 | U46: =+I46+L46+O46 -> 88279.478
A47: 42791 | B47: 42791 | C47: -0.3 | D47: 0.74861111 | E47: =Effort!F45 -> Closed | F47: =Harvest!F45 -> Closed | G47: =CPUE!F45 -> Closed | H47: =Effort!H45 -> 4832.7589 | I47: =Harvest!H45 -> 70266.78 | J47: =CPUE!H45 -> 14.539683 | K47: =Effort!J45 -> 8177.9369 | L47: =Harvest!J45 -> 108102.1 | M47: =CPUE!J45 -> 13.21875 | N47: =Effort!L45 -> 4819.975 | O47: =Harvest!L45 -> 66871.304 | P47: =CPUE!L45 -> 13.873786 | Q47: =Effort!N45 -> Closed | R47: =Harvest!N45 -> Closed | S47: =CPUE!N45 -> Closed | T47: =+H47+K47+N47 -> 17830.671 | U47: =+I47+L47+O47 -> 245240.19
A48: 42792 | B48: 42792 | C48: -0.4 | D48: 0.77361111 | E48: =Effort!F46 -> Closed | F48: =Harvest!F46 -> Closed | G48: =CPUE!F46 -> Closed | H48: =Effort!H46 -> 1906 | I48: =Harvest!H46 -> 23539.1 | J48: =CPUE!H46 -> 12.35 | K48: =Effort!J46 -> 1607.6658 | L48: =Harvest!J46 -> 18158.717 | M48: =CPUE!J46 -> 11.295082 | N48: =Effort!L46 -> 783.21915 | O48: =Harvest!L46 -> 10016.961 | P48: =CPUE!L46 -> 12.789474 | Q48: =Effort!N46 -> Closed | R48: =Harvest!N46 -> Closed | S48: =CPUE!N46 -> Closed | T48: =+H48+K48+N48 -> 4296.885 | U48: =+I48+L48+O48 -> 51714.778
A49: 42793 | E49: =Effort!F47 -> Closed | F49: =Harvest!F47 -> Closed | G49: =CPUE!F47 -> Closed | H49: =Effort!H47 -> 714.23923 | I49: =Harvest!H47 -> 4876.5299 | J49: =CPUE!H47 -> 6.8275862 | K49: =Effort!J47 -> Closed | L49: =Harvest!J47 -> Closed | M49: =CPUE!J47 -> Closed | N49: =Effort!L47 -> Closed | O49: =Harvest!L47 -> Closed | P49: =CPUE!L47 -> Closed | Q49: =Effort!N47 -> Closed | R49: =Harvest!N47 -> Closed | S49: =CPUE!N47 -> Closed | T49: =+H49 -> 714.23923 | U49: =+I49 -> 4876.5299
A50: 42794 | E50: =Effort!F48 -> Closed | F50: =Harvest!F48 -> Closed | G50: =CPUE!F48 -> Closed | H50: =Effort!H48 -> 447.007 | I50: =Harvest!H48 -> 5388.9177 | J50: =CPUE!H48 -> 12.055556 | K50: =Effort!J48 -> Closed | L50: =Harvest!J48 -> Closed | M50: =CPUE!J48 -> Closed | N50: =Effort!L48 -> Closed | O50: =Harvest!L48 -> Closed | P50: =CPUE!L48 -> Closed | Q50: =Effort!N48 -> Closed | R50: =Harvest!N48 -> Closed | S50: =CPUE!N48 -> Closed | T50: =+H50 -> 447.007 | U50: =+I50 -> 5388.9177
A51: Tide Series Totals | H51: =SUM(H45:H50) -> 12129.293 | I51: =SUM(I45:I50) -> 165718.97 | J51: =+I51/H51 -> 13.662707 | K51: =SUM(K46:K50) -> 12210.181 | L51: =SUM(L46:L50) -> 162629.5 | M51: =+L51/K51 -> 13.319172 | N51: =SUM(N46:N50) -> 7041.8208 | O51: =SUM(O46:O50) -> 97919.615 | P51: =+O51/N51 -> 13.90544 | T51: =SUM(T45:T50) -> 31381.295 | U51: =SUM(U45:U50) -> 426268.09
A52: 42801 | B52: 42801 | C52: 0.5 | D52: 0.60625 | E52: =Effort!F50 -> Closed | F52: =Harvest!F50 -> Closed | G52: =CPUE!F50 -> Closed | H52: =Effort!H50 -> 392.24613 | I52: =Harvest!H50 -> 5883.692 | J52: =CPUE!H50 -> 15 | K52: =Effort!J50 -> Closed | L52: =Harvest!J50 -> Closed | M52: =CPUE!J50 -> Closed | N52: =Effort!L50 -> Closed | O52: =Harvest!L50 -> Closed | P52: =CPUE!L50 -> Closed | Q52: =Effort!N50 -> Closed | R52: =Harvest!N50 -> Closed | S52: =CPUE!N50 -> Closed | T52: =+H52 -> 392.24613 | U52: =+I52 -> 5883.692
A53: 42802 | B53: 42802 | C53: 0.1 | D53: 0.64930556 | E53: =Effort!F51 -> Closed | F53: =Harvest!F51 -> Closed | G53: =CPUE!F51 -> Closed | H53: =Effort!H51 -> 869.72831 | I53: =Harvest!H51 -> 12598.636 | J53: =CPUE!H51 -> 14.485714 | K53: =Effort!J51 -> Closed | L53: =Harvest!J51 -> Closed | M53: =CPUE!J51 -> Closed | N53: =Effort!L51 -> Closed | O53: =Harvest!L51 -> Closed | P53: =CPUE!L51 -> Closed | Q53: =Effort!N51 -> Closed | R53: =Harvest!N51 -> Closed | S53: =CPUE!N51 -> Closed | T53: =+H53 -> 869.72831 | U53: =+I53 -> 12598.636
A54: 42803 | B54: 42803 | C54: -0.1 | D54: 0.68611111 | E54: =Effort!F52 -> Closed | F54: =Harvest!F52 -> Closed | G54: =CPUE!F52 -> Closed | H54: =Effort!H52 -> 656.1643 | I54: =Harvest!H52 -> 7764.6109 | J54: =CPUE!H52 -> 11.833333 | K54: =Effort!J52 -> Closed | L54: =Harvest!J52 -> Closed | M54: =CPUE!J52 -> Closed | N54: =Effort!L52 -> 571.30106 | O54: =Harvest!L52 -> 7426.9137 | P54: =CPUE!L52 -> 13 | Q54: =Effort!N52 -> Closed | R54: =Harvest!N52 -> Closed | S54: =CPUE!N52 -> Closed | T54: =+H54+N54 -> 1227.4654 | U54: =+I54+O54 -> 15191.525
A55: 42804 | B55: 42804 | C55: -0.3 | D55: 0.71736111 | E55: =Effort!F53 -> Closed | F55: =Harvest!F53 -> Closed | G55: =CPUE!F53 -> Closed | H55: =Effort!H53 -> 2986.423 | I55: =Harvest!H53 -> 44464.52 | J55: =CPUE!H53 -> 14.888889 | K55: =Effort!J53 -> 2564.7808 | L55: =Harvest!J53 -> 36252.19 | M55: =CPUE!J53 -> 14.134615 | N55: =Effort!L53 -> Closed | O55: =Harvest!L53 -> Closed | P55: =CPUE!L53 -> Closed | Q55: =Effort!N53 -> Closed | R55: =Harvest!N53 -> Closed | S55: =CPUE!N53 -> Closed | T55: =+H55+K55 -> 5551.2038 | U55: =+I55+L55 -> 80716.71
A56: 42805 | B56: 42805 | C56: -0.3 | D56: 0.74583333 | E56: =Effort!F54 -> Closed | F56: =Harvest!F54 -> Closed | G56: =CPUE!F54 -> Closed | H56: =Effort!H54 -> 3147.9008 | I56: =Harvest!H54 -> 42966.084 | J56: =CPUE!H54 -> 13.649123 | K56: =Effort!J54 -> Closed | L56: =Harvest!J54 -> Closed | M56: =CPUE!J54 -> Closed | N56: =Effort!L54 -> 2865.1925 | O56: =Harvest!L54 -> 17676.781 | P56: =CPUE!L54 -> 6.1694915 | Q56: =Effort!N54 -> Closed | R56: =Harvest!N54 -> Closed | S56: =CPUE!N54 -> Closed | T56: =+H56+N56 -> 6013.0932 | U56: =+I56+O56 -> 60642.865
A57: 42806 | B57: 42806 | C57: -0.1 | D57: 0.81319444 | E57: =Effort!F55 -> Closed | F57: =Harvest!F55 -> Closed | G57: =CPUE!F55 -> Closed | H57: =Effort!H55 -> 1559.3139 | I57: =Harvest!H55 -> 23389.708 | J57: =CPUE!H55 -> 15 | K57: =Effort!J55 -> 1374.3737 | L57: =Harvest!J55 -> 20615.606 | M57: =CPUE!J55 -> 15 | N57: =Effort!L55 -> Closed | O57: =Harvest!L55 -> Closed | P57: =CPUE!L55 -> Closed | Q57: =Effort!N55 -> Closed | R57: =Harvest!N55 -> Closed | S57: =CPUE!N55 -> Closed | T57: =+H57+K57 -> 2933.6876 | U57: =+I57+L57 -> 44005.314
A58: 42807 | B58: 42807 | C58: 0.3 | D58: 0.8375 | E58: =Effort!F56 -> Closed | F58: =Harvest!F56 -> Closed | G58: =CPUE!F56 -> Closed | H58: =Effort!H56 -> 463.79557 | I58: =Harvest!H56 -> 6956.9335 | J58: =CPUE!H56 -> 15 | K58: =Effort!J56 -> Closed | L58: =Harvest!J56 -> Closed | M58: =CPUE!J56 -> Closed | N58: =Effort!L56 -> Closed | O58: =Harvest!L56 -> Closed | P58: =CPUE!L56 -> Closed | Q58: =Effort!N56 -> Closed | R58: =Harvest!N56 -> Closed | S58: =CPUE!N56 -> Closed | T58: =+H58 -> 463.79557 | U58: =+I58 -> 6956.9335
A59: Tide Series Totals | H59: =SUM(H52:H58) -> 10075.572 | I59: =SUM(I52:I58) -> 144024.18 | J59: =+I59/H59 -> 14.294393 | K59: =SUM(K55:K58) -> 3939.1545 | L59: =SUM(L55:L58) -> 56867.795 | M59: =+L59/K59 -> 14.436549 | N59: =SUM(N54:N58) -> 3436.4935 | O59: =SUM(O54:O58) -> 25103.694 | P59: =+O59/N59 -> 7.3050318 | T59: =SUM(T52:T58) -> 17451.22 | U59: =SUM(U52:U58) -> 225995.67
A60: 42818 | B60: 42818 | C60: 0.5 | D60: 0.70902778 | E60: =Effort!F58 -> Closed | F60: =Harvest!F58 -> Closed | G60: =CPUE!F58 -> Closed | H60: =Effort!H58 -> Closed | I60: =Harvest!H58 -> Closed | J60: =CPUE!H58 -> Closed | K60: =Effort!J58 -> Closed | L60: =Harvest!J58 -> Closed | M60: =CPUE!J58 -> Closed | N60: =Effort!L58 -> 1536.932 | O60: =Harvest!L58 -> 840.96277 | P60: =CPUE!L58 -> 0.54716981 | Q60: =Effort!N58 -> Closed | R60: =Harvest!N58 -> Closed | S60: =CPUE!N58 -> Closed | T60: =+N60 -> 1536.932 | U60: =+O60 -> 840.96277
A61: 42819 | B61: 42819 | C61: 0.2 | D61: 0.73888889 | E61: =Effort!F59 -> Closed | F61: =Harvest!F59 -> Closed | G61: =CPUE!F59 -> Closed | H61: =Effort!H59 -> Closed | I61: =Harvest!H59 -> Closed | J61: =CPUE!H59 -> Closed | K61: =Effort!J59 -> 9039.5451 | L61: =Harvest!J59 -> 81823.469 | M61: =CPUE!J59 -> 9.0517241 | N61: =Effort!L59 -> Closed | O61: =Harvest!L59 -> Closed | P61: =CPUE!L59 -> Closed | Q61: =Effort!N59 -> Closed | R61: =Harvest!N59 -> Closed | S61: =CPUE!N59 -> Closed | T61: =+K61 -> 9039.5451 | U61: =+L61 -> 81823.469
A62: 42820 | B62: 42820 | C62: 0 | D62: 0.76666667 | E62: =Effort!F60 -> Closed | F62: =Harvest!F60 -> Closed | G62: =CPUE!F60 -> Closed | H62: =Effort!H60 -> Closed | I62: =Harvest!H60 -> Closed | J62: =CPUE!H60 -> Closed | K62: =Effort!J60 -> Closed | L62: =Harvest!J60 -> Closed | M62: =CPUE!J60 -> Closed | N62: =Effort!L60 -> 1164.5202 | O62: =Harvest!L60 -> 8567.5415 | P62: =CPUE!L60 -> 7.3571429 | Q62: =Effort!N60 -> Closed | R62: =Harvest!N60 -> Closed | S62: =CPUE!N60 -> Closed | T62: =+N62 -> 1164.5202 | U62: =+O62 -> 8567.5415
A63: Tide Series Totals | K63: =SUM(K61:K62) -> 9039.5451 | L63: =SUM(L61:L62) -> 81823.469 | M63: =+L63/K63 -> 9.0517241 | N63: =SUM(N60:N62) -> 2701.4522 | O63: =SUM(O60:O62) -> 9408.5042 | P63: =+O63/N63 -> 3.482758 | T63: =SUM(T60:T62) -> 11740.997 | U63: =SUM(U60:U62) -> 91231.973
A64: 3 | B64: 42824 | C64: -0.6 | D64: 0.37361111 | E64: =Effort!F62 -> Closed | F64: =Harvest!F62 -> Closed | G64: =CPUE!F62 -> Closed | H64: =Effort!H62 -> Closed | I64: =Harvest!H62 -> Closed | J64: =CPUE!H62 -> Closed | K64: =Effort!J62 -> Closed | L64: =Harvest!J62 -> Closed | M64: =CPUE!J62 -> Closed | N64: =Effort!L62 -> 1290.9016 | O64: =Harvest!L62 -> 11500.759 | P64: =CPUE!L62 -> 8.9090909 | Q64: =Effort!N62 -> Closed | R64: =Harvest!N62 -> Closed | S64: =CPUE!N62 -> Closed | T64: =+N64 -> 1290.9016 | U64: =+O64 -> 11500.759 | TJ64: .
A65: 42825 | B65: 42825 | C65: -0.6 | D65: 0.40763889 | E65: =Effort!F63 -> Closed | F65: =Harvest!F63 -> Closed | G65: =CPUE!F63 -> Closed | H65: =Effort!H63 -> Closed | I65: =Harvest!H63 -> Closed | J65: =CPUE!H63 -> Closed | K65: =Effort!J63 -> 3720.1135 | L65: =Harvest!J63 -> 55801.702 | M65: =CPUE!J63 -> 15 | N65: =Effort!L63 -> Closed | O65: =Harvest!L63 -> Closed | P65: =CPUE!L63 -> Closed | Q65: =Effort!N63 -> Closed | R65: =Harvest!N63 -> Closed | S65: =CPUE!N63 -> Closed | T65: =+K65 -> 3720.1135 | U65: =+L65 -> 55801.702
A66: 42826 | B66: 42826 | C66: -0.5 | D66: 0.44444444 | E66: =Effort!F64 -> Closed | F66: =Harvest!F64 -> Closed | G66: =CPUE!F64 -> Closed | H66: =Effort!H64 -> Closed | I66: =Harvest!H64 -> Closed | J66: =CPUE!H64 -> Closed | K66: =Effort!J64 -> Closed | L66: =Harvest!J64 -> Closed | M66: =CPUE!J64 -> Closed | N66: =Effort!L64 -> 6877.1156 | O66: =Harvest!L64 -> 98845.707 | P66: =CPUE!L64 -> 14.373134 | Q66: =Effort!N64 -> Closed | R66: =Harvest!N64 -> Closed | S66: =CPUE!N64 -> Closed | T66: =+N66 -> 6877.1156 | U66: =+O66 -> 98845.707
A67: 42827 | B67: 42827 | C67: -0.1 | D67: 0.48541667 | E67: =Effort!F65 -> Closed | F67: =Harvest!F65 -> Closed | G67: =CPUE!F65 -> Closed | H67: =Effort!H65 -> Closed | I67: =Harvest!H65 -> Closed | J67: =CPUE!H65 -> Closed | K67: =Effort!J65 -> 6049.8091 | L67: =Harvest!J65 -> 66125.821 | M67: =CPUE!J65 -> 10.930233 | N67: =Effort!L65 -> Closed | O67: =Harvest!L65 -> Closed | P67: =CPUE!L65 -> Closed | Q67: =Effort!N65 -> Closed | R67: =Harvest!N65 -> Closed | S67: =CPUE!N65 -> Closed | T67: =+K67 -> 6049.8091 | U67: =+L67 -> 66125.821
A68: Tide Series Totals | K68: =SUM(K65:K67) -> 9769.9226 | L68: =SUM(L65:L67) -> 121927.52 | M68: =+L68/K68 -> 12.479886 | N68: =SUM(N64:N67) -> 8168.0172 | O68: =SUM(O64:O67) -> 110346.47 | P68: =+O68/N68 -> 13.509578 | T68: =SUM(T64:T67) -> 17937.94 | U68: =SUM(U64:U67) -> 232273.99
A69: 42830 | B69: 42830 | C69: 0.5 | D69: 0.62916667 | E69: =Effort!F67 -> Closed | F69: =Harvest!F67 -> Closed | G69: =CPUE!F67 -> Closed | H69: =Effort!H67 -> 485.84677 | I69: =Harvest!H67 -> 7287.7015 | J69: =CPUE!H67 -> 15 | K69: =Effort!J67 -> Closed | L69: =Harvest!J67 -> Closed | M69: =CPUE!J67 -> Closed | N69: =Effort!L67 -> Closed | O69: =Harvest!L67 -> Closed | P69: =CPUE!L67 -> Closed | Q69: =Effort!N67 -> Closed | R69: =Harvest!N67 -> Closed | S69: =CPUE!N67 -> Closed | T69: =+H69 -> 485.84677 | U69: =+I69 -> 7287.7015
A70: 42831 | B70: 42831 | C70: 0.4 | D70: 0.67222222 | E70: =Effort!F68 -> Closed | F70: =Harvest!F68 -> Closed | G70: =CPUE!F68 -> Closed | H70: =Effort!H68 -> 1098.6479 | I70: =Harvest!H68 -> 10239.399 | J70: =CPUE!H68 -> 9.32 | K70: =Effort!J68 -> Closed | L70: =Harvest!J68 -> Closed | M70: =CPUE!J68 -> Closed | N70: =Effort!L68 -> Closed | O70: =Harvest!L68 -> Closed | P70: =CPUE!L68 -> Closed | Q70: =Effort!N68 -> Closed | R70: =Harvest!N68 -> Closed | S70: =CPUE!N68 -> Closed | T70: =+H70 -> 1098.6479 | U70: =+I70 -> 10239.399
A71: 42832 | B71: 42832 | C71: 0.4 | D71: 0.70902778 | E71: =Effort!F69 -> Closed | F71: =Harvest!F69 -> Closed | G71: =CPUE!F69 -> Closed | H71: =Effort!H69 -> 0 | I71: =Harvest!H69 -> 0 | J71: =CPUE!H69 -> 0 | K71: =Effort!J69 -> Closed | L71: =Harvest!J69 -> Closed | M71: =CPUE!J69 -> Closed | N71: =Effort!L69 -> Closed | O71: =Harvest!L69 -> Closed | P71: =CPUE!L69 -> Closed | Q71: =Effort!N69 -> Closed | R71: =Harvest!N69 -> Closed | S71: =CPUE!N69 -> Closed | T71: =+H71 -> 0 | U71: =+I71 -> 0
A72: 42833 | B72: 42833 | C72: 0.4 | D72: 0.74027778 | E72: =Effort!F70 -> Closed | F72: =Harvest!F70 -> Closed | G72: =CPUE!F70 -> Closed | H72: =Effort!H70 -> 1424.8391 | I72: =Harvest!H70 -> 17054.892 | J72: =CPUE!H70 -> 11.969697 | K72: =Effort!J70 -> Closed | L72: =Harvest!J70 -> Closed | M72: =CPUE!J70 -> Closed | N72: =Effort!L70 -> Closed | O72: =Harvest!L70 -> Closed | P72: =CPUE!L70 -> Closed | Q72: =Effort!N70 -> Closed | R72: =Harvest!N70 -> Closed | S72: =CPUE!N70 -> Closed | T72: =+H72 -> 1424.8391 | U72: =+I72 -> 17054.892
A73: 42834 | B73: 42834 | C73: 0.5 | D73: 0.26736111 | E73: =Effort!F71 -> Closed | F73: =Harvest!F71 -> Closed | G73: =CPUE!F71 -> Closed | H73: =Effort!H71 -> 543.23501 | I73: =Harvest!H71 -> 4798.5759 | J73: =CPUE!H71 -> 8.8333333 | K73: =Effort!J71 -> Closed | L73: =Harvest!J71 -> Closed | M73: =CPUE!J71 -> Closed | N73: =Effort!L71 -> Closed | O73: =Harvest!L71 -> Closed | P73: =CPUE!L71 -> Closed | Q73: =Effort!N71 -> Closed | R73: =Harvest!N71 -> Closed | S73: =CPUE!N71 -> Closed | T73: =+H73 -> 543.23501 | U73: =+I73 -> 4798.5759
A74: Tide Series Totals | H74: =SUM(H69:H73) -> 3552.5688 | I74: =SUM(I69:I73) -> 39380.568 | J74: =+I74/H74 -> 11.085097 | T74: =SUM(T69:T73) -> 3552.5688 | U74: =SUM(U69:U73) -> 39380.568
A75: 42837 | B75: 42837 | C75: 0 | D75: 0.33888889 | E75: =Effort!F73 -> 475.51038 | F75: =Harvest!F73 -> 6549.0748 | G75: =CPUE!F73 -> 13.772727 | H75: =Effort!H73 -> 248.17273 | I75: =Harvest!H73 -> 3447.8283 | J75: =CPUE!H73 -> 13.892857 | K75: =Effort!J73 -> Closed | L75: =Harvest!J73 -> Closed | M75: =CPUE!J73 -> Closed | N75: =Effort!L73 -> Closed | O75: =Harvest!L73 -> Closed | P75: =CPUE!L73 -> Closed | Q75: =Effort!N73 -> Closed | R75: =Harvest!N73 -> Closed | S75: =CPUE!N73 -> Closed | T75: =+E75+H75 -> 723.68311 | U75: =+F75+I75 -> 9996.9031
A76: 42838 | B76: 42838 | C76: 0 | D76: 0.36319444 | E76: =Effort!F74 -> 929.79774 | F76: =Harvest!F74 -> 13606.796 | G76: =CPUE!F74 -> 14.634146 | H76: =Effort!H74 -> 695.82911 | I76: =Harvest!H74 -> 10437.437 | J76: =CPUE!H74 -> 15 | K76: =Effort!J74 -> 785.9123 | L76: =Harvest!J74 -> 8083.6693 | M76: =CPUE!J74 -> 10.285714 | N76: =Effort!L74 -> Closed | O76: =Harvest!L74 -> Closed | P76: =CPUE!L74 -> Closed | Q76: =Effort!N74 -> Closed | R76: =Harvest!N74 -> Closed | S76: =CPUE!N74 -> Closed | T76: =+E76+H76+K76 -> 2411.5391 | U76: =+F76+I76+L76 -> 32127.902
A77: 42839 | B77: 42839 | C77: 0.1 | D77: 0.3875 | E77: =Effort!F75 -> 1721.9106 | F77: =Harvest!F75 -> 25828.659 | G77: =CPUE!F75 -> 15 | H77: =Effort!H75 -> 1167.2895 | I77: =Harvest!H75 -> 16543.31 | J77: =CPUE!H75 -> 14.172414 | K77: =Effort!J75 -> Closed | L77: =Harvest!J75 -> Closed | M77: =CPUE!J75 -> Closed | N77: =Effort!L75 -> 1700.8847 | O77: =Harvest!L75 -> 21229.561 | P77: =CPUE!L75 -> 12.481481 | Q77: =Effort!N75 -> Closed | R77: =Harvest!N75 -> Closed | S77: =CPUE!N75 -> Closed | T77: =+E77+H77+N77 -> 4590.0848 | U77: =+F77+I77+O77 -> 63601.53
A78: 42840 | B78: 42840 | C78: 0.3 | D78: 0.41319444 | E78: =Effort!F76 -> 8162.5023 | F78: =Harvest!F76 -> 116077.14 | G78: =CPUE!F76 -> 14.220779 | H78: =Effort!H76 -> 2222.7107 | I78: =Harvest!H76 -> 31117.95 | J78: =CPUE!H76 -> 14 | K78: =Effort!J76 -> 3489.1314 | L78: =Harvest!J76 -> 45358.708 | M78: =CPUE!J76 -> 13 | N78: =Effort!L76 -> Closed | O78: =Harvest!L76 -> Closed | P78: =CPUE!L76 -> Closed | Q78: =Effort!N76 -> Closed | R78: =Harvest!N76 -> Closed | S78: =CPUE!N76 -> Closed | T78: =+E78+H78+K78 -> 13874.344 | U78: =+F78+I78+L78 -> 192553.8
A79: 42841 | B79: 42841 | C79: 0.5 | D79: 0.44166667 | E79: =Effort!F77 -> 6938.1269 | F79: =Harvest!F77 -> 98665.571 | G79: =CPUE!F77 -> 14.220779 | H79: =Effort!H77 -> 2535.0967 | I79: =Harvest!H77 -> 35829.367 | J79: =CPUE!H77 -> 14.133333 | K79: =Effort!J77 -> Closed | L79: =Harvest!J77 -> Closed | M79: =CPUE!J77 -> Closed | N79: =Effort!L77 -> 3700.209 | O79: =Harvest!L77 -> 42244.052 | P79: =CPUE!L77 -> 11.416667 | Q79: =Effort!N77 -> Closed | R79: =Harvest!N77 -> Closed | S79: =CPUE!N77 -> Closed | T79: =+E79+H79+N79 -> 13173.433 | U79: =+F79+I79+O79 -> 176738.99
A80: Tide Series Totals | E80: =SUM(E75:E79) -> 18227.848 | F80: =SUM(F75:F79) -> 260727.24 | G80: =+F80/E80 -> 14.303786 | H80: =SUM(H75:H79) -> 6869.0988 | I80: =SUM(I75:I79) -> 97375.892 | J80: =+I80/H80 -> 14.175934 | K80: =SUM(K76:K79) -> 4275.0436 | L80: =SUM(L76:L79) -> 53442.377 | M80: =+L80/K80 -> 12.501013 | N80: =SUM(N77:N79) -> 5401.0936 | O80: =SUM(O77:O79) -> 63473.613 | P80: =+O80/N80 -> 11.751993 | T80: =SUM(T75:T79) -> 34773.084 | U80: =SUM(U75:U79) -> 475019.13
A81: 42851 | B81: 42851 | C81: -1.1 | D81: 0.29791667 | E81: =Effort!F79 -> 2083.7471 | F81: =Harvest!F79 -> 48489.359 | G81: =CPUE!F79 -> 23.27027 | H81: =Effort!H79 -> 807.23582 | I81: =Harvest!H79 -> 12108.537 | J81: =CPUE!H79 -> 15 | K81: =Effort!J79 -> Closed | L81: =Harvest!J79 -> Closed | M81: =CPUE!J79 -> Closed | N81: =Effort!L79 -> Closed | O81: =Harvest!L79 -> Closed | P81: =CPUE!L79 -> Closed | Q81: =Effort!N79 -> Closed | R81: =Harvest!N79 -> Closed | S81: =CPUE!N79 -> Closed | T81: =+E81+H81 -> 2890.983 | U81: =+F81+I81 -> 60597.896
A82: 42852 | B82: 42852 | C82: -1.5 | D82: 0.32986111 | E82: =Effort!F80 -> 6785.9938 | F82: =Harvest!F80 -> 169649.85 | G82: =CPUE!F80 -> 25 | H82: =Effort!H80 -> 1414.2665 | I82: =Harvest!H80 -> 21096.142 | J82: =CPUE!H80 -> 14.916667 | K82: =Effort!J80 -> Closed | L82: =Harvest!J80 -> Closed | M82: =CPUE!J80 -> Closed | N82: =Effort!L80 -> 2755.3635 | O82: =Harvest!L80 -> 41270.553 | P82: =CPUE!L80 -> 14.978261 | Q82: =Effort!N80 -> Closed | R82: =Harvest!N80 -> Closed | S82: =CPUE!N80 -> Closed | T82: =+E82+H82+N82 -> 10955.624 | U82: =+F82+I82+O82 -> 232016.54
A83: 42853 | B83: 42853 | C83: -1.8 | D83: 0.3625 | E83: =Effort!F81 -> 11829.402 | F83: =Harvest!F81 -> 285761.24 | G83: =CPUE!F81 -> 24.156863 | H83: =Effort!H81 -> 2048.7105 | I83: =Harvest!H81 -> 30389.206 | J83: =CPUE!H81 -> 14.833333 | K83: =Effort!J81 -> 5685.2909 | L83: =Harvest!J81 -> 85279.364 | M83: =CPUE!J81 -> 15 | N83: =Effort!L81 -> Closed | O83: =Harvest!L81 -> Closed | P83: =CPUE!L81 -> Closed | Q83: =Effort!N81 -> Closed | R83: =Harvest!N81 -> Closed | S83: =CPUE!N81 -> Closed | T83: =+E83+H83+K83 -> 19563.403 | U83: =+F83+I83+L83 -> 401429.81
A84: 42854 | B84: 42854 | C84: -1.7 | D84: 0.39722222 | E84: =Effort!F82 -> 14567.453 | F84: =Harvest!F82 -> 352438.38 | G84: =CPUE!F82 -> 24.193548 | H84: =Effort!H82 -> 4282.4205 | I84: =Harvest!H82 -> 64236.307 | J84: =CPUE!H82 -> 15 | K84: =Effort!J82 -> Closed | L84: =Harvest!J82 -> Closed | M84: =CPUE!J82 -> Closed | N84: =Effort!L82 -> 9302.879 | O84: =Harvest!L82 -> 137921.58 | P84: =CPUE!L82 -> 14.825688 | Q84: =Effort!N82 -> Closed | R84: =Harvest!N82 -> Closed | S84: =CPUE!N82 -> Closed | T84: =+E84+H84+N84 -> 28152.752 | U84: =+F84+I84+O84 -> 554596.27
A85: 42855 | B85: 42855 | C85: -1.3 | D85: 0.43333333 | E85: =Effort!F83 -> 17783.843 | F85: =Harvest!F83 -> 275547.35 | G85: =CPUE!F83 -> 15.494253 | H85: =Effort!H83 -> 4061.38 | I85: =Harvest!H83 -> 60920.7 | J85: =CPUE!H83 -> 15 | K85: =Effort!J83 -> 11270.566 | L85: =Harvest!J83 -> 169058.49 | M85: =CPUE!J83 -> 15 | N85: =Effort!L83 -> Closed | O85: =Harvest!L83 -> Closed | P85: =CPUE!L83 -> Closed | Q85: =Effort!N83 -> Closed | R85: =Harvest!N83 -> Closed | S85: =CPUE!N83 -> Closed | T85: =+E85+H85+K85 -> 33115.789 | U85: =+F85+I85+L85 -> 505526.54
A86: 42856 | B86: 42856 | C86: -0.8 | D86: 0.47222222 | E86: =Effort!F84 -> 6500 | F86: =Harvest!F84 -> 162500 | G86: =CPUE!F84 -> 25 | H86: =Effort!H84 -> Closed | I86: =Harvest!H84 -> Closed | J86: =CPUE!H84 -> Closed | K86: =Effort!J84 -> Closed | L86: =Harvest!J84 -> Closed | M86: =CPUE!J84 -> Closed | N86: =Effort!L84 -> Closed | O86: =Harvest!L84 -> Closed | P86: =CPUE!L84 -> Closed | Q86: =Effort!N84 -> Closed | R86: =Harvest!N84 -> Closed | S86: =CPUE!N84 -> Closed | T86: =+E86 -> 6500 | U86: =+F86 -> 162500
A87: Tide Series Totals | E87: =SUM(E81:E86) -> 59550.438 | F87: =SUM(F81:F86) -> 1294386.2 | G87: =+F87/E87 -> 21.735964 | H87: =SUM(H81:H86) -> 12614.013 | I87: =SUM(I81:I86) -> 188750.89 | J87: =+I87/H87 -> 14.963588 | K87: =SUM(K83:K86) -> 16955.857 | L87: =SUM(L83:L86) -> 254337.85 | M87: =+L87/K87 -> 15 | N87: =SUM(N82:N86) -> 12058.242 | O87: =SUM(O82:O86) -> 179192.14 | P87: =+O87/N87 -> 14.860552 | T87: =SUM(T81:T86) -> 101178.55 | U87: =SUM(U81:U86) -> 1916667.1
A88: 42868 | B88: =+A88 -> 42868 | C88: -0.6 | D88: 0.37083333 | E88: =Effort!F86 -> Closed | F88: =Harvest!F86 -> Closed | G88: =CPUE!F86 -> Closed | H88: =Effort!H86 -> Closed | I88: =Harvest!H86 -> Closed | J88: =CPUE!H86 -> Closed | K88: =Effort!J86 -> Closed | L88: =Harvest!J86 -> Closed | M88: =CPUE!J86 -> Closed | N88: Closed | O88: Closed | P88: Closed | Q88: =Effort!N86 -> Closed | R88: =Harvest!N86 -> Closed | S88: =CPUE!N86 -> Closed | T88: =+N88 -> Closed | U88: =+O88 -> Closed
A89: 42869 | B89: =+A89 -> 42869 | C89: -0.4 | D89: 0.39583333 | E89: =Effort!F87 -> Closed | F89: =Harvest!F87 -> Closed | G89: =CPUE!F87 -> Closed | H89: =Effort!H87 -> Closed | I89: =Harvest!H87 -> Closed | J89: =CPUE!H87 -> Closed | K89: =Effort!J87 -> Closed | L89: =Harvest!J87 -> Closed | M89: =CPUE!J87 -> Closed | N89: Closed | O89: Closed | P89: Closed | Q89: =Effort!N87 -> Closed | R89: =Harvest!N87 -> Closed | S89: =CPUE!N87 -> Closed | T89: =+N89 -> Closed | U89: =+O89 -> Closed
A90: Tide Series Totals | N90: =SUM(N88:N89) -> 0 | O90: =SUM(O88:O89) -> 0 | T90: =SUM(T88:T89) -> 0 | U90: =SUM(U88:U89) -> 0
A93: Tide Series Totals
A94: SEASON SUBTOTALS: | E94: =+E80+E87 -> 77778.286 | F94: =+F80+F87 -> 1555113.4 | G94: =+F94/E94 -> 19.994185 | H94: =+H10+H14+H18+H44+H51+H59+H74+H80+H87 -> 62893.069 | I94: =+I10+I14+I18+I44+I51+I59+I74+I80+I87 -> 834086.36 | J94: =+I94/H94 -> 13.261976 | K94: =+K10+K14+K21+K24+K31+K37+K44+K51+K59+K63+K68+K80+K87 -> 82107.971 | L94: =+L10+L14+L21+L24+L31+L37+L44+L51+L59+L63+L68+L80+L87 -> 1040193.2 | M94: =+L94/K94 -> 12.668602 | N94: =+N10+N14+N21+N24+N31+N37+N44+N51+N59+N63+N68+N80+N87+N90 -> 57957.62 | O94: =+O10+O14+O21+O24+O31+O37+O44+O51+O59+O63+O68+O80+O87+O90 -> 686628.09 | P94: =+O94/N94 -> 11.847072 | Q94: =+Q10+Q14+Q18+Q21+Q24+Q27 -> 637.43538 | R94: =+R10+R14+R18+R21+R24+R27 -> 1410.0684 | S94: =+R94/Q94 -> 2.2120963 | T94: =T10+T14+T18+T21+T24+T27+T31+T37+T44+T51+T59+T63+T68+T74+T80+T87 -> 281374.38 | U94: =U10+U14+U18+U21+U24+U27+U31+U37+U44+U51+U59+U63+U68+U74+U80+U87 -> 4117431.1
A95: WASTAGE | F95: =+Harvest!F98 -> 46653.403 | I95: =+Harvest!H98 -> 33363.454 | L95: =+Harvest!J98 -> 54377.721 | O95: =+Harvest!L98 -> 19454.462 | U95: =F95+I95+L95+O95+R95 -> 153849.04
A96: SEASON TOTALS: | E96: =E94 -> 77778.286 | F96: =F94+F95 -> 1601766.8 | H96: =H94 -> 62893.069 | I96: =I94+I95 -> 867449.82 | K96: =K94 -> 82107.971 | L96: =L94+L95 -> 1094570.9 | N96: =N94 -> 57957.62 | O96: =O94+O95 -> 706082.55 | P96: =+O96/N96 -> 12.182739 | R96: =R94+R95 -> 1410.0684 | T96: =SUM(T94:T95) -> 281374.38 | U96: =SUM(U94:U95) -> 4271280.2
A97: % of TAC Harvested: | F97: =Harvest!F101 -> 0.32718341 | I97: =Harvest!H101 -> 0.45736354 | L97: =Harvest!J101 -> 1.2430234 | O97: =Harvest!L101 -> 0.74962111 | R97: =Harvest!N101 -> 0.0019425421

Sheet Copy Sheet
A1: BeachName | B1: Date | C1: Effort | D1: Harvest | E1: CPUE | F1: EventID | G1: CorrectionFactor
A2: Copalis | B2: 42659 | C2: 307.45388 | D2: 3931.0174 | E2: 12.785714 | F2: 1329 | G2: 0.50356668
A3: Mocrocks | B3: 42659 | C3: 296.48478 | D3: 3976.3841 | E3: 13.411765 | F3: 1328 | G3: 0.56326669
A4: Twin Harbors | B4: 42659 | C4: 554.15388 | D4: 5239.273 | E4: 9.4545455 | F4: 1330 | G4: 0.53109998
A5: Twin Harbors | B5: 42660 | C5: 1012.021 | D5: 14382.965 | E5: 14.212121 | F5: 1331 | G5: 0.38405001
A6: Twin Harbors | B6: 42661 | C6: 677.8631 | D6: 9038.1747 | E6: 13.333333 | F6: 1332 | G6: 0.38405001
A7: Twin Harbors | B7: 42662 | C7: 159.4299 | D7: 2391.4485 | E7: 15 | F7: 1333 | G7: 0.43099999
A9: BeachName | B9: Date | C9: Effort | D9: Harvest | E9: CPUE | F9: EventID | G9: CorrectionFactor
A10: Copalis | B10: 42691 | C10: 698.17739 | D10: 10315.008 | E10: 14.774194 | F10: 1334 | G10: 0.47889999
A11: Copalis | B11: 42692 | C11: 908.09801 | D11: 10774.46 | E11: 11.864865 | F11: 1339 | G11: 0.46496665
A12: Copalis | B12: 42693 | C12: 654.82053 | D12: 261.92821 | E12: 0.4 | F12: 1340 | G12: 0.51429999
A13: Mocrocks | B13: 42691 | C13: 546.07475 | D13: 7736.059 | E13: 14.166667 | F13: 1335 | G13: 0.55113333
A14: Mocrocks | B14: 42692 | C14: 842.59275 | D14: 6406.8845 | E14: 7.6037736 | F14: 1337 | G14: 0.55113333
A15: Mocrocks | B15: 42693 | C15: 595.46802 | D15: 159.50036 | E15: 0.26785714 | F15: 1342 | G15: 0.55075002
A16: Twin Harbors | B16: 42691 | C16: 809.65455 | D16: 10852.816 | E16: 13.404255 | F16: 1336 | G16: 0.52824998
A17: Twin Harbors | B17: 42692 | C17: 895.90365 | D17: 12110.146 | E17: 13.517241 | F17: 1338 | G17: 0.51243335
A18: Twin Harbors | B18: 42693 | C18: 416.48499 | D18: 252.86589 | E18: 0.60714286 | F18: 1341 | G18: 0.47396666
A20: BeachName | B20: Date | C20: Effort | D20: Harvest | E20: CPUE | F20: EventID | G20: CorrectionFactor
A21: Twin Harbors | B21: 42700 | C21: 4386.0819 | D21: 34508.144 | E21: 7.8676471 | F21: 1343 | G21: 0.439475
A22: Twin Harbors | B22: 42701 | C22: 455.99199 | D22: 3289.6565 | E22: 7.2142857 | F22: 1344 | G22: 0.47396666
A24: BeachName | B24: Date | C24: Effort | D24: Harvest | E24: CPUE | F24: EventID | G24: CorrectionFactor
A25: Copalis | B25: 42714 | C25: 1730.2545 | D25: 16813.56 | E25: 9.7173913 | F25: 1345 | G25: 0.46496665
A26: Copalis | B26: 42715 | C26: 961.85558 | D26: 14427.834 | E26: 15 | F26: 1347 | G26: 0.46496665
A27: Mocrocks | B27: 42714 | C27: 1897.7294 | D27: 22186.181 | E27: 11.690909 | F27: 1346 | G27: 0.56365001
A28: Mocrocks | B28: 42715 | C28: 924.39921 | D28: 13865.988 | E28: 15 | F28: 1348 | G28: 0.57010001
A30: BeachName | B30: Date | C30: Effort | D30: Harvest | E30: CPUE | F30: EventID | G30: CorrectionFactor
A31: Copalis | B31: 42734 | C31: 2584.6269 | D31: 33206.837 | E31: 12.847826 | F31: 1349 | G31: 0.47889999
A32: Copalis | B32: 42735 | C32: 1417.8172 | D32: 16361.611 | E32: 11.54 | F32: 1350 | G32: 0.50356668
A33: Mocrocks | B33: 42734 | C33: 1621.0631 | D33: 19052.495 | E33: 11.753086 | F33: 1351 | G33: 0.55113333
A34: Mocrocks | B34: 42735 | C34: 849.15931 | D34: 7057.4573 | E34: 8.3111111 | F34: 1352 | G34: 0.55113333
A36: BeachName | B36: Date | C36: Effort | D36: Harvest | E36: CPUE | F36: EventID | G36: CorrectionFactor
A37: Kalaloch | B37: 42743 | C37: 419.41622 | D37: 43.545946 | E37: 0.10382514 | F37: 1353 | G37: 1
A38: Kalaloch | B38: 42743 | C38: 430 | D38: 68.409091 | E38: 0.15909091 | F38: 1355 | G38: 1
C39: =AVERAGE(C37:C38) -> 424.70811 | D39: =AVERAGE(D37:D38) -> 55.977518 | E39: =+D39/C39 -> 0.13180233
A40: Kalaloch | B40: 42744 | C40: 212.72727 | D40: 1354.0909 | E40: 6.3653846 | F40: 1354 | G40: 1
A42: BeachName | B42: Date | C42: Effort | D42: Harvest | E42: CPUE | F42: EventID | G42: CorrectionFactor
A43: Copalis | B43: 42748 | C43: 1360.4547 | D43: 19953.336 | E43: 14.666667 | F43: 1356 | G43: 0.47889999
A44: Copalis | B44: 42749 | C44: 2076.159 | D44: 29519.205 | E44: 14.218182 | F44: 1357 | G44: 0.50333333
A45: Copalis | B45: 42750 | C45: 827.08032 | D45: 10379.858 | E45: 12.55 | F45: 1358 | G45: 0.495
A46: Mocrocks | B46: 42748 | C46: 528.84133 | D46: 7541.2774 | E46: 14.26 | F46: 1359 | G46: 0.53785002
A47: Mocrocks | B47: 42749 | C47: 1249.2064 | D47: 11707.679 | E47: 9.372093 | F47: 1360 | G47: 0.56326669
A48: Mocrocks | B48: 42750 | C48: 789.73839 | D48: 6457.2727 | E48: 8.1764706 | F48: 1361 | G48: 0.56326669
A50: BeachName | B50: Date | C50: Effort | D50: Harvest | E50: CPUE | F50: EventID | G50: CorrectionFactor
A51: Copalis | B51: 42762 | C51: 3378.4057 | D51: 41084.52 | E51: 12.16092 | F51: 1362 | G51: 0.64770001
A52: Copalis | B52: 42763 | C52: 5779.776 | D52: 60122.957 | E52: 10.402299 | F52: 1363 | G52: 0.52060002
A53: Copalis | B53: 42764 | C53: 528.97987 | D53: 7517.0823 | E53: 14.210526 | F53: 1364 | G53: 0.51223332
A54: Copalis | B54: 42765 | C54: 448.87918 | D54: 6733.1876 | E54: 15 | F54: 1366 | G54: 0.45056668
A55: Copalis | B55: 42766 | C55: 254.65073 | D55: 3819.7609 | E55: 15 | F55: 1368 | G55: 0.54113334
A56: Mocrocks | B56: 42764 | C56: 476.5855 | D56: 7038.8012 | E56: 14.769231 | F56: 1365 | G56: 0.57010001
A57: Mocrocks | B57: 42765 | C57: 271.73718 | D57: 3902.1458 | E57: 14.36 | F57: 1367 | G57: 0.53785002
A58: Mocrocks | B58: 42766 | C58: 80.102905 | D58: 1201.5436 | E58: 15 | F58: 1369 | G58: 0.57010001
A60: BeachName | B60: Date | C60: Effort | D60: Harvest | E60: CPUE | F60: EventID | G60: CorrectionFactor
A61: Copalis | B61: 42773 | C61: 760.1388 | D61: 11402.082 | E61: 15 | F61: 1371 | G61: 0.51223332
A62: Copalis | B62: 42774 | C62: 552.54403 | D62: 7546.1728 | E62: 13.657143 | F62: 1374 | G62: 0.54113334
A63: Mocrocks | B63: 42773 | C63: 537.04028 | D63: 7811.4949 | E63: 14.545455 | F63: 1372 | G63: 0.57010001
A64: Mocrocks | B64: 42774 | C64: 458.04235 | D64: 6552.5503 | E64: 14.305556 | F64: 1375 | G64: 0.56326669
A65: Twin Harbors | B65: 42773 | C65: 734.50074 | D65: 10833.886 | E65: 14.75 | F65: 1370 | G65: 0.52824998
A66: Twin Harbors | B66: 42774 | C66: 581.59425 | D66: 8621.2794 | E66: 14.823529 | F66: 1373 | G66: 0.48980001
A68: BeachName | B68: Date | C68: Effort | D68: Harvest | E68: CPUE | F68: EventID | G68: CorrectionFactor
A69: Copalis | B69: 42775 | C69: 688.09491 | D69: 4994.2372 | E69: 7.2580645 | F69: 1376 | G69: 0.52060002
A70: Mocrocks | B70: 42775 | C70: 549.78152 | D70: 978.87929 | E70: 1.7804878 | F70: 1377 | G70: 0.56996667
A71: Mocrocks | B71: 42776 | C71: 1468.6682 | D71: 11802.752 | E71: 8.0363636 | F71: 1378 | G71: 0.66116667
A72: Mocrocks | B72: 42777 | C72: 4451.6084 | D72: 49446.36 | E72: 11.107527 | F72: 1379 | G72: 0.56996667
A73: Mocrocks | B73: 42778 | C73: 716.17647 | D73: 6302.3529 | E73: 8.8 | F73: 1380 | G73: 0.56996667
A74: Twin Harbors | B74: 42775 | C74: 599.1023 | D74: 5333.4717 | E74: 8.902439 | F74: 1381 | G74: 0.51243335
A75: Twin Harbors | B75: 42776 | C75: 973.02848 | D75: 13987.284 | E75: 14.375 | F75: 1382 | G75: 0.51243335
A76: Twin Harbors | B76: 42777 | C76: 3616.08 | D76: 45902.945 | E76: 12.694118 | F76: 1383 | G76: 0.51243335
A77: Twin Harbors | B77: 42778 | C77: 1320.6322 | D77: 18791.496 | E77: 14.229167 | F77: 1384 | G77: 0.53109998
A79: BeachName | B79: Date | C79: Effort | D79: Harvest | E79: CPUE | F79: EventID | G79: CorrectionFactor
A80: Copalis | B80: 42790 | C80: 2424.5787 | D80: 36368.681 | E80: 15 | F80: 1385 | G80: 0.51223332
A81: Copalis | B81: 42791 | C81: 8177.9369 | D81: 108102.1 | E81: 13.21875 | F81: 1386 | G81: 0.45056668
A82: Copalis | B82: 42792 | C82: 1607.6658 | D82: 18158.717 | E82: 11.295082 | F82: 1387 | G82: 0.51223332
A83: Mocrocks | B83: 42790 | C83: 1438.6266 | D83: 21031.351 | E83: 14.619048 | F83: 1388 | G83: 0.56996667
A84: Mocrocks | B84: 42791 | C84: 4819.975 | D84: 66871.304 | E84: 13.873786 | F84: 1389 | G84: 0.55923331
A85: Mocrocks | B85: 42792 | C85: 783.21915 | D85: 10016.961 | E85: 12.789474 | F85: 1390 | G85: 0.53485
A86: Twin Harbors | B86: 42789 | C86: 2118.2925 | D86: 30768.198 | E86: 14.525 | F86: 1391 | G86: 0.47396666
A87: Twin Harbors | B87: 42790 | C87: 2110.9955 | D87: 30879.446 | E87: 14.627907 | F87: 1392 | G87: 0.52824998
A88: Twin Harbors | B88: 42791 | C88: 4832.7589 | D88: 70266.78 | E88: 14.539683 | F88: 1393 | G88: 0.439475
A89: Twin Harbors | B89: 42792 | C89: 1906 | D89: 23539.1 | E89: 12.35 | F89: 1394 | G89: 0.5
A90: Twin Harbors | B90: 42793 | C90: 714.23923 | D90: 4876.5299 | E90: 6.8275862 | F90: 1395 | G90: 0.51243335
A91: Twin Harbors | B91: 42794 | C91: 447.007 | D91: 5388.9177 | E91: 12.055556 | F91: 1396 | G91: 0.53109998
A93: BeachName | B93: Date | C93: Effort | D93: Harvest | E93: CPUE | F93: EventID | G93: CorrectionFactor
A94: Copalis | B94: 42804 | C94: 2564.7808 | D94: 36252.19 | E94: 14.134615 | F94: 1400 | G94: 0.47435001
A95: Copalis | B95: 42806 | C95: 1374.3737 | D95: 20615.606 | E95: 15 | F95: 1401 | G95: 0.51223332
A96: Mocrocks | B96: 42803 | C96: 571.30106 | D96: 7426.9137 | E96: 13 | F96: 1398 | G96: 0.56012499
A97: Mocrocks | B97: 42805 | C97: 2865.1925 | D97: 17676.781 | E97: 6.1694915 | F97: 1399 | G97: 0.56012499
A98: Twin Harbors | B98: 42801 | C98: 392.24613 | D98: 5883.692 | E98: 15 | F98: 1402 | G98: 0.51243335
A99: Twin Harbors | B99: 42802 | C99: 869.72831 | D99: 12598.636 | E99: 14.485714 | F99: 1403 | G99: 0.47396666
A100: Twin Harbors | B100: 42803 | C100: 656.1643 | D100: 7764.6109 | E100: 11.833333 | F100: 1404 | G100: 0.47396666
A101: Twin Harbors | B101: 42804 | C101: 2986.423 | D101: 44464.52 | E101: 14.888889 | F101: 1405 | G101: 0.37727499
A102: Twin Harbors | B102: 42805 | C102: 3147.9008 | D102: 42966.084 | E102: 13.649123 | F102: 1406 | G102: 0.47396666
A103: Twin Harbors | B103: 42806 | C103: 1559.3139 | D103: 23389.708 | E103: 15 | F103: 1407 | G103: 0.51243335
A104: Twin Harbors | B104: 42807 | C104: 463.79557 | D104: 6956.9335 | E104: 15 | F104: 1408 | G104: 0.52824998
A106: BeachName | B106: Date | C106: Effort | D106: Harvest | E106: CPUE | F106: EventID | G106: CorrectionFactor
A107: Copalis | B107: 42819 | C107: 9039.5451 | D107: 81823.469 | E107: 9.0517241 | F107: 1410 | G107: 0.43669999
A108: Mocrocks | B108: 42818 | C108: 1536.932 | D108: 840.96277 | E108: 0.54716981 | F108: 1409 | G108: 0.56996667
A109: Mocrocks | B109: 42820 | C109: 1164.5202 | D109: 8567.5415 | E109: 7.3571429 | F109: 1411 | G109: 0.56996667
A111: BeachName | B111: Date | C111: Effort | D111: Harvest | E111: CPUE | F111: EventID | G111: CorrectionFactor
A112: Copalis | B112: 42825 | C112: 3720.1135 | D112: 55801.702 | E112: 15 | F112: 1413 | G112: 0.56676668
A113: Copalis | B113: 42827 | C113: 6049.8091 | D113: 66125.821 | E113: 10.930233 | F113: 1415 | G113: 0.558725
...

Sheet Tide Info
A1: TideDate | B1: TideDate | C1: TideHeight | D1: TideTime | E1: Sunrise | F1: Sunset

Sheet Tribal update
A1: 2016-2017 State (non-Indian) Recreational Razor Clam Effort, Harvest and CPUE totals.
E2: COPALIS | I2: MOCROCKS | M2: KALALOCH | Q2: DAILY TOTALS
A3: DATE | B3: DAY | C3: TIDE | D3: TIME | E3: Effort | F3: Harvest | G3: CPUE | H3: Size (mm) | I3: Effort | J3: Harvest | K3: CPUE | L3: Size (mm) | M3: Effort | N3: Harvest | O3: CPUE | P3: Size (mm) | Q3: Effort | R3: Harvest
A4: 42659 | B4: 42659 | C4: -1.1 | D4: 0.81111111 | E4: 307.45388 | F4: 3931.0174 | G4: 12.785714 | I4: 296.48478 | J4: 3976.3841 | K4: 13.411765 | M4: CLOSED | N4: CLOSED | O4: CLOSED | Q4: =+E4+I4 -> 603.93865 | R4: =+F4+J4 -> 7907.4015
A5: Tide Series Totals | E5: =SUM(E4) -> 307.45388 | F5: =SUM(F4) -> 3931.0174 | G5: =+F5/E5 -> 12.785714 | I5: =SUM(I4) -> 296.48478 | J5: =SUM(J4) -> 3976.3841 | K5: =+J5/I5 -> 13.411765 | Q5: =SUM(Q4) -> 603.93865 | R5: =SUM(R4) -> 7907.4015
A6: 42691 | B6: 42691 | C6: -1.3 | D6: 0.85902778 | E6: 698.17739 | F6: 10315.008 | G6: 14.774194 | I6: 546.07475 | J6: 7736.059 | K6: 14.166667 | M6: CLOSED | N6: CLOSED | O6: CLOSED | Q6: =+E6+I6 -> 1244.2521 | R6: =+F6+J6 -> 18051.067
A7: 42692 | B7: 42692 | C7: -0.8 | D7: 0.89444444 | E7: 908.09801 | F7: 10774.46 | G7: 11.864865 | I7: 842.59275 | J7: 6406.8845 | K7: 7.6037736 | M7: CLOSED | N7: CLOSED | O7: CLOSED | Q7: =+E7+I7 -> 1750.6908 | R7: =+F7+J7 -> 17181.345
A8: 42693 | B8: 42693 | C8: -0.1 | D8: 0.93194444 | E8: 654.82053 | F8: 261.92821 | G8: 0.4 | I8: 595.46802 | J8: 159.50036 | K8: 0.26785714 | M8: CLOSED | N8: CLOSED | O8: CLOSED | Q8: =+E8+I8 -> 1250.2886 | R8: =+F8+J8 -> 421.42858
A9: Tide Series Totals | E9: =SUM(E6:E8) -> 2261.0959 | F9: =SUM(F6:F8) -> 21351.396 | G9: =+F9/E9 -> 9.4429413 | I9: =SUM(I6:I8) -> 1984.1355 | J9: =SUM(J6:J8) -> 14302.444 | K9: =+J9/I9 -> 7.2084007 | Q9: =SUM(Q6:Q8) -> 4245.2315 | R9: =SUM(R6:R8) -> 35653.84
A10: 42714 | B10: 42714 | C10: 0.5 | D10: 0.64444444 | E10: 1730.2545 | F10: 16813.56 | G10: 9.7173913 | I10: 1897.7294 | J10: 22186.181 | K10: 11.690909 | M10: CLOSED | N10: CLOSED | O10: CLOSED | Q10: =+E10+I10 -> 3627.9838 | R10: =+F10+J10 -> 38999.741
A11: 42715 | B11: 42715 | C11: -0.5 | D11: 0.68125 | E11: 961.85558 | F11: 14427.834 | G11: 15 | I11: 924.39921 | J11: 13865.988 | K11: 15 | M11: CLOSED | N11: CLOSED | O11: CLOSED | Q11: =+E11+I11 -> 1886.2548 | R11: =+F11+J11 -> 28293.822
A12: Tide Series Totals | E12: =SUM(E10:E11) -> 2692.1101 | F12: =SUM(F10:F11) -> 31241.393 | G12: =+F12/E12 -> 11.604798 | I12: =SUM(I10:I11) -> 2822.1286 | J12: =SUM(J10:J11) -> 36052.17 | K12: =+J12/I12 -> 12.774815 | Q12: =SUM(Q10:Q11) -> 5514.2386 | R12: =SUM(R10:R11) -> 67293.563
A13: 42734 | B13: 42734 | C13: -0.4 | D13: 0.80694444 | E13: 2584.6269 | F13: 33206.837 | G13: 12.847826 | I13: 1621.0631 | J13: 19052.495 | K13: 11.753086 | M13: CLOSED | N13: CLOSED | O13: CLOSED | Q13: =+E13+I13 -> 4205.69 | R13: =+F13+J13 -> 52259.332
A14: 42735 | B14: 42735 | C14: -0.4 | D14: 0.83125 | E14: 1417.8172 | F14: 16361.611 | G14: 11.54 | I14: 849.15931 | J14: 7057.4573 | K14: 8.3111111 | M14: CLOSED | N14: CLOSED | O14: CLOSED | Q14: =+E14+I14 -> 2266.9765 | R14: =+F14+J14 -> 23419.068
A15: Tide Series Totals | E15: =SUM(E13:E14) -> 4002.4441 | F15: =SUM(F13:F14) -> 49568.448 | G15: =+F15/E15 -> 12.384545 | I15: =SUM(I13:I14) -> 2470.2224 | J15: =SUM(J13:J14) -> 26109.952 | K15: =+J15/I15 -> 10.569879 | Q15: =SUM(Q13:Q14) -> 6472.6665 | R15: =SUM(R13:R14) -> 75678.4
A16: 42743 | B16: 42743 | C16: 0.4 | D16: 0.63263889 | E16: CLOSED | F16: CLOSED | G16: CLOSED | I16: CLOSED | J16: CLOSED | K16: CLOSED | M16: 424.70811 | N16: 55.977518 | O16: 0.13180233 | Q16: =+M16 -> 424.70811 | R16: =+N16 -> 55.977518
A17: 42744 | B17: 42744 | C17: -0.4 | D17: 0.67222222 | E17: CLOSED | F17: CLOSED | G17: CLOSED | I17: CLOSED | J17: CLOSED | K17: CLOSED | M17: 212.72727 | N17: 1354.0909 | O17: 6.3653846 | Q17: =+M17 -> 212.72727 | R17: =+N17 -> 1354.0909
A18: Tide Series Totals | M18: =SUM(M16:M17) -> 637.43538 | N18: =SUM(N16:N17) -> 1410.0684 | O18: =+N18/M18 -> 2.2120963 | Q18: =SUM(Q16:Q17) -> 637.43538 | R18: =SUM(R16:R17) -> 1410.0684
A19: 42748 | B19: 42748 | C19: -1.4 | D19: 0.80347222 | E19: 1360.4547 | F19: 19953.336 | G19: 14.666667 | I19: 528.84133 | J19: 7541.2774 | K19: 14.26 | M19: CLOSED | N19: CLOSED | O19: CLOSED | Q19: =+E19+I19 -> 1889.296 | R19: =+F19+J19 -> 27494.613
A20: 42749 | B20: 42749 | C20: -1 | D20: 0.83263889 | E20: 2076.159 | F20: 29519.205 | G20: 14.218182 | I20: 1249.2064 | J20: 11707.679 | K20: 9.372093 | M20: CLOSED | N20: CLOSED | O20: CLOSED | Q20: =+E20+I20 -> 3325.3654 | R20: =+F20+J20 -> 41226.884
A21: 42750 | B21: 42750 | C21: -0.4 | D21: 0.86111111 | E21: 827.08032 | F21: 10379.858 | G21: 12.55 | I21: 789.73839 | J21: 6457.2727 | K21: 8.1764706 | M21: CLOSED | N21: CLOSED | O21: CLOSED | Q21: =+E21+I21 -> 1616.8187 | R21: =+F21+J21 -> 16837.131
A22: Tide Series Totals | E22: =SUM(E19:E21) -> 4263.694 | F22: =SUM(F19:F21) -> 59852.399 | G22: =+F22/E22 -> 14.037686 | I22: =SUM(I19:I21) -> 2567.7861 | J22: =SUM(J19:J21) -> 25706.229 | K22: =+J22/I22 -> 10.011047 | Q22: =SUM(Q19:Q21) -> 6831.4801 | R22: =SUM(R19:R21) -> 85558.628
A23: 42762 | B23: 42762 | C23: -0.5 | D23: 0.76805556 | E23: 3378.4057 | F23: 41084.52 | G23: 12.16092 | I23: Closed | J23: Closed | K23: Closed | M23: CLOSED | N23: CLOSED | O23: CLOSED | Q23: =+E23 -> 3378.4057 | R23: =+F23 -> 41084.52
A24: 42763 | B24: 42763 | C24: -0.6 | D24: 0.79236111 | E24: 5779.776 | F24: 60122.957 | G24: 10.402299 | I24: Closed | J24: Closed | K24: Closed | M24: CLOSED | N24: CLOSED | O24: CLOSED | Q24: =+E24 -> 5779.776 | R24: =+F24 -> 60122.957
A25: 42764 | B25: 42764 | C25: -0.5 | D25: 0.81736111 | E25: 528.97987 | F25: 7517.0823 | G25: 14.210526 | I25: 476.5855 | J25: 7038.8012 | K25: 14.769231 | M25: CLOSED | N25: CLOSED | O25: CLOSED | Q25: =+E25+I25 -> 1005.5654 | R25: =+F25+J25 -> 14555.883
A26: 42765 | B26: 42765 | C26: -0.3 | D26: 0.84236111 | E26: 448.87918 | F26: 6733.1876 | G26: 15 | I26: 271.73718 | J26: 3902.1458 | K26: 14.36 | M26: CLOSED | N26: CLOSED | O26: CLOSED | Q26: =+E26+I26 -> 720.61635 | R26: =+F26+J26 -> 10635.333
A27: 42766 | B27: =+A27 -> 42766 | C27: 0.2 | D27: 0.86805556 | E27: 254.65073 | F27: 3819.7609 | G27: 15 | I27: 80.102905 | J27: 1201.5436 | K27: 15 | M27: CLOSED | N27: CLOSED | O27: CLOSED | Q27: =+E27+I27 -> 334.75363 | R27: =+F27+J27 -> 5021.3045
A28: Tide Series Totals | E28: =SUM(E23:E27) -> 10390.691 | F28: =SUM(F23:F27) -> 119277.51 | G28: =+F28/E28 -> 11.479266 | I28: =SUM(I25:I27) -> 828.42558 | J28: =SUM(J25:J27) -> 12142.491 | K28: =+J28/I28 -> 14.65731 | Q28: =SUM(Q23:Q27) -> 11219.117 | R28: =SUM(R23:R27) -> 131420
A29: 42773 | B29: 42773 | C29: -0.1 | D29: 0.66180556 | E29: 760.1388 | F29: 11402.082 | G29: 15 | I29: 537.04028 | J29: 7811.4949 | K29: 14.545455 | M29: Closed | N29: Closed | O29: Closed | Q29: =+E29+I29 -> 1297.1791 | R29: =+F29+J29 -> 19213.577
A30: 42774 | B30: 42774 | C30: -0.6 | D30: 0.69861111 | E30: 552.54403 | F30: 7546.1728 | G30: 13.657143 | I30: 458.04235 | J30: 6552.5503 | K30: 14.305556 | M30: Closed | N30: Closed | O30: Closed | Q30: =+E30+I30 -> 1010.5864 | R30: =+F30+J30 -> 14098.723
A31: 42775 | B31: 42775 | C31: -0.9 | D31: 0.73125 | E31: 688.09491 | F31: 4994.2372 | G31: 7.2580645 | I31: 549.78152 | J31: 978.87929 | K31: 1.7804878 | M31: Closed | N31: Closed | O31: Closed | Q31: =+E31+I31 -> 1237.8764 | R31: =+F31+J31 -> 5973.1165
A32: 42776 | B32: 42776 | C32: -1 | D32: 0.76111111 | E32: Closed | F32: Closed | G32: Closed | I32: 1468.6682 | J32: 11802.752 | K32: 8.0363636 | M32: Closed | N32: Closed | O32: Closed | Q32: =+I32 -> 1468.6682 | R32: =+J32 -> 11802.752
A33: 42777 | B33: 42777 | C33: -0.8 | D33: 0.78958333 | E33: Closed | F33: Closed | G33: Closed | I33: 4451.6084 | J33: 49446.36 | K33: 11.107527 | M33: Closed | N33: Closed | O33: Closed | Q33: =+I33 -> 4451.6084 | R33: =+J33 -> 49446.36
A34: 42778 | B34: 42778 | C34: -0.5 | D34: 0.81527778 | E34: Closed | F34: Closed | G34: Closed | I34: 716.17647 | J34: 6302.3529 | K34: 8.8 | M34: Closed | N34: Closed | O34: Closed | Q34: =+I34 -> 716.17647 | R34: =+J34 -> 6302.3529
A35: Tide Series Totals | E35: =SUM(E29:E34) -> 2000.7777 | F35: =SUM(F29:F34) -> 23942.492 | G35: =+F35/E35 -> 11.966593 | I35: =SUM(I29:I34) -> 8181.3172 | J35: =SUM(J29:J34) -> 82894.389 | K35: =+J35/I35 -> 10.132157 | Q35: =SUM(Q29:Q34) -> 10182.095 | R35: =SUM(R29:R34) -> 106836.88
A36: 42790 | B36: 42790 | C36: -0.1 | D36: 0.72291667 | E36: 2424.5787 | F36: 36368.681 | G36: 15 | I36: 1438.6266 | J36: 21031.351 | K36: 14.619048 | M36: Closed | N36: Closed | O36: Closed | Q36: =+E36+I36 -> 3863.2053 | R36: =+F36+J36 -> 57400.032
A37: 42791 | B37: 42791 | C37: -0.3 | D37: 0.74861111 | E37: 8177.9369 | F37: 108102.1 | G37: 13.21875 | I37: 4819.975 | J37: 66871.304 | K37: 13.873786 | M37: Closed | N37: Closed | O37: Closed | Q37: =+E37+I37 -> 12997.912 | R37: =+F37+J37 -> 174973.41
A38: 42792 | B38: 42792 | C38: -0.4 | D38: 0.77361111 | E38: 1607.6658 | F38: 18158.717 | G38: 11.295082 | I38: 783.21915 | J38: 10016.961 | K38: 12.789474 | M38: Closed | N38: Closed | O38: Closed | Q38: =+E38+I38 -> 2390.885 | R38: =+F38+J38 -> 28175.678
A39: Tide Series Totals | E39: =SUM(E36:E38) -> 12210.181 | F39: =SUM(F36:F38) -> 162629.5 | G39: =+F39/E39 -> 13.319172 | I39: =SUM(I36:I38) -> 7041.8208 | J39: =SUM(J36:J38) -> 97919.615 | K39: =+J39/I39 -> 13.90544 | Q39: =SUM(Q36:Q38) -> 19252.002 | R39: =SUM(R36:R38) -> 260549.12
A40: 42803 | B40: 42803 | C40: -0.1 | D40: 0.68611111 | E40: Closed | F40: Closed | G40: Closed | I40: 571.30106 | J40: 7426.9137 | K40: 13 | M40: Closed | N40: Closed | O40: Closed | Q40: =+I40 -> 571.30106 | R40: =+J40 -> 7426.9137
A41: 42804 | B41: 42804 | C41: -0.3 | D41: 0.71736111 | E41: 2564.7808 | F41: 36252.19 | G41: 14.134615 | I41: Closed | J41: Closed | K41: Closed | M41: Closed | N41: Closed | O41: Closed | Q41: =+E41 -> 2564.7808 | R41: =+F41 -> 36252.19
A42: 42805 | B42: 42805 | C42: -0.3 | D42: 0.74583333 | E42: Closed | F42: Closed | G42: Closed | I42: 2865.1925 | J42: 17676.781 | K42: 6.1694915 | M42: Closed | N42: Closed | O42: Closed | Q42: =+I42 -> 2865.1925 | R42: =+J42 -> 17676.781
A43: 42806 | B43: 42806 | C43: -0.1 | D43: 0.81319444 | E43: 1374.3737 | F43: 20615.606 | G43: 15 | I43: Closed | J43: Closed | K43: Closed | Q43: =+E43 -> 1374.3737 | R43: =+F43 -> 20615.606
A44: Tide Series Totals | E44: =SUM(E41:E43) -> 3939.1545 | F44: =SUM(F41:F43) -> 56867.795 | G44: =+F44/E44 -> 14.436549 | I44: =SUM(I40:I42) -> 3436.4935 | J44: =SUM(J40:J42) -> 25103.694 | K44: =+J44/I44 -> 7.3050318 | Q44: =SUM(Q40:Q43) -> 7375.648 | R44: =SUM(R40:R43) -> 81971.49
A45: 42818 | B45: 42818 | C45: 0.5 | D45: 0.70902778 | E45: Closed | F45: Closed | G45: Closed | I45: 1536.932 | J45: 840.96277 | K45: 0.54716981 | M45: Closed | N45: Closed | O45: Closed | Q45: =+I45 -> 1536.932 | R45: =+J45 -> 840.96277
A46: 42819 | B46: 42819 | C46: 0.2 | D46: 0.73888889 | E46: 9039.5451 | F46: 81823.469 | G46: 9.0517241 | I46: Closed | J46: Closed | K46: Closed | M46: Closed | N46: Closed | O46: Closed | Q46: =+E46 -> 9039.5451 | R46: =+F46 -> 81823.469
A47: 42820 | B47: 42820 | C47: 0 | D47: 0.76666667 | E47: Closed | F47: Closed | G47: Closed | I47: 1164.5202 | J47: 8567.5415 | K47: 7.3571429 | M47: Closed | N47: Closed | O47: Closed | Q47: =+I47 -> 1164.5202 | R47: =+J47 -> 8567.5415
A48: Tide Series Totals | E48: =SUM(E46:E47) -> 9039.5451 | F48: =SUM(F46:F47) -> 81823.469 | G48: =+F48/E48 -> 9.0517241 | I48: =SUM(I45:I47) -> 2701.4522 | J48: =SUM(J45:J47) -> 9408.5042 | K48: =+J48/I48 -> 3.482758 | Q48: =SUM(Q45:Q47) -> 11740.997 | R48: =SUM(R45:R47) -> 91231.973
A49: 42824 | B49: =+A49 -> 42824 | C49: -0.6 | D49: 0.37361111 | E49: Closed | F49: Closed | G49: Closed | I49: 1290.9016 | J49: 11500.759 | K49: 8.9090909 | M49: Closed | N49: Closed | O49: Closed | Q49: =+I49 -> 1290.9016 | R49: =+J49 -> 11500.759
A50: 42825 | B50: =+A50 -> 42825 | C50: -0.6 | D50: 0.40763889 | E50: 3720.1135 | F50: 55801.702 | G50: 15 | I50: Closed | J50: Closed | K50: Closed | M50: Closed | N50: Closed | O50: Closed | Q50: =+E50 -> 3720.1135 | R50: =+F50 -> 55801.702
A51: 42826 | B51: =+A51 -> 42826 | C51: -0.5 | D51: 0.44444444 | E51: Closed | F51: Closed | G51: Closed | I51: 6877.1156 | J51: 98845.707 | K51: 14.373134 | M51: Closed | N51: Closed | O51: Closed | Q51: =+I51 -> 6877.1156 | R51: =+J51 -> 98845.707
A52: 42827 | B52: =+A52 -> 42827 | C52: -0.1 | D52: 0.48541667 | E52: 6049.8091 | F52: 66125.821 | G52: 10.930233 | I52: Closed | J52: Closed | K52: Closed | M52: Closed | N52: Closed | O52: Closed | Q52: =+E52 -> 6049.8091 | R52: =+F52 -> 66125.821
A53: Tide Series Totals | E53: =SUM(E50:E52) -> 9769.9226 | F53: =SUM(F50:F52) -> 121927.52 | G53: =+F53/E53 -> 12.479886 | I53: =SUM(I49:I52) -> 8168.0172 | J53: =SUM(J49:J52) -> 110346.47 | K53: =+J53/I53 -> 13.509578 | Q53: =SUM(Q49:Q52) -> 17937.94 | R53: =SUM(R49:R52) -> 232273.99
A54: 42838 | B54: =+A54 -> 42838 | C54: 0 | D54: 0.36319444 | E54: 785.9123 | F54: 8083.6693 | G54: 10.285714 | I54: Closed | J54: Closed | K54: Closed | M54: Closed | N54: Closed | O54: Closed | Q54: =+E54 -> 785.9123 | R54: =+F54 -> 8083.6693
A55: 42839 | B55: =+A55 -> 42839 | C55: 0.1 | D55: 0.3875 | E55: Closed | F55: Closed | G55: Closed | I55: 1700.8847 | J55: 21229.561 | K55: 12.481481 | M55: Closed | N55: Closed | O55: Closed | Q55: =+I55 -> 1700.8847 | R55: =+J55 -> 21229.561
A56: 42840 | B56: =+A56 -> 42840 | C56: 0.3 | D56: 0.41319444 | E56: 3489.1314 | F56: 45358.708 | G56: 13 | I56: Closed | J56: Closed | K56: Closed | M56: Closed | N56: Closed | O56: Closed | Q56: =+E56 -> 3489.1314 | R56: =+F56 -> 45358.708
A57: 42841 | B57: =+A57 -> 42841 | C57: 0.5 | D57: 0.44166667 | E57: Closed | F57: Closed | G57: Closed | I57: 3700.209 | J57: 42244.052 | K57: 11.416667 | M57: Closed | N57: Closed | O57: Closed | Q57: =+I57 -> 3700.209 | R57: =+J57 -> 42244.052
A58: Tide Series Totals | E58: =SUM(E54:E57) -> 4275.0436 | F58: =SUM(F54:F57) -> 53442.377 | G58: =+F58/E58 -> 12.501013 | I58: =SUM(I55:I57) -> 5401.0936 | J58: =SUM(J55:J57) -> 63473.613 | K58: =+J58/I58 -> 11.751993 | Q58: =SUM(Q54:Q57) -> 9676.1373 | R58: =SUM(R54:R57) -> 116915.99
A59: 42852 | B59: =+A59 -> 42852 | C59: -1.5 | D59: 0.32986111 | E59: Closed | F59: Closed | G59: Closed | I59: 2755.3635 | J59: 41270.553 | K59: 14.978261 | M59: Closed | N59: Closed | O59: Closed | Q59: =+I59 -> 2755.3635 | R59: =+J59 -> 41270.553
A60: 42853 | B60: =+A60 -> 42853 | C60: -1.8 | D60: 0.3625 | E60: 5685.2909 | F60: 85279.364 | G60: 15 | I60: Closed | J60: Closed | K60: Closed | M60: Closed | N60: Closed | O60: Closed | Q60: =+E60 -> 5685.2909 | R60: =+F60 -> 85279.364
A61: 42854 | B61: =+A61 -> 42854 | C61: -1.7 | D61: 0.39722222 | E61: Closed | F61: Closed | G61: Closed | I61: 9302.879 | J61: 137921.58 | K61: 14.825688 | M61: Closed | N61: Closed | O61: Closed | Q61: =+I61 -> 9302.879 | R61: =+J61 -> 137921.58
A62: 42855 | B62: =+A62 -> 42855 | C62: -1.3 | D62: 0.43333333 | E62: 11270.566 | F62: 169058.49 | G62: 15 | I62: Closed | J62: Closed | K62: Closed | M62: Closed | N62: Closed | O62: Closed | Q62: =+E62 -> 11270.566 | R62: =+F62 -> 169058.49
A63: Tide Series Totals | E63: =SUM(E60:E62) -> 16955.857 | F63: =SUM(F60:F62) -> 254337.85 | G63: =+F63/E63 -> 15 | I63: =SUM(I59:I62) -> 12058.242 | J63: =SUM(J59:J62) -> 179192.14 | K63: =+J63/I63 -> 14.860552 | Q63: =SUM(Q59:Q62) -> 29014.099 | R63: =SUM(R59:R62) -> 433529.99
A66: Tide Series Totals
A72: SEASON SUBTOTALS: | E72: =+E5+E9+E12+E15+E22+E28+E35+E39+E44+E48+E53+E58+E63 -> 82107.971 | F72: =+F5+F9+F12+F15+F22+F28+F35+F39+F44+F48+F53+F58+F63 -> 1040193.2 | G72: =+F72/E72 -> 12.668602 | I72: =+I5+I9+I12+I15+I22+I28+I35+I39+I44+I48+I53+I58+I63 -> 57957.62 | J72: =+J5+J9+J12+J15+J22+J28+J35+J39+J44+J48+J53+J58+J63 -> 686628.09 | K72: =+J72/I72 -> 11.847072 | M72: =+M18 -> 637.43538 | N72: =+N18 -> 1410.0684 | O72: =+N72/M72 -> 2.2120963 | Q72: =+Q5+Q9+Q12+Q15+Q18+Q22+Q28+Q35+Q39+Q44+Q48+Q53+Q58+Q63 -> 140703.03 | R72: =+R5+R9+R12+R15+R18+R22+R28+R35+R39+R44+R48+R53+R58+R63 -> 1728231.3
A73: WASTAGE | F73: =+Harvest!J98 -> 54377.721 | J73: =+Harvest!L98 -> 19454.462 | R73: =+F73+J73+N73 -> 73832.183
A74: SEASON TOTALS: | E74: =+E72 -> 82107.971 | F74: =SUM(F72:F73) -> 1094570.9 | G74: =+G72 -> 12.668602 | I74: =+I72 -> 57957.62 | J74: =SUM(J72:J73) -> 706082.55 | K74: =+K72 -> 11.847072 | M74: =+M72 -> 637.43538 | N74: =+N72 -> 1410.0684 | Q74: =+Q72 -> 140703.03 | R74: =SUM(R72:R73) -> 1802063.5
A75: % of TAC Harvested: | F75: =+Harvest!J101 -> 1.2430234 | J75: =+Harvest!L101 -> 0.74962111 | N75: =+Harvest!N101 -> 0.0019425421

Sheet TAC
A1: NON-TRIBAL TOTAL ALLOWABLE CATCH (TAC)
B3: 2016 - 2017 | C3: 2015 - 2016 | D3: 2014 - 2015 | E3: 2013 - 2014 | F3: 2012 - 2013 | G3: 2011 - 2012 | H3: 2010 - 2011
A4: LONG BEACH | B4: 4895623.6 | C4: 4768605 | D4: 3885491.5 | E4: 2881223.3 | F4: 1847952.1 | G4: 1094641.4 | H4: 1276247.7
A5: TWIN HARBORS | B5: 1896630.9 | C5: 1198600 | D5: 2662860.8 | E5: =5744410.73323314*0.4 -> 2297764.3 | F5: 1881783.2 | G5: 616314.31 | H5: 845427.67
A6: COPALIS | B6: 880571.45 | C6: 1094781 | D6: 889827.43 | E6: =(2615522*0.5)-(161153)+250000 -> 1396608 | F6: 1072689.6 | G6: 371373.04 | H6: 683167.41
A7: MOCROCKS | B7: 941919.24 | C7: 1695074 | D7: 2240308.7 | E7: 2088668.5 | F7: 909667.35 | G7: 605830.7 | H7: 545586.69
A8: KALALOCH | B8: 725888.21 | C8: 63740 | D8: 125735.13 | E8: =1033285.9456848*0.254*0.5 -> 131227.32 | F8: 113543.21 | G8: 144560.51 | H8: 258924.12
A9: COASTWIDE TAC | B9: =SUM(B4:B8) -> 9340633.4 | C9: =SUM(C4:C8) -> 8820800 | D9: =SUM(D4:D8) -> 9804223.7 | E9: =SUM(E4:E8) -> 8795491.4 | F9: =SUM(F4:F8) -> 5825635.5 | G9: =SUM(G4:G8) -> 2832720 | H9: =SUM(H4:H8) -> 3609353.6

Sheet TH Wastage
A1: EventID | B1: BeachName | C1: Date | D1: LocationID | E1: NHoles | F1: NClams | G1: NMorts
A2: 1391 | B2: Twin Harbors | C2: 42789 | D2: 21200 | E2: 100 | F2: 2 | G2: 2
A3: 1392 | B3: Twin Harbors | C3: 42790 | D3: 21200 | E3: 100 | F3: 6 | G3: 6
A4: 1408 | B4: Twin Harbors | C4: 42807 | D4: 21200 | E4: 100 | F4: 5 | G4: 5
A5: 1426 | B5: Twin Harbors | C5: 42838 | D5: 21200 | E5: 100 | F5: 3 | G5: 3
A6: 1428 | B6: Twin Harbors | C6: 42840 | D6: 21200 | E6: 100 | F6: 2 | G6: 2
A7: 1442 | B7: Twin Harbors | C7: 42851 | D7: 21200 | E7: 100 | F7: 5 | G7: 5
A8: 1442 | B8: Twin Harbors | C8: 42851 | D8: 22309 | E8: 100 | F8: 2 | G8: 2
A9: 1443 | B9: Twin Harbors | C9: 42852 | D9: 22309 | E9: 100 | F9: 2 | G9: 2
A10: 1444 | B10: Twin Harbors | C10: 42853 | D10: 21200 | E10: 100 | F10: 11 | G10: 11
A11: 1444 | B11: Twin Harbors | C11: 42853 | D11: 22307 | E11: 100 | F11: 2 | G11: 2
E40: =SUM(E2:E39) -> 1000 | F40: =SUM(F2:F39) -> 40 | G40: =SUM(G2:G39) -> 40 | H40: =+G40/E40 -> 0.04

Sheet LB Wastage
A1: EventID | B1: BeachName | C1: Date | D1: LocationID | E1: NHoles | F1: NClams | G1: NMorts
A2: 1439 | B2: LongBeach | C2: 42853 | D2: 12500 | E2: 100 | F2: 3 | G2: 3
E100: =SUM(E2:E99) -> 100 | F100: =SUM(F2:F99) -> 3 | G100: =SUM(G2:G99) -> 3 | H100: =+G100/E100 -> 0.03

Sheet Cop Wastage
A1: EventID | B1: BeachName | C1: Date | D1: LocationID | E1: NHoles | F1: NClams | G1: NMorts
A2: 1386 | B2: Copalis | C2: 42791 | D2: 32009 | E2: 93 | F2: 1 | G2: 1
A3: 1413 | B3: Copalis | C3: 42825 | D3: 32009 | E3: 100 | F3: 5 | G3: 5
A4: 1424 | B4: Copalis | C4: 42840 | D4: 31005 | E4: 100 | F4: 3 | G4: 3
A5: 1435 | B5: Copalis | C5: 42853 | D5: 33012 | E5: 100 | F5: 6 | G5: 6
A6: 1435 | B6: Copalis | C6: 42853 | D6: 32009 | E6: 100 | F6: 13 | G6: 13
A7: 1437 | B7: Copalis | C7: 42855 | D7: 31005 | E7: 100 | F7: 3 | G7: 3
E40: =SUM(E2:E39) -> 593 | F40: =SUM(F2:F39) -> 31 | G40: =SUM(G2:G39) -> 31 | H40: =+G40/E40 -> 0.05227656
E100: =SUM(E2:E99) -> 1186 | F100: =SUM(F2:F99) -> 62 | G100: =SUM(G2:G99) -> 62 | H100: =+G100/E100 -> 0.05227656

Sheet Moc Wastage
A1: EventID | B1: BeachName | C1: Date | D1: LocationID | E1: NHoles | F1: NClams | G1: NMorts
A2: 1372 | B2: Mocrocks | C2: 42773 | D2: 41400 | E2: 100 | F2: 0 | G2: 0
A3: 1388 | B3: Mocrocks | C3: 42790 | D3: 42600 | E3: 100 | F3: 4 | G3: 4
A4: 1434 | B4: Mocrocks | C4: 42852 | D4: 42600 | E4: 100 | F4: 2 | G4: 2
A5: 1434 | B5: Mocrocks | C5: 42852 | D5: 41400 | E5: 100 | F5: 5 | G5: 5
A6: 1436 | B6: Mocrocks | C6: 42854 | D6: 41300 | E6: 100 | F6: 4 | G6: 4
A7: 1436 | B7: Mocrocks | C7: 42854 | D7: 41400 | E7: 100 | F7: 2 | G7: 2
E40: =SUM(E2:E39) -> 600 | F40: =SUM(F2:F39) -> 17 | G40: =SUM(G2:G39) -> 17 | H40: =+G40/E40 -> 0.028333333
E100: =SUM(E2:E99) -> 1200 | F100: =SUM(F2:F99) -> 34 | G100: =SUM(G2:G99) -> 34 | H100: =+G100/E100 -> 0.028333333

Sheet Summary By Month
A1: 2016-2017 State (non-Indian) Recreational Razor Clam Effort, Harvest and CPUE totals by month.
B2: LONG BEACH | F2: TWIN HARBORS | J2: COPALIS | N2: MOCROCKS | R2: KALALOCH | V2: DAILY TOTALS
A3: MONTH | B3: Effort | C3: Harvest | D3: CPUE | E3: DAYS | F3: Effort | G3: Harvest | H3: CPUE | I3: DAYS | J3: Effort | K3: Harvest | L3: CPUE | M3: DAYS | N3: Effort | O3: Harvest | P3: CPUE | Q3: DAYS | R3: Effort | S3: Harvest | T3: CPUE | U3: DAYS | V3: Effort | W3: Harvest
A4: OCTOBER | B4: Closed | E4: 0 | F4: 2403.4679 | G4: 31051.861 | H4: 12.919607 | I4: 6 | J4: 307.45388 | K4: 3931.0174 | L4: 12.785714 | M4: 3 | N4: 296.48478 | O4: 3976.3841 | P4: 13.411765 | Q4: 3 | R4: Closed | U4: 0 | V4: =F4+J4+N4 -> 3007.4065 | W4: =G4+K4+O4 -> 38959.263
A5: NOVEMBER | B5: Closed | E5: 0 | F5: 7424.1171 | G5: 64313.629 | H5: 8.6627983 | I5: 6 | J5: 2261.0959 | K5: 21351.396 | L5: 9.4429413 | M5: 3 | N5: 1984.1355 | O5: 14302.444 | P5: 7.2084007 | Q5: 3 | R5: Closed | U5: 0 | V5: =F5+J5+N5 -> 11669.349 | W5: 99967.469
A6: DECEMBER | B6: Closed | E6: 0 | F6: Closed | I6: 0 | J6: 6694.5542 | K6: 80809.841 | L6: 12.070982 | M6: 4 | N6: 5292.351 | O6: 62162.122 | P6: 11.745654 | Q6: 4 | R6: Closed | U6: 0 | V6: =J6+N6 -> 11986.905 | W6: =K6+O6 -> 142971.96
A7: JANUARY | B7: Closed | E7: 0 | F7: Closed | I7: 0 | J7: 14654.385 | K7: 179129.91 | L7: 12.223638 | M7: 8 | N7: 3396.2117 | O7: 37848.719 | P7: 11.144393 | Q7: 6 | R7: 637.43538 | S7: 1410.0684 | T7: 2.2120963 | U7: 2 | V7: =J7+N7+R7 -> 18688.033 | W7: =K7+O7+S7 -> 218388.7
A8: FEBRUARY | B8: Closed | E8: 0 | F8: 19954.231 | G8: 269189.33 | H8: 13.490339 | I8: 12 | J8: 14210.959 | K8: 186571.99 | L8: 13.12874 | M8: 6 | N8: 15223.138 | O8: 180814 | P8: 11.877578 | Q8: 9 | R8: Closed | U8: 0 | V8: =F8+J8+N8 -> 49388.328 | W8: =G8+K8+O8 -> 636575.33
A9: MARCH | B9: Closed | E9: 0 | F9: 10075.572 | G9: 144024.18 | H9: 14.294393 | I9: 7 | J9: 16698.813 | K9: 194492.97 | L9: 11.647113 | M9: 4 | N9: 7428.8473 | O9: 46012.958 | P9: 6.1938221 | Q9: 5 | R9: Closed | U9: 0 | V9: =F9+J9+N9 -> 34203.232 | W9: =G9+K9+O9 -> 384530.11
A10: APRIL | B10: 71278.286 | C10: 1392613.4 | D10: 19.537695 | E10: 10 | F10: 23036 | G10: 325507.35 | H10: 14.130572 | I10: 15 | J10: 27280.71 | K10: 373906.05 | L10: 14.496805 | M10: 5 | N10: 24336.452 | O10: 341511.45 | P10: 13.89891 | Q10: 5 | R10: Closed | V10: 145931.13 | W10: =C10+G10+K10+O10 -> 2433538.3
A11: MAY | B11: 6500 | C11: 162500 | D11: 25 | E11: 1 | I11: 0 | M11: 0 | Q11: 0 | R11: Closed | U11: 0 | V11: =B11 -> 6500 | W11: =C11 -> 162500
A12: SEASON SUBTOTALS: | B12: =SUM(B4:B11) -> 77778.286 | C12: =SUM(C10:C11) -> 1555113.4 | D12: =C12/B12 -> 19.994185 | E12: =SUM(E4:E11) -> 11 | F12: =SUM(F4:F11) -> 62893.388 | G12: =SUM(G4:G11) -> 834086.36 | H12: =G12/F12 -> 13.261909 | I12: =SUM(I4:I11) -> 46 | J12: =SUM(J4:J11) -> 82107.971 | K12: =SUM(K4:K11) -> 1040193.2 | L12: =K12/J12 -> 12.668602 | M12: =SUM(M4:M11) -> 33 | N12: =SUM(N4:N11) -> 57957.62 | O12: =SUM(O4:O11) -> 686628.09 | P12: =O12/N12 -> 11.847072 | Q12: =SUM(Q4:Q11) -> 35 | R12: =SUM(R4:R11) -> 637.43538 | S12: =S7 -> 1410.0684 | T12: =S12/R12 -> 2.2120963 | U12: =SUM(U4:U11) -> 2 | V12: =B12+F12+J12+N12+R12 -> 281374.7 | W12: =C12+G12+K12+O12+S12 -> 4117431.1 | X12: -60990.197
A13: WASTAGE | C13: 46653.403 | G13: 33363.454 | K13: 54377.721 | O13: 19454.462 | W13: 153849.04
A14: SEASON TOTALS: | B14: 77778.286 | C14: =C12+C13 -> 1601766.8 | D14: 20.59401 | F14: 62893.069 | G14: =G12+G13 -> 867449.82 | H14: =G14/F14 -> 13.792455 | I14: =I12 -> 46 | J14: 82107.971 | K14: =K12+K13 -> 1094570.9 | L14: 13.330872 | M14: =M12 -> 33 | N14: 57957.62 | O14: =O12+O13 -> 706082.55 | P14: 12.182739 | Q14: =Q12 -> 35 | R14: 637.43538 | S14: 1410.0684 | T14: =S14/R14 -> 2.2120963 | U14: 2 | V14: =B14+F14+J14+N14+R14 -> 281374.38 | W14: =W12+W13 -> 4271280.2
A15: % of TAC Harvested: | C15: 0.32718341 | G15: 0.45736354 | K15: 1.2430234 | O15: 0.74962111 | S15: 0.0019425421
V17: =SUM(V4:V11) -> 281374.38

Sheet Sheet1
