Workbook

Sheet Harvest
A1: Date | B1: Day | C1: Tide | D1: Time | E1: Longbeach | G1: Twin Harbors | I1: Copalis | K1: Mocrocks | M1: Kalaloch | O1: Daily Totals
A2: 43014 | B2: 42657 | C2: -0.4 | D2: 0.82569444 | F2: 59331.123 | H2: 31868.122 | J2: 44866.072 | L2: 22068.309 | N2: Closed | O2: =+F2+H2+J2+L2 -> 158133.63
A3: 43015 | B3: 42658 | C3: -0.7 | D3: 0.85625 | F3: 64854.394 | H3: 34583.127 | J3: 56732.518 | L3: 39185.155 | N3: Closed | O3: =+F3+H3+J3+L3 -> 195355.19
A5: 43041 | B5: =+A5 -> 43041 | C5: 0.1 | D5: 0.75208333 | F5: Closed | H5: Closed | J5: 18054.816 | L5: Closed | N5: Closed | O5: =+J5 -> 18054.816
A6: 43042 | B6: =+A6 -> 43042 | C6: -0.7 | D6: 0.78263889 | F6: 69789.179 | H6: 27297.79 | J6: Closed | L6: 34879.971 | N6: Closed | O6: =+F6+H6+L6 -> 131966.94
A7: 43043 | B7: =+A7 -> 43043 | C7: -1.2 | D7: 0.81319444 | F7: 84636.691 | H7: 29150.303 | J7: 34486.52 | L7: Closed | N7: Closed | O7: =+F7+H7+J7 -> 148273.51
A8: 43044 | B8: =+A8 -> 43044 | C8: -1.4 | D8: 0.80277778 | F8: 38947.518 | H8: 16767.239 | J8: Closed | L8: 12473.643 | N8: Closed | O8: =+F8+H8+L8 -> 68188.4
A10: 43070 | B10: =+A10 -> 43070 | C10: -0.3 | D10: 0.69583333 | F10: Closed | H10: Closed | J10: 39640.895 | L10: Closed | N10: Closed
A11: 43071 | B11: =+A11 -> 43071 | C11: -1.1 | D11: 0.72847222 | F11: 16694.747 | H11: 29299.475 | J11: Closed | L11: 46887.478 | N11: Closed
A12: 43072 | B12: =+A12 -> 43072 | C12: -1.6 | D12: 0.76041667 | F12: 48336.302 | H12: 31879.497 | J12: 39359.519 | L12: Closed | N12: Closed
A13: 43073 | B13: =+A13 -> 43073 | C13: -1.8 | D13: 0.79305556 | F13: 13555.902 | G13: * | H13: =+L13*(H8+H6)/(L6+L8) -> 8031.0112 | J13: Closed | L13: 8630.3678 | N13: Closed
A88: FALL 2014 - SPRING 2015 SEASON TOTALS: | F88: =SUM(F2:F86) -> 396145.86 | H88: =SUM(H2:H86) -> 208876.56 | J88: =SUM(J2:J86) -> 233140.34 | L88: =SUM(L2:L86) -> 164124.92 | N88: =SUM(N3:N53) -> 0 | O88: =SUM(O2:O86) -> 719972.49
A89: ESTIMATED WASTAGE RATE:
A90: ESTIMATED TOTAL WASTAGE: | F90: =+F88*F89 -> 0 | H90: =+H88*H89 -> 0 | J90: =+J88*J89 -> 0 | L90: =+L88*L89 -> 0 | O90: =F90+H90+J90+L90+N90 -> 0
A91: SEASON TOTAL INCLUDING WASTAGE: | F91: =F88+F90 -> 396145.86 | H91: =H88+H90 -> 208876.56 | J91: =J88+J90 -> 233140.34 | L91: =L88+L90 -> 164124.92 | N91: =N88+N90 -> 0 | O91: =O88+O90 -> 719972.49
A92: Fall 2016 / Spring 2017 Harvest Rate (clams/day):
A93: % of TAC Harvested: | F93: =F91/TAC!B4 -> 0.45394197 | H93: =H91/TAC!B5 -> 0.41223027 | J93: =+J91/TAC!B6 -> 0.39424027 | L93: =L91/TAC!B7 -> 0.2108614 | N93: =N91/TAC!B8 -> 0 | O93: =O91/TAC!B9 -> 0.25958581
A94: clams left in TAC : | F94: =+TAC!B4-Harvest!F91 -> 476533.66 | H94: =TAC!B5-Harvest!H91 -> 297822.19 | J94: =+TAC!B6-Harvest!J91 -> 358225.78 | L94: =TAC!B7-L91 -> 614229.61 | N94: =TAC!B8-N91 -> 24444.43 | O94: =TAC!B9-Harvest!O91 -> 2053570.9
A96: *- estimate based on comparison of other beaches. + - no harvest due to very heavy surf and storm warnings.
A97: ** - No beach count. Used data from another day with similar conditions to estimate count.

Sheet Effort
A1: Date | B1: Day | C1: Tide | D1: Time | E1: Longbeach | G1: Twin Harbors | I1: Copalis | K1: Mocrocks | M1: Kalaloch | O1: Daily Totals
A2: 43014 | B2: 42657 | C2: -0.4 | D2: 0.82569444 | F2: 4660.8313 | H2: 2649.7091 | J2: 3426.1364 | L2: 1822.6059 | N2: Closed | O2: =+F2+H2+J2+L2 -> 12559.283 | Q2: =SUM(O2:O3) -> 28315.182
A3: 43015 | B3: 42658 | C3: -0.7 | D3: 0.85625 | F3: 5756.8395 | H3: 2716.9168 | J3: 4238.6364 | L3: 3043.5072 | N3: Closed | O3: =+F3+H3+J3+L3 -> 15755.9
A5: 43041 | B5: =+A5 -> 43041 | C5: 0.1 | D5: 0.75208333 | F5: Closed | H5: Closed | J5: 1463.9528 | L5: Closed | N5: Closed | O5: =+J5 -> 1463.9528
A6: 43042 | B6: =+A6 -> 43042 | C6: -0.7 | D6: 0.78263889 | F6: 4680.4719 | H6: 1819.8527 | J6: Closed | L6: 2325.3314 | N6: Closed | O6: =+F6+H6+L6 -> 8825.6559
A7: 43043 | B7: =+A7 -> 43043 | C7: -1.2 | D7: 0.81319444 | F7: 6891.5372 | H7: 2265.5676 | J7: 3440.2611 | L7: Closed | N7: Closed | O7: =+F7+H7+J7 -> 12597.366
A8: 43044 | B8: =+A8 -> 43044 | C8: -1.4 | D8: 0.80277778 | F8: 2799.3529 | H8: 1180.7915 | J8: Closed | L8: 903.26382 | N8: Closed | O8: =+F8+H8+L8 -> 4883.4081
A10: 43070 | B10: =+A10 -> 43070 | C10: -0.3 | D10: 0.69583333 | F10: Closed | H10: Closed | J10: 3949.4619 | L10: Closed | N10: Closed
A11: 43071 | B11: =+A11 -> 43071 | C11: -1.1 | D11: 0.72847222 | F11: 6124.7001 | H11: 4064.1207 | J11: Closed | L11: 4821.3345 | N11: Closed
A12: 43072 | B12: =+A12 -> 43072 | C12: -1.6 | D12: 0.76041667 | F12: 4443.4718 | H12: 2154.0201 | J12: 2633.5444 | L12: Closed | N12: Closed
A13: 43073 | B13: =+A13 -> 43073 | C13: -1.8 | D13: 0.79305556 | F13: 1009.4821 | G13: * | H13: =+L13*(H8+H6)/(L6+L8) -> 692.34163 | J13: Closed | L13: 744.93701 | N13: Closed
A88: SEASON TOTALS : | F88: =SUM(F2:F87) -> 36366.687 | H88: =SUM(H2:H87) -> 17543.32 | J88: =SUM(J2:J87) -> 19151.993 | L88: =SUM(L3:L87) -> 11838.374 | N88: =SUM(N3:N87) -> 0 | O88: =SUM(O2:O87) -> 56085.565
A89: *- estimate based on comparison of other beaches. + - no harvest due to very heavy surf and storm warnings.
A90: ** - No beach count. Used data from another day with similar conditions to estimate count.
A91: # - Tide is not low enough for decent digging opportunity

Sheet CPUE
A1: Date | B1: Day | C1: Tide | D1: Time | E1: Longbeach | G1: Twin Harbors | I1: Copalis | K1: Mocrocks | M1: Kalaloch
A2: 43014 | B2: 42657 | C2: -0.4 | D2: 0.82569444 | F2: =+Harvest!F2/Effort!F2 -> 12.72973 | H2: =+Harvest!H2/Effort!H2 -> 12.027027 | J2: =+Harvest!J2/Effort!J2 -> 13.095238 | L2: =+Harvest!L2/Effort!L2 -> 12.108108 | N2: Closed | O2: =+Harvest!O2/Effort!O2 -> 12.590976 | Q2: =AVERAGE(O2:O3) -> 12.494918
A3: 43015 | B3: 42658 | C3: -0.7 | D3: 0.85625 | F3: =+Harvest!F3/Effort!F3 -> 11.265625 | H3: =+Harvest!H3/Effort!H3 -> 12.728814 | J3: =+Harvest!J3/Effort!J3 -> 13.384615 | L3: =+Harvest!L3/Effort!L3 -> 12.875 | N3: Closed | O3: =+Harvest!O3/Effort!O3 -> 12.39886
A5: 43041 | B5: =+A5 -> 43041 | C5: 0.1 | D5: 0.75208333 | F5: Closed | H5: Closed | J5: =+Harvest!J5/Effort!J5 -> 12.332922 | L5: Closed | N5: Closed | O5: =+Harvest!O5/Effort!O5 -> 12.332922
A6: 43042 | B6: =+A6 -> 43042 | C6: -0.7 | D6: 0.78263889 | F6: =+Harvest!F6/Effort!F6 -> 14.910714 | H6: =+Harvest!H6/Effort!H6 -> 15 | J6: Closed | L6: =+Harvest!L6/Effort!L6 -> 15 | N6: Closed | O6: =+Harvest!O6/Effort!O6 -> 14.952649
A7: 43043 | B7: =+A7 -> 43043 | C7: -1.2 | D7: 0.81319444 | F7: =+Harvest!F7/Effort!F7 -> 12.28125 | H7: =+Harvest!H7/Effort!H7 -> 12.866667 | J7: =+Harvest!J7/Effort!J7 -> 10.02439 | L7: Closed | N7: Closed | O7: =+Harvest!O7/Effort!O7 -> 11.7702
A8: 43044 | B8: =+A8 -> 43044 | C8: -1.4 | D8: 0.80277778 | F8: =+Harvest!F8/Effort!F8 -> 13.913043 | H8: =+Harvest!H8/Effort!H8 -> 14.2 | J8: Closed | L8: =+Harvest!L8/Effort!L8 -> 13.809524 | N8: Closed | O8: =+Harvest!O8/Effort!O8 -> 13.963281
A10: 43070 | B10: =+A10 -> 43070 | C10: -0.3 | D10: 0.69583333 | F10: Closed | H10: Closed | J10: =+Harvest!J10/Effort!J10 -> 10.037037 | L10: Closed | N10: Closed
A11: 43071 | B11: =+A11 -> 43071 | C11: -1.1 | D11: 0.72847222 | F11: =+Harvest!F11/Effort!F11 -> 2.7258065 | H11: =+Harvest!H11/Effort!H11 -> 7.2093023 | J11: Closed | L11: =+Harvest!L11/Effort!L11 -> 9.725 | N11: Closed
A12: 43072 | B12: =+A12 -> 43072 | C12: -1.6 | D12: 0.76041667 | F12: =+Harvest!F12/Effort!F12 -> 10.878049 | H12: =+Harvest!H12/Effort!H12 -> 14.8 | J12: =+Harvest!J12/Effort!J12 -> 14.945455 | L12: Closed | N12: Closed
A13: 43073 | B13: =+A13 -> 43073 | C13: -1.8 | D13: 0.79305556 | F13: =+Harvest!F13/Effort!F13 -> 13.428571 | G13: * | H13: =+Harvest!H13/Effort!H13 -> 11.599781 | J13: Closed | L13: =+Harvest!L13/Effort!L13 -> 11.585366 | N13: Closed
A88: SEASON TOTALS : | F88: =Harvest!F88/Effort!F88 -> 10.893097 | H88: =Harvest!H88/Effort!H88 -> 11.90633 | J88: =Harvest!J88/Effort!J88 -> 12.173163 | L88: =Harvest!L88/Effort!L88 -> 13.863806
A89: *- estimate based on comparison of other beaches. + - no harvest due to very heavy surf and storm warnings.
A90: ** - No beach count. Used data from another day with similar conditions to estimate count.

Sheet Summary Table
A1: 2017-2018 State (non-Indian) Recreational Razor Clam Effort, Harvest and CPUE totals.
E2: LONG BEACH | H2: TWIN HARBORS | K2: COPALIS | N2: MOCROCKS | Q2: KALALOCH | T2: DAILY TOTALS
A3: DATE | B3: DAY | C3: TIDE | D3: TIME | E3: Effort | F3: Harvest | G3: CPUE | H3: Effort | I3: Harvest | J3: CPUE | K3: Effort | L3: Harvest | M3: CPUE | N3: Effort | O3: Harvest | P3: CPUE | Q3: Effort | R3: Harvest | S3: CPUE | T3: Effort | U3: Harvest
A4: 43014 | B4: 42657 | C4: -0.4 | D4: 0.82569444 | E4: =Effort!F2 -> 4660.8313 | F4: =Harvest!F2 -> 59331.123 | G4: =CPUE!F2 -> 12.72973 | H4: =Effort!H2 -> 2649.7091 | I4: =Harvest!H2 -> 31868.122 | J4: =CPUE!H2 -> 12.027027 | K4: =Effort!J2 -> 3426.1364 | L4: =Harvest!J2 -> 44866.072 | M4: =CPUE!J2 -> 13.095238 | N4: =Effort!L2 -> 1822.6059 | O4: =Harvest!L2 -> 22068.309 | P4: =CPUE!L2 -> 12.108108 | Q4: =Effort!N2 -> Closed | R4: =Harvest!N2 -> Closed | S4: =CPUE!N2 -> Closed | T4: =+E4+H4+K4+N4 -> 12559.283 | U4: =+F4+I4+L4+O4 -> 158133.63
A5: 43015 | B5: 42658 | C5: -0.7 | D5: 0.85625 | E5: =Effort!F3 -> 5756.8395 | F5: =Harvest!F3 -> 64854.394 | G5: =CPUE!F3 -> 11.265625 | H5: =Effort!H3 -> 2716.9168 | I5: =Harvest!H3 -> 34583.127 | J5: =CPUE!H3 -> 12.728814 | K5: =Effort!J3 -> 4238.6364 | L5: =Harvest!J3 -> 56732.518 | M5: =CPUE!J3 -> 13.384615 | N5: =Effort!L3 -> 3043.5072 | O5: =Harvest!L3 -> 39185.155 | P5: =CPUE!L3 -> 12.875 | Q5: =Effort!N3 -> Closed | R5: =Harvest!N3 -> Closed | S5: =CPUE!N3 -> Closed | T5: =+E5+H5+K5+N5 -> 15755.9 | U5: =+F5+I5+L5+O5 -> 195355.19
A6: Tide Series Totals | E6: =SUM(E4:E5) -> 10417.671 | F6: =SUM(F4:F5) -> 124185.52 | G6: =+F6/E6 -> 11.920661 | H6: =SUM(H4:H5) -> 5366.6258 | I6: =SUM(I4:I5) -> 66451.249 | J6: =+I6/H6 -> 12.382315 | K6: =SUM(K4:K5) -> 7664.7728 | L6: =SUM(L4:L5) -> 101598.59 | M6: =+L6/K6 -> 13.255264 | N6: =SUM(N4:N5) -> 4866.113 | O6: =SUM(O4:O5) -> 61253.463 | P6: =+O6/N6 -> 12.58776 | T6: =SUM(T4:T5) -> 28315.182 | U6: =SUM(U4:U5) -> 353488.82
A7: 43041 | B7: 43041 | C7: 0.1 | D7: 0.75208333 | E7: =Effort!F5 -> Closed | F7: =Harvest!F5 -> Closed | G7: =CPUE!F5 -> Closed | H7: =Effort!H5 -> Closed | I7: =Harvest!H5 -> Closed | J7: =CPUE!H5 -> Closed | K7: =Effort!J5 -> 1463.9528 | L7: =Harvest!J5 -> 18054.816 | M7: =CPUE!J5 -> 12.332922 | N7: =Effort!L5 -> Closed | O7: =Harvest!L5 -> Closed | P7: =CPUE!L5 -> Closed | Q7: =Effort!N5 -> Closed | R7: =Harvest!N5 -> Closed | S7: =CPUE!N5 -> Closed | T7: =+K7 -> 1463.9528 | U7: =+L7 -> 18054.816
A8: 43042 | B8: 43042 | C8: -0.7 | D8: 0.78263889 | E8: =Effort!F6 -> 4680.4719 | F8: =Harvest!F6 -> 69789.179 | G8: =CPUE!F6 -> 14.910714 | H8: =Effort!H6 -> 1819.8527 | I8: =Harvest!H6 -> 27297.79 | J8: =CPUE!H6 -> 15 | K8: =Effort!J6 -> Closed | L8: =Harvest!J6 -> Closed | M8: =CPUE!J6 -> Closed | N8: =Effort!L6 -> 2325.3314 | O8: =Harvest!L6 -> 34879.971 | P8: =CPUE!L6 -> 15 | Q8: =Effort!N6 -> Closed | R8: =Harvest!N6 -> Closed | S8: =CPUE!N6 -> Closed | T8: =+E8+H8+N8 -> 8825.6559 | U8: =+F8+I8+O8 -> 131966.94
A9: 43043 | B9: 43043 | C9: -1.2 | D9: 0.81319444 | E9: =Effort!F7 -> 6891.5372 | F9: =Harvest!F7 -> 84636.691 | G9: =CPUE!F7 -> 12.28125 | H9: =Effort!H7 -> 2265.5676 | I9: =Harvest!H7 -> 29150.303 | J9: =CPUE!H7 -> 12.866667 | K9: =Effort!J7 -> 3440.2611 | L9: =Harvest!J7 -> 34486.52 | M9: =CPUE!J7 -> 10.02439 | N9: =Effort!L7 -> Closed | O9: =Harvest!L7 -> Closed | P9: =CPUE!L7 -> Closed | Q9: =Effort!N7 -> Closed | R9: =Harvest!N7 -> Closed | S9: =CPUE!N7 -> Closed | T9: =+E9+H9+K9 -> 12597.366 | U9: =+F9+I9+L9 -> 148273.51
A10: 43044 | B10: 43044 | C10: -1.4 | D10: 0.80277778 | E10: =Effort!F8 -> 2799.3529 | F10: =Harvest!F8 -> 38947.518 | G10: =CPUE!F8 -> 13.913043 | H10: =Effort!H8 -> 1180.7915 | I10: =Harvest!H8 -> 16767.239 | J10: =CPUE!H8 -> 14.2 | K10: =Effort!J8 -> Closed | L10: =Harvest!J8 -> Closed | M10: =CPUE!J8 -> Closed | N10: =Effort!L8 -> 903.26382 | O10: =Harvest!L8 -> 12473.643 | P10: =CPUE!L8 -> 13.809524 | Q10: =Effort!N8 -> Closed | R10: =Harvest!N8 -> Closed | S10: =CPUE!N8 -> Closed | T10: =+E10+H10+N10 -> 4883.4081 | U10: =+F10+I10+O10 -> 68188.4
A11: Tide Series Totals | E11: =SUM(E8:E10) -> 14371.362 | F11: =SUM(F8:F10) -> 193373.39 | G11: =+F11/E11 -> 13.455467 | H11: =SUM(H8:H10) -> 5266.2117 | I11: =SUM(I8:I10) -> 73215.331 | J11: =+I11/H11 -> 13.902846 | K11: =SUM(K7:K10) -> 4904.2139 | L11: =SUM(L7:L10) -> 52541.335 | M11: =+L11/K11 -> 10.713508 | N11: =SUM(N8:N10) -> 3228.5952 | O11: =SUM(O8:O10) -> 47353.614 | P11: =+O11/N11 -> 14.666941 | T11: =SUM(T7:T10) -> 27770.383 | U11: =SUM(U7:U10) -> 366483.67
A12: 43070 | B12: 43070 | C12: -0.3 | D12: 0.69583333 | E12: =Effort!F10 -> Closed | F12: =Harvest!F10 -> Closed | G12: =CPUE!F10 -> Closed | H12: =Effort!H10 -> Closed | I12: =Harvest!H10 -> Closed | J12: =CPUE!H10 -> Closed | K12: =Effort!J10 -> 3949.4619 | L12: =Harvest!J10 -> 39640.895 | M12: =CPUE!J10 -> 10.037037 | N12: =Effort!L10 -> Closed | O12: =Harvest!L10 -> Closed | P12: =CPUE!L10 -> Closed | Q12: =Effort!N10 -> Closed | R12: =Harvest!N10 -> Closed | S12: =CPUE!N10 -> Closed | T12: =+K12 -> 3949.4619 | U12: =+I13 -> 29299.475
A13: 43071 | B13: 43071 | C13: -1.1 | D13: 0.72847222 | E13: =Effort!F11 -> 6124.7001 | F13: =Harvest!F11 -> 16694.747 | G13: =CPUE!F11 -> 2.7258065 | H13: =Effort!H11 -> 4064.1207 | I13: =Harvest!H11 -> 29299.475 | J13: =CPUE!H11 -> 7.2093023 | K13: =Effort!J11 -> Closed | L13: =Harvest!J11 -> Closed | M13: =CPUE!J11 -> Closed | N13: =Effort!L11 -> 4821.3345 | O13: =Harvest!L11 -> 46887.478 | P13: =CPUE!L11 -> 9.725 | Q13: =Effort!N11 -> Closed | R13: =Harvest!N11 -> Closed | S13: =CPUE!N11 -> Closed | T13: =+E13+H13+N13 -> 15010.155 | U13: =+F13+I13+O13 -> 92881.7
A14: 43072 | B14: 43072 | C14: -1.6 | D14: 0.76041667 | E14: =Effort!F12 -> 4443.4718 | F14: =Harvest!F12 -> 48336.302 | G14: =CPUE!F12 -> 10.878049 | H14: =Effort!H12 -> 2154.0201 | I14: =Harvest!H12 -> 31879.497 | J14: =CPUE!H12 -> 14.8 | K14: =Effort!J12 -> 2633.5444 | L14: =Harvest!J12 -> 39359.519 | M14: =CPUE!J12 -> 14.945455 | N14: =Effort!L12 -> Closed | O14: =Harvest!L12 -> Closed | P14: =CPUE!L12 -> Closed | Q14: =Effort!N12 -> Closed | R14: =Harvest!N12 -> Closed | S14: =CPUE!N12 -> Closed | T14: =+E14+H14+K14 -> 9231.0362 | U14: =+F14+I14+L14 -> 119575.32
A15: 43073 | B15: 43073 | C15: -1.8 | D15: 0.79305556 | E15: =Effort!F13 -> 1009.4821 | F15: =Harvest!F13 -> 13555.902 | G15: =CPUE!F13 -> 13.428571 | H15: =Effort!H13 -> 692.34163 | I15: =Harvest!H13 -> 8031.0112 | J15: =CPUE!H13 -> 11.599781 | K15: =Effort!J13 -> Closed | L15: =Harvest!J13 -> Closed | M15: =CPUE!J13 -> Closed | N15: =Effort!L13 -> 744.93701 | O15: =Harvest!L13 -> 8630.3678 | P15: =CPUE!L13 -> 11.585366 | Q15: =Effort!N13 -> Closed | R15: =Harvest!N13 -> Closed | S15: =CPUE!N13 -> Closed | T15: =+E15+H15+N15 -> 2446.7607 | U15: =+F15+I15+O15 -> 30217.281
A16: Tide Series Totals | E16: =SUM(E13:E15) -> 11577.654 | F16: =SUM(F13:F15) -> 78586.952 | G16: =+F16/E16 -> 6.7878132 | H16: =SUM(H13:H15) -> 6910.4824 | I16: =SUM(I13:I15) -> 69209.983 | J16: =+I16/H16 -> 10.015217 | K16: =SUM(K12:K15) -> 6583.0063 | L16: =SUM(L12:L15) -> 79000.414 | M16: =+L16/K16 -> 12.000659 | N16: =SUM(N13:N15) -> 5566.2715 | O16: =SUM(O13:O15) -> 55517.846 | P16: =+O16/N16 -> 9.9739737 | T16: =SUM(T13:T15) -> 26687.952 | U16: =SUM(U13:U15) -> 242674.3
TJ27: +
A37: SEASON SUBTOTALS: | E37: =+E6+E11+E16 -> 36366.687 | F37: =+F6+F11+F16 -> 396145.86 | G37: =+F37/E37 -> 10.893097 | H37: =+H6+H11+H16 -> 17543.32 | I37: =+I6+I11+I16 -> 208876.56 | J37: =+I37/H37 -> 11.90633 | K37: =+K6+K11+K16 -> 19151.993 | L37: =+L6+L11+L16 -> 233140.34 | M37: =+L37/K37 -> 12.173163 | N37: =+N6+N11+N16 -> 13660.98 | O37: =+O6+O11+O16 -> 164124.92 | P37: =+O37/N37 -> 12.01414 | T37: =+T6+T11+T16 -> 82773.517 | U37: =+U6+U11+U16 -> 962646.79 | V37: =+U37-Harvest!O88 -> 242674.3
A38: WASTAGE | U38: =F38+I38+L38+O38+R38 -> 0
A39: SEASON TOTALS: | E39: =E37 -> 36366.687 | F39: =F37+F38 -> 396145.86 | G39: =+F39/E39 -> 10.893097 | H39: =H37 -> 17543.32 | I39: =I37+I38 -> 208876.56 | K39: =K37 -> 19151.993 | L39: =L37+L38 -> 233140.34 | M39: =+L39/K39 -> 12.173163 | N39: =N37 -> 13660.98 | O39: =O37+O38 -> 164124.92 | P39: =+O39/N39 -> 12.01414 | Q39: =Q37 -> 0 | R39: =R37+R38 -> 0 | T39: =SUM(T37:T38) -> 82773.517 | U39: =SUM(U37:U38) -> 962646.79
A40: % of TAC Harvested: | F40: =Harvest!F93 -> 0.45394197 | I40: =Harvest!H93 -> 0.41223027 | L40: =Harvest!J93 -> 0.39424027 | O40: =Harvest!L93 -> 0.2108614 | R40: =Harvest!N93 -> 0

Sheet Copy Sheet
A1: BeachName | B1: Date | C1: Effort | D1: Harvest | E1: CPUE | F1: EventID | G1: CorrectionFactor
A2: Copalis | B2: 43014 | C2: 3426.1364 | D2: 44866.072 | E2: 13.095238 | F2: 1451 | G2: 0.528
A3: Copalis | B3: 43015 | C3: 4238.6364 | D3: 56732.518 | E3: 13.384615 | F3: 1448 | G3: 0.528
A4: LongBeach | B4: 43014 | C4: 4660.8313 | D4: 59331.123 | E4: 12.72973 | F4: 1452 | G4: 0.68550003
A5: LongBeach | B5: 43015 | C5: 5756.8395 | D5: 64854.394 | E5: 11.265625 | F5: 1453 | G5: 0.68533331
A6: Mocrocks | B6: 43014 | C6: 1822.6059 | D6: 22068.309 | E6: 12.108108 | F6: 1446 | G6: 0.55923331
A7: Mocrocks | B7: 43015 | C7: 3043.5072 | D7: 39185.155 | E7: 12.875 | F7: 1449 | G7: 0.50336665
A8: Twin Harbors | B8: 43014 | C8: 2649.7091 | D8: 31868.122 | E8: 12.027027 | F8: 1447 | G8: 0.52713335
A9: Twin Harbors | B9: 43015 | C9: 2716.9168 | D9: 34583.127 | E9: 12.728814 | F9: 1450 | G9: 0.52713335
A11: BeachName | B11: Date | C11: Effort | D11: Harvest | E11: CPUE | F11: EventID | G11: CorrectionFactor
A12: Copalis | B12: 43041 | C12: 1614.9209 | D12: 18054.816 | E12: 11.18 | F12: 1454 | G12: 0.47435001
A13: Copalis | B13: 43043 | C13: 3440.2611 | D13: 34486.52 | E13: 10.02439 | F13: 1455 | G13: 0.52060002
A14: LongBeach | B14: 43042 | C14: 4680.4719 | D14: 69789.179 | E14: 14.910714 | F14: 1461 | G14: 0.63583332
A15: LongBeach | B15: 43043 | C15: 6891.5372 | D15: 84636.691 | E15: 12.28125 | F15: 1462 | G15: 0.68533331
A16: LongBeach | B16: 43044 | C16: 2799.3529 | D16: 38947.518 | E16: 13.913043 | F16: 1463 | G16: 0.67979997
A17: Mocrocks | B17: 43042 | C17: 2325.3314 | D17: 34879.971 | E17: 15 | F17: 1456 | G17: 0.55419999
A18: Mocrocks | B18: 43044 | C18: 903.26382 | D18: 12473.643 | E18: 13.809524 | F18: 1457 | G18: 0.43303335
A19: Twin Harbors | B19: 43042 | C19: 1819.8527 | D19: 27297.79 | E19: 15 | F19: 1458 | G19: 0.51243335
A20: Twin Harbors | B20: 43043 | C20: 2265.5676 | D20: 29150.303 | E20: 12.866667 | F20: 1459 | G20: 0.51243335
A21: Twin Harbors | B21: 43044 | C21: 1180.7915 | D21: 16767.239 | E21: 14.2 | F21: 1460 | G21: 0.51243335
A23: BeachName | B23: Date | C23: Effort | D23: Harvest | E23: CPUE | F23: EventID | G23: CorrectionFactor
A24: Copalis | B24: 43070 | C24: 3949.4619 | D24: 39640.895 | E24: 10.037037 | F24: 1464 | G24: 0.40944999
A25: Copalis | B25: 43072 | C25: 2633.5444 | D25: 39359.519 | E25: 14.945455 | F25: 1465 | G25: 0.52666664
A26: LongBeach | B26: 43071 | C26: 6124.7001 | D26: 16694.747 | E26: 2.7258065 | F26: 1470 | G26: 0.61651999
A27: LongBeach | B27: 43072 | C27: 4443.4718 | D27: 48336.302 | E27: 10.878049 | F27: 1471 | G27: 0.68550003
A28: LongBeach | B28: 43073 | C28: 1009.4821 | D28: 13555.902 | E28: 13.428571 | F28: 1472 | G28: 0.68550003
A29: Mocrocks | B29: 43071 | C29: 4821.3345 | D29: 46887.478 | E29: 9.725 | F29: 1466 | G29: 0.56996667
A30: Mocrocks | B30: 43073 | C30: 744.93701 | D30: 8630.3678 | E30: 11.585366 | F30: 1467 | G30: 0.54640001
A31: Twin Harbors | B31: 43071 | C31: 4064.1207 | D31: 29299.475 | E31: 7.2093023 | F31: 1468 | G31: 0.45135
A32: Twin Harbors | B32: 43072 | C32: 2154.0201 | D32: 31879.497 | E32: 14.8 | F32: 1469 | G32: 0.53109998

Sheet Tide Info
A1: TideDate | B1: TideDate | C1: TideHeight | D1: TideTime | E1: Sunrise | F1: Sunset

Sheet Tribal update
A1: 2017-2018 State (non-Indian) Recreational Razor Clam Effort, Harvest and CPUE totals.
E2: COPALIS | I2: MOCROCKS | M2: KALALOCH | Q2: DAILY TOTALS
A3: DATE | B3: DAY | C3: TIDE | D3: TIME | E3: Effort | F3: Harvest | G3: CPUE | H3: Size (mm) | I3: Effort | J3: Harvest | K3: CPUE | L3: Size (mm) | M3: Effort | N3: Harvest | O3: CPUE | P3: Size (mm) | Q3: Effort | R3: Harvest
A4: 43014 | B4: 42657 | C4: -0.4 | D4: 0.82569444 | E4: 3426.1364 | F4: 44866.072 | G4: 13.095238 | I4: 1822.6059 | J4: 22068.309 | K4: 12.108108 | M4: CLOSED | N4: CLOSED | O4: CLOSED | Q4: =+E4+I4 -> 5248.7422 | R4: =+F4+J4 -> 66934.38
A5: 43015 | B5: 42658 | C5: -0.7 | D5: 0.85625 | E5: 4238.6364 | F5: 56732.518 | G5: 13.384615 | I5: 3043.5072 | J5: 39185.155 | K5: 12.875 | M5: CLOSED | N5: CLOSED | O5: CLOSED | Q5: =+E5+I5 -> 7282.1435 | R5: =+F5+J5 -> 95917.672
A6: Tide Series Totals | E6: =SUM(E4:E5) -> 7664.7728 | F6: =SUM(F4:F5) -> 101598.59 | G6: =+F6/E6 -> 13.255264 | H6: 119.42 | I6: =SUM(I4:I5) -> 4866.113 | J6: =SUM(J4:J5) -> 61253.463 | K6: =+J6/I6 -> 12.58776 | L6: 115.02 | Q6: =SUM(Q4:Q5) -> 12530.886 | R6: =SUM(R4:R5) -> 162852.05
A38: SEASON SUBTOTALS: | E38: =+E6 -> 7664.7728 | F38: =+F6 -> 101598.59 | G38: =+F38/E38 -> 13.255264 | I38: =+I6 -> 4866.113 | J38: =+J6 -> 61253.463 | K38: =+J38/I38 -> 12.58776 | Q38: =+Q6 -> 12530.886 | R38: =+R6 -> 162852.05
A39: WASTAGE | F39: =+Harvest!J90 -> 0 | J39: =+Harvest!L90 -> 0 | R39: =+F39+J39+N39 -> 0
A40: SEASON TOTALS: | E40: =+E38 -> 7664.7728 | F40: =SUM(F38:F39) -> 101598.59 | G40: =+G38 -> 13.255264 | I40: =+I38 -> 4866.113 | J40: =SUM(J38:J39) -> 61253.463 | K40: =+K38 -> 12.58776 | M40: =+M38 -> 0 | N40: =+N38 -> 0 | Q40: =+Q38 -> 12530.886 | R40: =SUM(R38:R39) -> 162852.05
A41: % of TAC Harvested: | F41: =+Harvest!J93 -> 0.39424027 | J41: =+Harvest!L93 -> 0.2108614 | N41: =+Harvest!N93 -> 0

Sheet TAC
A1: NON-TRIBAL TOTAL ALLOWABLE CATCH (TAC)
B3: 2017 - 2018 | C3: 2016 - 2017 | D3: 2015 - 2016 | E3: 2014 - 2015 | F3: 2013 - 2014 | G3: 2012 - 2013 | H3: 2011 - 2012 | I3: 2010 - 2011
A4: LONG BEACH | B4: 872679.52 | C4: 4895623.6 | D4: 4768605 | E4: 3885491.5 | F4: 2881223.3 | G4: 1847952.1 | H4: 1094641.4 | I4: 1276247.7
A5: TWIN HARBORS | B5: 506698.76 | C5: 1896630.9 | D5: 1198600 | E5: 2662860.8 | F5: =5744410.73323314*0.4 -> 2297764.3 | G5: 1881783.2 | H5: 616314.31 | I5: 845427.67
A6: COPALIS | B6: 591366.12 | C6: 880571.45 | D6: 1094781 | E6: 889827.43 | F6: =(2615522*0.5)-(161153)+250000 -> 1396608 | G6: 1072689.6 | H6: 371373.04 | I6: 683167.41
A7: MOCROCKS | B7: 778354.53 | C7: 941919.24 | D7: 1695074 | E7: 2240308.7 | F7: 2088668.5 | G7: 909667.35 | H7: 605830.7 | I7: 545586.69
A8: KALALOCH | B8: 24444.43 | C8: 725888.21 | D8: 63740 | E8: 125735.13 | F8: =1033285.9456848*0.254*0.5 -> 131227.32 | G8: 113543.21 | H8: 144560.51 | I8: 258924.12
A9: COASTWIDE TAC | B9: =SUM(B4:B8) -> 2773543.4 | C9: =SUM(C4:C8) -> 9340633.4 | D9: =SUM(D4:D8) -> 8820800 | E9: =SUM(E4:E8) -> 9804223.7 | F9: =SUM(F4:F8) -> 8795491.4 | G9: =SUM(G4:G8) -> 5825635.5 | H9: =SUM(H4:H8) -> 2832720 | I9: =SUM(I4:I8) -> 3609353.6

Sheet TH Wastage
A1: EventID | B1: BeachName | C1: Date | D1: LocationID | E1: NHoles | F1: NClams | G1: NMorts
E40: =SUM(E2:E39) -> 0 | F40: =SUM(F2:F39) -> 0 | G40: =SUM(G2:G39) -> 0 | H40: =+G40/E40 -> #DIV/0!

Sheet LB Wastage
A1: EventID | B1: BeachName | C1: Date | D1: LocationID | E1: NHoles | F1: NClams | G1: NMorts
E100: =SUM(E2:E99) -> 0 | F100: =SUM(F2:F99) -> 0 | G100: =SUM(G2:G99) -> 0 | H100: =+G100/E100 -> #DIV/0!

Sheet Cop Wastage
A1: EventID | B1: BeachName | C1: Date | D1: LocationID | E1: NHoles | F1: NClams | G1: NMorts
E40: =SUM(E2:E39) -> 0 | F40: =SUM(F2:F39) -> 0 | G40: =SUM(G2:G39) -> 0 | H40: =+G40/E40 -> #DIV/0!
E100: =SUM(E2:E99) -> 0 | F100: =SUM(F2:F99) -> 0 | G100: =SUM(G2:G99) -> 0 | H100: =+G100/E100 -> #DIV/0!

Sheet Moc Wastage
A1: EventID | B1: BeachName | C1: Date | D1: LocationID | E1: NHoles | F1: NClams | G1: NMorts
E40: =SUM(E2:E39) -> 0 | F40: =SUM(F2:F39) -> 0 | G40: =SUM(G2:G39) -> 0 | H40: =+G40/E40 -> #DIV/0!
E100: =SUM(E2:E99) -> 0 | F100: =SUM(F2:F99) -> 0 | G100: =SUM(G2:G99) -> 0 | H100: =+G100/E100 -> #DIV/0!
