Workbook

Sheet Harvest
A1: Date | B1: Day | C1: Tide | D1: Time | E1: Longbeach | G1: Twin Harbors | I1: Copalis | K1: Mocrocks | M1: Kalaloch | O1: Daily Totals
A2: 43384 | B2: =+A2 -> 43384 | C2: -0.6 | D2: 0.87361111 | F2: CLOSED | H2: 25850.305 | J2: CLOSED | L2: 18599.554 | N2: CLOSED | O2: =+H2+L2 -> 44449.859 | Q2: =SUM(O2:O9) -> 231563.65
A3: 43385 | B3: =+A3 -> 43385 | C3: -0.3 | D3: 0.90347222 | F3: CLOSED | H3: 16131.648 | J3: 29090.25 | L3: CLOSED | N3: CLOSED | O3: =+H3+J3 -> 45221.898
A4: 43386 | B4: =+A4 -> 43386 | C4: 0.1 | D4: 0.93472222 | F4: CLOSED | H4: 26016.664 | J4: CLOSED | L4: 23316.105 | N4: CLOSED | O4: =+H4+L4 -> 49332.769
A6: 43398 | B6: =+A6 -> 43398 | C6: -0.5 | D6: 0.82986111 | F6: CLOSED | H6: 2060.629 | J6: 10682.551 | L6: CLOSED | N6: CLOSED | O6: =+H6+J6 -> 12743.18
A7: 43399 | B7: =+A7 -> 43399 | C7: -0.7 | D7: 0.85833333 | F7: CLOSED | H7: 22219.796 | J7: CLOSED | L7: 33762.125 | N7: CLOSED | O7: =+H7+L7 -> 55981.921
A8: 43400 | B8: =+A8 -> 43400 | C8: -0.7 | D8: 0.88819444 | F8: CLOSED | H8: 7589.9774 | J8: 10258.666 | L8: CLOSED | N8: CLOSED | O8: =+H8+J8 -> 17848.643
A9: 43401 | B9: =+A9 -> 43401 | C9: -0.6 | D9: 0.92222222 | F9: CLOSED | H9: 2770.0689 | J9: CLOSED | L9: 3215.3112 | N9: CLOSED | O9: =+H9+L9 -> 5985.3801
A11: 43412 | B11: =+A11 -> 43412 | C11: -0.8 | D11: 0.78958333 | F11: CLOSED | H11: 18520.615 | J11: CLOSED | L11: 20767.153 | N11: CLOSED | O11: =+H11+L11 -> 39287.767
A12: 43413 | B12: =+A12 -> 43413 | C12: -0.7 | D12: 0.81666667 | F12: CLOSED | H12: 13082.881 | J12: 28854.588 | L12: CLOSED | N12: CLOSED | O12: =+H12+J12 -> 41937.469
A13: 43414 | B13: =+A13 -> 43414 | C13: -0.4 | D13: 0.84375 | F13: CLOSED | H13: 31626.737 | J13: CLOSED | L13: 31724.956 | N13: CLOSED | O13: =+H13+L13 -> 63351.693
A14: 43415 | B14: =+A14 -> 43415 | C14: 0 | D14: 0.87222222 | F14: CLOSED | G14: * | H14: =+J14*(H12+H8+H6+H3)/(J3+J6+J8+J12) -> 12189.853 | J14: 24742.213 | L14: CLOSED | N14: CLOSED | O14: =+H14+J14 -> 36932.066
A16: 43426 | B16: =+A16 -> 43426 | C16: -0.7 | D16: 0.74652778 | F16: CLOSED | G16: * | H16: =+J16*(H12+H8+H6+H3)/(J3+J6+J8+J12) -> 11448.849 | J16: 23238.168 | L16: CLOSED | N16: CLOSED | O16: =+H16+J16 -> 34687.017
A17: 43427 | B17: =+A17 -> 43427 | C17: -1.1 | D17: 0.775 | F17: CLOSED | H17: 26782.21 | J17: CLOSED | L17: 59634.625 | N17: CLOSED | O17: =+H17+L17 -> 86416.836
A18: 43428 | B18: =+A18 -> 43428 | C18: -1.3 | D18: 0.80555556 | F18: CLOSED | G18: * | H18: =+(J18+L18)*H12/J12 -> 30267.771 | J18: 47122.802 | L18: 19633.448 | N18: CLOSED | O18: =+H18+J18+L18 -> 97024.021
A19: 43429 | B19: =+A19 -> 43429 | C19: -1.3 | D19: 0.83680556 | F19: CLOSED | H19: 4513.5407 | J19: CLOSED | L19: 7321.8112 | N19: CLOSED | O19: =+H19+L19 -> 11835.352
A21: 43440 | B21: =+A21 -> 43440 | C21: -0.7 | D21: 0.75069444 | F21: CLOSED | H21: 9809.2362 | J21: 12790.317 | L21: CLOSED | N21: CLOSED | O21: =+H21+J21 -> 22599.553
A22: 43441 | B22: =+A22 -> 43441 | C22: -0.7 | D22: 0.77777778 | F22: CLOSED | H22: 9522.0081 | J22: CLOSED | L22: 4694.4845 | N22: CLOSED | O22: =+H22+L22 -> 14216.493
A23: 43442 | B23: =+A23 -> 43442 | C23: -0.6 | D23: 0.80277778 | F23: CLOSED | H23: 12936.849 | J23: 21330.225 | L23: CLOSED | N23: CLOSED | O23: =+H23+J23 -> 34267.074
A24: 43443 | B24: =+A24 -> 43443 | C24: -0.4 | D24: 0.82847222 | F24: CLOSED | H24: 762.29931 | J24: CLOSED | L24: 2003.8623 | N24: CLOSED | O24: =+H24+L24 -> 2766.1616
A26: 43454 | B26: =+A26 -> 43454 | C26: -0.3 | D26: 0.70208333 | F26: CLOSED | H26: 1892.803 | J26: CLOSED | L26: 1142.9609 | N26: CLOSED | O26: =+H26+L26 -> 3035.7639
A27: 43455 | B27: =+A27 -> 43455 | C27: -1 | D27: 0.73263889 | F27: CLOSED | H27: 17388.105 | J27: 25219.716 | L27: CLOSED | N27: CLOSED | O27: =+H27+J27 -> 42607.821
A28: 43456 | B28: =+A28 -> 43456 | C28: -1.4 | D28: 0.76388889 | F28: 3998.6841 | H28: 363.89578 | J28: CLOSED | L28: 4055.9884 | N28: CLOSED | O28: =+F28+H28+L28 -> 8418.5682
A29: 43457 | B29: =+A29 -> 43457 | C29: -1.6 | D29: 0.79513889 | F29: CLOSED | H29: 1872.6821 | J29: 7628.5395 | L29: CLOSED | N29: CLOSED | O29: =+H29+J29 -> 9501.2216
A31: 43467 | B31: =+A31 -> 43467 | C31: 0.2 | D31: 0.68194444 | F31: CLOSED | H31: 15541.821 | J31: CLOSED | L31: CLOSED | N31: CLOSED | O31: =+H31 -> 15541.821
A32: 43468 | B32: =+A32 -> 43468 | C32: -0.2 | D32: 0.7125 | F32: CLOSED | H32: 210.56008 | J32: CLOSED | L32: CLOSED | N32: CLOSED | O32: =+H32 -> 210.56008
A33: 43469 | B33: =+A33 -> 43469 | C33: -0.4 | D33: 0.74027778 | F33: CLOSED | H33: 2071.917 | J33: CLOSED | L33: 9123.1457 | N33: CLOSED | O33: =+H33+L33 -> 11195.063
A34: 43470 | B34: =+A34 -> 43470 | C34: -0.4 | D34: 0.76597222 | F34: CLOSED | H34: 445.28936 | J34: 11861.458 | L34: CLOSED | N34: CLOSED | O34: =+H34+J34 -> 12306.748
A35: 43471 | B35: =+A35 -> 43471 | C35: -0.4 | D35: 0.79097222 | F35: CLOSED | H35: 1220.1537 | J35: CLOSED | L35: 1407.4803 | N35: CLOSED | O35: =+H35+L35 -> 2627.634
A37: 43482 | B37: =+A37 -> 43482 | C37: 0.4 | D37: 0.65208333 | F37: CLOSED | H37: 1628.9953 | J37: CLOSED | L37: CLOSED | N37: CLOSED | O37: =+H37 -> 1628.9953
A38: 43483 | B38: =+A38 -> 43483 | C38: -0.4 | D38: 0.6875 | F38: CLOSED | H38: 5347.0335 | J38: CLOSED | L38: CLOSED | N38: CLOSED | O38: =+H38 -> 5347.0335
A39: 43484 | B39: =+A39 -> 43484 | C39: -1.1 | D39: 0.72083333 | F39: CLOSED | H39: 29704.381 | J39: CLOSED | L39: 92345.796 | N39: CLOSED | O39: =+H39+L39 -> 122050.18
A40: 43485 | B40: =+A40 -> 43485 | C40: -1.6 | D40: 0.75347222 | F40: CLOSED | H40: 34202.388 | J40: 77918.622 | L40: CLOSED | N40: CLOSED | O40: =+H40+J40 -> 112121.01
A41: 43486 | B41: =+A41 -> 43486 | C41: -1.8 | D41: 0.78541667 | F41: CLOSED | H41: 19877.82 | J41: CLOSED | L41: 20145.444 | N41: CLOSED | O41: =+H41+L41 -> 40023.264
A43: 43497 | B43: =+A43 -> 43497 | C43: 0.2 | D43: 0.7 | F43: CLOSED | H43: 11808.168 | J43: 17945.537 | L43: CLOSED | N43: CLOSED | O43: =+H43+J43 -> 29753.705
A44: 43498 | B44: =+A44 -> 43498 | C44: 0 | D44: 0.72777778 | F44: CLOSED | H44: 49839.255 | J44: CLOSED | L44: 42861.716 | N44: CLOSED | O44: =+H44+L44 -> 92700.972
A45: 43499 | B45: =+A45 -> 43499 | C45: -0.1 | D45: 0.75277778 | F45: CLOSED | G45: * | H45: =+J45*(H43+H40)/(J43+J40) -> 5037.982 | J45: 10496.763 | L45: CLOSED | N45: CLOSED | O45: =+H45+J45 -> 15534.745
A47: 43511 | B47: =+A47 -> 43511 | C47: 0.4 | D47: 0.63263889 | F47: CLOSED | H47: 4050.8198 | J47: CLOSED | L47: 9445.6821 | N47: CLOSED | O47: =+H47+L47 -> 13496.502
A48: 43512 | B48: =+A48 -> 43512 | C48: -0.3 | D48: 0.67222222 | F48: CLOSED | H48: 20656.269 | J48: 50369.407 | L48: CLOSED | N48: 795.52172 | O48: =+H48+J48+N48 -> 71821.198
A49: 43513 | B49: =+A49 -> 43513 | C49: -1 | D49: 0.70763889 | F49: 110140.54 | G49: * | H49: =+J49*(H48+H43+H40)/(J40+J43+J48) -> 31032.29 | J49: 68069.275 | L49: 38176.283 | N49: 1268.0257 | O49: =+F49+H49+J49+L49+N49 -> 248686.42
A50: 43514 | B50: =+A50 -> 43514 | C50: -1.4 | D50: 0.74027778 | F50: CLOSED | G50: * | H50: =+L50*(H47+H44+H41+H39)/(L39+L41+L44+L47) -> 21024.722 | J50: CLOSED | L50: 33485.738 | N50: 594.41318 | O50: =+H50+L50+N50 -> 55104.874
A51: 43515 | B51: =+A51 -> 43515 | C51: -1.5 | D51: 0.77152778 | F51: CLOSED | H51: 8609.0492 | J51: CLOSED | L51: CLOSED | N51: CLOSED | O51: =+H51 -> 8609.0492
A52: 43516 | B52: =+A52 -> 43516 | C52: -1.3 | D52: 0.80138889 | F52: CLOSED | H52: 15680.461 | J52: CLOSED | L52: CLOSED | N52: CLOSED | O52: =+H52 -> 15680.461
A53: 43517 | B53: =+A53 -> 43517 | C53: -0.8 | D53: 0.83055556 | F53: CLOSED | H53: 8434.2812 | J53: CLOSED | L53: CLOSED | N53: CLOSED | O53: =+H53 -> 8434.2812
A55: 43540 | B55: =+A55 -> 43540 | C55: 0.3 | D55: 0.65486111 | F55: CLOSED | H55: 118067.49 | J55: 105701.81 | L55: CLOSED | N55: CLOSED | O55: =+H55+J55 -> 223769.29
A56: 43541 | B56: =+A56 -> 43541 | C56: -0.2 | D56: 0.69652778 | F56: CLOSED | H56: =+L56*(H47+H44+H41+H39+H35+H33+H28+H26+H24+H22+H19+H13+H11+H9+H7+H4+H2)/(L2+L4+L7+L9+L11+L13+L19+L22+L24+L26+L28+L33+L35+L39+L41+L44+L47) -> 45667.23 | J56: CLOSED | L56: 59342.56 | N56: CLOSED | O56: =+H56+L56 -> 105009.79
A58: 43545 | B58: =+A58 -> 43545 | C58: -0.5 | D58: 0.825 | F58: CLOSED | H58: CLOSED | J58: CLOSED | L58: 52543.399 | N58: CLOSED | O58: =+L58 -> 52543.399
A59: 43546 | B59: =+A59 -> 43546 | C59: -0.2 | D59: 0.34305556 | F59: CLOSED | H59: 18097.122 | J59: CLOSED | L59: 31769.358 | N59: 263.49523 | O59: =+H59+L59+N59 -> 50129.974
A60: 43547 | B60: =+A60 -> 43547 | C60: -0.3 | D60: 0.37569444 | F60: CLOSED | H60: 42074.115 | J60: 92692.866 | L60: CLOSED | N60: 153.99216 | O60: =+H60+J60+N60 -> 134920.97
A61: 43548 | B61: =+A61 -> 43548 | C61: -0.3 | D61: 0.40902778 | F61: CLOSED | H61: 59322.8 | J61: CLOSED | L61: 84939.584 | N61: 503.4749 | O61: =+H61+L61+N61 -> 144765.86
A63: 43561 | B63: =+A63 -> 43561 | C63: 0.3 | D63: 0.33680556 | F63: CLOSED | H63: 2156.5263 | J63: CLOSED | L63: 549.93475 | N63: CLOSED | O63: =+H63+L63 -> 2706.4611
A64: 43562 | B64: =+A64 -> 43562 | C64: 0.1 | D64: 0.36180556 | F64: CLOSED | H64: 9851.791 | J64: CLOSED | L64: 49354.109 | N64: CLOSED | O64: =+H64+L64 -> 59205.9
A65: 43563 | B65: =+A65 -> 43563 | C65: 0 | D65: 0.38888889 | F65: CLOSED | H65: CLOSED | J65: CLOSED | L65: 19808.009 | N65: CLOSED | O65: =+L65 -> 19808.009
A67: 43575 | B67: =+A67 -> 43575 | C67: -1.1 | D67: 0.33194444 | F67: 291793.19 | G67: * | H67: =+J67*(H60+H55+H43+H40+H34+H29+H27+H23+H21+H12+H8+H3)/(J3+J8+J12+J21+J23+J27+J29+J34+J40+J43+J55+J60) -> 100903.68 | J67: 156014.95 | L67: CLOSED | N67: CLOSED | O67: =+F67+H67+J67 -> 548711.81
A68: 43576 | B68: =+A68 -> 43576 | C68: -1.2 | D68: 0.3625 | F68: 208629.49 | H68: 111410.57 | J68: CLOSED | L68: 83678.537 | N68: CLOSED | O68: =+F68+H68+L68 -> 403718.59
A69: 43577 | B69: =+A69 -> 43577 | C69: -1 | D69: 0.39236111 | F69: CLOSED | H69: 32224.541 | J69: CLOSED | L69: 37499.999 | N69: CLOSED | O69: =+H69+L69 -> 69724.539
A71: 43603 | B71: 43603 | C71: -1.4 | D71: 0.29027778 | F71: CLOSED | H71: CLOSED | J71: CLOSED | L71: 91519.186 | N71: CLOSED | O71: =+L71 -> 91519.186
A72: 43604 | B72: 43604 | C72: -1.6 | D72: 0.32013889 | F72: CLOSED | H72: CLOSED | J72: CLOSED | L72: 68012.261 | N72: CLOSED | O72: =+L72 -> 68012.261
A73: 43605 | B73: 43605 | C73: -1.6 | D73: 0.34930556 | F73: CLOSED | H73: CLOSED | J73: CLOSED | L73: 26748.385 | N73: CLOSED | O73: =+L73 -> 26748.385
A76: FALL 2018 - SPRING 2019 SEASON TOTALS: | F76: =SUM(F2:F75) -> 614561.9 | H76: =SUM(H2:H75) -> 1131818.9 | J76: =SUM(J2:J75) -> 832028.72 | L76: =SUM(L2:L75) -> 1082629 | N76: =SUM(N2:N75) -> 3578.9229 | O76: =SUM(O6:O75) -> 3525612.9
A77: ESTIMATED WASTAGE RATE: | F77: =+'LB Wastage'!H100 -> 0.05 | H77: =+'TH Wastage'!H40 -> 0.05 | J77: =+'Cop Wastage'!H100 -> 0.045 | L77: =+'Moc Wastage'!H100 -> 0.05875
A78: ESTIMATED TOTAL WASTAGE: | F78: =+F76*F77 -> 30728.095 | H78: =+H76*H77 -> 56590.947 | J78: =+J76*J77 -> 37441.293 | L78: =+L76*L77 -> 63604.453 | O78: =F78+H78+J78+L78+N78 -> 188364.79
A79: SEASON TOTAL INCLUDING WASTAGE: | F79: =F76+F78 -> 645289.99 | H79: =H76+H78 -> 1188409.9 | J79: =J76+J78 -> 869470.02 | L79: =L76+L78 -> 1146233.4 | N79: =N76+N78 -> 3578.9229 | O79: =O76+O78 -> 3713977.7
A80: Fall 2018 / Spring 2019 Harvest Rate (clams/day):
A81: % of TAC Harvested: | F81: =F79/TAC!B4 -> 1.9345719 | H81: =H79/TAC!B5 -> 0.86296442 | J81: =+J79/TAC!B6 -> 1.0101096 | L81: =L79/TAC!B7 -> 0.75971182 | N81: =N79/TAC!B8 -> 0.0046037912 | O81: =O79/TAC!C9 -> 1.3390733
A82: clams left in TAC : | F82: =+TAC!B4-Harvest!F79 -> -311732.99 | H82: =TAC!B5-Harvest!H79 -> 188715.12 | J82: =+TAC!B6-Harvest!J79 -> -8702.0169 | L82: =TAC!B7-L79 -> 362540.56 | N82: =TAC!B8-N79 -> 773807.08 | O82: =TAC!C9-Harvest!O79 -> -940434.37
A84: *- estimate based on comparison of other beaches. + - no harvest due to very heavy surf and storm warnings.
A85: ** - No beach count. Used data from another day with similar conditions to estimate count.

Sheet Effort
A1: Date | B1: Day | C1: Tide | D1: Time | E1: Longbeach | G1: Twin Harbors | I1: Copalis | K1: Mocrocks | M1: Kalaloch | O1: Daily Totals
A2: 43384 | B2: =+A2 -> 43384 | C2: -0.6 | D2: 0.87361111 | F2: CLOSED | H2: 1852.5577 | J2: CLOSED | L2: 1283.6696 | N2: CLOSED | O2: =+H2+L2 -> 3136.2273 | Q2: =SUM(O2:O9) -> 18435.451
A3: 43385 | B3: =+A3 -> 43385 | C3: -0.3 | D3: 0.90347222 | F3: CLOSED | H3: 1085.784 | J3: 1983.4262 | L3: CLOSED | N3: CLOSED | O3: =+H3+J3 -> 3069.2101
A4: 43386 | B4: =+A4 -> 43386 | C4: 0.1 | D4: 0.93472222 | F4: CLOSED | H4: 1666.4268 | J4: CLOSED | L4: 1673.064 | N4: CLOSED | O4: =+H4+L4 -> 3339.4909
A6: 43398 | B6: =+A6 -> 43398 | C6: -0.5 | D6: 0.82986111 | F6: CLOSED | H6: 632.23844 | J6: 1056.2522 | L6: CLOSED | N6: CLOSED | O6: =+H6+J6 -> 1688.4907
A7: 43399 | B7: =+A7 -> 43399 | C7: -0.7 | D7: 0.85833333 | F7: CLOSED | H7: 2041.5625 | J7: CLOSED | L7: 2233.178 | N7: CLOSED | O7: =+H7+L7 -> 4274.7405
A8: 43400 | B8: =+A8 -> 43400 | C8: -0.7 | D8: 0.88819444 | F8: CLOSED | H8: 670.448 | J8: 1327.3992 | L8: CLOSED | N8: CLOSED | O8: =+H8+J8 -> 1997.8472
A9: 43401 | B9: =+A9 -> 43401 | C9: -0.6 | D9: 0.92222222 | F9: CLOSED | H9: 261.32726 | J9: CLOSED | L9: 668.1166 | N9: CLOSED | O9: =+H9+L9 -> 929.44386
A11: 43412 | B11: =+A11 -> 43412 | C11: -0.8 | D11: 0.78958333 | F11: CLOSED | H11: 1280.6808 | J11: CLOSED | L11: 1395.4213 | N11: CLOSED | O11: =+H11+L11 -> 2676.1021
A12: 43413 | B12: =+A12 -> 43413 | C12: -0.7 | D12: 0.81666667 | F12: CLOSED | H12: 901.32581 | J12: 1923.6392 | L12: CLOSED | N12: CLOSED | O12: =+H12+J12 -> 2824.965
A13: 43414 | B13: =+A13 -> 43414 | C13: -0.4 | D13: 0.84375 | F13: CLOSED | H13: 2386.1605 | J13: CLOSED | L13: 2162.2596 | N13: CLOSED | O13: =+H13+L13 -> 4548.4201
A14: 43415 | B14: =+A14 -> 43415 | C14: 0 | D14: 0.87222222 | F14: CLOSED | G14: * | H14: =+J14*(H12+H8+H6+H3)/(J3+J6+J8+J12) -> 867.23855 | J14: 1658.3253 | L14: CLOSED | N14: CLOSED | O14: =+H14+J14 -> 2525.5638
A16: 43426 | B16: =+A16 -> 43426 | C16: -0.7 | D16: 0.74652778 | F16: CLOSED | G16: * | H16: =+J16*(H12+H8+H6+H3)/(J3+J6+J8+J12) -> 830.57634 | J16: 1588.2201 | L16: CLOSED | N16: CLOSED | O16: =+H16+J16 -> 2418.7965
A17: 43427 | B17: =+A17 -> 43427 | C17: -1.1 | D17: 0.775 | F17: CLOSED | H17: 2423.2726 | J17: CLOSED | L17: 4038.186 | N17: CLOSED | O17: =+H17+L17 -> 6461.4585
A18: 43428 | B18: =+A18 -> 43428 | C18: -1.3 | D18: 0.80555556 | F18: CLOSED | G18: * | H18: =+(J18+L18)*H12/J12 -> 2161.5193 | J18: 3198.5485 | L18: 1414.6371 | N18: CLOSED | O18: =+H18+J18+L18 -> 6774.7049
A19: 43429 | B19: =+A19 -> 43429 | C19: -1.3 | D19: 0.83680556 | F19: CLOSED | H19: 300.90271 | J19: CLOSED | L19: 499.47239 | N19: CLOSED | O19: =+H19+L19 -> 800.3751
A21: 43440 | B21: =+A21 -> 43440 | C21: -0.7 | D21: 0.75069444 | F21: CLOSED | H21: 1538.7037 | J21: 1112.2015 | L21: CLOSED | N21: CLOSED | O21: =+H21+J21 -> 2650.9052
A22: 43441 | B22: =+A22 -> 43441 | C22: -0.7 | D22: 0.77777778 | F22: CLOSED | H22: 804.41326 | J22: CLOSED | L22: 576.30501 | N22: CLOSED | O22: =+H22+L22 -> 1380.7183
A23: 43442 | B23: =+A23 -> 43442 | C23: -0.6 | D23: 0.80277778 | F23: CLOSED | H23: 948.5266 | J23: 1667.892 | L23: CLOSED | N23: CLOSED | O23: =+H23+J23 -> 2616.4186
A24: 43443 | B24: =+A24 -> 43443 | C24: -0.4 | D24: 0.82847222 | F24: CLOSED | H24: 132.87786 | J24: CLOSED | L24: 226.07678 | N24: CLOSED | O24: =+H24+L24 -> 358.95464
A26: 43454 | B26: =+A26 -> 43454 | C26: -0.3 | D26: 0.70208333 | F26: CLOSED | H26: 397.64769 | J26: CLOSED | L26: 280.13747 | N26: CLOSED | O26: =+H26+L26 -> 677.78516
A27: 43455 | B27: =+A27 -> 43455 | C27: -1 | D27: 0.73263889 | F27: CLOSED | H27: 1183.6582 | J27: 1681.3144 | L27: CLOSED | N27: CLOSED | O27: =+H27+J27 -> 2864.9725
A28: 43456 | B28: =+A28 -> 43456 | C28: -1.4 | D28: 0.76388889 | F28: 1777.1929 | H28: 709.59678 | J28: CLOSED | L28: 881.01387 | N28: CLOSED | O28: =+F28+H28+L28 -> 3367.8036
A29: 43457 | B29: =+A29 -> 43457 | C29: -1.6 | D29: 0.79513889 | F29: CLOSED | H29: 587.93506 | J29: 1074.4422 | L29: CLOSED | N29: CLOSED | O29: =+H29+J29 -> 1662.3773
A31: 43467 | B31: =+A31 -> 43467 | C31: 0.2 | D31: 0.68194444 | F31: CLOSED | H31: 1358.3299 | J31: CLOSED | L31: CLOSED | N31: CLOSED | O31: =+H31 -> 1358.3299
A32: 43468 | B32: =+A32 -> 43468 | C32: -0.2 | D32: 0.7125 | F32: CLOSED | H32: 232.7243 | J32: CLOSED | L32: CLOSED | N32: CLOSED | O32: =+H32 -> 232.7243
A33: 43469 | B33: =+A33 -> 43469 | C33: -0.4 | D33: 0.74027778 | F33: CLOSED | H33: 723.21631 | J33: CLOSED | L33: 931.36522 | N33: CLOSED | O33: =+H33+L33 -> 1654.5815
A34: 43470 | B34: =+A34 -> 43470 | C34: -0.4 | D34: 0.76597222 | F34: CLOSED | H34: 667.93404 | J34: 1448.5191 | L34: CLOSED | N34: CLOSED | O34: =+H34+J34 -> 2116.4532
A35: 43471 | B35: =+A35 -> 43471 | C35: -0.4 | D35: 0.79097222 | F35: CLOSED | H35: 142.90088 | J35: CLOSED | L35: 95.964568 | N35: CLOSED | O35: =+H35+L35 -> 238.86545
A37: 43482 | B37: =+A37 -> 43482 | C37: 0.4 | D37: 0.65208333 | F37: CLOSED | H37: 760.19779 | J37: CLOSED | L37: CLOSED | N37: CLOSED | O37: =+H37 -> 760.19779
A38: 43483 | B38: =+A38 -> 43483 | C38: -0.4 | D38: 0.6875 | F38: CLOSED | H38: 751.23611 | J38: CLOSED | L38: CLOSED | N38: CLOSED | O38: =+H38 -> 751.23611
A39: 43484 | B39: =+A39 -> 43484 | C39: -1.1 | D39: 0.72083333 | F39: CLOSED | H39: 4752.7009 | J39: CLOSED | L39: 6352.8668 | N39: CLOSED | O39: =+H39+L39 -> 11105.568
A40: 43485 | B40: =+A40 -> 43485 | C40: -1.6 | D40: 0.75347222 | F40: CLOSED | H40: 2417.1299 | J40: 5194.5748 | L40: CLOSED | N40: CLOSED | O40: =+H40+J40 -> 7611.7047
A41: 43486 | B41: =+A41 -> 43486 | C41: -1.8 | D41: 0.78541667 | F41: CLOSED | H41: 1325.188 | J41: CLOSED | L41: 1471.4933 | N41: CLOSED | O41: =+H41+L41 -> 2796.6813
A43: 43497 | B43: =+A43 -> 43497 | C43: 0.2 | D43: 0.7 | F43: CLOSED | H43: 1060.3253 | J43: 1395.1561 | L43: CLOSED | N43: CLOSED | O43: =+H43+J43 -> 2455.4814
A44: 43498 | B44: =+A44 -> 43498 | C44: 0 | D44: 0.72777778 | F44: CLOSED | H44: 4068.5106 | J44: CLOSED | L44: 3324.7873 | N44: CLOSED | O44: =+H44+L44 -> 7393.298
A45: 43499 | B45: =+A45 -> 43499 | C45: -0.1 | D45: 0.75277778 | F45: CLOSED | G45: * | H45: =+J45*(H43+H40)/(J43+J40) -> 393.10652 | J45: 744.93159 | L45: CLOSED | N45: CLOSED | O45: =+H45+J45 -> 1138.0381
A47: 43511 | B47: =+A47 -> 43511 | C47: 0.4 | D47: 0.63263889 | F47: CLOSED | H47: 466.58657 | J47: CLOSED | L47: 794.78231 | N47: CLOSED | O47: =+H47+L47 -> 1261.3689
A48: 43512 | B48: =+A48 -> 43512 | C48: -0.3 | D48: 0.67222222 | F48: CLOSED | H48: 1607.1842 | J48: 4004.5243 | L48: CLOSED | N48: 282.29952 | O48: =+H48+J48+N48 -> 5894.008
A49: 43513 | B49: =+A49 -> 43513 | C49: -1 | D49: 0.70763889 | F49: 8343.9805 | G49: * | H49: =+J49*(H48+H43+H40)/(J40+J43+J48) -> 2177.9584 | J49: 4537.9516 | L49: 2715.4678 | N49: 309.65567 | O49: =+F49+H49+J49+L49+N49 -> 18085.014
A50: 43514 | B50: =+A50 -> 43514 | C50: -1.4 | D50: 0.74027778 | F50: CLOSED | G50: * | H50: =+L50*(H47+H44+H41+H39)/(L39+L41+L44+L47) -> 1983.6223 | J50: CLOSED | L50: 2232.3826 | N50: 110.96922 | O50: =+H50+L50+N50 -> 4326.9741
A51: 43515 | B51: =+A51 -> 43515 | C51: -1.5 | D51: 0.77152778 | F51: CLOSED | H51: 1004.3891 | J51: CLOSED | L51: CLOSED | N51: CLOSED | O51: =+H51 -> 1004.3891
A52: 43516 | B52: =+A52 -> 43516 | C52: -1.3 | D52: 0.80138889 | F52: CLOSED | H52: 1251.8015 | J52: CLOSED | L52: CLOSED | N52: CLOSED | O52: =+H52 -> 1251.8015
A53: 43517 | B53: =+A53 -> 43517 | C53: -0.8 | D53: 0.83055556 | F53: CLOSED | H53: 615.98683 | J53: CLOSED | L53: CLOSED | N53: CLOSED | O53: =+H53 -> 615.98683
A55: 43540 | B55: =+A55 -> 43540 | C55: 0.3 | D55: 0.65486111 | F55: CLOSED | H55: 8237.2666 | J55: 8342.8653 | L55: CLOSED | N55: CLOSED | O55: =+H55+J55 -> 16580.132
A56: 43541 | B56: =+A56 -> 43541 | C56: -0.2 | D56: 0.69652778 | F56: CLOSED | H56: =+L56*(H47+H44+H41+H39+H35+H33+H28+H26+H24+H22+H19+H13+H11+H9+H7+H4+H2)/(L2+L4+L7+L9+L11+L13+L19+L22+L24+L26+L28+L33+L35+L39+L41+L44+L47) -> 3986.4495 | J56: CLOSED | L56: 4249.2203 | N56: CLOSED | O56: =+H56+L56 -> 8235.6698
A58: 43545 | B58: =+A58 -> 43545 | C58: -0.5 | D58: 0.825 | F58: CLOSED | H58: CLOSED | J58: CLOSED | L58: 3502.8932 | N58: CLOSED | O58: =+L58 -> 3502.8932
A59: 43546 | B59: =+A59 -> 43546 | C59: -0.2 | D59: 0.34305556 | F59: CLOSED | H59: 1206.4748 | J59: CLOSED | L59: 2328.3731 | N59: 59.725254 | O59: =+H59+L59+N59 -> 3594.5731
A60: 43547 | B60: =+A60 -> 43547 | C60: -0.3 | D60: 0.37569444 | F60: CLOSED | H60: 3421.6901 | J60: 6831.5524 | L60: CLOSED | N60: 125.33044 | O60: =+H60+J60+N60 -> 10378.573
A61: 43548 | B61: =+A61 -> 43548 | C61: -0.3 | D61: 0.40902778 | F61: CLOSED | H61: 4508.2466 | J61: CLOSED | L61: 5801.0499 | N61: 109.29691 | O61: =+H61+L61+N61 -> 10418.593
A63: 43561 | B63: =+A63 -> 43561 | C63: 0.3 | D63: 0.33680556 | F63: CLOSED | H63: 1251.1145 | J63: CLOSED | L63: 1695.6322 | N63: CLOSED | O63: =+H63+L63 -> 2946.7467
A64: 43562 | B64: =+A64 -> 43562 | C64: 0.1 | D64: 0.36180556 | F64: CLOSED | H64: 2327.8493 | J64: CLOSED | L64: 3535.0051 | N64: CLOSED | O64: =+H64+L64 -> 5862.8544
A65: 43563 | B65: =+A65 -> 43563 | C65: 0 | D65: 0.38888889 | F65: CLOSED | H65: CLOSED | J65: CLOSED | L65: 1619.1833 | N65: CLOSED | O65: =+L65 -> 1619.1833
A67: 43575 | B67: =+A67 -> 43575 | C67: -1.1 | D67: 0.33194444 | F67: 19507.065 | H67: =+J67*(H60+H55+H43+H40+H34+H29+H27+H23+H21+H12+H8+H3)/(J3+J8+J12+J21+J23+J27+J29+J34+J40+J43+J55+J60) -> 7532.3967 | J67: 11266.07 | L67: CLOSED | N67: CLOSED | O67: =+F67+H67+J67 -> 38305.532
A68: 43576 | B68: =+A68 -> 43576 | C68: -1.2 | D68: 0.3625 | F68: 14267.565 | H68: 7486.3188 | J68: CLOSED | L68: 5578.5691 | N68: CLOSED | O68: =+F68+H68+L68 -> 27332.453
A69: 43577 | B69: =+A69 -> 43577 | C69: -1 | D69: 0.39236111 | F69: CLOSED | H69: 2151.6386 | J69: CLOSED | L69: 2499.9999 | N69: CLOSED | O69: =+H69+L69 -> 4651.6385
A71: 43603 | B71: 43603 | C71: -1.4 | D71: 0.29027778 | F71: CLOSED | H71: CLOSED | J71: CLOSED | L71: 6218.9346 | N71: CLOSED | O71: =+L71 -> 6218.9346
A72: 43604 | B72: 43604 | C72: -1.6 | D72: 0.32013889 | F72: CLOSED | H72: CLOSED | J72: CLOSED | L72: 4678.6958 | N72: CLOSED | O72: =+L72 -> 4678.6958
A73: 43605 | B73: 43605 | C73: -1.6 | D73: 0.34930556 | F73: CLOSED | H73: CLOSED | J73: CLOSED | L73: 1867.904 | N73: CLOSED | O73: =+L73 -> 1867.904
A76: SEASON TOTALS : | F76: =SUM(F2:F75) -> 43895.804 | H76: =SUM(H2:H75) -> 95535.855 | J76: =SUM(J2:J75) -> 62037.806 | L76: =SUM(L3:L75) -> 77542.439 | N76: =SUM(N48:N75) -> 997.27702 | O76: =SUM(O2:O75) -> 281292.85
A77: *- estimate based on comparison of other beaches. + - no harvest due to very heavy surf and storm warnings.
A78: ** - No beach count. Used data from another day with similar conditions to estimate count.
A79: # - Tide is not low enough for decent digging opportunity

Sheet CPUE
A1: Date | B1: Day | C1: Tide | D1: Time | E1: Longbeach | G1: Twin Harbors | I1: Copalis | K1: Mocrocks | M1: Kalaloch
A2: 43384 | B2: =+A2 -> 43384 | C2: -0.6 | D2: 0.87361111 | F2: CLOSED | H2: =+Harvest!H2/Effort!H2 -> 13.953846 | J2: CLOSED | L2: =+Harvest!L2/Effort!L2 -> 14.489362 | N2: CLOSED | O2: =+Harvest!O2/Effort!O2 -> 14.173035 | Q2: =AVERAGE(O2:O9) -> 11.385196
A3: 43385 | B3: =+A3 -> 43385 | C3: -0.3 | D3: 0.90347222 | F3: CLOSED | H3: =+Harvest!H3/Effort!H3 -> 14.857143 | J3: =+Harvest!J3/Effort!J3 -> 14.666667 | L3: CLOSED | N3: CLOSED | O3: =+Harvest!O3/Effort!O3 -> 14.734051
A4: 43386 | B4: =+A4 -> 43386 | C4: 0.1 | D4: 0.93472222 | F4: CLOSED | H4: =+Harvest!H4/Effort!H4 -> 15.612245 | J4: CLOSED | L4: =+Harvest!L4/Effort!L4 -> 13.93617 | N4: CLOSED | O4: =+Harvest!O4/Effort!O4 -> 14.772542
A6: 43398 | B6: =+A6 -> 43398 | C6: -0.5 | D6: 0.82986111 | F6: CLOSED | H6: =+Harvest!H6/Effort!H6 -> 3.2592593 | J6: =+Harvest!J6/Effort!J6 -> 10.113636 | L6: CLOSED | N6: CLOSED | O6: =+Harvest!O6/Effort!O6 -> 7.5470834
A7: 43399 | B7: =+A7 -> 43399 | C7: -0.7 | D7: 0.85833333 | F7: CLOSED | H7: =+Harvest!H7/Effort!H7 -> 10.883721 | J7: CLOSED | L7: =+Harvest!L7/Effort!L7 -> 15.118421 | N7: CLOSED | O7: =+Harvest!O7/Effort!O7 -> 13.095981
A8: 43400 | B8: =+A8 -> 43400 | C8: -0.7 | D8: 0.88819444 | F8: CLOSED | H8: =+Harvest!H8/Effort!H8 -> 11.320755 | J8: =+Harvest!J8/Effort!J8 -> 7.7283951 | L8: CLOSED | N8: CLOSED | O8: =+Harvest!O8/Effort!O8 -> 8.9339379
A9: 43401 | B9: =+A9 -> 43401 | C9: -0.6 | D9: 0.92222222 | F9: CLOSED | H9: =+Harvest!H9/Effort!H9 -> 10.6 | J9: CLOSED | L9: =+Harvest!L9/Effort!L9 -> 4.8125 | N9: CLOSED | O9: =+Harvest!O9/Effort!O9 -> 6.4397435
A11: 43412 | B11: =+A11 -> 43412 | C11: -0.8 | D11: 0.78958333 | F11: CLOSED | H11: =+Harvest!H11/Effort!H11 -> 14.461538 | J11: CLOSED | L11: =+Harvest!L11/Effort!L11 -> 14.882353 | N11: CLOSED | O11: =+Harvest!O11/Effort!O11 -> 14.680967
A12: 43413 | B12: =+A12 -> 43413 | C12: -0.7 | D12: 0.81666667 | F12: CLOSED | H12: =+Harvest!H12/Effort!H12 -> 14.515152 | J12: =+Harvest!J12/Effort!J12 -> 15 | L12: CLOSED | N12: CLOSED | O12: =+Harvest!O12/Effort!O12 -> 14.845306
A13: 43414 | B13: =+A13 -> 43414 | C13: -0.4 | D13: 0.84375 | F13: CLOSED | H13: =+Harvest!H13/Effort!H13 -> 13.254237 | J13: CLOSED | L13: =+Harvest!L13/Effort!L13 -> 14.672131 | N13: CLOSED | O13: =+Harvest!O13/Effort!O13 -> 13.928286
A14: 43415 | B14: =+A14 -> 43415 | C14: 0 | D14: 0.87222222 | F14: CLOSED | G14: * | H14: =+Harvest!H14/Effort!H14 -> 14.05594 | J14: =+Harvest!J14/Effort!J14 -> 14.92 | L14: CLOSED | N14: CLOSED | O14: =+Harvest!O14/Effort!O14 -> 14.623296
F15: CLOSED
A16: 43426 | B16: =+A16 -> 43426 | C16: -0.7 | D16: 0.74652778 | F16: CLOSED | G16: * | H16: =+Harvest!H16/Effort!H16 -> 13.784222 | J16: =+Harvest!J16/Effort!J16 -> 14.631579 | L16: CLOSED | N16: CLOSED | O16: =+Harvest!O16/Effort!O16 -> 14.34061
A17: 43427 | B17: =+A17 -> 43427 | C17: -1.1 | D17: 0.775 | F17: CLOSED | H17: =+Harvest!H17/Effort!H17 -> 11.052083 | J17: CLOSED | L17: =+Harvest!L17/Effort!L17 -> 14.767677 | N17: CLOSED | O17: =+Harvest!O17/Effort!O17 -> 13.374199
A18: 43428 | B18: =+A18 -> 43428 | C18: -1.3 | D18: 0.80555556 | F18: CLOSED | G18: * | H18: =+Harvest!H18/Effort!H18 -> 14.003007 | J18: =+Harvest!J18/Effort!J18 -> 14.732558 | L18: =+Harvest!L18/Effort!L18 -> 13.878788 | N18: CLOSED | O18: =+Harvest!O18/Effort!O18 -> 14.321512
A19: 43429 | B19: =+A19 -> 43429 | C19: -1.3 | D19: 0.83680556 | F19: CLOSED | H19: =+Harvest!H19/Effort!H19 -> 15 | J19: CLOSED | L19: =+Harvest!L19/Effort!L19 -> 14.659091 | N19: CLOSED | O19: =+Harvest!O19/Effort!O19 -> 14.787256
A21: 43440 | B21: =+A21 -> 43440 | C21: -0.7 | D21: 0.75069444 | F21: CLOSED | H21: =+Harvest!H21/Effort!H21 -> 6.375 | J21: =+Harvest!J21/Effort!J21 -> 11.5 | L21: CLOSED | N21: CLOSED | O21: =+Harvest!O21/Effort!O21 -> 8.5252212
A22: 43441 | B22: =+A22 -> 43441 | C22: -0.7 | D22: 0.77777778 | F22: CLOSED | H22: =+Harvest!H22/Effort!H22 -> 11.837209 | J22: CLOSED | L22: =+Harvest!L22/Effort!L22 -> 8.1458333 | N22: CLOSED | O22: =+Harvest!O22/Effort!O22 -> 10.296447
A23: 43442 | B23: =+A23 -> 43442 | C23: -0.6 | D23: 0.80277778 | F23: CLOSED | H23: =+Harvest!H23/Effort!H23 -> 13.638889 | J23: =+Harvest!J23/Effort!J23 -> 12.788732 | L23: CLOSED | N23: CLOSED | O23: =+Harvest!O23/Effort!O23 -> 13.096938
A24: 43443 | B24: =+A24 -> 43443 | C24: -0.4 | D24: 0.82847222 | F24: CLOSED | H24: =+Harvest!H24/Effort!H24 -> 5.7368421 | J24: CLOSED | L24: =+Harvest!L24/Effort!L24 -> 8.8636364 | N24: CLOSED | O24: =+Harvest!O24/Effort!O24 -> 7.7061594
A26: 43454 | B26: =+A26 -> 43454 | C26: -0.3 | D26: 0.70208333 | F26: CLOSED | H26: =+Harvest!H26/Effort!H26 -> 4.76 | J26: CLOSED | L26: =+Harvest!L26/Effort!L26 -> 4.08 | N26: CLOSED | O26: =+Harvest!O26/Effort!O26 -> 4.4789471
A27: 43455 | B27: =+A27 -> 43455 | C27: -1 | D27: 0.73263889 | F27: CLOSED | H27: =+Harvest!H27/Effort!H27 -> 14.690141 | J27: =+Harvest!J27/Effort!J27 -> 15 | L27: CLOSED | N27: CLOSED | O27: =+Harvest!O27/Effort!O27 -> 14.871982
A28: 43456 | B28: =+A28 -> 43456 | C28: -1.4 | D28: 0.76388889 | F28: =+Harvest!F28/Effort!F28 -> 2.25 | H28: =+Harvest!H28/Effort!H28 -> 0.51282051 | J28: CLOSED | L28: =+Harvest!L28/Effort!L28 -> 4.6037736 | N28: CLOSED | O28: =+Harvest!O28/Effort!O28 -> 2.4997207
A29: 43457 | B29: =+A29 -> 43457 | C29: -1.6 | D29: 0.79513889 | F29: CLOSED | H29: =+Harvest!H29/Effort!H29 -> 3.1851852 | J29: =+Harvest!J29/Effort!J29 -> 7.1 | L29: CLOSED | N29: CLOSED | O29: =+Harvest!O29/Effort!O29 -> 5.7154425
A31: 43467 | B31: =+A31 -> 43467 | C31: 0.2 | D31: 0.68194444 | F31: CLOSED | H31: =+Harvest!H31/Effort!H31 -> 11.44186 | J31: CLOSED | L31: CLOSED | N31: CLOSED
A32: 43468 | B32: =+A32 -> 43468 | C32: -0.2 | D32: 0.7125 | F32: CLOSED | H32: =+Harvest!H32/Effort!H32 -> 0.9047619 | J32: CLOSED | L32: CLOSED | N32: CLOSED
A33: 43469 | B33: =+A33 -> 43469 | C33: -0.4 | D33: 0.74027778 | F33: CLOSED | H33: =+Harvest!H33/Effort!H33 -> 2.8648649 | J33: CLOSED | L33: =+Harvest!L33/Effort!L33 -> 9.7954545 | N33: CLOSED
A34: 43470 | B34: =+A34 -> 43470 | C34: -0.4 | D34: 0.76597222 | F34: CLOSED | H34: =+Harvest!H34/Effort!H34 -> 0.66666667 | J34: =+Harvest!J34/Effort!J34 -> 8.1886792 | L34: CLOSED | N34: CLOSED
A35: 43471 | B35: =+A35 -> 43471 | C35: -0.4 | D35: 0.79097222 | F35: CLOSED | H35: =+Harvest!H35/Effort!H35 -> 8.5384615 | J35: CLOSED | L35: =+Harvest!L35/Effort!L35 -> 14.666667 | N35: CLOSED
A37: 43482 | B37: =+A37 -> 43482 | C37: 0.4 | D37: 0.65208333 | F37: CLOSED | H37: =+Harvest!H37/Effort!H37 -> 2.1428571 | J37: CLOSED | L37: CLOSED | N37: CLOSED
A38: 43483 | B38: =+A38 -> 43483 | C38: -0.4 | D38: 0.6875 | F38: CLOSED | H38: =+Harvest!H38/Effort!H38 -> 7.1176471 | J38: CLOSED | L38: CLOSED | N38: CLOSED
A39: 43484 | B39: =+A39 -> 43484 | C39: -1.1 | D39: 0.72083333 | F39: CLOSED | H39: =+Harvest!H39/Effort!H39 -> 6.25 | J39: CLOSED | L39: =+Harvest!L39/Effort!L39 -> 14.536082 | N39: CLOSED
A40: 43485 | B40: =+A40 -> 43485 | C40: -1.6 | D40: 0.75347222 | F40: CLOSED | H40: =+Harvest!H40/Effort!H40 -> 14.15 | J40: =+Harvest!J40/Effort!J40 -> 15 | L40: CLOSED | N40: CLOSED
A41: 43486 | B41: =+A41 -> 43486 | C41: -1.8 | D41: 0.78541667 | F41: CLOSED | H41: =+Harvest!H41/Effort!H41 -> 15 | J41: CLOSED | L41: =+Harvest!L41/Effort!L41 -> 13.690476 | N41: CLOSED
A43: 43497 | B43: =+A43 -> 43497 | C43: 0.2 | D43: 0.7 | F43: CLOSED | H43: =+Harvest!H43/Effort!H43 -> 11.136364 | J43: =+Harvest!J43/Effort!J43 -> 12.862745 | L43: CLOSED | N43: CLOSED
A44: 43498 | B44: =+A44 -> 43498 | C44: 0 | D44: 0.72777778 | F44: CLOSED | H44: =+Harvest!H44/Effort!H44 -> 12.25 | J44: CLOSED | L44: =+Harvest!L44/Effort!L44 -> 12.891566 | N44: CLOSED
A45: 43499 | B45: =+A45 -> 43499 | C45: -0.1 | D45: 0.75277778 | F45: CLOSED | H45: =+Harvest!H45/Effort!H45 -> 12.815819 | J45: =+Harvest!J45/Effort!J45 -> 14.090909 | L45: CLOSED | N45: CLOSED
A47: 43511 | B47: =+A47 -> 43511 | C47: 0.4 | D47: 0.63263889 | F47: CLOSED | H47: =+Harvest!H47/Effort!H47 -> 8.6818182 | J47: CLOSED | L47: =+Harvest!L47/Effort!L47 -> 11.884615 | N47: CLOSED
A48: 43512 | B48: =+A48 -> 43512 | C48: -0.3 | D48: 0.67222222 | F48: CLOSED | H48: =+Harvest!H48/Effort!H48 -> 12.852459 | J48: =+Harvest!J48/Effort!J48 -> 12.578125 | L48: CLOSED | N48: =+Harvest!N48/Effort!N48 -> 2.8180059
A49: 43513 | B49: =+A49 -> 43513 | C49: -1 | D49: 0.70763889 | F49: =+Harvest!F49/Effort!F49 -> 13.2 | H49: =+Harvest!H49/Effort!H49 -> 14.248339 | J49: =+Harvest!J49/Effort!J49 -> 15 | L49: =+Harvest!L49/Effort!L49 -> 14.058824 | N49: =+Harvest!N49/Effort!N49 -> 4.0949538
A50: 43514 | B50: =+A50 -> 43514 | C50: -1.4 | D50: 0.74027778 | F50: CLOSED | H50: =+Harvest!H50/Effort!H50 -> 10.599156 | J50: CLOSED | L50: =+Harvest!L50/Effort!L50 -> 15 | N50: =+Harvest!N50/Effort!N50 -> 5.3565589
A51: 43515 | B51: =+A51 -> 43515 | C51: -1.5 | D51: 0.77152778 | F51: CLOSED | H51: =+Harvest!H51/Effort!H51 -> 8.5714286 | J51: CLOSED | L51: CLOSED | N51: CLOSED
A52: 43516 | B52: =+A52 -> 43516 | C52: -1.3 | D52: 0.80138889 | F52: CLOSED | H52: =+Harvest!H52/Effort!H52 -> 12.526316 | J52: CLOSED | L52: CLOSED | N52: CLOSED
A53: 43517 | B53: =+A53 -> 43517 | C53: -0.8 | D53: 0.83055556 | F53: CLOSED | H53: =+Harvest!H53/Effort!H53 -> 13.692308 | J53: CLOSED | L53: CLOSED | N53: CLOSED
A55: 43540 | B55: =+A55 -> 43540 | C55: 0.3 | D55: 0.65486111 | F55: CLOSED | H55: =+Harvest!H55/Effort!H55 -> 14.333333 | J55: =+Harvest!J55/Effort!J55 -> 12.669725 | L55: CLOSED | N55: CLOSED
A56: 43541 | B56: =+A56 -> 43541 | C56: -0.2 | D56: 0.69652778 | F56: CLOSED | H56: =+Harvest!H56/Effort!H56 -> 11.455615 | J56: CLOSED | L56: =+Harvest!L56/Effort!L56 -> 13.965517 | N56: CLOSED
A58: 43545 | B58: =+A58 -> 43545 | C58: -0.5 | D58: 0.825 | F58: CLOSED | H58: CLOSED | J58: CLOSED | L58: =+Harvest!L58/Effort!L58 -> 15 | N58: CLOSED
A59: 43546 | B59: =+A59 -> 43546 | C59: -0.2 | D59: 0.34305556 | F59: CLOSED | H59: =+Harvest!H59/Effort!H59 -> 15 | J59: CLOSED | L59: =+Harvest!L59/Effort!L59 -> 13.644444 | N59: =+Harvest!N59/Effort!N59 -> 4.4117893
A60: 43547 | B60: =+A60 -> 43547 | C60: -0.3 | D60: 0.37569444 | F60: CLOSED | H60: =+Harvest!H60/Effort!H60 -> 12.296296 | J60: =+Harvest!J60/Effort!J60 -> 13.568346 | L60: CLOSED | N60: =+Harvest!N60/Effort!N60 -> 1.2286892
A61: 43548 | B61: =+A61 -> 43548 | C61: -0.3 | D61: 0.40902778 | F61: CLOSED | H61: =+Harvest!H61/Effort!H61 -> 13.15873 | J61: CLOSED | L61: =+Harvest!L61/Effort!L61 -> 14.642105 | N61: =+Harvest!N61/Effort!N61 -> 4.6064882
A63: 43561 | B63: =+A63 -> 43561 | C63: 0.3 | D63: 0.33680556 | F63: CLOSED | H63: =+Harvest!H63/Effort!H63 -> 1.7236842 | J63: CLOSED | L63: =+Harvest!L63/Effort!L63 -> 0.32432432 | N63: CLOSED
A64: 43562 | B64: =+A64 -> 43562 | C64: 0.1 | D64: 0.36180556 | F64: CLOSED | H64: =+Harvest!H64/Effort!H64 -> 4.2321429 | J64: CLOSED | L64: =+Harvest!L64/Effort!L64 -> 13.961538 | N64: CLOSED
A65: 43563 | B65: =+A65 -> 43563 | C65: 0 | D65: 0.38888889 | F65: CLOSED | H65: CLOSED | J65: CLOSED | L65: =+Harvest!L65/Effort!L65 -> 12.233333 | N65: CLOSED
A67: 43575 | B67: =+A67 -> 43575 | C67: -1.1 | D67: 0.33194444 | F67: =+Harvest!F67/Effort!F67 -> 14.958333 | H67: =+Harvest!H67/Effort!H67 -> 13.395959 | J67: =+Harvest!J67/Effort!J67 -> 13.848214 | L67: CLOSED | N67: CLOSED
A68: 43576 | B68: =+A68 -> 43576 | C68: -1.2 | D68: 0.3625 | F68: =+Harvest!F68/Effort!F68 -> 14.622642 | H68: =+Harvest!H68/Effort!H68 -> 14.88189 | J68: CLOSED | L68: =+Harvest!L68/Effort!L68 -> 15 | N68: CLOSED
A69: 43577 | B69: =+A69 -> 43577 | C69: -1 | D69: 0.39236111 | F69: CLOSED | H69: =+Harvest!H69/Effort!H69 -> 14.976744 | J69: CLOSED | L69: =+Harvest!L69/Effort!L69 -> 15 | N69: CLOSED
A71: 43603 | B71: 43603 | C71: -1.4 | D71: 0.29027778 | F71: CLOSED | H71: CLOSED | J71: CLOSED | L71: =+Harvest!L71/Effort!L71 -> 14.716216 | N71: CLOSED
A72: 43604 | B72: 43604 | C72: -1.6 | D72: 0.32013889 | F72: CLOSED | H72: CLOSED | J72: CLOSED | L72: =+Harvest!L72/Effort!L72 -> 14.536585 | N72: CLOSED
A73: 43605 | B73: 43605 | C73: -1.6 | D73: 0.34930556 | F73: CLOSED | H73: CLOSED | J73: CLOSED | L73: =+Harvest!L73/Effort!L73 -> 14.32 | N73: CLOSED
A76: SEASON TOTALS : | F76: =Harvest!F76/Effort!F76 -> 14.00047 | H76: =Harvest!H76/Effort!H76 -> 11.847059 | J76: =Harvest!J76/Effort!J76 -> 13.41164 | L76: =Harvest!L76/Effort!L76 -> 13.961761 | N76: =Harvest!N76/Effort!N76 -> 3.5886948
A77: *- estimate based on comparison of other beaches. + - no harvest due to very heavy surf and storm warnings.
A78: ** - No beach count. Used data from another day with similar conditions to estimate count.

Sheet Summary Table
A1: 2018-2019 State (non-Indian) Recreational Razor Clam Effort, Harvest and CPUE totals.
E2: LONG BEACH | H2: TWIN HARBORS | K2: COPALIS | N2: MOCROCKS | Q2: KALALOCH | T2: DAILY TOTALS
A3: DATE | B3: DAY | C3: TIDE | D3: TIME | E3: Effort | F3: Harvest | G3: CPUE | H3: Effort | I3: Harvest | J3: CPUE | K3: Effort | L3: Harvest | M3: CPUE | N3: Effort | O3: Harvest | P3: CPUE | Q3: Effort | R3: Harvest | S3: CPUE | T3: Effort | U3: Harvest
A4: 43384 | B4: =+A4 -> 43384 | C4: -0.6 | D4: 0.87361111 | E4: =Effort!F2 -> CLOSED | F4: =Harvest!F2 -> CLOSED | G4: =CPUE!F2 -> CLOSED | H4: =Effort!H2 -> 1852.5577 | I4: =Harvest!H2 -> 25850.305 | J4: =CPUE!H2 -> 13.953846 | K4: =Effort!J2 -> CLOSED | L4: =Harvest!J2 -> CLOSED | M4: =CPUE!J2 -> CLOSED | N4: =Effort!L2 -> 1283.6696 | O4: =Harvest!L2 -> 18599.554 | P4: =CPUE!L2 -> 14.489362 | Q4: =Effort!N2 -> CLOSED | R4: =Harvest!N2 -> CLOSED | S4: =CPUE!N2 -> CLOSED | T4: =+H4+N4 -> 3136.2273 | U4: =+I4+O4 -> 44449.859
A5: 43385 | B5: =+A5 -> 43385 | C5: -0.3 | D5: 0.90347222 | E5: =Effort!F3 -> CLOSED | F5: =Harvest!F3 -> CLOSED | G5: =CPUE!F3 -> CLOSED | H5: =Effort!H3 -> 1085.784 | I5: =Harvest!H3 -> 16131.648 | J5: =CPUE!H3 -> 14.857143 | K5: =Effort!J3 -> 1983.4262 | L5: =Harvest!J3 -> 29090.25 | M5: =CPUE!J3 -> 14.666667 | N5: =Effort!L3 -> CLOSED | O5: =Harvest!L3 -> CLOSED | P5: =CPUE!L3 -> CLOSED | Q5: =Effort!N3 -> CLOSED | R5: =Harvest!N3 -> CLOSED | S5: =CPUE!N3 -> CLOSED | T5: =+H5+K5 -> 3069.2101 | U5: =+I5+L5 -> 45221.898
A6: 43386 | B6: =+A6 -> 43386 | C6: 0.1 | D6: 0.93472222 | E6: =Effort!F4 -> CLOSED | F6: =Harvest!F4 -> CLOSED | G6: =CPUE!F4 -> CLOSED | H6: =Effort!H4 -> 1666.4268 | I6: =Harvest!H4 -> 26016.664 | J6: =CPUE!H4 -> 15.612245 | K6: =Effort!J4 -> CLOSED | L6: =Harvest!J4 -> CLOSED | M6: =CPUE!J4 -> CLOSED | N6: =Effort!L4 -> 1673.064 | O6: =Harvest!L4 -> 23316.105 | P6: =CPUE!L4 -> 13.93617 | Q6: =Effort!N4 -> CLOSED | R6: =Harvest!N4 -> CLOSED | S6: =CPUE!N4 -> CLOSED | T6: =+H6+N6 -> 3339.4909 | U6: =+I6+O6 -> 49332.769
A7: Tide Series Totals | H7: =SUM(H4:H6) -> 4604.7685 | I7: =SUM(I4:I6) -> 67998.616 | J7: =+I7/H7 -> 14.767 | K7: =SUM(K4:K6) -> 1983.4262 | L7: =SUM(L4:L6) -> 29090.25 | M7: =+L7/K7 -> 14.666667 | N7: =SUM(N4:N6) -> 2956.7337 | O7: =SUM(O4:O6) -> 41915.659 | P7: =+O7/N7 -> 14.176339 | T7: =SUM(T4:T6) -> 9544.9283 | U7: =SUM(U4:U6) -> 139004.53
A8: 43398 | B8: =+A8 -> 43398 | C8: -0.5 | D8: 0.82986111 | E8: =Effort!F6 -> CLOSED | F8: =Harvest!F6 -> CLOSED | G8: =CPUE!F6 -> CLOSED | H8: =Effort!H6 -> 632.23844 | I8: =Harvest!H6 -> 2060.629 | J8: =CPUE!H6 -> 3.2592593 | K8: =Effort!J6 -> 1056.2522 | L8: =Harvest!J6 -> 10682.551 | M8: =CPUE!J6 -> 10.113636 | N8: =Effort!L6 -> CLOSED | O8: =Harvest!L6 -> CLOSED | P8: =CPUE!L6 -> CLOSED | Q8: =Effort!N6 -> CLOSED | R8: =Harvest!N6 -> CLOSED | S8: =CPUE!N6 -> CLOSED | T8: =+H8+K8 -> 1688.4907 | U8: =+I8+L8 -> 12743.18
A9: 43399 | B9: =+A9 -> 43399 | C9: -0.7 | D9: 0.85833333 | E9: =Effort!F7 -> CLOSED | F9: =Harvest!F7 -> CLOSED | G9: =CPUE!F7 -> CLOSED | H9: =Effort!H7 -> 2041.5625 | I9: =Harvest!H7 -> 22219.796 | J9: =CPUE!H7 -> 10.883721 | K9: =Effort!J7 -> CLOSED | L9: =Harvest!J7 -> CLOSED | M9: =CPUE!J7 -> CLOSED | N9: =Effort!L7 -> 2233.178 | O9: =Harvest!L7 -> 33762.125 | P9: =CPUE!L7 -> 15.118421 | Q9: =Effort!N7 -> CLOSED | R9: =Harvest!N7 -> CLOSED | S9: =CPUE!N7 -> CLOSED | T9: =+H9+N9 -> 4274.7405 | U9: =+I9+O9 -> 55981.921
A10: 43400 | B10: =+A10 -> 43400 | C10: -0.7 | D10: 0.88819444 | E10: =Effort!F8 -> CLOSED | F10: =Harvest!F8 -> CLOSED | G10: =CPUE!F8 -> CLOSED | H10: =Effort!H8 -> 670.448 | I10: =Harvest!H8 -> 7589.9774 | J10: =CPUE!H8 -> 11.320755 | K10: =Effort!J8 -> 1327.3992 | L10: =Harvest!J8 -> 10258.666 | M10: =CPUE!J8 -> 7.7283951 | N10: =Effort!L8 -> CLOSED | O10: =Harvest!L8 -> CLOSED | P10: =CPUE!L8 -> CLOSED | Q10: =Effort!N8 -> CLOSED | R10: =Harvest!N8 -> CLOSED | S10: =CPUE!N8 -> CLOSED | T10: =+H10+K10 -> 1997.8472 | U10: =+I10+L10 -> 17848.643
A11: 43401 | B11: =+A11 -> 43401 | C11: -0.6 | D11: 0.92222222 | E11: =Effort!F9 -> CLOSED | F11: =Harvest!F9 -> CLOSED | G11: =CPUE!F9 -> CLOSED | H11: =Effort!H9 -> 261.32726 | I11: =Harvest!H9 -> 2770.0689 | J11: =CPUE!H9 -> 10.6 | K11: =Effort!J9 -> CLOSED | L11: =Harvest!J9 -> CLOSED | M11: =CPUE!J9 -> CLOSED | N11: =Effort!L9 -> 668.1166 | O11: =Harvest!L9 -> 3215.3112 | P11: =CPUE!L9 -> 4.8125 | Q11: =Effort!N9 -> CLOSED | R11: =Harvest!N9 -> CLOSED | S11: =CPUE!N9 -> CLOSED | T11: =+H11+N11 -> 929.44386 | U11: =+I11+O11 -> 5985.3801
A12: Tide Series Totals | H12: =SUM(H8:H11) -> 3605.5762 | I12: =SUM(I8:I11) -> 34640.472 | J12: =+I12/H12 -> 9.6074718 | K12: =SUM(K8:K11) -> 2383.6515 | L12: =SUM(L8:L11) -> 20941.217 | M12: =+L12/K12 -> 8.7853518 | N12: =SUM(N9:N11) -> 2901.2946 | O12: =SUM(O9:O11) -> 36977.436 | P12: =+O12/N12 -> 12.74515 | T12: =SUM(T8:T11) -> 8890.5222 | U12: =SUM(U8:U11) -> 92559.124
A13: 43412 | B13: =+A13 -> 43412 | C13: -0.8 | D13: 0.78958333 | E13: =Effort!F11 -> CLOSED | F13: =Harvest!F11 -> CLOSED | G13: =CPUE!F11 -> CLOSED | H13: =Effort!H11 -> 1280.6808 | I13: =Harvest!H11 -> 18520.615 | J13: =CPUE!H11 -> 14.461538 | K13: =Effort!J11 -> CLOSED | L13: =Harvest!J11 -> CLOSED | M13: =CPUE!J11 -> CLOSED | N13: =Effort!L11 -> 1395.4213 | O13: =Harvest!L11 -> 20767.153 | P13: =CPUE!L11 -> 14.882353 | Q13: =Effort!N11 -> CLOSED | R13: =Harvest!N11 -> CLOSED | S13: =CPUE!N11 -> CLOSED | T13: =+H13+N13 -> 2676.1021 | U13: =+I13+O13 -> 39287.767
A14: 43413 | B14: =+A14 -> 43413 | C14: -0.7 | D14: 0.81666667 | E14: =Effort!F12 -> CLOSED | F14: =Harvest!F12 -> CLOSED | G14: =CPUE!F12 -> CLOSED | H14: =Effort!H12 -> 901.32581 | I14: =Harvest!H12 -> 13082.881 | J14: =CPUE!H12 -> 14.515152 | K14: =Effort!J12 -> 1923.6392 | L14: =Harvest!J12 -> 28854.588 | M14: =CPUE!J12 -> 15 | N14: =Effort!L12 -> CLOSED | O14: =Harvest!L12 -> CLOSED | P14: =CPUE!L12 -> CLOSED | Q14: =Effort!N12 -> CLOSED | R14: =Harvest!N12 -> CLOSED | S14: =CPUE!N12 -> CLOSED | T14: =+H14+K14 -> 2824.965 | U14: =+I14+L14 -> 41937.469
A15: 43414 | B15: =+A15 -> 43414 | C15: -0.4 | D15: 0.84375 | E15: =Effort!F13 -> CLOSED | F15: =Harvest!F13 -> CLOSED | G15: =CPUE!F13 -> CLOSED | H15: =Effort!H13 -> 2386.1605 | I15: =Harvest!H13 -> 31626.737 | J15: =CPUE!H13 -> 13.254237 | K15: =Effort!J13 -> CLOSED | L15: =Harvest!J13 -> CLOSED | M15: =CPUE!J13 -> CLOSED | N15: =Effort!L13 -> 2162.2596 | O15: =Harvest!L13 -> 31724.956 | P15: =CPUE!L13 -> 14.672131 | Q15: =Effort!N13 -> CLOSED | R15: =Harvest!N13 -> CLOSED | S15: =CPUE!N13 -> CLOSED | T15: =+H15+N15 -> 4548.4201 | U15: =+I15+O15 -> 63351.693
A16: 43415 | B16: =+A16 -> 43415 | C16: 0 | D16: 0.87222222 | E16: =Effort!F14 -> CLOSED | F16: =Harvest!F14 -> CLOSED | G16: =CPUE!F14 -> CLOSED | H16: =Effort!H14 -> 867.23855 | I16: =Harvest!H14 -> 12189.853 | J16: =CPUE!H14 -> 14.05594 | K16: =Effort!J14 -> 1658.3253 | L16: =Harvest!J14 -> 24742.213 | M16: =CPUE!J14 -> 14.92 | N16: =Effort!L14 -> CLOSED | O16: =Harvest!L14 -> CLOSED | P16: =CPUE!L14 -> CLOSED | Q16: =Effort!N14 -> CLOSED | R16: =Harvest!N14 -> CLOSED | S16: =CPUE!N14 -> CLOSED | T16: =+H16+K16 -> 2525.5638 | U16: =+I16+L16 -> 36932.066
A17: Tide Series Totals | H17: =SUM(H13:H16) -> 5435.4056 | I17: =SUM(I13:I16) -> 75420.086 | J17: =+I17/H17 -> 13.875705 | K17: =SUM(K13:K16) -> 3581.9645 | L17: =SUM(L13:L16) -> 53596.801 | M17: =+L17/K17 -> 14.962963 | N17: =SUM(N13:N16) -> 3557.6809 | O17: =SUM(O13:O16) -> 52492.109 | P17: =+O17/N17 -> 14.754586 | T17: =SUM(T13:T16) -> 12575.051 | U17: =SUM(U13:U16) -> 181509
A18: 43426 | B18: =+A18 -> 43426 | C18: -0.7 | D18: 0.74652778 | E18: =Effort!F16 -> CLOSED | F18: =Harvest!F16 -> CLOSED | G18: =CPUE!F16 -> CLOSED | H18: =Effort!H16 -> 830.57634 | I18: =Harvest!H16 -> 11448.849 | J18: =CPUE!H16 -> 13.784222 | K18: =Effort!J16 -> 1588.2201 | L18: =Harvest!J16 -> 23238.168 | M18: =CPUE!J16 -> 14.631579 | N18: =Effort!L16 -> CLOSED | O18: =Harvest!L16 -> CLOSED | P18: =CPUE!L16 -> CLOSED | Q18: =Effort!N16 -> CLOSED | R18: =Harvest!N16 -> CLOSED | S18: =CPUE!N16 -> CLOSED | T18: =+H18+K18 -> 2418.7965 | U18: =+I18+L18 -> 34687.017
A19: 43427 | B19: =+A19 -> 43427 | C19: -1.1 | D19: 0.775 | E19: =Effort!F17 -> CLOSED | F19: =Harvest!F17 -> CLOSED | G19: =CPUE!F17 -> CLOSED | H19: =Effort!H17 -> 2423.2726 | I19: =Harvest!H17 -> 26782.21 | J19: =CPUE!H17 -> 11.052083 | K19: =Effort!J17 -> CLOSED | L19: =Harvest!J17 -> CLOSED | M19: =CPUE!J17 -> CLOSED | N19: =Effort!L17 -> 4038.186 | O19: =Harvest!L17 -> 59634.625 | P19: =CPUE!L17 -> 14.767677 | Q19: =Effort!N17 -> CLOSED | R19: =Harvest!N17 -> CLOSED | S19: =CPUE!N17 -> CLOSED | T19: =+H19+N19 -> 6461.4585 | U19: =+I19+O19 -> 86416.836
A20: 43428 | B20: =+A20 -> 43428 | C20: -1.3 | D20: 0.80555556 | E20: =Effort!F18 -> CLOSED | F20: =Harvest!F18 -> CLOSED | G20: =CPUE!F18 -> CLOSED | H20: =Effort!H18 -> 2161.5193 | I20: =Harvest!H18 -> 30267.771 | J20: =CPUE!H18 -> 14.003007 | K20: =Effort!J18 -> 3198.5485 | L20: =Harvest!J18 -> 47122.802 | M20: =CPUE!J18 -> 14.732558 | N20: =Effort!L18 -> 1414.6371 | O20: =Harvest!L18 -> 19633.448 | P20: =CPUE!L18 -> 13.878788 | Q20: =Effort!N18 -> CLOSED | R20: =Harvest!N18 -> CLOSED | S20: =CPUE!N18 -> CLOSED | T20: =+H20+K20+N20 -> 6774.7049 | U20: =+I20+L20+O20 -> 97024.021
A21: 43429 | B21: =+A21 -> 43429 | C21: -1.3 | D21: 0.83680556 | E21: =Effort!F19 -> CLOSED | F21: =Harvest!F19 -> CLOSED | G21: =CPUE!F19 -> CLOSED | H21: =Effort!H19 -> 300.90271 | I21: =Harvest!H19 -> 4513.5407 | J21: =CPUE!H19 -> 15 | K21: =Effort!J19 -> CLOSED | L21: =Harvest!J19 -> CLOSED | M21: =CPUE!J19 -> CLOSED | N21: =Effort!L19 -> 499.47239 | O21: =Harvest!L19 -> 7321.8112 | P21: =CPUE!L19 -> 14.659091 | Q21: =Effort!N19 -> CLOSED | R21: =Harvest!N19 -> CLOSED | S21: =CPUE!N19 -> CLOSED | T21: =+H21+N21 -> 800.3751 | U21: =+I21+O21 -> 11835.352
A22: Tide Series Totals | H22: =SUM(H18:H21) -> 5716.2709 | I22: =SUM(I18:I21) -> 73012.371 | J22: =+I22/H22 -> 12.772728 | K22: =SUM(K18:K21) -> 4786.7686 | L22: =SUM(L18:L21) -> 70360.97 | M22: =+L22/K22 -> 14.699054 | N22: =SUM(N19:N21) -> 5952.2955 | O22: =SUM(O19:O21) -> 86589.885 | P22: =+O22/N22 -> 14.54731 | T22: =SUM(T18:T21) -> 16455.335 | U22: =SUM(U18:U21) -> 229963.23
A23: 43440 | B23: =+A23 -> 43440 | C23: -0.7 | D23: 0.75069444 | E23: =Effort!F21 -> CLOSED | F23: =Harvest!F21 -> CLOSED | G23: =CPUE!F21 -> CLOSED | H23: =Effort!H21 -> 1538.7037 | I23: =Harvest!H21 -> 9809.2362 | J23: =CPUE!H21 -> 6.375 | K23: =Effort!J21 -> 1112.2015 | L23: =Harvest!J21 -> 12790.317 | M23: =CPUE!J21 -> 11.5 | N23: =Effort!L21 -> CLOSED | O23: =Harvest!L21 -> CLOSED | P23: =CPUE!L21 -> CLOSED | Q23: =Effort!N21 -> CLOSED | R23: =Harvest!N21 -> CLOSED | S23: =CPUE!N21 -> CLOSED | T23: =+H23+K23 -> 2650.9052 | U23: =+I23+L23 -> 22599.553
A24: 43441 | B24: =+A24 -> 43441 | C24: -0.7 | D24: 0.77777778 | E24: =Effort!F22 -> CLOSED | F24: =Harvest!F22 -> CLOSED | G24: =CPUE!F22 -> CLOSED | H24: =Effort!H22 -> 804.41326 | I24: =Harvest!H22 -> 9522.0081 | J24: =CPUE!H22 -> 11.837209 | K24: =Effort!J22 -> CLOSED | L24: =Harvest!J22 -> CLOSED | M24: =CPUE!J22 -> CLOSED | N24: =Effort!L22 -> 576.30501 | O24: =Harvest!L22 -> 4694.4845 | P24: =CPUE!L22 -> 8.1458333 | Q24: =Effort!N22 -> CLOSED | R24: =Harvest!N22 -> CLOSED | S24: =CPUE!N22 -> CLOSED | T24: =+H24+N24 -> 1380.7183 | U24: =+I24+O24 -> 14216.493
A25: 43442 | B25: =+A25 -> 43442 | C25: -0.6 | D25: 0.80277778 | E25: =Effort!F23 -> CLOSED | F25: =Harvest!F23 -> CLOSED | G25: =CPUE!F23 -> CLOSED | H25: =Effort!H23 -> 948.5266 | I25: =Harvest!H23 -> 12936.849 | J25: =CPUE!H23 -> 13.638889 | K25: =Effort!J23 -> 1667.892 | L25: =Harvest!J23 -> 21330.225 | M25: =CPUE!J23 -> 12.788732 | N25: =Effort!L23 -> CLOSED | O25: =Harvest!L23 -> CLOSED | P25: =CPUE!L23 -> CLOSED | Q25: =Effort!N23 -> CLOSED | R25: =Harvest!N23 -> CLOSED | S25: =CPUE!N23 -> CLOSED | T25: =+H25+K25 -> 2616.4186 | U25: =+I25+L25 -> 34267.074
A26: 43443 | B26: =+A26 -> 43443 | C26: -0.4 | D26: 0.82847222 | E26: =Effort!F24 -> CLOSED | F26: =Harvest!F24 -> CLOSED | G26: =CPUE!F24 -> CLOSED | H26: =Effort!H24 -> 132.87786 | I26: =Harvest!H24 -> 762.29931 | J26: =CPUE!H24 -> 5.7368421 | K26: =Effort!J24 -> CLOSED | L26: =Harvest!J24 -> CLOSED | M26: =CPUE!J24 -> CLOSED | N26: =Effort!L24 -> 226.07678 | O26: =Harvest!L24 -> 2003.8623 | P26: =CPUE!L24 -> 8.8636364 | Q26: =Effort!N24 -> CLOSED | R26: =Harvest!N24 -> CLOSED | S26: =CPUE!N24 -> CLOSED | T26: =+H26+N26 -> 358.95464 | U26: =+I26+O26 -> 2766.1616
A27: Tide Series Totals | H27: =SUM(H23:H26) -> 3424.5214 | I27: =SUM(I23:I26) -> 33030.393 | J27: =+I27/H27 -> 9.6452579 | K27: =SUM(K23:K26) -> 2780.0935 | L27: =SUM(L23:L26) -> 34120.542 | M27: =+L27/K27 -> 12.273163 | N27: =SUM(N24:N26) -> 802.38178 | O27: =SUM(O24:O26) -> 6698.3469 | P27: =+O27/N27 -> 8.3480794 | T27: =SUM(T23:T26) -> 7006.9967 | U27: =SUM(U23:U26) -> 73849.281
A28: 43454 | B28: =+A28 -> 43454 | C28: -0.3 | D28: 0.70208333 | E28: =Effort!F26 -> CLOSED | F28: =Harvest!F26 -> CLOSED | G28: =CPUE!F26 -> CLOSED | H28: =Effort!H26 -> 397.64769 | I28: =Harvest!H26 -> 1892.803 | J28: =CPUE!H26 -> 4.76 | K28: =Effort!J26 -> CLOSED | L28: =Harvest!J26 -> CLOSED | M28: =CPUE!J26 -> CLOSED | N28: =Effort!L26 -> 280.13747 | O28: =Harvest!L26 -> 1142.9609 | P28: =CPUE!L26 -> 4.08 | Q28: =Effort!N26 -> CLOSED | R28: =Harvest!N26 -> CLOSED | S28: =CPUE!N26 -> CLOSED | T28: =+H28+N28 -> 677.78516 | U28: =+I28+O28 -> 3035.7639
A29: 43455 | B29: =+A29 -> 43455 | C29: -1 | D29: 0.73263889 | E29: =Effort!F27 -> CLOSED | F29: =Harvest!F27 -> CLOSED | G29: =CPUE!F27 -> CLOSED | H29: =Effort!H27 -> 1183.6582 | I29: =Harvest!H27 -> 17388.105 | J29: =CPUE!H27 -> 14.690141 | K29: =Effort!J27 -> 1681.3144 | L29: =Harvest!J27 -> 25219.716 | M29: =CPUE!J27 -> 15 | N29: =Effort!L27 -> CLOSED | O29: =Harvest!L27 -> CLOSED | P29: =CPUE!L27 -> CLOSED | Q29: =Effort!N27 -> CLOSED | R29: =Harvest!N27 -> CLOSED | S29: =CPUE!N27 -> CLOSED | T29: =+H29+K29 -> 2864.9725 | U29: =+I29+L29 -> 42607.821
A30: 43456 | B30: =+A30 -> 43456 | C30: -1.4 | D30: 0.76388889 | E30: =Effort!F28 -> 1777.1929 | F30: =Harvest!F28 -> 3998.6841 | G30: =CPUE!F28 -> 2.25 | H30: =Effort!H28 -> 709.59678 | I30: =Harvest!H28 -> 363.89578 | J30: =CPUE!H28 -> 0.51282051 | K30: =Effort!J28 -> CLOSED | L30: =Harvest!J28 -> CLOSED | M30: =CPUE!J28 -> CLOSED | N30: =Effort!L28 -> 881.01387 | O30: =Harvest!L28 -> 4055.9884 | P30: =CPUE!L28 -> 4.6037736 | Q30: =Effort!N28 -> CLOSED | R30: =Harvest!N28 -> CLOSED | S30: =CPUE!N28 -> CLOSED | T30: =+E30+H30+N30 -> 3367.8036 | U30: =+F30+I30+O30 -> 8418.5682
A31: 43457 | B31: =+A31 -> 43457 | C31: -1.6 | D31: 0.79513889 | E31: =Effort!F29 -> CLOSED | F31: =Harvest!F29 -> CLOSED | G31: =CPUE!F29 -> CLOSED | H31: =Effort!H29 -> 587.93506 | I31: =Harvest!H29 -> 1872.6821 | J31: =CPUE!H29 -> 3.1851852 | K31: =Effort!J29 -> 1074.4422 | L31: =Harvest!J29 -> 7628.5395 | M31: =CPUE!J29 -> 7.1 | N31: =Effort!L29 -> CLOSED | O31: =Harvest!L29 -> CLOSED | P31: =CPUE!L29 -> CLOSED | Q31: =Effort!N29 -> CLOSED | R31: =Harvest!N29 -> CLOSED | S31: =CPUE!N29 -> CLOSED | T31: =+H31+K31 -> 1662.3773 | U31: =+I31+L31 -> 9501.2216
A32: Tide Series Totals | E32: =SUM(E30:E31) -> 1777.1929 | F32: =SUM(F30:F31) -> 3998.6841 | G32: =+F32/E32 -> 2.25 | H32: =SUM(H28:H31) -> 2878.8377 | I32: =SUM(I28:I31) -> 21517.486 | J32: =+I32/H32 -> 7.4743658 | K32: =SUM(K29:K31) -> 2755.7566 | L32: =SUM(L29:L31) -> 32848.255 | M32: =+L32/K32 -> 11.919868 | N32: =SUM(N28:N31) -> 1161.1513 | O32: =SUM(O28:O31) -> 5198.9493 | P32: =+O32/N32 -> 4.4774088 | T32: =SUM(T28:T31) -> 8572.9385 | U32: =SUM(U28:U31) -> 63563.374
A33: 43467 | B33: =+A33 -> 43467 | C33: 0.2 | D33: 0.68194444 | E33: =Effort!F31 -> CLOSED | F33: =Harvest!F31 -> CLOSED | G33: =CPUE!F31 -> CLOSED | H33: =Effort!H31 -> 1358.3299 | I33: =Harvest!H31 -> 15541.821 | J33: =CPUE!H31 -> 11.44186 | K33: =Effort!J31 -> CLOSED | L33: =Harvest!J31 -> CLOSED | M33: =CPUE!J31 -> CLOSED | N33: =Effort!L31 -> CLOSED | O33: =Harvest!L31 -> CLOSED | P33: =CPUE!L31 -> CLOSED | Q33: =Effort!N31 -> CLOSED | R33: =Harvest!N31 -> CLOSED | S33: =CPUE!N31 -> CLOSED | T33: =+H33 -> 1358.3299 | U33: =+I33 -> 15541.821
A34: 43468 | B34: =+A34 -> 43468 | C34: -0.2 | D34: 0.7125 | E34: =Effort!F32 -> CLOSED | F34: =Harvest!F32 -> CLOSED | G34: =CPUE!F32 -> CLOSED | H34: =Effort!H32 -> 232.7243 | I34: =Harvest!H32 -> 210.56008 | J34: =CPUE!H32 -> 0.9047619 | K34: =Effort!J32 -> CLOSED | L34: =Harvest!J32 -> CLOSED | M34: =CPUE!J32 -> CLOSED | N34: =Effort!L32 -> CLOSED | O34: =Harvest!L32 -> CLOSED | P34: =CPUE!L32 -> CLOSED | Q34: =Effort!N32 -> CLOSED | R34: =Harvest!N32 -> CLOSED | S34: =CPUE!N32 -> CLOSED | T34: =+H34 -> 232.7243 | U34: =+I34 -> 210.56008
A35: 43469 | B35: =+A35 -> 43469 | C35: -0.4 | D35: 0.74027778 | E35: =Effort!F33 -> CLOSED | F35: =Harvest!F33 -> CLOSED | G35: =CPUE!F33 -> CLOSED | H35: =Effort!H33 -> 723.21631 | I35: =Harvest!H33 -> 2071.917 | J35: =CPUE!H33 -> 2.8648649 | K35: =Effort!J33 -> CLOSED | L35: =Harvest!J33 -> CLOSED | M35: =CPUE!J33 -> CLOSED | N35: =Effort!L33 -> 931.36522 | O35: =Harvest!L33 -> 9123.1457 | P35: =CPUE!L33 -> 9.7954545 | Q35: =Effort!N33 -> CLOSED | R35: =Harvest!N33 -> CLOSED | S35: =CPUE!N33 -> CLOSED | T35: =+H35+N35 -> 1654.5815 | U35: =+I35+O35 -> 11195.063
A36: 43470 | B36: =+A36 -> 43470 | C36: -0.4 | D36: 0.76597222 | E36: =Effort!F34 -> CLOSED | F36: =Harvest!F34 -> CLOSED | G36: =CPUE!F34 -> CLOSED | H36: =Effort!H34 -> 667.93404 | I36: =Harvest!H34 -> 445.28936 | J36: =CPUE!H34 -> 0.66666667 | K36: =Effort!J34 -> 1448.5191 | L36: =Harvest!J34 -> 11861.458 | M36: =CPUE!J34 -> 8.1886792 | N36: =Effort!L34 -> CLOSED | O36: =Harvest!L34 -> CLOSED | P36: =CPUE!L34 -> CLOSED | Q36: =Effort!N34 -> CLOSED | R36: =Harvest!N34 -> CLOSED | S36: =CPUE!N34 -> CLOSED | T36: =+H36+K36 -> 2116.4532 | U36: =+I36+L36 -> 12306.748
A37: 43471 | B37: =+A37 -> 43471 | C37: -0.4 | D37: 0.79097222 | E37: =Effort!F35 -> CLOSED | F37: =Harvest!F35 -> CLOSED | G37: =CPUE!F35 -> CLOSED | H37: =Effort!H35 -> 142.90088 | I37: =Harvest!H35 -> 1220.1537 | J37: =CPUE!H35 -> 8.5384615 | K37: =Effort!J35 -> CLOSED | L37: =Harvest!J35 -> CLOSED | M37: =CPUE!J35 -> CLOSED | N37: =Effort!L35 -> 95.964568 | O37: =Harvest!L35 -> 1407.4803 | P37: =CPUE!L35 -> 14.666667 | Q37: =Effort!N35 -> CLOSED | R37: =Harvest!N35 -> CLOSED | S37: =CPUE!N35 -> CLOSED | T37: =+H37+N37 -> 238.86545 | U37: =+I37+O37 -> 2627.634 | TI37: +
A38: Tide Series Totals | H38: =SUM(H33:H37) -> 3125.1055 | I38: =SUM(I33:I37) -> 19489.742 | J38: =+I38/H38 -> 6.2365069 | K38: =SUM(K36:K37) -> 1448.5191 | L38: =SUM(L36:L37) -> 11861.458 | M38: =+L38/K38 -> 8.1886792 | N38: =SUM(N35:N37) -> 1027.3298 | O38: =SUM(O35:O37) -> 10530.626 | P38: =+O38/N38 -> 10.250482 | T38: =SUM(T33:T37) -> 5600.9544 | U38: =SUM(U33:U37) -> 41881.826
A39: 43482 | B39: 43482 | C39: 0.4 | D39: 0.65208333 | E39: =Effort!F37 -> CLOSED | F39: =Harvest!F37 -> CLOSED | G39: =CPUE!F37 -> CLOSED | H39: =Effort!H37 -> 760.19779 | I39: =Harvest!H37 -> 1628.9953 | J39: =CPUE!H37 -> 2.1428571 | K39: =Effort!J37 -> CLOSED | L39: =Harvest!J37 -> CLOSED | M39: =CPUE!J37 -> CLOSED | N39: =Effort!L37 -> CLOSED | O39: =Harvest!L37 -> CLOSED | P39: =CPUE!L37 -> CLOSED | Q39: =Effort!N37 -> CLOSED | R39: =Harvest!N37 -> CLOSED | S39: =CPUE!N37 -> CLOSED | T39: =+H39 -> 760.19779 | U39: =+I39 -> 1628.9953
A40: 43483 | B40: 43483 | C40: -0.4 | D40: 0.6875 | E40: =Effort!F38 -> CLOSED | F40: =Harvest!F38 -> CLOSED | G40: =CPUE!F38 -> CLOSED | H40: =Effort!H38 -> 751.23611 | I40: =Harvest!H38 -> 5347.0335 | J40: =CPUE!H38 -> 7.1176471 | K40: =Effort!J38 -> CLOSED | L40: =Harvest!J38 -> CLOSED | M40: =CPUE!J38 -> CLOSED | N40: =Effort!L38 -> CLOSED | O40: =Harvest!L38 -> CLOSED | P40: =CPUE!L38 -> CLOSED | Q40: =Effort!N38 -> CLOSED | R40: =Harvest!N38 -> CLOSED | S40: =CPUE!N38 -> CLOSED | T40: =+H40 -> 751.23611 | U40: =+I40 -> 5347.0335
A41: 43484 | B41: 43484 | C41: -1.1 | D41: 0.72083333 | E41: =Effort!F39 -> CLOSED | F41: =Harvest!F39 -> CLOSED | G41: =CPUE!F39 -> CLOSED | H41: =Effort!H39 -> 4752.7009 | I41: =Harvest!H39 -> 29704.381 | J41: =CPUE!H39 -> 6.25 | K41: =Effort!J39 -> CLOSED | L41: =Harvest!J39 -> CLOSED | M41: =CPUE!J39 -> CLOSED | N41: =Effort!L39 -> 6352.8668 | O41: =Harvest!L39 -> 92345.796 | P41: =CPUE!L39 -> 14.536082 | Q41: =Effort!N39 -> CLOSED | R41: =Harvest!N39 -> CLOSED | S41: =CPUE!N39 -> CLOSED | T41: =+H41+N41 -> 11105.568 | U41: =+I41+O41 -> 122050.18
A42: 43485 | B42: 43485 | C42: -1.6 | D42: 0.75347222 | E42: =Effort!F40 -> CLOSED | F42: =Harvest!F40 -> CLOSED | G42: =CPUE!F40 -> CLOSED | H42: =Effort!H40 -> 2417.1299 | I42: =Harvest!H40 -> 34202.388 | J42: =CPUE!H40 -> 14.15 | K42: =Effort!J40 -> 5194.5748 | L42: =Harvest!J40 -> 77918.622 | M42: =CPUE!J40 -> 15 | N42: =Effort!L40 -> CLOSED | O42: =Harvest!L40 -> CLOSED | P42: =CPUE!L40 -> CLOSED | Q42: =Effort!N40 -> CLOSED | R42: =Harvest!N40 -> CLOSED | S42: =CPUE!N40 -> CLOSED | T42: =+H42+K42 -> 7611.7047 | U42: =+I42+L42 -> 112121.01
A43: 43486 | B43: 43486 | C43: -1.8 | D43: 0.78541667 | E43: =Effort!F41 -> CLOSED | F43: =Harvest!F41 -> CLOSED | G43: =CPUE!F41 -> CLOSED | H43: =Effort!H41 -> 1325.188 | I43: =Harvest!H41 -> 19877.82 | J43: =CPUE!H41 -> 15 | K43: =Effort!J41 -> CLOSED | L43: =Harvest!J41 -> CLOSED | M43: =CPUE!J41 -> CLOSED | N43: =Effort!L41 -> 1471.4933 | O43: =Harvest!L41 -> 20145.444 | P43: =CPUE!L41 -> 13.690476 | Q43: =Effort!N41 -> CLOSED | R43: =Harvest!N41 -> CLOSED | S43: =CPUE!N41 -> CLOSED | T43: =+H43+N43 -> 2796.6813 | U43: =+I43+O43 -> 40023.264
A44: Tide Series Totals | H44: =SUM(H39:H43) -> 10006.453 | I44: =SUM(I39:I43) -> 90760.617 | J44: =+I44/H44 -> 9.070209 | K44: =SUM(K42:K43) -> 5194.5748 | L44: =SUM(L42:L43) -> 77918.622 | M44: =+L44/K44 -> 15 | N44: =SUM(N41:N43) -> 7824.3601 | O44: =SUM(O41:O43) -> 112491.24 | P44: =+O44/N44 -> 14.377053 | T44: =SUM(T39:T43) -> 23025.388 | U44: =SUM(U39:U43) -> 281170.48
A45: 43497 | B45: 43482 | C45: 0.2 | D45: 0.7 | E45: =Effort!F43 -> CLOSED | F45: =Harvest!F43 -> CLOSED | G45: =CPUE!F43 -> CLOSED | H45: =Effort!H43 -> 1060.3253 | I45: =Harvest!H43 -> 11808.168 | J45: =CPUE!H43 -> 11.136364 | K45: =Effort!J43 -> 1395.1561 | L45: =Harvest!J43 -> 17945.537 | M45: =CPUE!J43 -> 12.862745 | N45: =Effort!L43 -> CLOSED | O45: =Harvest!L43 -> CLOSED | P45: =CPUE!L43 -> CLOSED | Q45: =Effort!N43 -> CLOSED | R45: =Harvest!N43 -> CLOSED | S45: =CPUE!N43 -> CLOSED | T45: =+H45+K45 -> 2455.4814 | U45: =+I45+L45 -> 29753.705
A46: 43498 | B46: 43483 | C46: 0 | D46: 0.72777778 | E46: =Effort!F44 -> CLOSED | F46: =Harvest!F44 -> CLOSED | G46: =CPUE!F44 -> CLOSED | H46: =Effort!H44 -> 4068.5106 | I46: =Harvest!H44 -> 49839.255 | J46: =CPUE!H44 -> 12.25 | K46: =Effort!J44 -> CLOSED | L46: =Harvest!J44 -> CLOSED | M46: =CPUE!J44 -> CLOSED | N46: =Effort!L44 -> 3324.7873 | O46: =Harvest!L44 -> 42861.716 | P46: =CPUE!L44 -> 12.891566 | Q46: =Effort!N44 -> CLOSED | R46: =Harvest!N44 -> CLOSED | S46: =CPUE!N44 -> CLOSED | T46: =+H46+N46 -> 7393.298 | U46: =+I46+O46 -> 92700.972
A47: 43499 | B47: =+A47 -> 43499 | C47: -0.1 | D47: 0.75277778 | E47: =Effort!F45 -> CLOSED | F47: =Harvest!F45 -> CLOSED | G47: =CPUE!F45 -> CLOSED | H47: =Effort!H45 -> 393.10652 | I47: =Harvest!H45 -> 5037.982 | J47: =CPUE!H45 -> 12.815819 | K47: =Effort!J45 -> 744.93159 | L47: =Harvest!J45 -> 10496.763 | M47: =CPUE!J45 -> 14.090909 | N47: =Effort!L45 -> CLOSED | O47: =Harvest!L45 -> CLOSED | P47: =CPUE!L45 -> CLOSED | Q47: =Effort!N45 -> CLOSED | R47: =Harvest!N45 -> CLOSED | S47: =CPUE!N45 -> CLOSED | T47: =+H47+K47 -> 1138.0381 | U47: =+I47+L47 -> 15534.745
A48: Tide Series Totals | H48: =SUM(H45:H47) -> 5521.9424 | I48: =SUM(I45:I47) -> 66685.405 | J48: =+I48/H48 -> 12.07644 | K48: =SUM(K45:K47) -> 2140.0877 | L48: =SUM(L45:L47) -> 28442.301 | M48: =+L48/K48 -> 13.29025 | N48: =SUM(N46:N47) -> 3324.7873 | O48: =SUM(O46:O47) -> 42861.716 | P48: =+O48/N48 -> 12.891566 | T48: =SUM(T45:T47) -> 10986.817 | U48: =SUM(U45:U47) -> 137989.42
A49: 43511 | B49: =+A49 -> 43511 | C49: 0.4 | D49: 0.63263889 | E49: =Effort!F47 -> CLOSED | F49: =Harvest!F47 -> CLOSED | G49: =CPUE!F47 -> CLOSED | H49: =Effort!H47 -> 466.58657 | I49: =Harvest!H47 -> 4050.8198 | J49: =CPUE!H47 -> 8.6818182 | K49: =Effort!J47 -> CLOSED | L49: =Harvest!J47 -> CLOSED | M49: =CPUE!J47 -> CLOSED | N49: =Effort!L47 -> 794.78231 | O49: =Harvest!L47 -> 9445.6821 | P49: =CPUE!L47 -> 11.884615 | Q49: =Effort!N47 -> CLOSED | R49: =Harvest!N47 -> CLOSED | S49: =CPUE!N47 -> CLOSED | T49: =+H49+N49 -> 1261.3689 | U49: =+I49+O49 -> 13496.502
A50: 43512 | B50: =+A50 -> 43512 | C50: -0.3 | D50: 0.67222222 | E50: =Effort!F48 -> CLOSED | F50: =Harvest!F48 -> CLOSED | G50: =CPUE!F48 -> CLOSED | H50: =Effort!H48 -> 1607.1842 | I50: =Harvest!H48 -> 20656.269 | J50: =CPUE!H48 -> 12.852459 | K50: =Effort!J48 -> 4004.5243 | L50: =Harvest!J48 -> 50369.407 | M50: =CPUE!J48 -> 12.578125 | N50: =Effort!L48 -> CLOSED | O50: =Harvest!L48 -> CLOSED | P50: =CPUE!L48 -> CLOSED | Q50: 285.06636 | R50: 817.79552 | S50: =CPUE!N48 -> 2.8180059 | T50: =+H50+K50+Q50 -> 5896.7748 | U50: =+I50+L50+R50 -> 71843.471
A51: 43513 | B51: =+A51 -> 43513 | C51: -1 | D51: 0.70763889 | E51: =Effort!F49 -> 8343.9805 | F51: =Harvest!F49 -> 110140.54 | G51: =CPUE!F49 -> 13.2 | H51: =Effort!H49 -> 2177.9584 | I51: =Harvest!H49 -> 31032.29 | J51: =CPUE!H49 -> 14.248339 | K51: =Effort!J49 -> 4537.9516 | L51: =Harvest!J49 -> 68069.275 | M51: =CPUE!J49 -> 15 | N51: =Effort!L49 -> 2715.4678 | O51: =Harvest!L49 -> 38176.283 | P51: =CPUE!L49 -> 14.058824 | Q51: =Effort!N49 -> 309.65567 | R51: 1321.3785 | S51: =CPUE!N49 -> 4.0949538 | T51: =E51+H51+K51+N51+Q51 -> 18085.014 | U51: =F51+I51+L51+O51+R51 -> 248739.77
A52: 43514 | B52: =+A52 -> 43514 | C52: -1.4 | D52: 0.74027778 | E52: =Effort!F50 -> CLOSED | F52: =Harvest!F50 -> CLOSED | G52: =CPUE!F50 -> CLOSED | H52: =Effort!H50 -> 1983.6223 | I52: =Harvest!H50 -> 21024.722 | J52: =CPUE!H50 -> 10.599156 | K52: =Effort!J50 -> CLOSED | L52: =Harvest!J50 -> CLOSED | M52: =CPUE!J50 -> CLOSED | N52: =Effort!L50 -> 2232.3826 | O52: =Harvest!L50 -> 33485.738 | P52: =CPUE!L50 -> 15 | Q52: 116.22777 | R52: 581.1873 | S52: =CPUE!N50 -> 5.3565589 | T52: =+H52+N52+Q52 -> 4332.2326 | U52: =+I52+O52+R52 -> 55091.648
A53: 43515 | B53: =+A53 -> 43515 | C53: -1.5 | D53: 0.77152778 | E53: =Effort!F51 -> CLOSED | F53: =Harvest!F51 -> CLOSED | G53: =CPUE!F51 -> CLOSED | H53: =Effort!H51 -> 1004.3891 | I53: =Harvest!H51 -> 8609.0492 | J53: =CPUE!H51 -> 8.5714286 | K53: =Effort!J51 -> CLOSED | L53: =Harvest!J51 -> CLOSED | M53: =CPUE!J51 -> CLOSED | N53: =Effort!L51 -> CLOSED | O53: =Harvest!L51 -> CLOSED | P53: =CPUE!L51 -> CLOSED | Q53: =Effort!N51 -> CLOSED | R53: =Harvest!N51 -> CLOSED | S53: =CPUE!N51 -> CLOSED | T53: =+H53 -> 1004.3891 | U53: =+I53 -> 8609.0492
A54: 43516 | B54: =+A54 -> 43516 | C54: -1.3 | D54: 0.80138889 | E54: =Effort!F52 -> CLOSED | F54: =Harvest!F52 -> CLOSED | G54: =CPUE!F52 -> CLOSED | H54: =Effort!H52 -> 1251.8015 | I54: =Harvest!H52 -> 15680.461 | J54: =CPUE!H52 -> 12.526316 | K54: =Effort!J52 -> CLOSED | L54: =Harvest!J52 -> CLOSED | M54: =CPUE!J52 -> CLOSED | N54: =Effort!L52 -> CLOSED | O54: =Harvest!L52 -> CLOSED | P54: =CPUE!L52 -> CLOSED | Q54: =Effort!N52 -> CLOSED | R54: =Harvest!N52 -> CLOSED | S54: =CPUE!N52 -> CLOSED | T54: =+H54 -> 1251.8015 | U54: =+I54 -> 15680.461
A55: 43517 | B55: =+A55 -> 43517 | C55: -0.8 | D55: 0.83055556 | E55: =Effort!F53 -> CLOSED | F55: =Harvest!F53 -> CLOSED | G55: =CPUE!F53 -> CLOSED | H55: =Effort!H53 -> 615.98683 | I55: =Harvest!H53 -> 8434.2812 | J55: =CPUE!H53 -> 13.692308 | K55: =Effort!J53 -> CLOSED | L55: =Harvest!J53 -> CLOSED | M55: =CPUE!J53 -> CLOSED | N55: =Effort!L53 -> CLOSED | O55: =Harvest!L53 -> CLOSED | P55: =CPUE!L53 -> CLOSED | Q55: =Effort!N53 -> CLOSED | R55: =Harvest!N53 -> CLOSED | S55: =CPUE!N53 -> CLOSED | T55: =+H55 -> 615.98683 | U55: =+I55 -> 8434.2812
A56: Tide Series Totals | E56: =SUM(E51:E55) -> 8343.9805 | F56: =SUM(F51:F55) -> 110140.54 | G56: =+F56/E56 -> 13.2 | H56: =SUM(H49:H55) -> 9107.5289 | I56: =SUM(I49:I55) -> 109487.89 | J56: =+I56/H56 -> 12.02169 | K56: =SUM(K50:K55) -> 8542.4759 | L56: =SUM(L50:L55) -> 118438.68 | M56: =+L56/K56 -> 13.864678 | N56: =SUM(N49:N55) -> 5742.6327 | O56: =SUM(O49:O55) -> 81107.704 | P56: =+O56/N56 -> 14.123784 | Q56: =SUM(Q50:Q55) -> 710.94981 | R56: =SUM(R50:R55) -> 2720.3613 | S56: =+R56/Q56 -> 3.8263761 | T56: =SUM(T49:T55) -> 32447.568 | U56: =SUM(U49:U55) -> 421895.18
A57: 43540 | B57: =+A57 -> 43540 | C57: 0.3 | D57: 0.65486111 | E57: =Effort!F55 -> CLOSED | F57: =Harvest!F55 -> CLOSED | G57: =CPUE!F55 -> CLOSED | H57: =Effort!H55 -> 8237.2666 | I57: =Harvest!H55 -> 118067.49 | J57: =CPUE!H55 -> 14.333333 | K57: =Effort!J55 -> 8342.8653 | L57: =Harvest!J55 -> 105701.81 | M57: =CPUE!J55 -> 12.669725 | N57: =Effort!L55 -> CLOSED | O57: =Harvest!L55 -> CLOSED | P57: =CPUE!L55 -> CLOSED | Q57: =Effort!N55 -> CLOSED | R57: =Harvest!N55 -> CLOSED | S57: =CPUE!N55 -> CLOSED | T57: =+H57+K57 -> 16580.132 | U57: =+I57+L57 -> 223769.29
A58: 43541 | B58: =+A58 -> 43541 | C58: -0.2 | D58: 0.69652778 | E58: =Effort!F56 -> CLOSED | F58: =Harvest!F56 -> CLOSED | G58: =CPUE!F56 -> CLOSED | H58: =Effort!H56 -> 3986.4495 | I58: =Harvest!H56 -> 45667.23 | J58: =CPUE!H56 -> 11.455615 | K58: =Effort!J56 -> CLOSED | L58: =Harvest!J56 -> CLOSED | M58: =CPUE!J56 -> CLOSED | N58: =Effort!L56 -> 4249.2203 | O58: =Harvest!L56 -> 59342.56 | P58: =CPUE!L56 -> 13.965517 | Q58: =Effort!N56 -> CLOSED | R58: =Harvest!N56 -> CLOSED | S58: =CPUE!N56 -> CLOSED | T58: =+H58+N58 -> 8235.6698 | U58: =+I58+O58 -> 105009.79
A59: Tide Series Totals | H59: =SUM(H57:H58) -> 12223.716 | I59: =SUM(I57:I58) -> 163734.72 | J59: =+I59/H59 -> 13.39484 | K59: =SUM(K57:K58) -> 8342.8653 | L59: =SUM(L57:L58) -> 105701.81 | M59: =+L59/K59 -> 12.669725 | N59: =SUM(N58) -> 4249.2203 | O59: =SUM(O58) -> 59342.56 | P59: =+O59/N59 -> 13.965517 | T59: =SUM(T57:T58) -> 24815.802 | U59: =SUM(U57:U58) -> 328779.08
A60: 43545 | B60: =+A60 -> 43545 | C60: -0.5 | D60: 0.825 | E60: =Effort!F58 -> CLOSED | F60: =Harvest!F58 -> CLOSED | G60: =CPUE!F58 -> CLOSED | H60: =Effort!H58 -> CLOSED | I60: =Harvest!H58 -> CLOSED | J60: =CPUE!H58 -> CLOSED | K60: =Effort!J58 -> CLOSED | L60: =Harvest!J58 -> CLOSED | M60: =CPUE!J58 -> CLOSED | N60: =Effort!L58 -> 3502.8932 | O60: =Harvest!L58 -> 52543.399 | P60: =CPUE!L58 -> 15 | Q60: =Effort!N58 -> CLOSED | R60: =Harvest!N58 -> CLOSED | S60: =CPUE!N58 -> CLOSED | T60: =+N60 -> 3502.8932 | U60: =+O60 -> 52543.399
A61: 43546 | B61: =+A61 -> 43546 | C61: -0.2 | D61: 0.34305556 | E61: =Effort!F59 -> CLOSED | F61: =Harvest!F59 -> CLOSED | G61: =CPUE!F59 -> CLOSED | H61: =Effort!H59 -> 1206.4748 | I61: =Harvest!H59 -> 18097.122 | J61: =CPUE!H59 -> 15 | K61: =Effort!J59 -> CLOSED | L61: =Harvest!J59 -> CLOSED | M61: =CPUE!J59 -> CLOSED | N61: =Effort!L59 -> 2328.3731 | O61: =Harvest!L59 -> 31769.358 | P61: =CPUE!L59 -> 13.644444 | Q61: 59.058403 | R61: 256.35568 | S61: =CPUE!N59 -> 4.4117893 | T61: =+N61+H61+Q61 -> 3593.9063 | U61: =+O61+I61+R61 -> 50122.835
A62: 43547 | B62: =+A62 -> 43547 | C62: -0.3 | D62: 0.37569444 | E62: =Effort!F60 -> CLOSED | F62: =Harvest!F60 -> CLOSED | G62: =CPUE!F60 -> CLOSED | H62: =Effort!H60 -> 3421.6901 | I62: =Harvest!H60 -> 42074.115 | J62: =CPUE!H60 -> 12.296296 | K62: =Effort!J60 -> 6831.5524 | L62: =Harvest!J60 -> 92692.866 | M62: =CPUE!J60 -> 13.568346 | N62: =Effort!L60 -> CLOSED | O62: =Harvest!L60 -> CLOSED | P62: =CPUE!L60 -> CLOSED | Q62: 126.13056 | R62: 156.82194 | S62: =CPUE!N60 -> 1.2286892 | T62: =+H62+K62+Q62 -> 10379.373 | U62: =+I62+L62+R62 -> 134923.8
A63: 43548 | B63: =+A63 -> 43548 | C63: -0.3 | D63: 0.40902778 | E63: =Effort!F61 -> CLOSED | F63: =Harvest!F61 -> CLOSED | G63: =CPUE!F61 -> CLOSED | H63: =Effort!H61 -> 4508.2466 | I63: =Harvest!H61 -> 59322.8 | J63: =CPUE!H61 -> 13.15873 | K63: =Effort!J61 -> CLOSED | L63: =Harvest!J61 -> CLOSED | M63: =CPUE!J61 -> CLOSED | N63: =Effort!L61 -> 5801.0499 | O63: =Harvest!L61 -> 84939.584 | P63: =CPUE!L61 -> 14.642105 | Q63: 103.98123 | R63: 465.15752 | S63: =CPUE!N61 -> 4.6064882 | T63: =+H63+N63+Q63 -> 10413.278 | U63: =+I63+O63+R63 -> 144727.54
A64: Tide Series Totals | H64: =SUM(H61:H63) -> 9136.4114 | I64: =SUM(I61:I63) -> 119494.04 | J64: =+I64/H64 -> 13.078881 | K64: =SUM(K62:K63) -> 6831.5524 | L64: =SUM(L62:L63) -> 92692.866 | M64: =+L64/K64 -> 13.568346 | N64: =SUM(N60:N63) -> 11632.316 | O64: =SUM(O60:O63) -> 169252.34 | P64: =+O64/N64 -> 14.550184 | Q64: =SUM(Q61:Q63) -> 289.1702 | R64: =SUM(R61:R63) -> 878.33515 | S64: =+R64/Q64 -> 3.0374332 | T64: =SUM(T60:T63) -> 27889.45 | U64: =SUM(U60:U63) -> 382317.58
A65: 43561 | B65: =+A65 -> 43561 | C65: 0.3 | D65: 0.33680556 | E65: =Effort!F63 -> CLOSED | F65: =Harvest!F63 -> CLOSED | G65: =CPUE!F63 -> CLOSED | H65: =Effort!H63 -> 1251.1145 | I65: =Harvest!H63 -> 2156.5263 | J65: =CPUE!H63 -> 1.7236842 | K65: =Effort!J63 -> CLOSED | L65: =Harvest!J63 -> CLOSED | M65: =CPUE!J63 -> CLOSED | N65: =Effort!L63 -> 1695.6322 | O65: =Harvest!L63 -> 549.93475 | P65: =CPUE!L63 -> 0.32432432 | Q65: =Effort!N63 -> CLOSED | R65: =Harvest!N63 -> CLOSED | S65: =CPUE!N63 -> CLOSED | T65: =+H65+N65 -> 2946.7467 | U65: =+I65+O65 -> 2706.4611
A66: 43562 | B66: =+A66 -> 43562 | C66: 0.1 | D66: 0.36180556 | E66: =Effort!F64 -> CLOSED | F66: =Harvest!F64 -> CLOSED | G66: =CPUE!F64 -> CLOSED | H66: =Effort!H64 -> 2327.8493 | I66: =Harvest!H64 -> 9851.791 | J66: =CPUE!H64 -> 4.2321429 | K66: =Effort!J64 -> CLOSED | L66: =Harvest!J64 -> CLOSED | M66: =CPUE!J64 -> CLOSED | N66: =Effort!L64 -> 3535.0051 | O66: =Harvest!L64 -> 49354.109 | P66: =CPUE!L64 -> 13.961538 | Q66: =Effort!N64 -> CLOSED | R66: =Harvest!N64 -> CLOSED | S66: =CPUE!N64 -> CLOSED | T66: =+H66+N66 -> 5862.8544 | U66: =+I66+O66 -> 59205.9
A67: 43563 | B67: =+A67 -> 43563 | C67: 0 | D67: 0.38888889 | E67: =Effort!F65 -> CLOSED | F67: =Harvest!F65 -> CLOSED | G67: =CPUE!F65 -> CLOSED | H67: =Effort!H65 -> CLOSED | I67: =Harvest!H65 -> CLOSED | J67: =CPUE!H65 -> CLOSED | K67: =Effort!J65 -> CLOSED | L67: =Harvest!J65 -> CLOSED | M67: =CPUE!J65 -> CLOSED | N67: =Effort!L65 -> 1619.1833 | O67: =Harvest!L65 -> 19808.009 | P67: =CPUE!L65 -> 12.233333 | Q67: =Effort!N65 -> CLOSED | R67: =Harvest!N65 -> CLOSED | S67: =CPUE!N65 -> CLOSED | T67: =+N67 -> 1619.1833 | U67: =+O67 -> 19808.009
A68: Tide Series Totals | H68: =SUM(H65:H67) -> 3578.9638 | I68: =SUM(I65:I67) -> 12008.317 | J68: =+I68/H68 -> 3.3552497 | N68: =SUM(N65:N67) -> 6849.8205 | O68: =SUM(O65:O67) -> 69712.053 | P68: =+O68/N68 -> 10.177209 | T68: =SUM(T65:T67) -> 10428.784 | U68: =SUM(U65:U67) -> 81720.37
A69: 43575 | B69: =+A69 -> 43575 | C69: -1.1 | D69: 0.33194444 | E69: =Effort!F67 -> 19507.065 | F69: =Harvest!F67 -> 291793.19 | G69: =CPUE!F67 -> 14.958333 | H69: =Effort!H67 -> 7532.3967 | I69: =Harvest!H67 -> 100903.68 | J69: =CPUE!H67 -> 13.395959 | K69: =Effort!J67 -> 11266.07 | L69: =Harvest!J67 -> 156014.95 | M69: =CPUE!J67 -> 13.848214 | N69: =Effort!L67 -> CLOSED | O69: =Harvest!L67 -> CLOSED | P69: =CPUE!L67 -> CLOSED | Q69: =Effort!N67 -> CLOSED | R69: =Harvest!N67 -> CLOSED | S69: =CPUE!N67 -> CLOSED | T69: =+E69+H69+K69 -> 38305.532 | U69: =+F69+I69+L69 -> 548711.81
A70: 43576 | B70: =+A70 -> 43576 | C70: -1.2 | D70: 0.3625 | E70: =Effort!F68 -> 14267.565 | F70: =Harvest!F68 -> 208629.49 | G70: =CPUE!F68 -> 14.622642 | H70: =Effort!H68 -> 7486.3188 | I70: =Harvest!H68 -> 111410.57 | J70: =CPUE!H68 -> 14.88189 | K70: =Effort!J68 -> CLOSED | L70: =Harvest!J68 -> CLOSED | M70: =CPUE!J68 -> CLOSED | N70: =Effort!L68 -> 5578.5691 | O70: =Harvest!L68 -> 83678.537 | P70: =CPUE!L68 -> 15 | Q70: =Effort!N68 -> CLOSED | R70: =Harvest!N68 -> CLOSED | S70: =CPUE!N68 -> CLOSED | T70: =+E70+H70+N70 -> 27332.453 | U70: =+F70+I70+O70 -> 403718.59
A71: 43577 | B71: =+A71 -> 43577 | C71: -1 | D71: 0.39236111 | E71: =Effort!F69 -> CLOSED | F71: =Harvest!F69 -> CLOSED | G71: =CPUE!F69 -> CLOSED | H71: =Effort!H69 -> 2151.6386 | I71: =Harvest!H69 -> 32224.541 | J71: =CPUE!H69 -> 14.976744 | K71: =Effort!J69 -> CLOSED | L71: =Harvest!J69 -> CLOSED | M71: =CPUE!J69 -> CLOSED | N71: =Effort!L69 -> 2499.9999 | O71: =Harvest!L69 -> 37499.999 | P71: =CPUE!L69 -> 15 | Q71: =Effort!N69 -> CLOSED | R71: =Harvest!N69 -> CLOSED | S71: =CPUE!N69 -> CLOSED | T71: =+H71+N71 -> 4651.6385 | U71: =+I71+O71 -> 69724.539
A72: Tide Series Totals | E72: =SUM(E69:E71) -> 33774.63 | F72: =SUM(F69:F71) -> 500422.67 | G72: =+F72/E72 -> 14.816526 | H72: =SUM(H69:H71) -> 17170.354 | I72: =SUM(I69:I71) -> 244538.79 | J72: =+I72/H72 -> 14.241919 | K72: =SUM(K69:K71) -> 11266.07 | L72: =SUM(L69:L71) -> 156014.95 | M72: =+L72/K72 -> 13.848214 | N72: =SUM(N70:N71) -> 8078.569 | O72: =SUM(O70:O71) -> 121178.54 | P72: =+O72/N72 -> 15 | T72: =SUM(T69:T71) -> 70289.623 | U72: =SUM(U69:U71) -> 1022154.9
A73: 43603 | B73: =+A73 -> 43603 | C73: -1.4 | D73: 0.29027778 | E73: =Effort!F71 -> CLOSED | F73: =Harvest!F71 -> CLOSED | G73: =CPUE!F71 -> CLOSED | H73: =Effort!H71 -> CLOSED | I73: =Harvest!H71 -> CLOSED | J73: =CPUE!H71 -> CLOSED | K73: =Effort!J71 -> CLOSED | L73: =Harvest!J71 -> CLOSED | M73: =CPUE!J71 -> CLOSED | N73: =Effort!L71 -> 6218.9346 | O73: =Harvest!L71 -> 91519.186 | P73: =CPUE!L71 -> 14.716216 | Q73: =Effort!N71 -> CLOSED | R73: =Harvest!N71 -> CLOSED | S73: =CPUE!N71 -> CLOSED | T73: =+N73 -> 6218.9346 | U73: =+O73 -> 91519.186
A74: 43604 | B74: =+A74 -> 43604 | C74: -1.6 | D74: 0.32013889 | E74: =Effort!F72 -> CLOSED | F74: =Harvest!F72 -> CLOSED | G74: =CPUE!F72 -> CLOSED | H74: =Effort!H72 -> CLOSED | I74: =Harvest!H72 -> CLOSED | J74: =CPUE!H72 -> CLOSED | K74: =Effort!J72 -> CLOSED | L74: =Harvest!J72 -> CLOSED | M74: =CPUE!J72 -> CLOSED | N74: =Effort!L72 -> 4678.6958 | O74: =Harvest!L72 -> 68012.261 | P74: =CPUE!L72 -> 14.536585 | Q74: =Effort!N72 -> CLOSED | R74: =Harvest!N72 -> CLOSED | S74: =CPUE!N72 -> CLOSED | T74: =+N74 -> 4678.6958 | U74: =+O74 -> 68012.261
A75: 43605 | B75: =+A75 -> 43605 | C75: -1.6 | D75: 0.34930556 | E75: =Effort!F73 -> CLOSED | F75: =Harvest!F73 -> CLOSED | G75: =CPUE!F73 -> CLOSED | H75: =Effort!H73 -> CLOSED | I75: =Harvest!H73 -> CLOSED | J75: =CPUE!H73 -> CLOSED | K75: =Effort!J73 -> CLOSED | L75: =Harvest!J73 -> CLOSED | M75: =CPUE!J73 -> CLOSED | N75: =Effort!L73 -> 1867.904 | O75: =Harvest!L73 -> 26748.385 | P75: =CPUE!L73 -> 14.32 | Q75: =Effort!N73 -> CLOSED | R75: =Harvest!N73 -> CLOSED | S75: =CPUE!N73 -> CLOSED | T75: =+N75 -> 1867.904 | U75: =+O75 -> 26748.385
A76: Tide Series Totals | N76: =SUM(N73:N75) -> 12765.534 | O76: =SUM(O73:O75) -> 186279.83 | P76: =+O76/N76 -> 14.592404 | T76: =SUM(T73:T75) -> 12765.534 | U76: =SUM(U73:U75) -> 186279.83
A78: SEASON SUBTOTALS: | E78: =+E7+E12+E17+E22+E27+E32+E38+E44+E48+E56+E59+E64+E68+E72 -> 43895.804 | F78: =+F7+F12+F17+F22+F27+F32+F38+F44+F48+F56+F59+F64+F68+F72 -> 614561.9 | G78: =+F78/E78 -> 14.00047 | H78: =+H7+H12+H17+H22+H27+H32+H38+H44+H48+H56+H59+H64+H68+H72 -> 95535.855 | I78: =+I7+I12+I17+I22+I27+I32+I38+I44+I48+I56+I59+I64+I68+I72 -> 1131818.9 | J78: =+I78/H78 -> 11.847059 | K78: =+K7+K12+K17+K22+K27+K32+K38+K44+K48+K56+K59+K64+K72 -> 62037.806 | L78: =+L7+L12+L17+L22+L27+L32+L38+L44+L48+L56+L59+L64+L72 -> 832028.72 | M78: =+L78/K78 -> 13.41164 | N78: =+N7+N12+N17+N22+N27+N32+N38+N44+N48+N56+N59+N64+N68+N72+N76 -> 78826.108 | O78: =+O7+O12+O17+O22+O27+O32+O38+O44+O48+O56+O59+O64+O68+O72+O76 -> 1082629 | P78: =+O78/N78 -> 13.734396 | Q78: =+Q7+Q12+Q17+Q22+Q27+Q32+Q38+Q44+Q48+Q56+Q59+Q64+Q68+Q72 -> 1000.12 | R78: =+R56+R64 -> 3598.6965 | S78: =+R78/Q78 -> 3.5982647 | T78: =+T7+T12+T17+T22+T27+T32+T38+T44+T48+T56+T59+T64+T68+T72+T76 -> 281295.69 | U78: =+U7+U12+U17+U22+U27+U32+U38+U44+U48+U56+U59+U64+U68+U72+U76 -> 3664637.2
A79: WASTAGE | F79: =Harvest!F78 -> 30728.095 | I79: =+Harvest!H78 -> 56590.947 | L79: =+Harvest!J78 -> 37441.293 | O79: =+Harvest!L78 -> 63604.453 | U79: =F79+I79+L79+O79+R79 -> 188364.79
A80: SEASON TOTALS: | E80: =Effort!F76 -> 43895.804 | F80: =F78+F79 -> 645289.99 | G80: =+F80/E80 -> 14.700494 | H80: =H78 -> 95535.855 | I80: =I78+I79 -> 1188409.9 | J80: =+I80/H80 -> 12.439412 | K80: =K78 -> 62037.806 | L80: =L78+L79 -> 869470.02 | M80: =+L80/K80 -> 14.015164 | N80: =N78 -> 78826.108 | O80: =O78+O79 -> 1146233.4 | P80: =+O80/N80 -> 14.541292 | Q80: =Q78 -> 1000.12 | R80: =R78+R79 -> 3598.6965 | T80: =SUM(T78:T79) -> 281295.69 | U80: =SUM(U78:U79) -> 3853002
A81: % of TAC Harvested: | F81: =Harvest!F81 -> 1.9345719 | I81: =Harvest!H81 -> 0.86296442 | L81: =Harvest!J81 -> 1.0101096 | O81: =Harvest!L81 -> 0.75971182 | R81: =Harvest!N81 -> 0.0046037912
A83: Fall/Winter | E83: =E7+E12+E17+E22+E27+E32+E38+E44+E56+E59 -> 10121.173 | F83: =F7+F12+F17+F22+F27+F32+F38+F44+F56+F59 -> 114139.23 | H83: =H7+H12+H17+H22+H27+H32+H38+H44+H48+H56+H59 -> 65650.126 | I83: =I7+I12+I17+I22+I27+I32+I38+I44+I48+I56+I59 -> 755777.8 | K83: =K7+K12+K17+K22+K27+K32+K38+K44+K48+K56+K59 -> 43940.184 | L83: =L7+L12+L17+L22+L27+L32+L38+L44+L48+L56+L59 -> 583320.91 | N83: =N7+N12+N17+N22+N27+N32+N38+N44+N48+N56+N59+N60 -> 43002.761 | O83: =O7+O12+O17+O22+O27+O32+O38+O44+O48+O56+O59+O60 -> 588749.63 | Q83: =Q7+Q12+Q17+Q22+Q27+Q32+Q38+Q44+Q56+Q59 -> 710.94981 | R83: =R7+R12+R17+R22+R27+R32+R38+R44+R56+R59 -> 2720.3613 | T83: =E83+H83+K83+N83+Q83 -> 163425.19 | U83: =F83+I83+L83+O83+R83 -> 2044707.9
A84: Spring | E84: =E64+E68+E72+E76 -> 33774.63 | F84: =F64+F68+F72+F76 -> 500422.67 | H84: =H64+H68+H72+H76 -> 29885.729 | I84: =I64+I68+I72+I76 -> 376041.14 | K84: =K64+K68+K72+K76 -> 18097.623 | L84: =L64+L68+L72+L76 -> 248707.82 | N84: =N61+N63+N68+N72+N76 -> 35823.347 | O84: =O61+O63+O68+O72+O76 -> 493879.36 | Q84: =Q64+Q68+Q72+Q76 -> 289.1702 | R84: =R64+R68+R72+R76 -> 878.33515 | T84: =E84+H84+K84+N84+Q84 -> 117870.5 | U84: =F84+I84+L84+O84+R84 -> 1619929.3
E85: =SUM(E83:E84) -> 43895.804 | F85: =SUM(F83:F84) -> 614561.9 | H85: =SUM(H83:H84) -> 95535.855 | I85: =SUM(I83:I84) -> 1131818.9 | K85: =SUM(K83:K84) -> 62037.806 | L85: =SUM(L83:L84) -> 832028.72 | N85: =SUM(N83:N84) -> 78826.108 | O85: =SUM(O83:O84) -> 1082629 | Q85: =SUM(Q83:Q84) -> 1000.12 | R85: =SUM(R83:R84) -> 3598.6965 | T85: =SUM(T83:T84) -> 281295.69 | U85: =SUM(U83:U84) -> 3664637.2

Sheet Tribal update
A1: 2018-2019 State (non-Indian) Recreational Razor Clam Effort, Harvest and CPUE totals.
E2: COPALIS | I2: MOCROCKS | M2: KALALOCH | Q2: DAILY TOTALS
A3: DATE | B3: DAY | C3: TIDE | D3: TIME | E3: Effort | F3: Harvest | G3: CPUE | H3: Size (mm) | I3: Effort | J3: Harvest | K3: CPUE | L3: Size (mm) | M3: Effort | N3: Harvest | O3: CPUE | P3: Size (mm) | Q3: Effort | R3: Harvest
A4: 43384 | B4: =+A4 -> 43384 | C4: -0.6 | D4: 0.87361111 | E4: CLOSED | F4: CLOSED | G4: CLOSED | I4: 1283.6696 | J4: 18599.554 | K4: 14.489362 | M4: CLOSED | N4: CLOSED | O4: CLOSED | Q4: =+I4 -> 1283.6696 | R4: =+J4 -> 18599.554
A5: 43385 | B5: =+A5 -> 43385 | C5: -0.3 | D5: 0.90347222 | E5: 1983.4262 | F5: 29090.25 | G5: 14.666667 | I5: CLOSED | J5: CLOSED | K5: CLOSED | M5: CLOSED | N5: CLOSED | O5: CLOSED | Q5: =+E5 -> 1983.4262 | R5: =+F5 -> 29090.25
A6: 43386 | B6: =+A6 -> 43386 | C6: 0.1 | D6: 0.93472222 | E6: CLOSED | F6: CLOSED | G6: CLOSED | I6: 1673.064 | J6: 23316.105 | K6: 13.93617 | M6: CLOSED | N6: CLOSED | O6: CLOSED | Q6: =+I6 -> 1673.064 | R6: =+J6 -> 23316.105
A7: Tide Series Totals | E7: =SUM(E5:E6) -> 1983.4262 | F7: =SUM(F5:F6) -> 29090.25 | G7: =+F7/E7 -> 14.666667 | I7: =SUM(I4:I6) -> 2956.7337 | J7: =SUM(J4:J6) -> 41915.659 | K7: =+J7/I7 -> 14.176339 | Q7: =SUM(Q4:Q6) -> 4940.1598 | R7: =SUM(R4:R6) -> 71005.909
A8: 43398 | B8: =+A8 -> 43398 | C8: -0.5 | D8: 0.82986111 | E8: 1056.2522 | F8: 10682.551 | G8: 10.113636 | I8: CLOSED | J8: CLOSED | K8: CLOSED | M8: CLOSED | N8: CLOSED | O8: CLOSED | Q8: =+E8 -> 1056.2522 | R8: =+F8 -> 10682.551
A9: 43399 | B9: =+A9 -> 43399 | C9: -0.7 | D9: 0.85833333 | E9: CLOSED | F9: CLOSED | G9: CLOSED | I9: 2233.178 | J9: 33762.125 | K9: 15.118421 | M9: CLOSED | N9: CLOSED | O9: CLOSED | Q9: =+I9 -> 2233.178 | R9: =+J9 -> 33762.125
A10: 43400 | B10: =+A10 -> 43400 | C10: -0.7 | D10: 0.88819444 | E10: 1327.3992 | F10: 10258.666 | G10: 7.7283951 | I10: CLOSED | J10: CLOSED | K10: CLOSED | M10: CLOSED | N10: CLOSED | O10: CLOSED | Q10: =+E10 -> 1327.3992 | R10: =+F10 -> 10258.666
A11: 43401 | B11: =+A11 -> 43401 | C11: -0.6 | D11: 0.92222222 | E11: CLOSED | F11: CLOSED | G11: CLOSED | I11: 668.1166 | J11: 3215.3112 | K11: 4.8125 | M11: CLOSED | N11: CLOSED | O11: CLOSED | Q11: =+I11 -> 668.1166 | R11: =+J11 -> 3215.3112
A12: Tide Series Totals | E12: =SUM(E8:E11) -> 2383.6515 | F12: =SUM(F8:F11) -> 20941.217 | G12: =+F12/E12 -> 8.7853518 | I12: =SUM(I9:I11) -> 2901.2946 | J12: =SUM(J9:J11) -> 36977.436 | K12: =+J12/I12 -> 12.74515 | Q12: =SUM(Q8:Q11) -> 5284.946 | R12: =SUM(R8:R11) -> 57918.652
A13: 43412 | B13: =+A13 -> 43412 | C13: -0.8 | D13: 0.78958333 | E13: CLOSED | F13: CLOSED | G13: CLOSED | I13: 1395.4213 | J13: 20767.153 | K13: 14.882353 | M13: CLOSED | N13: CLOSED | O13: CLOSED | Q13: =+I13 -> 1395.4213 | R13: =+J13 -> 20767.153
A14: 43413 | B14: =+A14 -> 43413 | C14: -0.7 | D14: 0.81666667 | E14: 1923.6392 | F14: 28854.588 | G14: 15 | I14: CLOSED | J14: CLOSED | K14: CLOSED | M14: CLOSED | N14: CLOSED | O14: CLOSED | Q14: =+E14 -> 1923.6392 | R14: =+F14 -> 28854.588
A15: 43414 | B15: =+A15 -> 43414 | C15: -0.4 | D15: 0.84375 | E15: CLOSED | F15: CLOSED | G15: CLOSED | I15: 2162.2596 | J15: 31724.956 | K15: 14.672131 | M15: CLOSED | N15: CLOSED | O15: CLOSED | Q15: =+I15 -> 2162.2596 | R15: =+J15 -> 31724.956
A16: 43415 | B16: =+A16 -> 43415 | C16: 0 | D16: 0.87222222 | E16: 1658.3253 | F16: 24742.213 | G16: 14.92 | I16: CLOSED | J16: CLOSED | K16: CLOSED | M16: CLOSED | N16: CLOSED | O16: CLOSED | Q16: =+E16 -> 1658.3253 | R16: =+F16 -> 24742.213
A17: Tide Series Totals | E17: =SUM(E14:E16) -> 3581.9645 | F17: =SUM(F14:F16) -> 53596.801 | G17: =+F17/E17 -> 14.962963 | I17: =SUM(I13:I16) -> 3557.6809 | J17: =SUM(J13:J16) -> 52492.109 | K17: =+J17/I17 -> 14.754586 | Q17: =SUM(Q13:Q16) -> 7139.6454 | R17: =SUM(R13:R16) -> 106088.91
A18: 43426 | B18: =+A18 -> 43426 | C18: -0.7 | D18: 0.74652778 | E18: 1588.2201 | F18: 23238.168 | G18: 14.631579 | I18: CLOSED | J18: CLOSED | K18: CLOSED | M18: CLOSED | N18: CLOSED | O18: CLOSED | Q18: =+E18 -> 1588.2201 | R18: =+F18 -> 23238.168
A19: 43427 | B19: =+A19 -> 43427 | C19: -1.1 | D19: 0.775 | E19: CLOSED | F19: CLOSED | G19: CLOSED | I19: 4038.186 | J19: 59634.625 | K19: 14.767677 | M19: CLOSED | N19: CLOSED | O19: CLOSED | Q19: =+I19 -> 4038.186 | R19: =+J19 -> 59634.625
A20: 43428 | B20: =+A20 -> 43428 | C20: -1.3 | D20: 0.80555556 | E20: 3198.5485 | F20: 47122.802 | G20: 14.732558 | I20: 1414.6371 | J20: 19633.448 | K20: 13.878788 | M20: CLOSED | N20: CLOSED | O20: CLOSED | Q20: =+E20+I20 -> 4613.1856 | R20: =+F20+J20 -> 66756.25
A21: 43429 | B21: =+A21 -> 43429 | C21: -1.3 | D21: 0.83680556 | E21: CLOSED | F21: CLOSED | G21: CLOSED | I21: 499.47239 | J21: 7321.8112 | K21: 14.659091 | M21: CLOSED | N21: CLOSED | O21: CLOSED | Q21: =+I21 -> 499.47239 | R21: =+J21 -> 7321.8112
A22: Tide Series Totals | E22: =SUM(E18:E21) -> 4786.7686 | F22: =SUM(F18:F21) -> 70360.97 | G22: =+F22/E22 -> 14.699054 | I22: =SUM(I19:I21) -> 5952.2955 | J22: =SUM(J19:J21) -> 86589.885 | K22: =+J22/I22 -> 14.54731 | Q22: =SUM(Q18:Q21) -> 10739.064 | R22: =SUM(R18:R21) -> 156950.85
A23: 43440 | B23: =+A23 -> 43440 | C23: -0.7 | D23: 0.75069444 | E23: 1112.2015 | F23: 12790.317 | G23: 11.5 | I23: CLOSED | J23: CLOSED | K23: CLOSED | M23: CLOSED | N23: CLOSED | O23: CLOSED | Q23: =+E23 -> 1112.2015 | R23: =+F23 -> 12790.317
A24: 43441 | B24: =+A24 -> 43441 | C24: -0.7 | D24: 0.77777778 | E24: CLOSED | F24: CLOSED | G24: CLOSED | I24: 576.30501 | J24: 4694.4845 | K24: 8.1458333 | M24: CLOSED | N24: CLOSED | O24: CLOSED | Q24: =+I24 -> 576.30501 | R24: =+J24 -> 4694.4845
A25: 43442 | B25: =+A25 -> 43442 | C25: -0.6 | D25: 0.80277778 | E25: 1667.892 | F25: 21330.225 | G25: 12.788732 | I25: CLOSED | J25: CLOSED | K25: CLOSED | M25: CLOSED | N25: CLOSED | O25: CLOSED | Q25: =+E25 -> 1667.892 | R25: =+F25 -> 21330.225
A26: 43443 | B26: =+A26 -> 43443 | C26: -0.4 | D26: 0.82847222 | E26: CLOSED | F26: CLOSED | G26: CLOSED | I26: 226.07678 | J26: 2003.8623 | K26: 8.8636364 | M26: CLOSED | N26: CLOSED | O26: CLOSED | Q26: =+I26 -> 226.07678 | R26: =+J26 -> 2003.8623
A27: Tide Series Totals | E27: =SUM(E23:E26) -> 2780.0935 | F27: =SUM(F23:F26) -> 34120.542 | G27: =+F27/E27 -> 12.273163 | I27: =SUM(I24:I26) -> 802.38178 | J27: =SUM(J24:J26) -> 6698.3469 | K27: =+J27/I27 -> 8.3480794 | Q27: =SUM(Q23:Q26) -> 3582.4753 | R27: =SUM(R23:R26) -> 40818.889
A28: 43454 | B28: =+A28 -> 43454 | C28: -0.3 | D28: 0.70208333 | E28: CLOSED | F28: CLOSED | G28: CLOSED | I28: 280.13747 | J28: 1142.9609 | K28: 4.08 | M28: CLOSED | N28: CLOSED | O28: CLOSED | Q28: =+I28 -> 280.13747 | R28: =+J28 -> 1142.9609
A29: 43455 | B29: =+A29 -> 43455 | C29: -1 | D29: 0.73263889 | E29: 1681.3144 | F29: 25219.716 | G29: 15 | I29: CLOSED | J29: CLOSED | K29: CLOSED | M29: CLOSED | N29: CLOSED | O29: CLOSED | Q29: =+E29 -> 1681.3144 | R29: =+F29 -> 25219.716
A30: 43456 | B30: =+A30 -> 43456 | C30: -1.4 | D30: 0.76388889 | E30: CLOSED | F30: CLOSED | G30: CLOSED | I30: 881.01387 | J30: 4055.9884 | K30: 4.6037736 | M30: CLOSED | N30: CLOSED | O30: CLOSED | Q30: =+I30 -> 881.01387 | R30: =+J30 -> 4055.9884
A31: 43457 | B31: =+A31 -> 43457 | C31: -1.6 | D31: 0.79513889 | E31: 1074.4422 | F31: 7628.5395 | G31: 7.1 | I31: CLOSED | J31: CLOSED | K31: CLOSED | M31: CLOSED | N31: CLOSED | O31: CLOSED | Q31: =+E31 -> 1074.4422 | R31: =+F31 -> 7628.5395
A32: Tide Series Totals | E32: =SUM(E29:E31) -> 2755.7566 | F32: =SUM(F29:F31) -> 32848.255 | G32: =+F32/E32 -> 11.919868 | I32: =SUM(I28:I31) -> 1161.1513 | J32: =SUM(J28:J31) -> 5198.9493 | K32: =+J32/I32 -> 4.4774088 | Q32: =SUM(Q28:Q31) -> 3916.9079 | R32: =SUM(R28:R31) -> 38047.204
A33: 43469 | B33: =+A33 -> 43469 | C33: -0.4 | D33: 0.74027778 | E33: CLOSED | F33: CLOSED | G33: CLOSED | I33: 931.36522 | J33: 9123.1457 | K33: 9.7954545 | M33: CLOSED | N33: CLOSED | O33: CLOSED | Q33: 931.36522 | R33: 9123.1457
A34: 43470 | B34: =+A34 -> 43470 | C34: -0.4 | D34: 0.76597222 | E34: 1448.5191 | F34: 11861.458 | G34: 8.1886792 | I34: CLOSED | J34: CLOSED | K34: CLOSED | M34: CLOSED | N34: CLOSED | O34: CLOSED | Q34: 1448.5191 | R34: 11861.458
A35: 43471 | B35: =+A35 -> 43471 | C35: -0.4 | D35: 0.79097222 | E35: CLOSED | F35: CLOSED | G35: CLOSED | I35: 95.964568 | J35: 1407.4803 | K35: 14.666667 | M35: CLOSED | N35: CLOSED | O35: CLOSED | Q35: 95.964568 | R35: 1407.4803
A36: Tide Series Totals | E36: =SUM(E34:E35) -> 1448.5191 | F36: =SUM(F34:F35) -> 11861.458 | G36: =+F36/E36 -> 8.1886792 | I36: =SUM(I33:I35) -> 1027.3298 | J36: =SUM(J33:J35) -> 10530.626 | K36: =+J36/I36 -> 10.250482 | Q36: =SUM(Q33:Q35) -> 2475.8489 | R36: =SUM(R33:R35) -> 22392.085
A37: 43484 | B37: =+A37 -> 43484 | C37: -1.1 | D37: 0.72083333 | E37: CLOSED | F37: CLOSED | G37: CLOSED | I37: 6352.8668 | J37: 92345.796 | K37: 14.536082 | M37: CLOSED | N37: CLOSED | O37: CLOSED | Q37: =+I37 -> 6352.8668 | R37: =+J37 -> 92345.796
A38: 43485 | B38: =+A38 -> 43485 | C38: -1.6 | D38: 0.75347222 | E38: 5194.5748 | F38: 77918.622 | G38: 15 | I38: CLOSED | J38: CLOSED | K38: CLOSED | M38: CLOSED | N38: CLOSED | O38: CLOSED | Q38: =+E38 -> 5194.5748 | R38: =+F38 -> 77918.622
A39: 43486 | B39: =+A39 -> 43486 | C39: -1.8 | D39: 0.78541667 | E39: CLOSED | F39: CLOSED | G39: CLOSED | I39: 1471.4933 | J39: 20145.444 | K39: 13.690476 | M39: CLOSED | N39: CLOSED | O39: CLOSED | Q39: =+I39 -> 1471.4933 | R39: =+J39 -> 20145.444
A40: Tide Series Totals | E40: =SUM(E38:E39) -> 5194.5748 | F40: =SUM(F38:F39) -> 77918.622 | G40: =+F40/E40 -> 15 | I40: =SUM(I37:I39) -> 7824.3601 | J40: =SUM(J37:J39) -> 112491.24 | K40: =+J40/I40 -> 14.377053 | Q40: =SUM(Q37:Q39) -> 13018.935 | R40: =SUM(R37:R39) -> 190409.86
A41: 43497 | B41: =+A41 -> 43497 | C41: 0.2 | D41: 0.7 | E41: 1395.1561 | F41: 17945.537 | G41: 12.862745 | I41: CLOSED | J41: CLOSED | K41: CLOSED | M41: CLOSED | N41: CLOSED | O41: CLOSED | Q41: =+E41 -> 1395.1561 | R41: =+F41 -> 17945.537
A42: 43498 | B42: =+A42 -> 43498 | C42: 0 | D42: 0.72777778 | E42: CLOSED | F42: CLOSED | G42: CLOSED | I42: 3324.7873 | J42: 42861.716 | K42: 12.891566 | M42: CLOSED | N42: CLOSED | O42: CLOSED | Q42: =+I42 -> 3324.7873 | R42: =+J42 -> 42861.716
A43: 43499 | B43: =+A43 -> 43499 | C43: -0.1 | D43: 0.75277778 | E43: 744.93159 | F43: 10496.763 | G43: 14.090909 | I43: CLOSED | J43: CLOSED | K43: CLOSED | M43: CLOSED | N43: CLOSED | O43: CLOSED | Q43: =+E43 -> 744.93159 | R43: =+F43 -> 10496.763
A44: Tide Series Totals | E44: =SUM(E41:E43) -> 2140.0877 | F44: =SUM(F41:F43) -> 28442.301 | G44: =+F44/E44 -> 13.29025 | I44: =SUM(I42:I43) -> 3324.7873 | J44: =SUM(J42:J43) -> 42861.716 | K44: =+J44/I44 -> 12.891566 | Q44: =SUM(Q41:Q43) -> 5464.875 | R44: =SUM(R41:R43) -> 71304.017
A45: 43511 | B45: =+A45 -> 43511 | C45: 0.4 | D45: 0.63263889 | E45: CLOSED | F45: CLOSED | G45: CLOSED | I45: 794.78231 | J45: 9445.6821 | K45: 11.884615 | M45: CLOSED | N45: CLOSED | O45: CLOSED | Q45: =+I45 -> 794.78231 | R45: =+J45 -> 9445.6821
A46: 43512 | B46: =+A46 -> 43512 | C46: -0.3 | D46: 0.67222222 | E46: 4004.5243 | F46: 50369.407 | G46: 12.578125 | I46: CLOSED | J46: CLOSED | K46: CLOSED | M46: 285 | N46: 818 | O46: =+N46/M46 -> 2.8701754 | Q46: =+E46+M46 -> 4289.5243 | R46: =+F46+N46 -> 51187.407
A47: 43513 | B47: =+A47 -> 43513 | C47: -1 | D47: 0.70763889 | E47: 4537.9516 | F47: 68069.275 | G47: 15 | I47: 2715.4678 | J47: 38176.283 | K47: 14.058824 | M47: 320 | N47: 1321 | O47: =+N47/M47 -> 4.128125 | Q47: =+E47+I47+M47 -> 7573.4195 | R47: =+F47+J47+N47 -> 107566.56
A48: 43514 | B48: =+A48 -> 43514 | C48: -1.4 | D48: 0.74027778 | E48: CLOSED | F48: CLOSED | G48: CLOSED | I48: 2232.3826 | J48: 33485.738 | K48: 15 | M48: 116 | N48: 581 | O48: =+N48/M48 -> 5.0086207 | Q48: =+I48+M48 -> 2348.3826 | R48: =+J48+N48 -> 34066.738
A49: Tide Series Totals | E49: =SUM(E46:E48) -> 8542.4759 | F49: =SUM(F46:F48) -> 118438.68 | G49: =+F49/E49 -> 13.864678 | I49: =SUM(I45:I48) -> 5742.6327 | J49: =SUM(J45:J48) -> 81107.704 | K49: =+J49/I49 -> 14.123784 | M49: =SUM(M46:M48) -> 721 | N49: =SUM(N46:N48) -> 2720 | O49: =+N49/M49 -> 3.7725381 | Q49: =SUM(Q45:Q48) -> 15006.109 | R49: =SUM(R45:R48) -> 202266.39
A50: 43540 | B50: =+A50 -> 43540 | C50: 0.3 | D50: 0.65486111 | E50: 8342.8653 | F50: 105701.81 | G50: 12.669725 | I50: CLOSED | J50: CLOSED | K50: CLOSED | M50: CLOSED | N50: CLOSED | O50: CLOSED | Q50: =+E50 -> 8342.8653 | R50: =+F50 -> 105701.81
A51: 43541 | B51: =+A51 -> 43541 | C51: -0.2 | D51: 0.69652778 | E51: CLOSED | F51: CLOSED | G51: CLOSED | I51: 4249.2203 | J51: 59342.56 | K51: 13.965517 | M51: CLOSED | N51: CLOSED | O51: CLOSED | Q51: =+I51 -> 4249.2203 | R51: =+J51 -> 59342.56
A52: Tide Series Totals | E52: =SUM(E50:E51) -> 8342.8653 | F52: =SUM(F50:F51) -> 105701.81 | G52: =+F52/E52 -> 12.669725 | I52: =SUM(I51) -> 4249.2203 | J52: =SUM(J51) -> 59342.56 | K52: =+J52/I52 -> 13.965517 | Q52: =SUM(Q50:Q51) -> 12592.086 | R52: =SUM(R50:R51) -> 165044.37
A53: 43545 | B53: =+A53 -> 43545 | C53: -0.5 | D53: 0.825 | E53: CLOSED | F53: CLOSED | G53: CLOSED | I53: 3502.8932 | J53: 52543.399 | K53: 15 | M53: CLOSED | N53: CLOSED | O53: CLOSED | Q53: =+I53 -> 3502.8932 | R53: =+J53 -> 52543.399
A54: 43546 | B54: =+A54 -> 43546 | C54: -0.2 | D54: 0.34305556 | E54: CLOSED | F54: CLOSED | G54: CLOSED | I54: 2328.3731 | J54: 31769.358 | K54: 13.644444 | M54: 59 | N54: 256 | O54: =+N54/M54 -> 4.3389831 | Q54: =+I54+M54 -> 2387.3731 | R54: =+J54+N54 -> 32025.358
A55: 43547 | B55: =+A55 -> 43547 | C55: -0.3 | D55: 0.37569444 | E55: 7038.7096 | F55: 92692.866 | G55: 13.169014 | I55: CLOSED | J55: CLOSED | K55: CLOSED | M55: 126 | N55: 157 | O55: =+N55/M55 -> 1.2460317 | Q55: =+E55+M55 -> 7164.7096 | R55: =+F55+N55 -> 92849.866
A56: 43548 | B56: =+A56 -> 43548 | C56: -0.3 | D56: 0.40902778 | E56: CLOSED | F56: CLOSED | G56: CLOSED | I56: 5801.0499 | J56: 84939.584 | K56: 14.642105 | M56: 104 | N56: 465 | O56: =+N56/M56 -> 4.4711538 | Q56: =+I56+M56 -> 5905.0499 | R56: =+J56+N56 -> 85404.584
A57: Tide Series Totals | E57: =SUM(E55:E56) -> 7038.7096 | F57: =SUM(F55:F56) -> 92692.866 | G57: =+F57/E57 -> 13.169014 | I57: =SUM(I53:I56) -> 11632.316 | J57: =SUM(J53:J56) -> 169252.34 | K57: =+J57/I57 -> 14.550184 | M57: =SUM(M54:M56) -> 289 | N57: =SUM(N54:N56) -> 878 | O57: =+N57/M57 -> 3.0380623 | Q57: =SUM(Q53:Q56) -> 18960.026 | R57: =SUM(R53:R56) -> 262823.21
A58: 43561 | B58: =+A58 -> 43561 | C58: 0.3 | D58: 0.33680556 | E58: CLOSED | F58: CLOSED | G58: CLOSED | I58: 1695.6322 | J58: 549.93475 | K58: 0.32432432 | M58: CLOSED | N58: CLOSED | O58: CLOSED | Q58: =+I58 -> 1695.6322 | R58: =+J58 -> 549.93475
A59: 43562 | B59: =+A59 -> 43562 | C59: 0.1 | D59: 0.36180556 | E59: CLOSED | F59: CLOSED | G59: CLOSED | I59: 3535.0051 | J59: 49354.109 | K59: 13.961538 | M59: CLOSED | N59: CLOSED | O59: CLOSED | Q59: =+I59 -> 3535.0051 | R59: =+J59 -> 49354.109
A60: 43563 | B60: =+A60 -> 43563 | C60: 0 | D60: 0.38888889 | E60: CLOSED | F60: CLOSED | G60: CLOSED | I60: 1619.1833 | J60: 19808.009 | K60: 12.233333 | M60: CLOSED | N60: CLOSED | O60: CLOSED | Q60: =+I60 -> 1619.1833 | R60: =+J60 -> 19808.009
A61: Tide Series Totals | I61: =SUM(I58:I60) -> 6849.8205 | J61: =SUM(J58:J60) -> 69712.053 | K61: =+J61/I61 -> 10.177209 | Q61: =SUM(Q58:Q60) -> 6849.8205 | R61: =SUM(R58:R60) -> 69712.053
A62: 43575 | B62: =+A62 -> 43575 | C62: -1.1 | D62: 0.33194444 | E62: 11266.07 | F62: 156014.95 | G62: 13.848214 | I62: CLOSED | J62: CLOSED | K62: CLOSED | M62: CLOSED | N62: CLOSED | O62: CLOSED | Q62: =+E62 -> 11266.07 | R62: =+F62 -> 156014.95
A63: 43576 | B63: =+A63 -> 43576 | C63: -1.2 | D63: 0.3625 | E63: CLOSED | F63: CLOSED | G63: CLOSED | I63: 5578.5691 | J63: 83678.537 | K63: 15 | M63: CLOSED | N63: CLOSED | O63: CLOSED | Q63: =+I63 -> 5578.5691 | R63: =+J63 -> 83678.537
A64: 43577 | B64: =+A64 -> 43577 | C64: -1 | D64: 0.39236111 | E64: CLOSED | F64: CLOSED | G64: CLOSED | I64: 2499.9999 | J64: 37499.999 | K64: 15 | M64: CLOSED | N64: CLOSED | O64: CLOSED | Q64: =+I64 -> 2499.9999 | R64: =+J64 -> 37499.999
A65: Tide Series Totals | E65: =SUM(E62:E64) -> 11266.07 | F65: =SUM(F62:F64) -> 156014.95 | G65: =+F65/E65 -> 13.848214 | I65: =SUM(I63:I64) -> 8078.569 | J65: =SUM(J63:J64) -> 121178.54 | K65: =+J65/I65 -> 15 | Q65: =SUM(Q62:Q64) -> 19344.639 | R65: =SUM(R62:R64) -> 277193.49
A66: 43603 | B66: =+A66 -> 43603 | C66: -1.4 | D66: 0.29027778 | E66: CLOSED | F66: CLOSED | G66: CLOSED | I66: 6218.9346 | J66: 91519.186 | K66: 14.716216 | M66: CLOSED | N66: CLOSED | O66: CLOSED | Q66: =+I66 -> 6218.9346 | R66: =+J66 -> 91519.186
A67: 43604 | B67: =+A67 -> 43604 | C67: -1.6 | D67: 0.32013889 | E67: CLOSED | F67: CLOSED | G67: CLOSED | I67: 4678.6958 | J67: 68012.261 | K67: 14.536585 | M67: CLOSED | N67: CLOSED | O67: CLOSED | Q67: =+I67 -> 4678.6958 | R67: =+J67 -> 68012.261
A68: 43605 | B68: =+A68 -> 43605 | C68: -1.6 | D68: 0.34930556 | E68: CLOSED | F68: CLOSED | G68: CLOSED | I68: 1867.904 | J68: 26748.385 | K68: 14.32 | M68: CLOSED | N68: CLOSED | O68: CLOSED | Q68: =+I68 -> 1867.904 | R68: =+J68 -> 26748.385
H69: 109.09 | I69: =SUM(I66:I68) -> 12765.534 | J69: =SUM(J66:J68) -> 186279.83 | L69: 106.95 | Q69: =SUM(Q66:Q68) -> 12765.534 | R69: =SUM(R66:R68) -> 186279.83
A70: SEASON SUBTOTALS: | E70: =+E7+E12+E17+E22+E27+E32+E36+E40+E44+E49+E52+E57+E61+E65 -> 62244.963 | F70: =+F7+F12+F17+F22+F27+F32+F36+F40+F44+F49+F52+F57+F61+F65 -> 832028.72 | G70: =+F70/E70 -> 13.367005 | I70: =+I7+I12+I17+I22+I27+I32+I36+I40+I44+I49+I52+I57+I61+I65+I69 -> 78826.108 | J70: =+J7+J12+J17+J22+J27+J32+J36+J40+J44+J49+J52+J57+J61+J65+J69 -> 1082629 | K70: =+J70/I70 -> 13.734396 | M70: =+M49+M57 -> 1010 | N70: =+N49+N57 -> 3598 | O70: =+N70/M70 -> 3.5623762 | Q70: =+Q7+Q12+Q17+Q22+Q27+Q32+Q36+Q69+Q40+Q44+Q49+Q52+Q57+Q61+Q65 -> 142081.07 | R70: =+R7+R12+R17+R22+R27+R32+R36+R69+R40+R44+R49+R52+R57+R61+R65 -> 1918255.7
A71: WASTAGE | F71: =+Harvest!J78 -> 37441.293 | J71: =+Harvest!L78 -> 63604.453 | R71: =+F71+J71+N71 -> 101045.75
A72: SEASON TOTALS: | E72: =+E70 -> 62244.963 | F72: =SUM(F70:F71) -> 869470.02 | G72: =+G70 -> 13.367005 | I72: =+I70 -> 78826.108 | J72: =SUM(J70:J71) -> 1146233.4 | K72: =+K70 -> 13.734396 | M72: =+M70 -> 1010 | N72: =+N70 -> 3598 | Q72: =+Q70 -> 142081.07 | R72: =SUM(R70:R71) -> 2019301.5
A73: % of TAC Harvested: | F73: =+Harvest!J81 -> 1.0101096 | J73: =+Harvest!L81 -> 0.75971182 | N73: =+Harvest!N81 -> 0.0046037912

Sheet Copy Sheet
A1: BeachName | B1: Date | C1: Effort | D1: Harvest | E1: CPUE | F1: EventID | G1: CorrectionFactor
A2: Copalis | B2: 43385 | C2: 1983.4262 | D2: 29090.25 | E2: 14.666667 | F2: 1521 | G2: 0.50492501
A3: Mocrocks | B3: 43384 | C3: 1283.6696 | D3: 18599.554 | E3: 14.489362 | F3: 1519 | G3: 0.58923334
A4: Mocrocks | B4: 43386 | C4: 1673.064 | D4: 23316.105 | E4: 13.93617 | F4: 1523 | G4: 0.54243332
A5: Twin Harbors | B5: 43384 | C5: 1852.5577 | D5: 25850.305 | E5: 13.953846 | F5: 1518 | G5: 0.52713335
A6: Twin Harbors | B6: 43385 | C6: 1085.784 | D6: 16131.648 | E6: 14.857143 | F6: 1520 | G6: 0.52713335
A7: Twin Harbors | B7: 43386 | C7: 1666.4268 | D7: 26016.664 | E7: 15.612245 | F7: 1522 | G7: 0.52713335
A9: BeachName | B9: Date | C9: Effort | D9: Harvest | E9: CPUE | F9: EventID | G9: CorrectionFactor
A10: Copalis | B10: 43398 | C10: 1056.2522 | D10: 10682.551 | E10: 10.113636 | F10: 1524 | G10: 0.5582
A11: Copalis | B11: 43400 | C11: 1327.3992 | D11: 10258.666 | E11: 7.7283951 | F11: 1529 | G11: 0.49880001
A12: Mocrocks | B12: 43399 | C12: 2233.178 | D12: 33762.125 | E12: 15.118421 | F12: 1527 | G12: 0.51174998
A13: Mocrocks | B13: 43401 | C13: 668.1166 | D13: 3215.3112 | E13: 4.8125 | F13: 1530 | G13: 0.51727498
A14: Twin Harbors | B14: 43398 | C14: 632.23844 | D14: 2060.629 | E14: 3.2592593 | F14: 1525 | G14: 0.53109998
A15: Twin Harbors | B15: 43399 | C15: 2041.5625 | D15: 22219.796 | E15: 10.883721 | F15: 1526 | G15: 0.51243335
A16: Twin Harbors | B16: 43400 | C16: 670.448 | D16: 7589.9774 | E16: 11.320755 | F16: 1528 | G16: 0.53109998
A17: Twin Harbors | B17: 43401 | C17: 261.32726 | D17: 2770.0689 | E17: 10.6 | F17: 1531 | G17: 0.51555002
A19: BeachName | B19: Date | C19: Effort | D19: Harvest | E19: CPUE | F19: EventID | G19: CorrectionFactor
A20: Copalis | B20: 43413 | C20: 1923.6392 | D20: 28854.588 | E20: 15 | F20: 1533 | G20: 0.490825
A21: Copalis | B21: 43415 | C21: 1658.3253 | D21: 24742.213 | E21: 14.92 | F21: 1535 | G21: 0.44668001
A22: Mocrocks | B22: 43412 | C22: 1395.4213 | D22: 20767.153 | E22: 14.882353 | F22: 1532 | G22: 0.32104999
A23: Mocrocks | B23: 43414 | C23: 2708.4908 | D23: 39739.332 | E23: 14.672131 | F23: 1534 | G23: 0.65113336
A24: Twin Harbors | B24: 43412 | C24: 1280.6808 | D24: 18520.615 | E24: 14.461538 | F24: 1536 | G24: 0.47396666
A25: Twin Harbors | B25: 43413 | C25: 901.32581 | D25: 13082.881 | E25: 14.515152 | F25: 1537 | G25: 0.53109998
A26: Twin Harbors | B26: 43414 | C26: 2386.1605 | D26: 31626.737 | E26: 13.254237 | F26: 1538 | G26: 0.52713335
A28: BeachName | B28: Date | C28: Effort | D28: Harvest | E28: CPUE | F28: EventID | G28: CorrectionFactor
A29: Copalis | B29: 43426 | C29: 1588.2201 | D29: 23238.168 | E29: 14.631579 | F29: 1539 | G29: 0.51840001
A30: Copalis | B30: 43428 | C30: 3198.5485 | D30: 47122.802 | E30: 14.732558 | F30: 1542 | G30: 0.52386665
A31: Mocrocks | B31: 43427 | C31: 4038.186 | D31: 59634.625 | E31: 14.767677 | F31: 1540 | G31: 0.57612503
A32: Mocrocks | B32: 43428 | C32: 1414.6371 | D32: 19633.448 | E32: 13.878788 | F32: 1543 | G32: 0.53653336
A33: Mocrocks | B33: 43429 | C33: 499.47239 | D33: 7321.8112 | E33: 14.659091 | F33: 1544 | G33: 0.5686
A34: Twin Harbors | B34: 43427 | C34: 2423.2726 | D34: 26782.21 | E34: 11.052083 | F34: 1541 | G34: 0.53109998
A35: Twin Harbors | B35: 43429 | C35: 300.90271 | D35: 4513.5407 | E35: 15 | F35: 1545 | G35: 0.49849999
A37: BeachName | B37: Date | C37: Effort | D37: Harvest | E37: CPUE | F37: EventID | G37: CorrectionFactor
A38: Copalis | B38: 43440 | C38: 1112.2015 | D38: 12790.317 | E38: 11.5 | F38: 1546 | G38: 0.61140001
A39: Copalis | B39: 43442 | C39: 1667.892 | D39: 21330.225 | E39: 12.788732 | F39: 1551 | G39: 0.52593333
A40: Mocrocks | B40: 43441 | C40: 576.30501 | D40: 4694.4845 | E40: 8.1458333 | F40: 1549 | G40: 0.58004999
A41: Mocrocks | B41: 43443 | C41: 226.07678 | D41: 2003.8623 | E41: 8.8636364 | F41: 1552 | G41: 0.51310003
A42: Twin Harbors | B42: 43440 | C42: 1538.7037 | D42: 9809.2362 | E42: 6.375 | F42: 1547 | G42: 0.52713335
A43: Twin Harbors | B43: 43441 | C43: 804.41326 | D43: 9522.0081 | E43: 11.837209 | F43: 1548 | G43: 0.49849999
A44: Twin Harbors | B44: 43442 | C44: 948.5266 | D44: 12936.849 | E44: 13.638889 | F44: 1550 | G44: 0.52713335
A45: Twin Harbors | B45: 43443 | C45: 132.87786 | D45: 762.29931 | E45: 5.7368421 | F45: 1553 | G45: 0.53109998
A47: BeachName | B47: Date | C47: Effort | D47: Harvest | E47: CPUE | F47: EventID | G47: CorrectionFactor
A48: Copalis | B48: 43455 | C48: 1681.3144 | D48: 25219.716 | E48: 15 | F48: 1555 | G48: 0.52593333
A49: Copalis | B49: 43457 | C49: 1074.4422 | D49: 7628.5395 | E49: 7.1 | F49: 1557 | G49: 0.493
A50: LongBeach | B50: 43456 | C50: 1777.1929 | D50: 3998.6841 | E50: 2.25 | F50: 1562 | G50: 0.70139998
A51: Mocrocks | B51: 43454 | C51: 280.13747 | D51: 1142.9609 | E51: 4.08 | F51: 1554 | G51: 0.55119997
A52: Mocrocks | B52: 43456 | C52: 881.01387 | D52: 4055.9884 | E52: 4.6037736 | F52: 1556 | G52: 0.5862667
A53: Twin Harbors | B53: 43454 | C53: 397.64769 | D53: 1892.803 | E53: 4.76 | F53: 1558 | G53: 0.31676668
A54: Twin Harbors | B54: 43455 | C54: 1183.6582 | D54: 17388.105 | E54: 14.690141 | F54: 1559 | G54: 0.48570001
A55: Twin Harbors | B55: 43456 | C55: 709.59678 | D55: 363.89578 | E55: 0.51282051 | F55: 1560 | G55: 0.48570001
A56: Twin Harbors | B56: 43457 | C56: 587.93506 | D56: 1872.6821 | E56: 3.1851852 | F56: 1561 | G56: 0.48985001
A58: BeachName | B58: Date | C58: Effort | D58: Harvest | E58: CPUE | F58: EventID | G58: CorrectionFactor
A59: Copalis | B59: 43470 | C59: 1448.5191 | D59: 11861.458 | E59: 8.1886792 | F59: 1566 | G59: 0.47166666
A60: Mocrocks | B60: 43469 | C60: 931.36522 | D60: 9123.1457 | E60: 9.7954545 | F60: 1565 | G60: 0.44486666
A61: Mocrocks | B61: 43471 | C61: 95.964568 | D61: 1407.4803 | E61: 14.666667 | F61: 1567 | G61: 0.54186666
A62: Twin Harbors | B62: 43467 | C62: 1358.3299 | D62: 15541.821 | E62: 11.44186 | F62: 1563 | G62: 0.48539999
A63: Twin Harbors | B63: 43468 | C63: 232.7243 | D63: 210.56008 | E63: 0.9047619 | F63: 1564 | G63: 0.48985001
A64: Twin Harbors | B64: 43469 | C64: 723.21631 | D64: 2071.917 | E64: 2.8648649 | F64: 1568 | G64: 0.47710001
A65: Twin Harbors | B65: 43470 | C65: 667.93404 | D65: 445.28936 | E65: 0.66666667 | F65: 1569 | G65: 0.48985001
A66: Twin Harbors | B66: 43471 | C66: 142.90088 | D66: 1220.1537 | E66: 8.5384615 | F66: 1570 | G66: 0.48985001
A68: BeachName | B68: Date | C68: Effort | D68: Harvest | E68: CPUE | F68: EventID | G68: CorrectionFactor
A69: Copalis | B69: 43485 | C69: 5194.5748 | D69: 77918.622 | E69: 15 | F69: 1572 | G69: 0.52593333
A70: Mocrocks | B70: 43484 | C70: 6352.8668 | D70: 92345.796 | E70: 14.536082 | F70: 1571 | G70: 0.55119997
A71: Mocrocks | B71: 43486 | C71: 1471.4933 | D71: 20145.444 | E71: 13.690476 | F71: 1573 | G71: 0.51310003
A72: Twin Harbors | B72: 43482 | C72: 760.19779 | D72: 1628.9953 | E72: 2.1428571 | F72: 1574 | G72: 0.48539999
A73: Twin Harbors | B73: 43483 | C73: 751.23611 | D73: 5347.0335 | E73: 7.1176471 | F73: 1575 | G73: 0.48539999
A74: Twin Harbors | B74: 43484 | C74: 4752.7009 | D74: 29704.381 | E74: 6.25 | F74: 1576 | G74: 0.44486666
A75: Twin Harbors | B75: 43485 | C75: 2417.1299 | D75: 34202.388 | E75: 14.15 | F75: 1577 | G75: 0.48570001
A76: Twin Harbors | B76: 43486 | C76: 1325.188 | D76: 19877.82 | E76: 15 | F76: 1578 | G76: 0.43224999
A78: BeachName | B78: Date | C78: Effort | D78: Harvest | E78: CPUE | F78: EventID | G78: 1004.3891
A79: Copalis | B79: 43497 | C79: 1395.1561 | D79: 17945.537 | E79: 12.862745 | F79: 1580 | G79: 1251.8015
A80: Copalis | B80: 43499 | C80: 744.93159 | D80: 10496.763 | E80: 14.090909 | F80: 1583 | G80: 615.98683
A81: Mocrocks | B81: 43498 | C81: 3324.7873 | D81: 42861.716 | E81: 12.891566 | F81: 1582 | G81: 0.54653335
A82: Twin Harbors | B82: 43497 | C82: 1060.3253 | D82: 11808.168 | E82: 11.136364 | F82: 1579 | G82: 0.48570001
A83: Twin Harbors | B83: 43498 | C83: 4068.5106 | D83: 49839.255 | E83: 12.25 | F83: 1581 | G83: 0.48985001
A85: BeachName | B85: Date | C85: Effort | D85: Harvest | E85: CPUE | F85: EventID | G85: CorrectionFactor
A86: Copalis | B86: 43512 | C86: 4004.5243 | D86: 50369.407 | E86: 12.578125 | F86: 1584 | G86: 0.54653335
A87: Copalis | B87: 43513 | C87: 4537.9516 | D87: 68069.275 | E87: 15 | F87: 1585 | G87: 0.52593333
A88: LongBeach | B88: 43513 | C88: 8343.9805 | D88: 110140.54 | E88: 13.2 | F88: 1591 | G88: 0.61651999
A89: Mocrocks | B89: 43511 | C89: 794.78231 | D89: 9445.6821 | E89: 11.884615 | F89: 1586 | G89: 0.59853333
A90: Mocrocks | B90: 43513 | C90: 2715.4678 | D90: 38176.283 | E90: 14.058824 | F90: 1587 | G90: 0.55919999
A91: Mocrocks | B91: 43514 | C91: 2232.3826 | D91: 33485.738 | E91: 15 | F91: 1588 | G91: 0.57380003
A92: Twin Harbors | B92: 43511 | C92: 466.58657 | D92: 4050.8198 | E92: 8.6818182 | F92: 1589 | G92: 0.47694999
A93: Twin Harbors | B93: 43512 | C93: 1607.1842 | D93: 20656.269 | E93: 12.852459 | F93: 1590 | G93: 0.48570001
A94: Twin Harbors | B94: 43515 | C94: 1004.3891 | D94: 8609.0492 | E94: 8.5714286 | F94: 1592 | G94: 0.48985001
A95: Twin Harbors | B95: 43516 | C95: 1251.8015 | D95: 15680.461 | E95: 12.526316 | F95: 1593 | G95: 0.48570001
A96: Twin Harbors | B96: 43517 | C96: 615.98683 | D96: 8434.2812 | E96: 13.692308 | F96: 1594 | G96: 0.48539999
A98: BeachName | B98: Date | C98: Effort | D98: Harvest | E98: CPUE | F98: EventID | G98: CorrectionFactor
A99: Copalis | B99: 43540 | C99: 8342.8653 | D99: 105701.81 | E99: 12.669725 | F99: 1595 | G99: 0.52653331
A100: Mocrocks | B100: 43541 | C100: 4249.2203 | D100: 59342.56 | E100: 13.965517 | F100: 1596 | G100: 0.59853333
A101: Twin Harbors | B101: 43540 | C101: 8237.2666 | D101: 118067.49 | E101: 14.333333 | F101: 1597 | G101: 0.47710001
A103: BeachName | B103: Date | C103: Effort | D103: Harvest | E103: CPUE | F103: EventID | G103: CorrectionFactor
A104: Copalis | B104: 43547 | C104: 7038.7096 | D104: 92692.866 | E104: 13.169014 | F104: 1602 | G104: 0.51472503
A105: Mocrocks | B105: 43545 | C105: 3502.8932 | D105: 52543.399 | E105: 15 | F105: 1598 | G105: 0.38596666
A106: Mocrocks | B106: 43546 | C106: 2328.3731 | D106: 31769.358 | E106: 13.644444 | F106: 1599 | G106: 0.58736664
A107: Mocrocks | B107: 43548 | C107: 5801.0499 | D107: 84939.584 | E107: 14.642105 | F107: 1604 | G107: 0.57627499
A108: Twin Harbors | B108: 43546 | C108: 1206.4748 | D108: 18097.122 | E108: 15 | F108: 1600 | G108: 0.4551
A109: Twin Harbors | B109: 43547 | C109: 3421.6901 | D109: 42074.115 | E109: 12.296296 | F109: 1601 | G109: 0.48163334
A110: Twin Harbors | B110: 43548 | C110: 4508.2466 | D110: 59322.8 | E110: 13.15873 | F110: 1603 | G110: 0.4341
A112: BeachName | B112: Date | C112: Effort | D112: Harvest | E112: CPUE | F112: EventID | G112: CorrectionFactor
...

Sheet Sunset times
A1: Date | B1: Day | C1: Tide | D1: Time | E1: Sunset
A2: 43384 | B2: =+A2 -> 43384 | C2: -0.6 | D2: 0.87361111 | E2: 0.77569444
A3: 43385 | B3: =+A3 -> 43385 | C3: -0.3 | D3: 0.90347222 | E3: 0.77430556
A4: 43386 | B4: =+A4 -> 43386 | C4: 0.1 | D4: 0.93472222 | E4: 0.77291667
A6: 43398 | B6: =+A6 -> 43398 | C6: -0.5 | D6: 0.82986111 | E6: 0.75763889
A7: 43399 | B7: =+A7 -> 43399 | C7: -0.7 | D7: 0.85833333 | E7: 0.75694444
A8: 43400 | B8: =+A8 -> 43400 | C8: -0.7 | D8: 0.88819444 | E8: 0.75555556
A9: 43401 | B9: =+A9 -> 43401 | C9: -0.6 | D9: 0.92222222 | E9: 0.75416667
A11: 43412 | B11: =+A11 -> 43412 | C11: -0.8 | D11: 0.78958333 | E11: 0.70138889
A12: 43413 | B12: =+A12 -> 43413 | C12: -0.7 | D12: 0.81666667 | E12: 0.70069444
A13: 43414 | B13: =+A13 -> 43414 | C13: -0.4 | D13: 0.84375 | E13: 0.69930556
A14: 43415 | B14: =+A14 -> 43415 | C14: 0 | D14: 0.87222222 | E14: 0.69861111
A16: 43426 | B16: =+A16 -> 43426 | C16: -0.7 | D16: 0.74652778 | E16: 0.69097222
... A29: 43457 | B29: =+A29 -> 43457 | C29: -1.6 | D29: 0.79513889 | E29: 0.6875

Sheet Harvest Dates
A1: 2018-2019 State/QIN Razor Clam Low Tide Harvest Date Sharing | M1: total days calculation | T1: saturday calculation
E2: COPALIS | F2: MOCROCKS | M2: COPALIS | N2: MOCROCKS | P2: COPALIS | Q2: MOCROCKS | T2: COPALIS | U2: MOCROCKS | W2: COPALIS | X2: MOCROCKS
A3: DATE | B3: DAY | C3: TIDE | D3: TIME | M3: QIN | N3: QIN | P3: STATE | Q3: STATE | T3: QIN | U3: QIN | W3: STATE | X3: STATE
A4: 43348 | B4: =+A4 -> 43348 | F4: QIN | M4: =IF(E4="QIN",1,0) -> 0 | N4: =IF(F4="QIN",1,0) -> 1 | P4: =IF(E4="STATE",1,0) -> 0 | Q4: =IF(F4="STATE",1,0) -> 0
A5: =A4+1 -> 43349 | B5: =+A5 -> 43349 | F5: QIN | M5: =IF(E5="QIN",1,0) -> 0 | N5: =IF(F5="QIN",1,0) -> 1 | P5: =IF(E5="STATE",1,0) -> 0 | Q5: =IF(F5="STATE",1,0) -> 0
A6: =A5+1 -> 43350 | B6: =+A6 -> 43350 | F6: QIN | M6: =IF(E6="QIN",1,0) -> 0 | N6: =IF(F6="QIN",1,0) -> 1 | P6: =IF(E6="STATE",1,0) -> 0 | Q6: =IF(F6="STATE",1,0) -> 0
A7: =A6+1 -> 43351 | B7: =+A7 -> 43351 | F7: QIN | M7: =IF(E7="QIN",1,0) -> 0 | N7: =IF(F7="QIN",1,0) -> 1 | P7: =IF(E7="STATE",1,0) -> 0 | Q7: =IF(F7="STATE",1,0) -> 0
A8: 43352 | B8: =+A8 -> 43352 | C8: -0.6 | D8: 0.17638889 | F8: QIN | M8: =IF(E8="QIN",1,0) -> 0 | N8: =IF(F8="QIN",1,0) -> 1 | P8: =IF(E8="STATE",1,0) -> 0 | Q8: =IF(F8="STATE",1,0) -> 0
A9: =A8+1 -> 43353 | B9: =+A9 -> 43353 | F9: QIN | M9: =IF(E9="QIN",1,0) -> 0 | N9: =IF(F9="QIN",1,0) -> 1 | P9: =IF(E9="STATE",1,0) -> 0 | Q9: =IF(F9="STATE",1,0) -> 0
A10: =A9+1 -> 43354 | B10: =+A10 -> 43354 | F10: QIN | M10: =IF(E10="QIN",1,0) -> 0 | N10: =IF(F10="QIN",1,0) -> 1 | P10: =IF(E10="STATE",1,0) -> 0 | Q10: =IF(F10="STATE",1,0) -> 0
A11: =A10+1 -> 43355 | B11: =+A11 -> 43355 | F11: QIN | N11: =IF(F11="QIN",1,0) -> 1 | Q11: =IF(F11="STATE",1,0) -> 0
A13: 43366 | B13: =+A13 -> 43366 | C13: -0.6 | D13: 0.17638889 | E13: QIN | M13: =IF(E13="QIN",1,0) -> 1 | N13: =IF(F13="QIN",1,0) -> 0 | P13: =IF(E13="STATE",1,0) -> 0 | Q13: =IF(F13="STATE",1,0) -> 0
A14: =A13+1 -> 43367 | B14: =+A14 -> 43367 | C14: -0.1 | D14: 0.2 | E14: QIN | M14: =IF(E14="QIN",1,0) -> 1 | N14: =IF(F14="QIN",1,0) -> 0 | P14: =IF(E14="STATE",1,0) -> 0 | Q14: =IF(F14="STATE",1,0) -> 0
A15: =A14+1 -> 43368 | B15: =+A15 -> 43368 | C15: -0.1 | D15: 0.22222222 | E15: QIN | M15: =IF(E15="QIN",1,0) -> 1 | N15: =IF(F15="QIN",1,0) -> 0 | P15: =IF(E15="STATE",1,0) -> 0 | Q15: =IF(F15="STATE",1,0) -> 0
A16: =A15+1 -> 43369 | B16: =+A16 -> 43369 | C16: 0 | D16: 0.76458333 | E16: QIN | M16: =IF(E16="QIN",1,0) -> 1 | N16: =IF(F16="QIN",1,0) -> 0 | P16: =IF(E16="STATE",1,0) -> 0 | Q16: =IF(F16="STATE",1,0) -> 0
A17: =A16+1 -> 43370 | B17: =+A17 -> 43370 | C17: -0.2 | D17: 0.79027778 | E17: QIN | M17: =IF(E17="QIN",1,0) -> 1 | N17: =IF(F17="QIN",1,0) -> 0 | P17: =IF(E17="STATE",1,0) -> 0 | Q17: =IF(F17="STATE",1,0) -> 0
A18: =A17+1 -> 43371 | B18: =+A18 -> 43371 | C18: -0.2 | D18: 0.81666667 | E18: QIN | M18: =IF(E18="QIN",1,0) -> 1 | N18: =IF(F18="QIN",1,0) -> 0 | P18: =IF(E18="STATE",1,0) -> 0 | Q18: =IF(F18="STATE",1,0) -> 0
A19: =A18+1 -> 43372 | B19: =+A19 -> 43372 | C19: -0.2 | D19: 0.84791667 | E19: QIN | M19: =IF(E19="QIN",1,0) -> 1 | N19: =IF(F19="QIN",1,0) -> 0 | P19: =IF(E19="STATE",1,0) -> 0 | Q19: =IF(F19="STATE",1,0) -> 0
A21: 43378 | B21: =+A21 -> 43378 | F21: QIN | M21: =IF(E21="QIN",1,0) -> 0 | N21: =IF(F21="QIN",1,0) -> 1 | P21: =IF(E21="STATE",1,0) -> 0 | Q21: =IF(F21="STATE",1,0) -> 0
A22: =A21+1 -> 43379 | B22: =+A22 -> 43379 | F22: QIN | M22: =IF(E22="QIN",1,0) -> 0 | N22: =IF(F22="QIN",1,0) -> 1 | P22: =IF(E22="STATE",1,0) -> 0 | Q22: =IF(F22="STATE",1,0) -> 0
A23: =A22+1 -> 43380 | B23: =+A23 -> 43380 | F23: QIN | M23: =IF(E23="QIN",1,0) -> 0 | N23: =IF(F23="QIN",1,0) -> 1 | P23: =IF(E23="STATE",1,0) -> 0 | Q23: =IF(F23="STATE",1,0) -> 0
A24: =A23+1 -> 43381 | B24: =+A24 -> 43381 | F24: QIN | M24: =IF(E24="QIN",1,0) -> 0 | N24: =IF(F24="QIN",1,0) -> 1 | P24: =IF(E24="STATE",1,0) -> 0 | Q24: =IF(F24="STATE",1,0) -> 0
A25: 43382 | B25: =+A25 -> 43382 | C25: -0.7 | D25: 0.73472222 | F25: QIN | M25: =IF(E25="QIN",1,0) -> 0 | N25: =IF(F25="QIN",1,0) -> 1 | P25: =IF(E25="STATE",1,0) -> 0 | Q25: =IF(F25="STATE",1,0) -> 0
A26: =A25+1 -> 43383 | B26: =+A26 -> 43383 | C26: -0.9 | D26: 0.76597222 | F26: QIN | M26: =IF(E26="QIN",1,0) -> 0 | N26: =IF(F26="QIN",1,0) -> 1 | P26: =IF(E26="STATE",1,0) -> 0 | Q26: =IF(F26="STATE",1,0) -> 0
A27: 43384 | B27: =+A27 -> 43384 | C27: -0.6 | D27: 0.87361111 | E27: QIN | F27: STATE | M27: =IF(E27="QIN",1,0) -> 1 | N27: =IF(F27="QIN",1,0) -> 0 | P27: =IF(E27="STATE",1,0) -> 0 | Q27: =IF(F27="STATE",1,0) -> 1 | T27: =IF($B27="Sat",1,0) -> 0 | U27: 0 | W27: =IF(L27="STATE",1,0) -> 0 | X27: =IF(M27="STATE",1,0) -> 0
A28: 43385 | B28: =+A28 -> 43385 | C28: -0.3 | D28: 0.90347222 | E28: STATE | F28: QIN | M28: =IF(E28="QIN",1,0) -> 0 | N28: =IF(F28="QIN",1,0) -> 1 | P28: =IF(E28="STATE",1,0) -> 1 | Q28: =IF(F28="STATE",1,0) -> 0 | T28: =IF($B28="Sat",1,0) -> 0 | U28: =IF($B28="Sat",1,0) -> 0 | W28: =IF(L28="STATE",1,0) -> 0 | X28: =IF(M28="STATE",1,0) -> 0
A29: 43386 | B29: =+A29 -> 43386 | C29: 0.1 | D29: 0.93472222 | E29: QIN | F29: STATE | M29: =IF(E29="QIN",1,0) -> 1 | N29: =IF(F29="QIN",1,0) -> 0 | P29: =IF(E29="STATE",1,0) -> 0 | Q29: =IF(F29="STATE",1,0) -> 1 | T29: =IF($B29="Sat",1,0) -> 0 | U29: 0 | W29: =IF(L29="STATE",1,0) -> 0 | X29: =IF(M29="STATE",1,0) -> 0
A31: 43396 | B31: Thu | F31: QIN | M31: =IF(E31="QIN",1,0) -> 0 | N31: =IF(F31="QIN",1,0) -> 1 | P31: =IF(E31="STATE",1,0) -> 0 | Q31: =IF(F31="STATE",1,0) -> 0
A32: =A31+1 -> 43397 | B32: =+A32 -> 43397 | F32: QIN | M32: =IF(E32="QIN",1,0) -> 0 | N32: =IF(F32="QIN",1,0) -> 1 | P32: =IF(E32="STATE",1,0) -> 0 | Q32: =IF(F32="STATE",1,0) -> 0
A33: =A32+1 -> 43398 | B33: =+A33 -> 43398 | C33: -0.5 | D33: 0.82986111 | E33: STATE | F33: QIN | M33: =IF(E33="QIN",1,0) -> 0 | N33: =IF(F33="QIN",1,0) -> 1 | P33: =IF(E33="STATE",1,0) -> 1 | Q33: =IF(F33="STATE",1,0) -> 0
A34: =A33+1 -> 43399 | B34: =+A34 -> 43399 | C34: -0.7 | D34: 0.85833333 | E34: QIN | F34: STATE | M34: =IF(E34="QIN",1,0) -> 1 | N34: =IF(F34="QIN",1,0) -> 0 | P34: =IF(E34="STATE",1,0) -> 0 | Q34: =IF(F34="STATE",1,0) -> 1
A35: =A34+1 -> 43400 | B35: =+A35 -> 43400 | C35: -0.7 | D35: 0.88819444 | E35: STATE | F35: QIN | M35: =IF(E35="QIN",1,0) -> 0 | N35: =IF(F35="QIN",1,0) -> 1 | P35: =IF(E35="STATE",1,0) -> 1 | Q35: =IF(F35="STATE",1,0) -> 0
A36: =A35+1 -> 43401 | B36: =+A36 -> 43401 | C36: -0.6 | D36: 0.92222222 | E36: QIN | F36: STATE | M36: =IF(E36="QIN",1,0) -> 1 | N36: =IF(F36="QIN",1,0) -> 0 | P36: =IF(E36="STATE",1,0) -> 0 | Q36: =IF(F36="STATE",1,0) -> 1
A38: 43409 | B38: Thu | F38: QIN | M38: =IF(E38="QIN",1,0) -> 0 | N38: =IF(F38="QIN",1,0) -> 1 | P38: =IF(E38="STATE",1,0) -> 0 | Q38: =IF(F38="STATE",1,0) -> 0
A39: =A38+1 -> 43410 | B39: =+A39 -> 43410 | F39: QIN | M39: =IF(E39="QIN",1,0) -> 0 | N39: =IF(F39="QIN",1,0) -> 1 | P39: =IF(E39="STATE",1,0) -> 0 | Q39: =IF(F39="STATE",1,0) -> 0
A40: =A39+1 -> 43411 | B40: =+A40 -> 43411 | F40: QIN | M40: =IF(E40="QIN",1,0) -> 0 | N40: =IF(F40="QIN",1,0) -> 1 | P40: =IF(E40="STATE",1,0) -> 0 | Q40: =IF(F40="STATE",1,0) -> 0
A41: =A40+1 -> 43412 | B41: =+A41 -> 43412 | C41: -0.8 | D41: 0.78958333 | E41: QIN | F41: STATE | M41: =IF(E41="QIN",1,0) -> 1 | N41: =IF(F41="QIN",1,0) -> 0 | P41: =IF(E41="STATE",1,0) -> 0 | Q41: =IF(F41="STATE",1,0) -> 1
A42: =A41+1 -> 43413 | B42: =+A42 -> 43413 | C42: -0.7 | D42: 0.81666667 | E42: STATE | F42: QIN | M42: =IF(E42="QIN",1,0) -> 0 | N42: =IF(F42="QIN",1,0) -> 1 | P42: =IF(E42="STATE",1,0) -> 1 | Q42: =IF(F42="STATE",1,0) -> 0
A43: =A42+1 -> 43414 | B43: =+A43 -> 43414 | C43: -0.4 | D43: 0.84375 | E43: QIN | F43: STATE | M43: =IF(E43="QIN",1,0) -> 1 | N43: =IF(F43="QIN",1,0) -> 0 | P43: =IF(E43="STATE",1,0) -> 0 | Q43: =IF(F43="STATE",1,0) -> 1
A44: =A43+1 -> 43415 | B44: =+A44 -> 43415 | C44: 0 | D44: 0.87222222 | E44: STATE | F44: QIN | M44: =IF(E44="QIN",1,0) -> 0 | N44: =IF(F44="QIN",1,0) -> 1 | P44: =IF(E44="STATE",1,0) -> 1 | Q44: =IF(F44="STATE",1,0) -> 0
A46: 43425 | B46: =+A46 -> 43425 | F46: QIN | M46: =IF(E46="QIN",1,0) -> 0 | N46: =IF(F46="QIN",1,0) -> 1 | P46: =IF(E46="STATE",1,0) -> 0 | Q46: =IF(F46="STATE",1,0) -> 0
A47: =A46+1 -> 43426 | B47: =+A47 -> 43426 | C47: -0.7 | D47: 0.74652778 | E47: STATE | F47: QIN | M47: =IF(E47="QIN",1,0) -> 0 | N47: =IF(F47="QIN",1,0) -> 1 | P47: =IF(E47="STATE",1,0) -> 1 | Q47: =IF(F47="STATE",1,0) -> 0
A48: =A47+1 -> 43427 | B48: =+A48 -> 43427 | C48: -1.1 | D48: 0.775 | E48: QIN | F48: STATE | M48: =IF(E48="QIN",1,0) -> 1 | N48: =IF(F48="QIN",1,0) -> 0 | P48: =IF(E48="STATE",1,0) -> 0 | Q48: =IF(F48="STATE",1,0) -> 1
A49: =A48+1 -> 43428 | B49: =+A49 -> 43428 | C49: -1.3 | D49: 0.80555556 | E49: STATE | F49: STATE | M49: =IF(E49="QIN",1,0) -> 0 | N49: =IF(F49="QIN",1,0) -> 0 | P49: =IF(E49="STATE",1,0) -> 1 | Q49: =IF(F49="STATE",1,0) -> 1
A50: =A49+1 -> 43429 | B50: =+A50 -> 43429 | C50: -1.3 | D50: 0.83680556 | E50: QIN | F50: STATE | M50: =IF(E50="QIN",1,0) -> 1 | N50: =IF(F50="QIN",1,0) -> 0 | P50: =IF(E50="STATE",1,0) -> 0 | Q50: =IF(F50="STATE",1,0) -> 1
A51: =A50+1 -> 43430 | B51: =+A51 -> 43430 | F51: QIN | M51: =IF(E51="QIN",1,0) -> 0 | N51: =IF(F51="QIN",1,0) -> 1 | P51: =IF(E51="STATE",1,0) -> 0 | Q51: =IF(F51="STATE",1,0) -> 0
A52: =A51+1 -> 43431 | B52: =+A52 -> 43431 | F52: QIN | M52: =IF(E52="QIN",1,0) -> 0 | N52: =IF(F52="QIN",1,0) -> 1 | P52: =IF(E52="STATE",1,0) -> 0 | Q52: =IF(F52="STATE",1,0) -> 0
A53: =A52+1 -> 43432 | B53: =+A53 -> 43432 | F53: QIN | M53: =IF(E53="QIN",1,0) -> 0 | N53: =IF(F53="QIN",1,0) -> 1 | P53: =IF(E53="STATE",1,0) -> 0 | Q53: =IF(F53="STATE",1,0) -> 0
A55: 43438 | B55: =+A55 -> 43438 | F55: QIN | M55: =IF(E55="QIN",1,0) -> 0 | N55: =IF(F55="QIN",1,0) -> 1 | P55: =IF(E55="STATE",1,0) -> 0 | Q55: =IF(F55="STATE",1,0) -> 0
A56: =A55+1 -> 43439 | B56: =+A56 -> 43439 | E56: QIN | M56: =IF(E56="QIN",1,0) -> 1 | N56: =IF(F56="QIN",1,0) -> 0 | P56: =IF(E56="STATE",1,0) -> 0 | Q56: =IF(F56="STATE",1,0) -> 0
A57: =A56+1 -> 43440 | B57: =+A57 -> 43440 | C57: -0.7 | D57: 0.75069444 | E57: STATE | F57: QIN | M57: =IF(E57="QIN",1,0) -> 0 | N57: =IF(F57="QIN",1,0) -> 1 | P57: =IF(E57="STATE",1,0) -> 1 | Q57: =IF(F57="STATE",1,0) -> 0
A58: =A57+1 -> 43441 | B58: =+A58 -> 43441 | C58: -0.7 | D58: 0.77777778 | E58: QIN | F58: STATE | M58: =IF(E58="QIN",1,0) -> 1 | N58: =IF(F58="QIN",1,0) -> 0 | P58: =IF(E58="STATE",1,0) -> 0 | Q58: =IF(F58="STATE",1,0) -> 1
A59: =A58+1 -> 43442 | B59: =+A59 -> 43442 | C59: -0.6 | D59: 0.80277778 | E59: STATE | F59: QIN | M59: =IF(E59="QIN",1,0) -> 0 | N59: =IF(F59="QIN",1,0) -> 1 | P59: =IF(E59="STATE",1,0) -> 1 | Q59: =IF(F59="STATE",1,0) -> 0
A60: =A59+1 -> 43443 | B60: =+A60 -> 43443 | C60: -0.4 | D60: 0.82847222 | E60: QIN | F60: STATE | M60: =IF(E60="QIN",1,0) -> 1 | N60: =IF(F60="QIN",1,0) -> 0 | P60: =IF(E60="STATE",1,0) -> 0 | Q60: =IF(F60="STATE",1,0) -> 1
M61: =IF(E61="QIN",1,0) -> 0 | N61: =IF(F61="QIN",1,0) -> 0 | P61: =IF(E61="STATE",1,0) -> 0 | Q61: =IF(F61="STATE",1,0) -> 0
A62: 43454 | B62: Thu | C62: -0.3 | D62: 0.70208333 | E62: QIN | F62: STATE | M62: =IF(E62="QIN",1,0) -> 1 | N62: =IF(F62="QIN",1,0) -> 0 | P62: =IF(E62="STATE",1,0) -> 0 | Q62: =IF(F62="STATE",1,0) -> 1
A63: 43455 | B63: Fri | C63: -1 | D63: 0.73263889 | E63: STATE | F63: QIN | M63: =IF(E63="QIN",1,0) -> 0 | N63: =IF(F63="QIN",1,0) -> 1 | P63: =IF(E63="STATE",1,0) -> 1 | Q63: =IF(F63="STATE",1,0) -> 0
A64: 43456 | B64: Sat | C64: -1.4 | D64: 0.76388889 | E64: QIN | F64: STATE | M64: =IF(E64="QIN",1,0) -> 1 | N64: =IF(F64="QIN",1,0) -> 0 | P64: =IF(E64="STATE",1,0) -> 0 | Q64: =IF(F64="STATE",1,0) -> 1
A65: 43457 | B65: Sun | C65: -1.6 | D65: 0.79513889 | E65: STATE | M65: =IF(E65="QIN",1,0) -> 0 | N65: =IF(F65="QIN",1,0) -> 0 | P65: =IF(E65="STATE",1,0) -> 1 | Q65: =IF(F65="STATE",1,0) -> 0
M66: =IF(E66="QIN",1,0) -> 0 | N66: =IF(F66="QIN",1,0) -> 0 | P66: =IF(E66="STATE",1,0) -> 0 | Q66: =IF(F66="STATE",1,0) -> 0
A67: 43469 | B67: Fri | C67: -0.4 | D67: 0.74027778 | E67: QIN | F67: STATE | M67: =IF(E67="QIN",1,0) -> 1 | N67: =IF(F67="QIN",1,0) -> 0 | P67: =IF(E67="STATE",1,0) -> 0 | Q67: =IF(F67="STATE",1,0) -> 1
A68: 43470 | B68: Sat | C68: -0.4 | D68: 0.76597222 | E68: STATE | F68: QIN | M68: =IF(E68="QIN",1,0) -> 0 | N68: =IF(F68="QIN",1,0) -> 1 | P68: =IF(E68="STATE",1,0) -> 1 | Q68: =IF(F68="STATE",1,0) -> 0
A69: 43471 | B69: Sun | C69: -0.4 | D69: 0.79097222 | E69: QIN | F69: STATE | M69: =IF(E69="QIN",1,0) -> 1 | N69: =IF(F69="QIN",1,0) -> 0 | P69: =IF(E69="STATE",1,0) -> 0 | Q69: =IF(F69="STATE",1,0) -> 1
A70: 43472 | B70: Mon | E70: QIN | M70: =IF(E70="QIN",1,0) -> 1 | N70: =IF(F70="QIN",1,0) -> 0 | P70: =IF(E70="STATE",1,0) -> 0 | Q70: =IF(F70="STATE",1,0) -> 0
M71: =IF(E71="QIN",1,0) -> 0 | N71: =IF(F71="QIN",1,0) -> 0 | P71: =IF(E71="STATE",1,0) -> 0 | Q71: =IF(F71="STATE",1,0) -> 0
A72: 43482 | B72: =+A72 -> 43482 | F72: QIN | M72: =IF(E72="QIN",1,0) -> 0 | N72: =IF(F72="QIN",1,0) -> 1 | P72: =IF(E72="STATE",1,0) -> 0 | Q72: =IF(F72="STATE",1,0) -> 0
A73: =A72+1 -> 43483 | B73: =+A73 -> 43483 | C73: -1.1 | D73: 0.72083333 | E73: QIN | F73: STATE | M73: =IF(E73="QIN",1,0) -> 1 | N73: =IF(F73="QIN",1,0) -> 0 | P73: =IF(E73="STATE",1,0) -> 0 | Q73: =IF(F73="STATE",1,0) -> 1
A74: =A73+1 -> 43484 | B74: =+A74 -> 43484 | C74: -1.6 | D74: 0.75347222 | E74: STATE | F74: QIN | M74: =IF(E74="QIN",1,0) -> 0 | N74: =IF(F74="QIN",1,0) -> 1 | P74: =IF(E74="STATE",1,0) -> 1 | Q74: =IF(F74="STATE",1,0) -> 0
A75: =A74+1 -> 43485 | B75: =+A75 -> 43485 | C75: -1.8 | D75: 0.78541667 | E75: QIN | F75: STATE | M75: =IF(E75="QIN",1,0) -> 1 | N75: =IF(F75="QIN",1,0) -> 0 | P75: =IF(E75="STATE",1,0) -> 0 | Q75: =IF(F75="STATE",1,0) -> 1
A76: =A75+1 -> 43486 | B76: =+A76 -> 43486 | C76: -1.8 | D76: 0.78541667 | E76: QIN | F76: STATE | M76: =IF(E76="QIN",1,0) -> 1 | N76: =IF(F76="QIN",1,0) -> 0 | P76: =IF(E76="STATE",1,0) -> 0 | Q76: =IF(F76="STATE",1,0) -> 1
A77: =A76+1 -> 43487 | B77: =+A77 -> 43487 | E77: QIN | M77: =IF(E77="QIN",1,0) -> 1 | N77: =IF(F77="QIN",1,0) -> 0 | P77: =IF(E77="STATE",1,0) -> 0 | Q77: =IF(F77="STATE",1,0) -> 0
A78: =A77+1 -> 43488 | B78: =+A78 -> 43488 | E78: QIN | M78: =IF(E78="QIN",1,0) -> 1 | N78: =IF(F78="QIN",1,0) -> 0 | P78: =IF(E78="STATE",1,0) -> 0 | Q78: =IF(F78="STATE",1,0) -> 0
A79: =A78+1 -> 43489 | B79: =+A79 -> 43489 | E79: QIN | M79: =IF(E79="QIN",1,0) -> 1 | N79: =IF(F79="QIN",1,0) -> 0 | P79: =IF(E79="STATE",1,0) -> 0 | Q79: =IF(F79="STATE",1,0) -> 0
A80: =A79+1 -> 43490 | B80: =+A80 -> 43490 | E80: QIN | M80: =IF(E80="QIN",1,0) -> 1 | N80: =IF(F80="QIN",1,0) -> 0 | P80: =IF(E80="STATE",1,0) -> 0 | Q80: =IF(F80="STATE",1,0) -> 0
M81: =IF(E81="QIN",1,0) -> 0 | N81: =IF(F81="QIN",1,0) -> 0 | P81: =IF(E81="STATE",1,0) -> 0 | Q81: =IF(F81="STATE",1,0) -> 0
A82: 43497 | B82: Fri | C82: 0.2 | D82: 0.7 | E82: STATE | F82: QIN | M82: =IF(E82="QIN",1,0) -> 0 | N82: =IF(F82="QIN",1,0) -> 1 | P82: =IF(E82="STATE",1,0) -> 1 | Q82: =IF(F82="STATE",1,0) -> 0
A83: =A82+1 -> 43498 | B83: =+A83 -> 43498 | C83: 0 | D83: 0.72777778 | E83: QIN | F83: STATE | M83: =IF(E83="QIN",1,0) -> 1 | N83: =IF(F83="QIN",1,0) -> 0 | P83: =IF(E83="STATE",1,0) -> 0 | Q83: =IF(F83="STATE",1,0) -> 1
A84: =A83+1 -> 43499 | B84: =+A84 -> 43499 | C84: -0.1 | D84: 0.75277778 | E84: STATE | F84: QIN | M84: =IF(E84="QIN",1,0) -> 0 | N84: =IF(F84="QIN",1,0) -> 1 | P84: =IF(E84="STATE",1,0) -> 1 | Q84: =IF(F84="STATE",1,0) -> 0
A85: =A84+1 -> 43500 | B85: =+A85 -> 43500 | E85: QIN | M85: =IF(E85="QIN",1,0) -> 1 | N85: =IF(F85="QIN",1,0) -> 0 | P85: =IF(E85="STATE",1,0) -> 0 | Q85: =IF(F85="STATE",1,0) -> 0
A86: =A85+1 -> 43501 | B86: =+A86 -> 43501 | E86: QIN | M86: =IF(E86="QIN",1,0) -> 1 | N86: =IF(F86="QIN",1,0) -> 0 | P86: =IF(E86="STATE",1,0) -> 0 | Q86: =IF(F86="STATE",1,0) -> 0
A87: =A86+1 -> 43502 | B87: =+A87 -> 43502 | E87: QIN | M87: =IF(E87="QIN",1,0) -> 1 | N87: =IF(F87="QIN",1,0) -> 0 | P87: =IF(E87="STATE",1,0) -> 0 | Q87: =IF(F87="STATE",1,0) -> 0
A88: =A87+1 -> 43503 | B88: =+A88 -> 43503 | F88: QIN | M88: =IF(E88="QIN",1,0) -> 0 | N88: =IF(F88="QIN",1,0) -> 1 | P88: =IF(E88="STATE",1,0) -> 0 | Q88: =IF(F88="STATE",1,0) -> 0
M89: =IF(E89="QIN",1,0) -> 0 | N89: =IF(F89="QIN",1,0) -> 0 | P89: =IF(E89="STATE",1,0) -> 0 | Q89: =IF(F89="STATE",1,0) -> 0
A90: 43511 | B90: Fri | C90: 0.4 | D90: 0.63263889 | E90: QIN | F90: STATE | M90: =IF(E90="QIN",1,0) -> 1 | N90: =IF(F90="QIN",1,0) -> 0 | P90: =IF(E90="STATE",1,0) -> 0 | Q90: =IF(F90="STATE",1,0) -> 1
A91: =A90+1 -> 43512 | B91: =+A91 -> 43512 | C91: -0.3 | D91: 0.67222222 | E91: STATE | F91: QIN | M91: =IF(E91="QIN",1,0) -> 0 | N91: =IF(F91="QIN",1,0) -> 1 | P91: =IF(E91="STATE",1,0) -> 1 | Q91: =IF(F91="STATE",1,0) -> 0
A92: =A91+1 -> 43513 | B92: =+A92 -> 43513 | C92: -1 | D92: 0.70763889 | E92: STATE | F92: STATE | M92: =IF(E92="QIN",1,0) -> 0 | N92: =IF(F92="QIN",1,0) -> 0 | P92: =IF(E92="STATE",1,0) -> 1 | Q92: =IF(F92="STATE",1,0) -> 1
A93: =A92+1 -> 43514 | B93: =+A93 -> 43514 | C93: -1.4 | D93: 0.74027778 | E93: QIN | F93: STATE | M93: =IF(E93="QIN",1,0) -> 1 | N93: =IF(F93="QIN",1,0) -> 0 | P93: =IF(E93="STATE",1,0) -> 0 | Q93: =IF(F93="STATE",1,0) -> 1
A94: =A93+1 -> 43515 | B94: =+A94 -> 43515 | E94: QIN | M94: =IF(E94="QIN",1,0) -> 1 | N94: =IF(F94="QIN",1,0) -> 0 | P94: =IF(E94="STATE",1,0) -> 0 | Q94: =IF(F94="STATE",1,0) -> 0
A95: =A94+1 -> 43516 | B95: =+A95 -> 43516 | E95: QIN | M95: =IF(E95="QIN",1,0) -> 1 | N95: =IF(F95="QIN",1,0) -> 0 | P95: =IF(E95="STATE",1,0) -> 0 | Q95: =IF(F95="STATE",1,0) -> 0
A96: =A95+1 -> 43517 | B96: =+A96 -> 43517 | E96: QIN | F96: QIN | M96: =IF(E96="QIN",1,0) -> 1 | N96: =IF(F96="QIN",1,0) -> 1 | P96: =IF(E96="STATE",1,0) -> 0 | Q96: =IF(F96="STATE",1,0) -> 0
A97: =A96+1 -> 43518 | B97: =+A97 -> 43518 | F97: QIN | M97: =IF(E97="QIN",1,0) -> 0 | N97: =IF(F97="QIN",1,0) -> 1 | P97: =IF(E97="STATE",1,0) -> 0 | Q97: =IF(F97="STATE",1,0) -> 0
M98: =IF(E98="QIN",1,0) -> 0 | N98: =IF(F98="QIN",1,0) -> 0 | P98: =IF(E98="STATE",1,0) -> 0 | Q98: =IF(F98="STATE",1,0) -> 0
A99: 43526 | B99: =+A99 -> 43526 | F99: QIN | M99: =IF(E99="QIN",1,0) -> 0 | N99: =IF(F99="QIN",1,0) -> 1 | P99: =IF(E99="STATE",1,0) -> 0 | Q99: =IF(F99="STATE",1,0) -> 0
A100: =A99+1 -> 43527 | B100: =+A100 -> 43527 | F100: QIN | M100: =IF(E100="QIN",1,0) -> 0 | N100: =IF(F100="QIN",1,0) -> 1 | P100: =IF(E100="STATE",1,0) -> 0 | Q100: =IF(F100="STATE",1,0) -> 0
A101: =A100+1 -> 43528 | B101: =+A101 -> 43528 | F101: QIN | M101: =IF(E101="QIN",1,0) -> 0 | N101: =IF(F101="QIN",1,0) -> 1 | P101: =IF(E101="STATE",1,0) -> 0 | Q101: =IF(F101="STATE",1,0) -> 0
A102: =A101+1 -> 43529 | B102: =+A102 -> 43529 | F102: QIN | M102: =IF(E102="QIN",1,0) -> 0 | N102: =IF(F102="QIN",1,0) -> 1 | P102: =IF(E102="STATE",1,0) -> 0 | Q102: =IF(F102="STATE",1,0) -> 0
A103: =A102+1 -> 43530 | B103: =+A103 -> 43530 | F103: QIN | M103: =IF(E103="QIN",1,0) -> 0 | N103: =IF(F103="QIN",1,0) -> 1 | P103: =IF(E103="STATE",1,0) -> 0 | Q103: =IF(F103="STATE",1,0) -> 0
A104: =A103+1 -> 43531 | B104: =+A104 -> 43531 | F104: QIN | M104: =IF(E104="QIN",1,0) -> 0 | N104: =IF(F104="QIN",1,0) -> 1 | P104: =IF(E104="STATE",1,0) -> 0 | Q104: =IF(F104="STATE",1,0) -> 0
A106: 43540 | B106: =+A106 -> 43540 | C106: 0.3 | D106: 0.65486111 | E106: STATE | F106: QIN | M106: =IF(E106="QIN",1,0) -> 0 | N106: =IF(F106="QIN",1,0) -> 1 | P106: =IF(E106="STATE",1,0) -> 1 | Q106: =IF(F106="STATE",1,0) -> 0
A107: =A106+1 -> 43541 | B107: =+A107 -> 43541 | C107: -0.2 | D107: 0.69652778 | E107: QIN | F107: STATE | M107: =IF(E107="QIN",1,0) -> 1 | N107: =IF(F107="QIN",1,0) -> 0 | P107: =IF(E107="STATE",1,0) -> 0 | Q107: =IF(F107="STATE",1,0) -> 1
...

Sheet Sheet1
A1: DATE | B1: DAY | C1: LONG BEACH | D1: TWIN HARBORS | E1: COPALIS | F1: MOCROCKS
A2: 43384 | B2: =+A2 -> 43384
A3: 43385 | B3: =+A3 -> 43385
A4: 43386 | B4: =+A4 -> 43386

Sheet Tide Info
A1: ID | B1: Tide Date | C1: Tide Time | D1: Level (1)
A2: 2 | B2: 43375 | C2: 0.015972222 | D2: 0.3
A3: 3 | B3: 43376 | C3: 0.065277778 | D3: 0.4
A4: 4 | B4: 43377 | C4: 0.11458333 | D4: 0.2
A5: 5 | B5: 43378 | C5: 0.15902778 | D5: 0
A6: 6 | B6: 43379 | C6: 0.19791667 | D6: -0.2
A7: 6 | B7: 43379 | C7: 0.71458333 | D7: 1.3
A8: 7 | B8: 43380 | C8: 0.23194444 | D8: -0.3
A9: 7 | B9: 43380 | C9: 0.75 | D9: 0.5
A10: 8 | B10: 43381 | C10: 0.26319444 | D10: -0.2
A11: 8 | B11: 43381 | C11: 0.78333333 | D11: -0.1
A12: 9 | B12: 43382 | C12: 0.29236111 | D12: 0.1
A13: 9 | B13: 43382 | C13: 0.81388889 | D13: -0.5
... A531: 457 | B531: 43830 | C531: 0.91666667 | D531: 0.9

Sheet TAC
A1: NON-TRIBAL TOTAL ALLOWABLE CATCH (TAC)
B3: 2018-2019 | C3: 2017 - 2018 | D3: 2016 - 2017 | E3: 2015 - 2016 | F3: 2014 - 2015 | G3: 2013 - 2014 | H3: 2012 - 2013 | I3: 2011 - 2012 | J3: 2010 - 2011
A4: LONG BEACH | B4: 333557 | C4: 872679.52 | D4: 4895623.6 | E4: 4768605 | F4: 3885491.5 | G4: 2881223.3 | H4: 1847952.1 | I4: 1094641.4 | J4: 1276247.7
A5: TWIN HARBORS | B5: 1377125 | C5: 506698.76 | D5: 1896630.9 | E5: 1198600 | F5: 2662860.8 | G5: =5744410.73323314*0.4 -> 2297764.3 | H5: 1881783.2 | I5: 616314.31 | J5: 845427.67
A6: COPALIS | B6: 860768 | C6: 591366.12 | D6: 880571.45 | E6: 1094781 | F6: 889827.43 | G6: =(2615522*0.5)-(161153)+250000 -> 1396608 | H6: 1072689.6 | I6: 371373.04 | J6: 683167.41
A7: MOCROCKS | B7: 1508774 | C7: 778354.53 | D7: 941919.24 | E7: 1695074 | F7: 2240308.7 | G7: 2088668.5 | H7: 909667.35 | I7: 605830.7 | J7: 545586.69
A8: KALALOCH | B8: 777386 | C8: 24444.43 | D8: 725888.21 | E8: 63740 | F8: 125735.13 | G8: =1033285.9456848*0.254*0.5 -> 131227.32 | H8: 113543.21 | I8: 144560.51 | J8: 258924.12
A9: COASTWIDE TAC | B9: =SUM(B4:B8) -> 4857610 | C9: =SUM(C4:C8) -> 2773543.4 | D9: =SUM(D4:D8) -> 9340633.4 | E9: =SUM(E4:E8) -> 8820800 | F9: =SUM(F4:F8) -> 9804223.7 | G9: =SUM(G4:G8) -> 8795491.4 | H9: =SUM(H4:H8) -> 5825635.5 | I9: =SUM(I4:I8) -> 2832720 | J9: =SUM(J4:J8) -> 3609353.6

Sheet TH Wastage
A1: EventID | B1: BeachName | C1: Date | D1: LocationID | E1: NHoles | F1: NClams | G1: NMorts
A2: 1600 | B2: Twin Harbors | C2: 43546 | D2: 21200 | E2: 100 | F2: 5 | G2: 5
E40: =SUM(E2:E39) -> 100 | F40: =SUM(F2:F39) -> 5 | G40: =SUM(G2:G39) -> 5 | H40: =+G40/E40 -> 0.05
E100: =SUM(E2:E99) -> 200 | F100: =SUM(F2:F99) -> 10 | G100: =SUM(G2:G99) -> 10 | H100: =+G100/E100 -> 0.05

Sheet LB Wastage
A1: EventID | B1: BeachName | C1: Date | D1: LocationID | E1: NHoles | F1: NClams | G1: NMorts
A2: 1610 | B2: LongBeach | C2: 43575 | D2: 12400 | E2: 100 | F2: 5 | G2: 5
E100: =SUM(E2:E99) -> 100 | F100: =SUM(F2:F99) -> 5 | G100: =SUM(G2:G99) -> 5 | H100: =+G100/E100 -> 0.05

Sheet Cop Wastage
A1: EventID | B1: BeachName | C1: Date | D1: LocationID | E1: NHoles | F1: NClams | G1: NMorts
A2: 1595 | B2: Copalis | C2: 43540 | D2: 33012 | E2: 100 | F2: 9 | G2: 9
A3: 1595 | B3: Copalis | C3: 43540 | D3: 31005 | E3: 100 | F3: 0 | G3: 0
E100: =SUM(E2:E99) -> 200 | F100: =SUM(F2:F99) -> 9 | G100: =SUM(G2:G99) -> 9 | H100: =+G100/E100 -> 0.045

Sheet Moc Wastage
A1: EventID | B1: BeachName | C1: Date | D1: LocationID | E1: NHoles | F1: NClams | G1: NMorts
A2: 1596 | B2: Mocrocks | C2: 43541 | D2: 41400 | E2: 100 | F2: 6 | G2: 6
A3: 1596 | B3: Mocrocks | C3: 43541 | D3: 42600 | E3: 100 | F3: 4 | G3: 4
A4: 1604 | B4: Mocrocks | C4: 43548 | D4: 42600 | E4: 100 | F4: 2 | G4: 2
A5: 1613 | B5: Mocrocks | C5: 43576 | D5: 42600 | E5: 100 | F5: 13 | G5: 13
A6: 1617 | B6: Mocrocks | C6: 43603 | D6: 41100 | E6: 100 | F6: 6 | G6: 6
A7: 1618 | B7: Mocrocks | C7: 43604 | D7: 41100 | E7: 100 | F7: 6 | G7: 6
A8: 1619 | B8: Mocrocks | C8: 43605 | D8: 41400 | E8: 100 | F8: 4 | G8: 4
A9: 1619 | B9: Mocrocks | C9: 43605 | D9: 42600 | E9: 100 | F9: 6 | G9: 6
E100: =SUM(E2:E99) -> 800 | F100: =SUM(F2:F99) -> 47 | G100: =SUM(G2:G99) -> 47 | H100: =+G100/E100 -> 0.05875
