Workbook

Sheet Harvest
A1: Date | B1: Day | C1: Tide | D1: Time | E1: Longbeach | G1: Twin Harbors | I1: Copalis | K1: Mocrocks | M1: Kalaloch | O1: Daily Totals
A2: 43735 | B2: Fri | C2: -0.9 | D2: 0.24444444 | F2: 31676.927 | H2: CLOSED | J2: CLOSED | L2: CLOSED | N2: CLOSED | O2: =SUM(F2:N2) -> 31676.927 | Q2: =SUM(O2:O11) -> 949774.57
A3: 43736 | B3: Sat | C3: -0.8 | D3: 0.275 | F3: 125073.23 | H3: CLOSED | J3: CLOSED | L3: CLOSED | N3: CLOSED | O3: =SUM(F3:N3) -> 125073.23
A4: 43737 | B4: Sun | C4: -0.6 | D4: 0.30486111 | E4: ** | F4: 120000 | H4: CLOSED | J4: CLOSED | L4: CLOSED | N4: CLOSED | O4: =SUM(F4:N4) -> 120000
A6: 43764 | B6: Sat | C6: 0 | D6: 0.74930556 | F6: 117815.18 | H6: 54176.192 | J6: 110223 | L6: CLOSED | N6: CLOSED | O6: =SUM(F6:N6) -> 282214.37
A7: 43765 | B7: Sun | C7: -0.8 | D7: 0.78263889 | E7: * | F7: 77972.215 | H7: 35854.845 | J7: CLOSED | L7: 73894.802 | N7: CLOSED | O7: =SUM(F7:N7) -> 187721.86
A8: 43766 | B8: Mon | C8: -1.2 | D8: 0.81458333 | E8: * | F8: =(F6*J8)/J6 -> 46580.995 | G8: * | H8: =(H6*J8)/J6 -> 21419.828 | J8: 43579.248 | L8: CLOSED | N8: CLOSED | O8: =SUM(F8:N8) -> 111580.07
A9: 43767 | B9: Tue | C9: -1.4 | D9: 0.84583333 | F9: 15327.075 | G9: * | H9: =(H7*L9)/L7 -> 12453.927 | J9: CLOSED | L9: 25666.837 | N9: CLOSED | O9: =SUM(F9:N9) -> 53447.838
A10: 43768 | B10: Wed | C10: -1.2 | D10: 0.87708333 | E10: * | F10: =(F6*J10)/J6 -> 12584.436 | H10: 5270.8922 | J10: 11773.477 | L10: CLOSED | N10: CLOSED | O10: =SUM(F10:N10) -> 29628.805
A11: 43769 | B11: Thu | C11: -0.8 | D11: 0.90972222 | E11: * | F11: =Effort!F11*CPUE!F11 -> 2408.0658 | G11: * | H11: =(H7*L11)/L7 -> 1967.825 | J11: CLOSED | L11: 4055.5758 | N11: CLOSED | O11: =SUM(F11:N11) -> 8431.4666
A12: 43770 | B12: Fri | C12: -0.2 | D12: 0.94305556 | E12: * | F12: =(H12*F6)/H6 -> 10806.553 | H12: 4969.291 | J12: 11172.494 | L12: CLOSED | N12: CLOSED | O12: =SUM(F12:N12) -> 26948.339
A14: 43780 | B14: Mon | C14: 0.1 | D14: 0.74375 | E14: * | F14: =Effort!F14*CPUE!F14 -> 15664.105 | G14: * | H14: =Effort!H14*CPUE!H14 -> 16506.91 | J14: 28212.409 | L14: CLOSED | N14: CLOSED | O14: =SUM(F14:N14) -> 60383.425
A15: 43781 | B15: Tue | C15: -0.3 | D15: 0.76875 | F15: 15998.247 | H15: 10742.858 | J15: CLOSED | L15: 13580.532 | N15: CLOSED | O15: =SUM(F15:N15) -> 40321.637
A16: 43782 | B16: Wed | C16: -0.5 | D16: 0.79375 | E16: * | F16: =Effort!F16*CPUE!F16 -> 7056.6744 | G16: * | H16: =(H18*J16)/J18 -> 7410.812 | J16: 12599.845 | L16: CLOSED | N16: CLOSED | O16: =SUM(F16:N16) -> 27067.331
A17: 43783 | B17: Thu | C17: -0.6 | D17: 0.82013889 | E17: * | F17: =(F15*L17)/L15 -> 9096.2589 | G17: * | H17: =(H15*L17)/L15 -> 6108.1576 | J17: CLOSED | L17: 7721.5981 | N17: CLOSED | O17: =SUM(F17:N17) -> 22926.015
A18: 43784 | B18: Fri | C18: -0.5 | D18: 0.84861111 | F18: 12170.04 | H18: 12091.996 | J18: 20558.782 | L18: CLOSED | N18: CLOSED | O18: =SUM(F18:N18) -> 44820.818
A19: 43785 | B19: Sat | C19: -0.3 | D19: 0.88055556 | F19: 32936.785 | G19: * | H19: =(H18*F19)/F18 -> 32725.568 | J19: CLOSED | L19: 28091.085 | N19: CLOSED | O19: =SUM(F19:N19) -> 93753.437
A20: 43786 | B20: Sun | C20: -0.1 | D20: 0.91597222 | E20: * | F20: =(F15*H20)/H15 -> 2952.3664 | H20: 1982.5204 | J20: 4030.638 | L20: CLOSED | N20: CLOSED | O20: =SUM(F20:N20) -> 8965.5248
A22: 43793 | B22: Sun | C22: -0.4 | D22: 0.69930556 | F22: 43477.914 | G22: * | H22: =(H28*J22)/J28 -> 15334.262 | J22: 47202.433 | L22: CLOSED | N22: CLOSED | O22: =SUM(F22:N22) -> 106014.61
A23: 43794 | B23: Mon | C23: -1 | D23: 0.73194444 | E23: * | F23: =Effort!F23*CPUE!F23 -> 23228.685 | H23: 13089.421 | J23: CLOSED | L23: 17468.045 | N23: CLOSED | O23: =SUM(F23:N23) -> 53786.151
A24: 43795 | B24: Tue | C24: -1.3 | D24: 0.7625 | E24: * | F24: =J24*F22/J22 -> 15759.551 | G24: * | H24: =J24*H28/J28 -> 5558.2494 | J24: 17109.587 | L24: CLOSED | N24: CLOSED | O24: =SUM(F24:N24) -> 38427.388
A25: 43796 | B25: Wed | C25: -1.4 | D25: 0.79305556 | F25: =Effort!F25*CPUE!F25 -> 18308.131 | G25: * | H25: =L25*H23/L23 -> 5959.2595 | J25: CLOSED | L25: 7952.7289 | N25: CLOSED | O25: =SUM(F25:N25) -> 32220.119
A26: 43797 | B26: Thu | C26: -1.2 | D26: 0.82222222 | E26: * | F26: =J26*F22/J22 -> 21810.001 | G26: * | H26: =J26*H28/J28 -> 7692.1877 | J26: 23678.347 | L26: CLOSED | N26: CLOSED | O26: =SUM(F26:N26) -> 53180.536
A27: 43798 | B27: Fri | C27: -0.7 | D27: 0.85347222 | E27: * | F27: =Effort!F27*CPUE!F27 -> 47767.47 | G27: * | H27: =L27*H23/L23 -> 22722.739 | J27: CLOSED | L27: 30323.865 | N27: CLOSED | O27: =SUM(F27:N27) -> 100814.07
A28: 43799 | B28: Sat | C28: -0.2 | D28: 0.88194444 | F28: =(20428.9763/23048.9375*7380.9665)+7380.9665 -> 13922.942 | H28: 6866.207 | J28: 21135.786 | L28: CLOSED | N28: CLOSED | O28: =SUM(F28:N28) -> 41924.935
A30: 43809 | B30: Tue | C30: -0.2 | D30: 0.72777778 | E30: * | F30: =F36*L30/L36 -> 5379.1866 | G30: * | H30: =H36*L30/L36 -> 3919.7424 | J30: CLOSED | L30: 5404.4749 | N30: CLOSED | O30: =SUM(F30:N30) -> 14703.404
A31: 43810 | B31: Wed | C31: -0.6 | D31: 0.75416667 | E31: * | F31: =F33*J31/J33 -> 634.71077 | H31: 456.95824 | J31: 2252.595 | L31: CLOSED | N31: CLOSED | O31: =SUM(F31:N31) -> 3344.264
A32: 43811 | B32: Thu | C32: -0.9 | D32: 0.78125 | E32: * | F32: =F36*L32/L36 -> 248.96994 | G32: * | H32: =H36*L32/L36 -> 181.42112 | J32: CLOSED | L32: 250.14038 | N32: CLOSED | O32: =SUM(F32:N32) -> 680.53144
A33: 43812 | B33: Fri | C33: -1 | D33: 0.80972222 | F33: 4325.4539 | G33: * | H33: =H31*J33/J31 -> 3114.0984 | J33: 15351.08 | L33: CLOSED | N33: CLOSED | O33: =SUM(F33:N33) -> 22790.633
A34: 43813 | B34: Sat | C34: -1 | D34: 0.83888889 | E34: * | F34: =F36*L34/L36 -> 24947.955 | G34: * | H34: =H36*L34/L36 -> 18179.246 | J34: CLOSED | L34: 25065.238 | N34: CLOSED | O34: =SUM(F34:N34) -> 68192.439
A35: 43814 | B35: Sun | C35: -0.8 | D35: 0.87013889 | E35: * | F35: =Effort!F35*CPUE!F35 -> 3270.7566 | G35: * | H35: =Effort!H35*CPUE!H35 -> 5017.5128 | J35: 5744.6807 | L35: CLOSED | N35: CLOSED | O35: =SUM(F35:N35) -> 14032.95
A36: 43815 | B36: Mon | C36: -0.4 | D36: 0.90347222 | F36: 1307.7209 | H36: 952.91899 | J36: CLOSED | L36: 1313.8687 | N36: CLOSED | O36: =SUM(F36:N36) -> 3574.5086
A38: 43822 | B38: Mon | C38: -0.4 | D38: 0.69097222 | F38: =Effort!F38*CPUE!F38 -> 24405.53 | G38: * | H38: =Effort!H38*CPUE!H38 -> 9587.9216 | J38: CLOSED | L38: 18533.41 | N38: CLOSED | O38: =SUM(F38:N38) -> 52526.862
A39: 43825 | B39: Thu | C39: -1.1 | D39: 0.78263889 | F39: =9329.00426382607+8745.41065728367 -> 18074.415 | G39: * | H39: =Effort!H39*CPUE!H39 -> 15869.084 | J39: 16165.561 | L39: CLOSED | N39: CLOSED | O39: =SUM(F39:N39) -> 50109.06
A40: 43826 | B40: Fri | C40: -0.9 | D40: 0.80972222 | E40: * | F40: =Effort!F40*CPUE!F40 -> 16679.377 | H40: 6581.1674 | J40: CLOSED | L40: 5893.7112 | N40: CLOSED | O40: =SUM(F40:N40) -> 29154.256
A41: 43827 | B41: Sat | C41: -0.6 | D41: 0.83680556 | F41: =Effort!F41*CPUE!F41 -> 14362.715 | H41: 17672.727 | J41: 13464.667 | L41: CLOSED | N41: CLOSED | O41: =SUM(F41:N41) -> 45500.109
A42: 43828 | B42: Sun | C42: -0.2 | D42: 0.86319444 | E42: * | F42: =Effort!F42*CPUE!F42 -> 9817.3993 | G42: * | H42: =Effort!H42*CPUE!H42 -> 3856.8494 | J42: CLOSED | L42: 7496.0189 | N42: CLOSED | O42: =SUM(F42:N42) -> 21170.268
A44: 43838 | B44: Wed | C44: -0.3 | D44: 0.71180556 | F44: =Effort!F44*CPUE!F44 -> 7459.6408 | G44: * | H44: =Effort!H44*CPUE!H44 -> 3276.686 | J44: CLOSED | L44: 3715.9922 | N44: CLOSED | O44: =SUM(F44:N44) -> 14452.319
A45: 43839 | B45: Thu | C45: -0.8 | D45: 0.74097222 | F45: =Effort!F45*CPUE!F45 -> 7588.9987 | H45: 7781.3224 | J45: 15414.365 | L45: CLOSED | N45: CLOSED | O45: =SUM(F45:N45) -> 30784.686
A46: 43840 | B46: Fri | C46: -1.2 | D46: 0.77013889 | E46: * | F46: =Effort!F46*CPUE!F46 -> 3763.448 | G46: * | H46: =Effort!H46*CPUE!H46 -> 1653.1141 | J46: CLOSED | L46: 880.74078 | N46: CLOSED | O46: =SUM(F46:N46) -> 6297.3029
A47: 43841 | B47: Sat | C47: -1.4 | D47: 0.79930556 | E47: * | F47: 0 | G47: * | H47: 0 | J47: 0 | L47: CLOSED | N47: CLOSED | O47: =SUM(F47:N47) -> 0
A48: 43842 | B48: Sun | C48: -1.3 | D48: 0.82847222 | E48: * | F48: 0 | G48: * | H48: 0 | J48: CLOSED | L48: 0 | N48: CLOSED | O48: =SUM(F48:N48) -> 0
A49: 43843 | B49: Mon | C49: -1.2 | D49: 0.85833333 | F49: =Effort!F49*CPUE!F49 -> 754.0021 | H49: 335.19553 | J49: 1974.4059 | L49: CLOSED | N49: CLOSED | O49: =SUM(F49:N49) -> 3063.6035
A50: 43844 | B50: Tue | C50: -0.5 | D50: 0.88888889 | E50: * | F50: =Effort!F50*CPUE!F50 -> 635.91646 | H50: 279.32961 | J50: CLOSED | L50: =Effort!L50*CPUE!L50 -> 326.67877 | N50: CLOSED | O50: =SUM(F50:N50) -> 1241.9248
A52: 43851 | B52: Tue | C52: -0.1 | D52: 0.68263889 | F52: =Effort!F52*CPUE!F52 -> 4425.6798 | H52: 686.0371 | J52: CLOSED | L52: 1524.2929 | N52: CLOSED | O52: =SUM(F52:N52) -> 6636.0099
A53: 43852 | B53: Wed | C53: -0.5 | D53: 0.71527778 | E53: * | F53: =Effort!F53*CPUE!F53 -> 1371.3311 | G53: * | H53: =Effort!H53*CPUE!H53 -> 707.97705 | J53: 1243.2023 | L53: CLOSED | N53: CLOSED | O53: =SUM(F53:N53) -> 3322.5104
A54: 43853 | B54: Thu | C54: -0.6 | D54: 0.74513889 | E54: * | F54: =Effort!F54*CPUE!F54 -> 89.801143 | G54: * | H54: =Effort!H54*CPUE!H54 -> 55.143749 | J54: CLOSED | L54: 30.476192 | N54: CLOSED | O54: =SUM(F54:N54) -> 175.42108
A55: 43854 | B55: Fri | C55: -0.6 | D55: 0.77222222 | F55: =Effort!F55*CPUE!F55 -> 8140.9259 | H55: 758.85974 | J55: 5645.161 | L55: CLOSED | N55: CLOSED | O55: =SUM(F55:N55) -> 14544.947
A56: 43855 | B56: Sat | C56: -0.5 | D56: 0.79722222 | F56: =Effort!F56*CPUE!F56 -> 17899.196 | H56: 3417.4357 | J56: CLOSED | L56: 8554.7576 | N56: CLOSED | O56: =SUM(F56:N56) -> 29871.39
A57: 43856 | B57: Sun | C57: -0.3 | D57: 0.82083333 | E57: * | F57: =Effort!F57*CPUE!F57 -> 1559.3409 | G57: * | H57: =Effort!H57*CPUE!H57 -> 805.04086 | J57: 1488.3687 | L57: CLOSED | N57: CLOSED | O57: =SUM(F57:N57) -> 3852.7505
A59: 43867 | B59: Thu | C59: -0.3 | D59: 0.69444444 | F59: =Effort!F59*CPUE!F59 -> 5751.1084 | G59: * | H59: =Effort!H59*CPUE!H59 -> 3467.1986 | J59: CLOSED | L59: 2871.9329 | N59: CLOSED | O59: =SUM(F59:N59) -> 12090.24
A60: 43868 | B60: Fri | C60: -0.9 | D60: 0.72638889 | F60: =Effort!F60*CPUE!F60 -> 17469.962 | G60: * | H60: =Effort!H60*CPUE!H60 -> 6925.3805 | J60: 12744.605 | L60: CLOSED | N60: CLOSED | O60: =SUM(F60:N60) -> 37139.947
A61: 43869 | B61: Sat | C61: -1.3 | D61: 0.75625 | E61: * | F61: =Effort!F61*CPUE!F61 -> 101207.28 | G61: * | H61: =Effort!H61*CPUE!H61 -> 63362.069 | J61: CLOSED | L61: 53317.511 | N61: CLOSED | O61: =SUM(F61:N61) -> 217886.86
A62: 43870 | B62: Sun | C62: -1.4 | D62: 0.78541667 | E62: * | F62: =Effort!F62*CPUE!F62 -> 64040.047 | G62: * | H62: =Effort!H62*CPUE!H62 -> 24511.131 | J62: 45677.354 | L62: CLOSED | N62: CLOSED | O62: =SUM(F62:N62) -> 134228.53
A63: 43871 | B63: Mon | C63: -1.3 | D63: 0.81388889 | E63: * | F63: =Effort!F63*CPUE!F63 -> 13716.167 | G63: * | H63: =Effort!H63*CPUE!H63 -> 8587.1757 | J63: CLOSED | L63: 8669.0909 | N63: CLOSED | O63: =SUM(F63:N63) -> 30972.434
A64: 43872 | B64: Tue | C64: -0.8 | D64: 0.84236111 | F64: =Effort!F64*CPUE!F64 -> 1090.596 | H64: 1648.889 | J64: 4507.9008 | L64: CLOSED | N64: CLOSED | O64: =SUM(F64:N64) -> 7247.3857
A65: 43873 | B65: Wed | C65: -0.1 | D65: 0.87152778 | E65: * | F65: =Effort!F65*CPUE!F65 -> 1928.1513 | H65: 1383.5715 | J65: CLOSED | L65: 869.00959 | N65: CLOSED | O65: =SUM(F65:N65) -> 4180.7324
A67: 43881 | B67: Thu | C67: 0 | D67: 0.70416667 | F67: =Effort!F67*CPUE!F67 -> 21470.244 | H67: 19553.63 | J67: 28747.046 | L67: CLOSED | N67: CLOSED | O67: =SUM(F67:N67) -> 69770.92
A68: 43882 | B68: Fri | C68: -0.1 | D68: 0.73263889 | F68: =Effort!F68*CPUE!F68 -> 28291.136 | H68: 20335.154 | J68: CLOSED | L68: 26877.229 | N68: CLOSED | O68: =SUM(F68:N68) -> 75503.519
A69: 43883 | B69: Sat | C69: -0.2 | D69: 0.75763889 | E69: * | F69: =Effort!F69*CPUE!F69 -> 39620.179 | H69: 25238.051 | J69: 55562.366 | L69: CLOSED | N69: CLOSED | O69: =SUM(F69:N69) -> 120420.6
A70: 43884 | B70: Sun | C70: -0.1 | D70: 0.78055556 | E70: * | F70: =Effort!F70*CPUE!F70 -> 431.3484 | G70: * | H70: =Effort!H70*CPUE!H70 -> 310.04539 | J70: CLOSED | L70: 451.39206 | N70: CLOSED | O70: =SUM(F70:N70) -> 1192.7859
A72: 43896 | B72: Fri | C72: -0.2 | D72: 0.67430556 | F72: =Effort!F72*CPUE!F72 -> 34834.173 | H72: 20882.189 | J72: CLOSED | L72: 25438.384 | N72: CLOSED | O72: =SUM(F72:N72) -> 81154.746
A73: 43897 | B73: Sat | C73: -0.7 | D73: 0.70763889 | F73: =Effort!F73*CPUE!F73 -> 97244.58 | G73: * | H73: =Effort!H73*CPUE!H73 -> 58749.246 | J73: 88426.288 | L73: CLOSED | N73: CLOSED | O73: =SUM(F73:N73) -> 244420.11
A74: 43898 | B74: Sun | C74: -1 | D74: 0.77986111 | E74: * | F74: =Effort!F74*CPUE!F74 -> 59582.2 | G74: * | H74: =Effort!H74*CPUE!H74 -> 35717.994 | J74: CLOSED | L74: 40554.114 | N74: CLOSED | O74: =SUM(F74:N74) -> 135854.31
A75: 43899 | B75: Mon | C75: -1 | D75: 0.80902778 | F75: =Effort!F75*CPUE!F75 -> 23171.158 | G75: * | H75: =Effort!H75*CPUE!H75 -> 16572.848 | J75: 25093.098 | L75: CLOSED | N75: CLOSED | O75: =SUM(F75:N75) -> 64837.104
A76: 43900 | B76: Tue | C76: -0.8 | D76: 0.8375 | E76: * | F76: =Effort!F76*CPUE!F76 -> 11612.966 | G76: * | H76: =Effort!H76*CPUE!H76 -> 6961.6742 | J76: CLOSED | L76: 8376.3545 | N76: CLOSED | O76: =SUM(F76:N76) -> 26950.995
A77: 43901 | B77: Wed | C77: -0.2 | D77: 0.86527778 | E77: * | F77: =Effort!F77*CPUE!F77 -> 5653.7641 | H77: 2390.9617 | J77: 6769.8737 | L77: CLOSED | N77: CLOSED | O77: =SUM(F77:N77) -> 14814.6
O78: =SUM(F78:N78) -> 0
A79: 43910 | B79: Fri | C79: 0.4 | D79: 0.72708333 | J79: CLOSED | N79: CLOSED | O79: =SUM(F79:N79) -> 0
A80: 43911 | B80: Sat | C80: 0.4 | D80: 0.75486111 | L80: CLOSED | N80: CLOSED | O80: =SUM(F80:N80) -> 0
A81: 43912 | B81: Sun | C81: 0.4 | D81: 0.77847222 | J81: CLOSED | N81: CLOSED | O81: =SUM(F81:N81) -> 0
A82: 43913 | B82: Mon | C82: 0.5 | D82: 0.8 | L82: CLOSED | N82: CLOSED | O82: =SUM(F82:N82) -> 0
O83: =SUM(F83:N83) -> 0
A84: 43924 | B84: Fri | C84: 0.3 | D84: 0.65347222 | L84: CLOSED | N84: CLOSED | O84: =SUM(F84:N84) -> 0
A85: 43925 | B85: Sat | C85: -0.1 | D85: 0.69236111 | J85: CLOSED | N85: CLOSED | O85: =SUM(F85:N85) -> 0
A86: 43926 | B86: Sun | C86: -0.4 | D86: 0.31041667 | L86: CLOSED | N86: CLOSED | O86: =SUM(F86:N86) -> 0
A87: 43927 | B87: Mon | C87: 0.4 | D87: 0.75833333 | J87: CLOSED | N87: CLOSED | O87: =SUM(F87:N87) -> 0
A88: 43928 | B88: Tue | C88: -0.2 | D88: 0.78819444 | L88: CLOSED | N88: CLOSED | O88: =SUM(F88:N88) -> 0
A89: 43929 | B89: Wed | C89: -0.7 | D89: 0.30972222 | J89: CLOSED | N89: CLOSED | O89: =SUM(F89:N89) -> 0
A90: 43930 | B90: Thu | C90: -1.1 | D90: 0.34305556 | L90: CLOSED | N90: CLOSED | O90: =SUM(F90:N90) -> 0
A91: 43931 | B91: Fri | C91: -1.3 | D91: 0.37569444 | J91: CLOSED | N91: CLOSED | O91: =SUM(F91:N91) -> 0
A92: 43932 | B92: Sat | C92: -1.1 | D92: 0.40972222 | L92: CLOSED | N92: CLOSED | O92: =SUM(F92:N92) -> 0
A93: 43933 | B93: Sun | C93: -0.7 | D93: 0.44583333 | J93: CLOSED | N93: CLOSED | O93: =SUM(F93:N93) -> 0
A94: 43934 | B94: Mon | C94: -0.2 | D94: 0.48541667 | L94: CLOSED | N94: CLOSED | O94: =SUM(F94:N94) -> 0
O95: =SUM(F95:N95) -> 0
A96: 43943 | B96: Wed | C96: 0.3 | D96: 0.29722222 | L96: CLOSED | N96: CLOSED | O96: =SUM(F96:N96) -> 0
A97: 43944 | B97: Thu | C97: 0 | D97: 0.32013889 | J97: CLOSED | N97: CLOSED | O97: =SUM(F97:N97) -> 0
A98: 43945 | B98: Fri | C98: -0.3 | D98: 0.34375 | L98: CLOSED | N98: CLOSED | O98: =SUM(F98:N98) -> 0
A99: 43946 | B99: Sat | C99: -0.1 | D99: 0.36736111 | J99: CLOSED | N99: CLOSED | O99: =SUM(F99:N99) -> 0
A100: 43947 | B100: Sun | C100: -0.3 | D100: 0.39305556 | L100: CLOSED | N100: CLOSED | O100: =SUM(F100:N100) -> 0
A101: 43948 | B101: Mon | C101: -0.2 | D101: 0.42152778 | J101: CLOSED | N101: CLOSED | O101: =SUM(F101:N101) -> 0
A102: 43949 | B102: Tue | C102: -0.1 | D102: 0.45416667 | L102: CLOSED | N102: CLOSED | O102: =SUM(F102:N102) -> 0
A103: 43950 | B103: Wed | C103: 0.1 | D103: 0.49166667 | J103: CLOSED | N103: CLOSED | O103: =SUM(F103:N103) -> 0
A105: FALL 2019 - SPRING 2020 SEASON TOTALS: | F105: =SUM(F2:F104) -> 1544651.4 | H105: =SUM(H2:H104) -> 722646.94 | J105: =SUM(J2:J104) -> 697548.66 | L105: =SUM(L2:L104) -> 455169.89 | N105: =SUM(N2:N94) -> 0 | O105: =SUM(O2:O104) -> 3420016.9
A106: ESTIMATED WASTAGE RATE: | F106: =+'LB Wastage'!F100 -> 0.064444444 | H106: =+'TH Wastage'!F100 -> 0.045 | J106: =+'Cop Wastage'!F100 -> 0.04 | L106: =+'Moc Wastage'!F100 -> 0.028 | N106: =+'Kal Wastage'!F100 -> 0
A107: ESTIMATED TOTAL WASTAGE: | F107: =+F105*F106 -> 99544.2 | H107: =+H105*H106 -> 32519.112 | J107: =+J105*J106 -> 27901.947 | L107: =+L105*L106 -> 12744.757 | N107: =+N105*N106 -> 0 | O107: =F107+H107+J107+L107+N107 -> 172710.02
A108: SEASON TOTAL INCLUDING WASTAGE: | F108: =F105+F107 -> 1644195.6 | H108: =H105+H107 -> 755166.06 | J108: =J105+J107 -> 725450.61 | L108: =L105+L107 -> 467914.65 | N108: =N105+N107 -> 0 | O108: =O105+O107 -> 3592726.9
A109: Fall 2019 / Spring 2020 Harvest Rate (clams/day):
A110: % of TAC Harvested: | F110: =F108/TAC!B4 -> 0.31585939 | H110: =H108/TAC!B5 -> 0.40969776 | J110: =+J108/TAC!B6 -> 0.35629794 | L110: =L108/TAC!B7 -> 0.28360347 | N110: =N108/TAC!B8 -> 0 | O110: =O108/TAC!B9 -> 0.32797641
A111: clams left in TAC : | F111: =+TAC!B4-Harvest!F108 -> 3561271.2 | H111: =TAC!B5-Harvest!H108 -> 1088061.1 | J111: =+TAC!B6-Harvest!J108 -> 1310628 | L111: =TAC!B7-L108 -> 1181975.8 | N111: =TAC!B8-N108 -> 219560.65 | O111: =TAC!B9-Harvest!O108 -> 7361496.8
...

Sheet Effort
A1: Date | B1: Day | C1: Tide | D1: Time | E1: Longbeach | G1: Twin Harbors | I1: Copalis | K1: Mocrocks | M1: Kalaloch | O1: Daily Totals
A2: 43735 | B2: Fri | C2: -0.9 | D2: 0.24444444 | F2: 2262.6377 | H2: CLOSED | J2: CLOSED | L2: CLOSED | N2: CLOSED | O2: =SUM(F2:N2) -> 2262.6377 | Q2: =SUM(O2:O11) -> 63675.566
A3: 43736 | B3: Sat | C3: -0.8 | D3: 0.275 | F3: 8338.2153 | H3: CLOSED | J3: CLOSED | L3: CLOSED | N3: CLOSED | O3: =SUM(F3:N3) -> 8338.2153
A4: 43737 | B4: Sun | C4: -0.6 | D4: 0.30486111 | E4: ** | F4: 8000 | H4: CLOSED | J4: CLOSED | L4: CLOSED | N4: CLOSED | O4: =SUM(F4:N4) -> 8000
A6: 43764 | B6: Sat | C6: 0 | D6: 0.74930556 | F6: 7854.35 | H6: 3611.7461 | J6: 7348.1701 | L6: CLOSED | N6: CLOSED | O6: =SUM(F6:N6) -> 18814.266
A7: 43765 | B7: Sun | C7: -0.8 | D7: 0.78263889 | E7: * | F7: 5198.148 | H7: 2390.323 | J7: CLOSED | L7: 4926.3202 | N7: CLOSED | O7: =SUM(F7:N7) -> 12514.791
A8: 43766 | B8: Mon | C8: -1.2 | D8: 0.81458333 | E8: * | F8: =(F6*J8)/J6 -> 3142.5845 | G8: * | H8: =(H6*J8)/J6 -> 1445.0868 | J8: 2940.0581 | L8: CLOSED | N8: CLOSED | O8: =SUM(F8:N8) -> 7527.7294
A9: 43767 | B9: Tue | C9: -1.4 | D9: 0.84583333 | F9: 1021.805 | G9: * | H9: =(H7*L9)/L7 -> 834.99935 | J9: CLOSED | L9: 1720.8863 | N9: CLOSED | O9: =SUM(F9:N9) -> 3577.6907
A10: 43768 | B10: Wed | C10: -1.2 | D10: 0.87708333 | E10: * | F10: =(F6*J10)/J6 -> 888.31726 | H10: 358.75183 | J10: 831.06894 | L10: CLOSED | N10: CLOSED | O10: =SUM(F10:N10) -> 2078.138
A11: 43769 | B11: Thu | C11: -0.8 | D11: 0.90972222 | E11: * | F11: =(F9*L11)/L9 -> 160.53772 | G11: * | H11: =(H7*L11)/L7 -> 131.18833 | J11: CLOSED | L11: 270.37172 | N11: CLOSED | O11: =SUM(F11:N11) -> 562.09777
A12: 43770 | B12: Fri | C12: -0.2 | D12: 0.94305556 | E12: * | F12: =(H12*F6)/H6 -> 752.81653 | H12: 346.17533 | J12: 744.83295 | L12: CLOSED | N12: CLOSED | O12: =SUM(F12:N12) -> 1843.8248
A14: 43780 | B14: Mon | C14: 0.1 | D14: 0.74375 | E14: * | F14: =(F18*J14)/J18 -> 1044.2737 | G14: * | H14: =(H18*J14)/J18 -> 1100.4607 | J14: 1880.8273 | L14: CLOSED | N14: CLOSED | O14: =SUM(F14:N14) -> 4025.5616
A15: 43781 | B15: Tue | C15: -0.3 | D15: 0.76875 | F15: 1066.5498 | H15: 716.19051 | J15: CLOSED | L15: 947.47897 | N15: CLOSED | O15: =SUM(F15:N15) -> 2730.2193
A16: 43782 | B16: Wed | C16: -0.5 | D16: 0.79375 | E16: * | F16: =(F18*J16)/J18 -> 470.44496 | G16: * | H16: =(H18*J16)/J18 -> 495.75719 | J16: 847.31208 | L16: CLOSED | N16: CLOSED | O16: =SUM(F16:N16) -> 1813.5142
A17: 43783 | B17: Thu | C17: -0.6 | D17: 0.82013889 | E17: * | F17: =(F15*L17)/L15 -> 684.82272 | G17: * | H17: =(H15*L17)/L15 -> 459.85994 | J17: CLOSED | L17: 608.36833 | N17: CLOSED | O17: =SUM(F17:N17) -> 1753.051
A18: 43784 | B18: Fri | C18: -0.5 | D18: 0.84861111 | F18: 811.3358 | H18: 854.98961 | J18: 1461.286 | L18: CLOSED | N18: CLOSED | O18: =SUM(F18:N18) -> 3127.6114
A19: 43785 | B19: Sat | C19: -0.3 | D19: 0.88055556 | F19: 2195.7856 | G19: * | H19: =(H18*F19)/F18 -> 2313.9295 | J19: CLOSED | L19: 1903.9513 | N19: CLOSED | O19: =SUM(F19:N19) -> 6413.6665
A20: 43786 | B20: Sun | C20: -0.1 | D20: 0.91597222 | E20: * | F20: =(F15*H20)/H15 -> 196.82442 | H20: 132.16803 | J20: 313.91262 | L20: CLOSED | N20: CLOSED | O20: =SUM(F20:N20) -> 642.90507
A22: 43793 | B22: Sun | C22: -0.4 | D22: 0.69930556 | F22: 3014.032 | G22: * | H22: =H28*J22/J28 -> 1264.2011 | J22: 3356.6175 | L22: CLOSED | N22: CLOSED | O22: =SUM(F22:N22) -> 7634.8506
A23: 43794 | B23: Mon | C23: -1 | D23: 0.73194444 | E23: * | F23: =H23*F28/H28 -> 1548.579 | H23: 942.04166 | J23: CLOSED | L23: 1216.1297 | N23: CLOSED | O23: =SUM(F23:N23) -> 3706.7504
A24: 43795 | B24: Tue | C24: -1.3 | D24: 0.7625 | E24: * | F24: =J24*F22/J22 -> 1059.5404 | G24: * | H24: =J24*H28/J28 -> 444.41207 | J24: 1179.9715 | L24: CLOSED | N24: CLOSED | O24: =SUM(F24:N24) -> 2683.9241
A25: 43796 | B25: Wed | C25: -1.4 | D25: 0.79305556 | F25: =(1367.75197577578/1646.2812570957*666.666662008917)+666.666662008917 -> 1220.542 | G25: * | H25: =L25*H23/L23 -> 603.11256 | J25: CLOSED | L25: 778.58884 | N25: CLOSED | O25: =SUM(F25:N25) -> 2602.2434
A26: 43797 | B26: Thu | C26: -1.2 | D26: 0.82222222 | E26: * | F26: =J26*F22/J22 -> 1458.1812 | G26: * | H26: =J26*H28/J28 -> 611.61736 | J26: 1623.9232 | L26: CLOSED | N26: CLOSED | O26: =SUM(F26:N26) -> 3693.7217
A27: 43798 | B27: Fri | C27: -0.7 | D27: 0.85347222 | E27: * | F27: =L27*F25/L25 -> 3184.498 | G27: * | H27: =L27*H23/L23 -> 1573.572 | J27: CLOSED | L27: 2031.4045 | N27: CLOSED | O27: =SUM(F27:N27) -> 6789.4745
A28: 43799 | B28: Sat | C28: -0.2 | D28: 0.88194444 | F28: =(1367.7519757757/1646.2812570957*512.567119073571)+512.567119073571 -> 938.41458 | H28: 570.86247 | J28: 1515.7137 | L28: CLOSED | N28: CLOSED | O28: =SUM(F28:N28) -> 3024.9908
A30: 43809 | B30: Tue | C30: -0.2 | D30: 0.72777778 | E30: * | F30: =F36*L30/L36 -> 462.8974 | G30: * | H30: =H36*L30/L36 -> 439.96593 | J30: CLOSED | L30: 465.0735 | N30: CLOSED | O30: =SUM(F30:N30) -> 1367.9368
A31: 43810 | B31: Wed | C31: -0.6 | D31: 0.75416667 | E31: * | F31: =F33*J31/J33 -> 165.48695 | H31: 253.86569 | J31: 290.65742 | L31: CLOSED | N31: CLOSED | O31: =SUM(F31:N31) -> 710.01006
A32: 43811 | B32: Thu | C32: -0.9 | D32: 0.78125 | E32: * | F32: =F36*L32/L36 -> 271.60359 | G32: * | H32: =H36*L32/L36 -> 258.14862 | J32: CLOSED | L32: 272.88042 | N32: CLOSED | O32: =SUM(F32:N32) -> 802.63263
A33: 43812 | B33: Fri | C33: -1 | D33: 0.80972222 | F33: 674.398 | G33: * | H33: =H31*J33/J31 -> 1034.562 | J33: 1184.4969 | L33: CLOSED | N33: CLOSED | O33: =SUM(F33:N33) -> 2893.457
A34: 43813 | B34: Sat | C34: -1 | D34: 0.83888889 | E34: * | F34: =F36*L34/L36 -> 1668.2524 | G34: * | H34: =H36*L34/L36 -> 1585.6089 | J34: CLOSED | L34: 1676.095 | N34: CLOSED | O34: =SUM(F34:N34) -> 4929.9562
A35: 43814 | B35: Sun | C35: -0.8 | D35: 0.87013889 | E35: * | F35: =F33*J35/J33 -> 218.05044 | G35: * | H35: =H31*J35/J31 -> 334.50085 | J35: 382.97872 | L35: CLOSED | N35: CLOSED | O35: =SUM(F35:N35) -> 935.53001
A36: 43815 | B36: Mon | C36: -0.4 | D36: 0.90347222 | F36: 87.1814 | H36: 82.862521 | J36: CLOSED | L36: 87.591244 | N36: CLOSED | O36: =SUM(F36:N36) -> 257.63517
A38: 43822 | B38: Mon | C38: -0.4 | D38: 0.69097222 | F38: =(645.854141341805/1002.43837573607*989.510443316819)+989.510443316819 -> 1627.0353 | G38: * | H38: =H40*L38/L40 -> 639.19477 | J38: CLOSED | L38: 1240.07 | N38: CLOSED | O38: =SUM(F38:N38) -> 3506.3001
A39: 43825 | B39: Thu | C39: -1.1 | D39: 0.78263889 | F39: =645.854141341805+1002.43837573607 -> 1648.2925 | G39: * | H39: =H41*J39/J41 -> 1586.9084 | J39: 1843.1761 | L39: CLOSED | N39: CLOSED | O39: =SUM(F39:N39) -> 5078.377
A40: 43826 | B40: Fri | C40: -0.9 | D40: 0.80972222 | E40: * | F40: =F38*L40/L38 -> 2566.0581 | H40: 1008.0979 | J40: CLOSED | L40: 1955.7607 | N40: CLOSED | O40: =SUM(F40:N40) -> 5529.9166
A41: 43827 | B41: Sat | C41: -0.6 | D41: 0.83680556 | F41: =(645.854141341805/1002.43837573607*637.789284700683)+637.789284700683 -> 1048.7062 | H41: 1335.2727 | J41: 1550.9041 | L41: CLOSED | N41: CLOSED | O41: =SUM(F41:N41) -> 3934.8829
A42: 43828 | B42: Sun | C42: -0.2 | D42: 0.86319444 | E42: * | F42: =F38*L42/L38 -> 732.64174 | G42: * | H42: =H40*L42/L40 -> 287.82458 | J42: CLOSED | L42: 558.39418 | N42: CLOSED | O42: =SUM(F42:N42) -> 1578.8605
A44: 43838 | B44: Wed | C44: -0.3 | D44: 0.71180556 | F44: =(645.854141341805/1002.43837573607*302.447538328286)+302.447538328286 -> 497.30939 | G44: * | H44: =(H50/L50*L44) -> 218.44573 | J44: CLOSED | L44: 255.47446 | N44: CLOSED | O44: =SUM(F44:N44) -> 971.22958
A45: 43839 | B45: Thu | C45: -0.8 | D45: 0.74097222 | F45: =(645.854141341805/1002.43837573607*307.692293328198)+307.692293328198 -> 505.93325 | H45: 519.77399 | J45: 1027.6243 | L45: CLOSED | N45: CLOSED | O45: =SUM(F45:N45) -> 2053.3316
A46: 43840 | B46: Fri | C46: -1.2 | D46: 0.77013889 | E46: * | F46: =(F44/L44*L46) -> 752.6896 | G46: * | H46: =(H50/L50*L46) -> 330.62282 | J46: CLOSED | L46: 386.66668 | N46: CLOSED | O46: =SUM(F46:N46) -> 1469.9791
A47: 43841 | B47: Sat | C47: -1.4 | D47: 0.79930556 | E47: * | F47: 0 | G47: * | H47: 0 | J47: 0 | L47: CLOSED | N47: CLOSED | O47: =SUM(F47:N47) -> 0
A48: 43842 | B48: Sun | C48: -1.3 | D48: 0.82847222 | E48: * | F48: 0 | G48: * | H48: 0 | J48: CLOSED | L48: 0 | N48: CLOSED | O48: =SUM(F48:N48) -> 0
A49: 43843 | B49: Mon | C49: -1.2 | D49: 0.85833333 | F49: =(645.854141341805/1002.43837573607*30.5706514955572)+30.5706514955572 -> 50.266807 | H49: 29.795158 | J49: 131.62706 | L49: CLOSED | N49: CLOSED | O49: =SUM(F49:N49) -> 211.68902
A50: 43844 | B50: Tue | C50: -0.5 | D50: 0.88888889 | E50: * | F50: =(F44/L44*L50) -> 42.394431 | H50: 18.621974 | J50: CLOSED | L50: 21.778584 | N50: CLOSED | O50: =SUM(F50:N50) -> 82.794989
A52: 43851 | B52: Tue | C52: -0.1 | D52: 0.68263889 | F52: =(645.854141341805/1002.43837573607*242.48250616262)+242.48250616262 -> 398.7099 | H52: 297.28274 | J52: CLOSED | L52: 246.35037 | N52: CLOSED | O52: =SUM(F52:N52) -> 942.34302
A53: 43852 | B53: Wed | C53: -0.5 | D53: 0.71527778 | E53: * | F53: =F55/J55*J53 -> 274.26622 | G53: * | H53: =H55/J55*J53 -> 141.59541 | J53: 278.08472 | L53: CLOSED | N53: CLOSED | O53: =SUM(F53:N53) -> 693.94635
A54: 43853 | B54: Thu | C54: -0.6 | D54: 0.74513889 | E54: * | F54: =F56/L56*L54 -> 89.801143 | G54: * | H54: =H56/L56*L54 -> 55.143749 | J54: CLOSED | L54: 64.761908 | N54: CLOSED | O54: =SUM(F54:N54) -> 209.7068
A55: 43854 | B55: Fri | C55: -0.6 | D55: 0.77222222 | F55: =(645.854141341805/1002.43837573607*412.587393326448)+412.587393326448 -> 678.41049 | H55: 350.24296 | J55: 687.85575 | L55: CLOSED | N55: CLOSED | O55: =SUM(F55:N55) -> 1716.5092
A56: 43855 | B56: Sat | C56: -0.5 | D56: 0.79722222 | F56: =(645.854141341805/1002.43837573607*857.142851154322)+857.142851154322 -> 1409.3855 | H56: 865.45449 | J56: CLOSED | L56: 1016.4068 | N56: CLOSED | O56: =SUM(F56:N56) -> 3291.2469
A57: 43856 | B57: Sun | C57: -0.3 | D57: 0.82083333 | E57: * | F57: =F55/J55*J57 -> 155.93409 | G57: * | H57: =H55/J55*J57 -> 80.504086 | J57: 158.1051 | L57: CLOSED | N57: CLOSED | O57: =SUM(F57:N57) -> 394.54328
A59: 43867 | B59: Thu | C59: -0.3 | D59: 0.69444444 | F59: =(645.854141341805/1002.43837573607*259.084351397316)+259.084351397316 -> 426.00803 | G59: * | H59: =H65/L65*L59 -> 266.70759 | J59: CLOSED | L59: 225.88236 | N59: CLOSED | O59: =SUM(F59:N59) -> 918.59798
A60: 43868 | B60: Fri | C60: -0.9 | D60: 0.72638889 | F60: =(645.854141341805/1002.43837573607*786.00858983633)+786.00858983633 -> 1292.4207 | G60: * | H60: =H64/J64*J60 -> 494.67004 | J60: 883.55453 | L60: CLOSED | N60: CLOSED | O60: =SUM(F60:N60) -> 2670.6452
A61: 43869 | B61: Sat | C61: -1.3 | D61: 0.75625 | E61: * | F61: =F59/L59*L61 -> 7496.8358 | G61: * | H61: =H65/L65*L61 -> 4693.4866 | J61: CLOSED | L61: 3975.0495 | N61: CLOSED | O61: =SUM(F61:N61) -> 16165.372
A62: 43870 | B62: Sun | C62: -1.4 | D62: 0.78541667 | E62: * | F62: =F60/J60*J62 -> 4574.289 | G62: * | H62: =H64/J64*J62 -> 1750.7951 | J62: 3127.1813 | L62: CLOSED | N62: CLOSED | O62: =SUM(F62:N62) -> 9452.2654
A63: 43871 | B63: Mon | C63: -1.3 | D63: 0.81388889 | E63: * | F63: =F59/L59*L63 -> 1371.6167 | G63: * | H63: =H65/L65*L63 -> 858.71757 | J63: CLOSED | L63: 727.27273 | N63: CLOSED | O63: =SUM(F63:N63) -> 2957.607
A64: 43872 | B64: Tue | C64: -0.8 | D64: 0.84236111 | F64: =(645.854141341805/1002.43837573607*44.2176871106882)+44.2176871106882 -> 72.706397 | H64: 168.25398 | J64: 300.52672 | L64: CLOSED | N64: CLOSED | O64: =SUM(F64:N64) -> 541.48709
A65: 43873 | B65: Wed | C65: -0.1 | D65: 0.87152778 | E65: * | F65: =F59/L59*L65 -> 192.81513 | H65: 120.71429 | J65: CLOSED | L65: 102.23642 | N65: CLOSED | O65: =SUM(F65:N65) -> 415.76584
A67: 43881 | B67: Thu | C67: 0 | D67: 0.70416667 | F67: =(645.854141341805/1002.43837573607*870.500680379717)+870.500680379717 -> 1431.3496 | H67: 1303.5753 | J67: 1922.165 | L67: CLOSED | N67: CLOSED | O67: =SUM(F67:N67) -> 4657.09
A68: 43882 | B68: Fri | C68: -0.1 | D68: 0.73263889 | F68: =(645.854141341805/1002.43837573607*1147.0504479367)+1147.0504479367 -> 1886.0757 | H68: 1355.677 | J68: CLOSED | L68: 1836.0157 | N68: CLOSED | O68: =SUM(F68:N68) -> 5077.7683
A69: 43883 | B69: Sat | C69: -0.2 | D69: 0.75763889 | E69: * | F69: =F67/J67*J69 -> 3962.0179 | H69: 2740.4955 | J69: 5320.6096 | L69: CLOSED | N69: CLOSED | O69: =SUM(F69:N69) -> 12023.123
A70: 43884 | B70: Sun | C70: -0.1 | D70: 0.78055556 | E70: * | F70: =F68/L68*L70 -> 215.6742 | G70: * | H70: =H68/L68*L70 -> 155.0227 | J70: CLOSED | L70: 209.9498 | N70: CLOSED | O70: =SUM(F70:N70) -> 580.64669
A72: 43896 | B72: Fri | C72: -0.2 | D72: 0.67430556 | F72: =(645.854141341805/1002.43837573607*1412.33472672214)+1412.33472672214 -> 2322.2782 | H72: 1392.1459 | J72: CLOSED | L72: 1719.1237 | N72: CLOSED | O72: =SUM(F72:N72) -> 5433.5478
A73: 43897 | B73: Sat | C73: -0.7 | D73: 0.70763889 | F73: =(645.854141341805/1002.43837573607*3942.73459049011)+3942.73459049011 -> 6482.972 | G73: * | H73: =H77/J77*J73 -> 3916.6164 | J73: 6022.8431 | L73: CLOSED | N73: CLOSED | O73: =SUM(F73:N73) -> 16422.431
A74: 43898 | B74: Sun | C74: -1 | D74: 0.77986111 | E74: * | F74: =F72/L72*L74 -> 3972.1467 | G74: * | H74: =H72/L72*L74 -> 2381.1996 | J74: CLOSED | L74: 2940.4795 | N74: CLOSED | O74: =SUM(F74:N74) -> 9293.8258
A75: 43899 | B75: Mon | C75: -1 | D75: 0.80902778 | F75: =(1002.43837573607/645.854141341805*605.280432089238)+605.280432089238 -> 1544.7438 | G75: * | H75: =H77/J77*J75 -> 1104.8565 | J75: 1699.0118 | L75: CLOSED | N75: CLOSED | O75: =SUM(F75:N75) -> 4348.6122
A76: 43900 | B76: Tue | C76: -0.8 | D76: 0.8375 | E76: * | F76: =F72/L72*L76 -> 774.19777 | G76: * | H76: =H72/L72*L76 -> 464.11162 | J76: CLOSED | L76: 573.11899 | N76: CLOSED | O76: =SUM(F76:N76) -> 1811.4284
A77: 43901 | B77: Wed | C77: -0.2 | D77: 0.86527778 | E77: * | F77: =F73/J73*J77 -> 565.37641 | H77: 341.56595 | J77: 525.24883 | L77: CLOSED | N77: CLOSED | O77: =SUM(F77:N77) -> 1432.1912
A79: 43910 | B79: Fri | C79: 0.4 | D79: 0.72708333 | J79: CLOSED | N79: CLOSED | O79: =SUM(F79:N79) -> 0
A80: 43911 | B80: Sat | C80: 0.4 | D80: 0.75486111 | L80: CLOSED | N80: CLOSED | O80: =SUM(F80:N80) -> 0
A81: 43912 | B81: Sun | C81: 0.4 | D81: 0.77847222 | J81: CLOSED | N81: CLOSED | O81: =SUM(F81:N81) -> 0
A82: 43913 | B82: Mon | C82: 0.5 | D82: 0.8 | L82: CLOSED | N82: CLOSED | O82: =SUM(F82:N82) -> 0
A84: 43924 | B84: Fri | C84: 0.3 | D84: 0.65347222 | L84: CLOSED | N84: CLOSED | O84: =SUM(F84:N84) -> 0
A85: 43925 | B85: Sat | C85: -0.1 | D85: 0.69236111 | J85: CLOSED | N85: CLOSED | O85: =SUM(F85:N85) -> 0
A86: 43926 | B86: Sun | C86: -0.4 | D86: 0.31041667 | L86: CLOSED | N86: CLOSED | O86: =SUM(F86:N86) -> 0
A87: 43927 | B87: Mon | C87: 0.4 | D87: 0.75833333 | J87: CLOSED | N87: CLOSED | O87: =SUM(F87:N87) -> 0
A88: 43928 | B88: Tue | C88: -0.2 | D88: 0.78819444 | L88: CLOSED | N88: CLOSED | O88: =SUM(F88:N88) -> 0
A89: 43929 | B89: Wed | C89: -0.7 | D89: 0.30972222 | J89: CLOSED | N89: CLOSED | O89: =SUM(F89:N89) -> 0
A90: 43930 | B90: Thu | C90: -1.1 | D90: 0.34305556 | L90: CLOSED | N90: CLOSED | O90: =SUM(F90:N90) -> 0
A91: 43931 | B91: Fri | C91: -1.3 | D91: 0.37569444 | J91: CLOSED | N91: CLOSED | O91: =SUM(F91:N91) -> 0
A92: 43932 | B92: Sat | C92: -1.1 | D92: 0.40972222 | L92: CLOSED | N92: CLOSED | O92: =SUM(F92:N92) -> 0
A93: 43933 | B93: Sun | C93: -0.7 | D93: 0.44583333 | J93: CLOSED | N93: CLOSED | O93: =SUM(F93:N93) -> 0
A94: 43934 | B94: Mon | C94: -0.2 | D94: 0.48541667 | L94: CLOSED | N94: CLOSED | O94: =SUM(F94:N94) -> 0
A96: 43943 | B96: Wed | C96: 0.3 | D96: 0.29722222 | L96: CLOSED | N96: CLOSED | O96: =SUM(F96:N96) -> 0
A97: 43944 | B97: Thu | C97: 0 | D97: 0.32013889 | J97: CLOSED | N97: CLOSED | O97: =SUM(F97:N97) -> 0
A98: 43945 | B98: Fri | C98: -0.3 | D98: 0.34375 | L98: CLOSED | N98: CLOSED | O98: =SUM(F98:N98) -> 0
A99: 43946 | B99: Sat | C99: -0.1 | D99: 0.36736111 | J99: CLOSED | N99: CLOSED | O99: =SUM(F99:N99) -> 0
A100: 43947 | B100: Sun | C100: -0.3 | D100: 0.39305556 | L100: CLOSED | N100: CLOSED | O100: =SUM(F100:N100) -> 0
A101: 43948 | B101: Mon | C101: -0.2 | D101: 0.42152778 | J101: CLOSED | N101: CLOSED | O101: =SUM(F101:N101) -> 0
A102: 43949 | B102: Tue | C102: -0.1 | D102: 0.45416667 | L102: CLOSED | N102: CLOSED | O102: =SUM(F102:N102) -> 0
A103: 43950 | B103: Wed | C103: 0.1 | D103: 0.49166667 | J103: CLOSED | N103: CLOSED | O103: =SUM(F103:N103) -> 0
A105: SEASON TOTALS : | F105: =SUM(F2:F103) -> 111122.47 | H105: =SUM(H2:H104) -> 56464.353 | J105: =SUM(J2:J104) -> 51380.345 | L105: =SUM(L2:L104) -> 34959.932 | N105: =SUM(N2:N104) -> 0 | O105: =SUM(O2:O104) -> 253927.1
A106: *- estimate based on comparison of other beaches. + - no harvest due to very heavy surf and storm warnings.
A107: ** - No beach count. Used data from another day with similar conditions to estimate count.
A108: # - Tide is not low enough for decent digging opportunity
A137: SEASON TOTALS : | F137: =SUM(F135:F136) -> 0 | H137: =SUM(H135:H136) -> 0 | J137: =SUM(J135:J136) -> 0 | L137: =SUM(L135:L136) -> 0 | N137: =SUM(N135:N136) -> 0 | O137: =SUM(O135:O136) -> 0
A138: *- estimate based on comparison of other beaches. + - no harvest due to very heavy surf and storm warnings.
A139: ** - No beach count. Used data from another day with similar conditions to estimate count.
A140: # - Tide is not low enough for decent digging opportunity

Sheet CPUE
A1: Date | B1: Day | C1: Tide | D1: Time | E1: Longbeach | G1: Twin Harbors | I1: Copalis | K1: Mocrocks | M1: Kalaloch | O1: Daily Totals
A2: 43735 | B2: Fri | C2: -0.9 | D2: 0.24444444 | F2: =+Harvest!F2/Effort!F2 -> 14 | H2: CLOSED | J2: CLOSED | L2: CLOSED | N2: CLOSED | O2: =+Harvest!O2/Effort!O2 -> 14 | Q2: =AVERAGE(O2:O11) -> 14.779905
A3: 43736 | B3: Sat | C3: -0.8 | D3: 0.275 | F3: =+Harvest!F3/Effort!F3 -> 15 | H3: CLOSED | J3: CLOSED | L3: CLOSED | N3: CLOSED | O3: =+Harvest!O3/Effort!O3 -> 15
A4: 43737 | B4: Sun | C4: -0.6 | D4: 0.30486111 | E4: ** | F4: =+Harvest!F4/Effort!F4 -> 15 | H4: CLOSED | J4: CLOSED | L4: CLOSED | N4: CLOSED | O4: =+Harvest!O4/Effort!O4 -> 15
A6: 43764 | B6: Sat | C6: 0 | D6: 0.74930556 | F6: =+Harvest!F6/Effort!F6 -> 14.999991 | H6: =+Harvest!H6/Effort!H6 -> 15 | J6: =+Harvest!J6/Effort!J6 -> 15.000061 | L6: CLOSED | N6: CLOSED | O6: =+Harvest!O6/Effort!O6 -> 15.00002
A7: 43765 | B7: Sun | C7: -0.8 | D7: 0.78263889 | E7: * | F7: =+Harvest!F7/Effort!F7 -> 14.999999 | H7: =+Harvest!H7/Effort!H7 -> 15 | J7: CLOSED | L7: =+Harvest!L7/Effort!L7 -> 15 | N7: CLOSED | O7: =+Harvest!O7/Effort!O7 -> 15
A8: 43766 | B8: Mon | C8: -1.2 | D8: 0.81458333 | E8: * | F8: =+Harvest!F8/Effort!F8 -> 14.822511 | G8: * | H8: =+Harvest!H8/Effort!H8 -> 14.82252 | J8: =+Harvest!J8/Effort!J8 -> 14.822581 | L8: CLOSED | N8: CLOSED | O8: =+Harvest!O8/Effort!O8 -> 14.82254
A9: 43767 | B9: Tue | C9: -1.4 | D9: 0.84583333 | F9: =+Harvest!F9/Effort!F9 -> 15 | G9: * | H9: =+Harvest!H9/Effort!H9 -> 14.914894 | J9: CLOSED | L9: =+Harvest!L9/Effort!L9 -> 14.914894 | N9: CLOSED | O9: =+Harvest!O9/Effort!O9 -> 14.9392
A10: 43768 | B10: Wed | C10: -1.2 | D10: 0.87708333 | E10: * | F10: =+Harvest!F10/Effort!F10 -> 14.166601 | H10: =+Harvest!H10/Effort!H10 -> 14.692308 | J10: =+Harvest!J10/Effort!J10 -> 14.166667 | L10: CLOSED | N10: CLOSED | O10: =+Harvest!O10/Effort!O10 -> 14.257381
A11: 43769 | B11: Thu | C11: -0.8 | D11: 0.90972222 | E11: * | F11: 15 | G11: * | H11: =+Harvest!H11/Effort!H11 -> 15 | J11: CLOSED | L11: =+Harvest!L11/Effort!L11 -> 15 | N11: CLOSED | O11: =+Harvest!O11/Effort!O11 -> 15
A12: 43770 | B12: Fri | C12: -0.2 | D12: 0.94305556 | E12: * | F12: =+Harvest!F12/Effort!F12 -> 14.35483 | H12: =+Harvest!H12/Effort!H12 -> 14.354839 | J12: =+Harvest!J12/Effort!J12 -> 15 | L12: CLOSED | N12: CLOSED | O12: =+Harvest!O12/Effort!O12 -> 14.615455
A14: 43780 | B14: Mon | C14: 0.1 | D14: 0.74375 | E14: * | F14: 15 | G14: * | H14: 15 | J14: =+Harvest!J14/Effort!J14 -> 15 | L14: CLOSED | N14: CLOSED | O14: =+Harvest!O14/Effort!O14 -> 15
A15: 43781 | B15: Tue | C15: -0.3 | D15: 0.76875 | F15: =+Harvest!F15/Effort!F15 -> 15 | H15: =+Harvest!H15/Effort!H15 -> 15 | J15: CLOSED | L15: =+Harvest!L15/Effort!L15 -> 14.333333 | N15: CLOSED | O15: =+Harvest!O15/Effort!O15 -> 14.768644
A16: 43782 | B16: Wed | C16: -0.5 | D16: 0.79375 | E16: * | F16: 15 | G16: * | H16: =+Harvest!H16/Effort!H16 -> 14.948471 | J16: =+Harvest!J16/Effort!J16 -> 14.87037 | L16: CLOSED | N16: CLOSED | O16: =+Harvest!O16/Effort!O16 -> 14.925348
A17: 43783 | B17: Thu | C17: -0.6 | D17: 0.82013889 | E17: * | F17: =+Harvest!F17/Effort!F17 -> 13.282648 | G17: * | H17: =+Harvest!H17/Effort!H17 -> 13.282648 | J17: CLOSED | L17: =+Harvest!L17/Effort!L17 -> 12.692308 | N17: CLOSED | O17: =+Harvest!O17/Effort!O17 -> 13.07778
A18: 43784 | B18: Fri | C18: -0.5 | D18: 0.84861111 | F18: =+Harvest!F18/Effort!F18 -> 15.000004 | H18: =+Harvest!H18/Effort!H18 -> 14.142857 | J18: =+Harvest!J18/Effort!J18 -> 14.068966 | L18: CLOSED | N18: CLOSED | O18: =+Harvest!O18/Effort!O18 -> 14.330686
A19: 43785 | B19: Sat | C19: -0.3 | D19: 0.88055556 | F19: =+Harvest!F19/Effort!F19 -> 15 | G19: * | H19: =+Harvest!H19/Effort!H19 -> 14.142854 | J19: CLOSED | L19: =+Harvest!L19/Effort!L19 -> 14.754098 | N19: CLOSED | O19: =+Harvest!O19/Effort!O19 -> 14.61776
A20: 43786 | B20: Sun | C20: -0.1 | D20: 0.91597222 | E20: * | F20: =+Harvest!F20/Effort!F20 -> 15 | H20: =+Harvest!H20/Effort!H20 -> 15 | J20: =+Harvest!J20/Effort!J20 -> 12.84 | L20: CLOSED | N20: CLOSED | O20: =+Harvest!O20/Effort!O20 -> 13.945332
A22: 43793 | B22: Sun | C22: -0.4 | D22: 0.69930556 | F22: =+Harvest!F22/Effort!F22 -> 14.425167 | G22: * | H22: =+Harvest!H22/Effort!H22 -> 12.129607 | J22: =+Harvest!J22/Effort!J22 -> 14.0625 | L22: CLOSED | N22: CLOSED | O22: =+Harvest!O22/Effort!O22 -> 13.885617
A23: 43794 | B23: Mon | C23: -1 | D23: 0.73194444 | E23: * | F23: 15 | H23: =+Harvest!H23/Effort!H23 -> 13.894737 | J23: CLOSED | L23: =+Harvest!L23/Effort!L23 -> 14.363636 | N23: CLOSED | O23: =+Harvest!O23/Effort!O23 -> 14.510325
A24: 43795 | B24: Tue | C24: -1.3 | D24: 0.7625 | E24: * | F24: =+Harvest!F24/Effort!F24 -> 14.87395 | G24: * | H24: =+Harvest!H24/Effort!H24 -> 12.506972 | J24: =+Harvest!J24/Effort!J24 -> 14.5 | L24: CLOSED | N24: CLOSED | O24: =+Harvest!O24/Effort!O24 -> 14.317614
A25: 43796 | B25: Wed | C25: -1.4 | D25: 0.79305556 | F25: 15 | G25: * | H25: =+Harvest!H25/Effort!H25 -> 9.8808413 | J25: CLOSED | L25: =+Harvest!L25/Effort!L25 -> 10.214286 | N25: CLOSED | O25: =+Harvest!O25/Effort!O25 -> 12.38167
A26: 43797 | B26: Thu | C26: -1.2 | D26: 0.82222222 | E26: * | F26: =+Harvest!F26/Effort!F26 -> 14.95699 | G26: * | H26: =+Harvest!H26/Effort!H26 -> 12.576798 | J26: =+Harvest!J26/Effort!J26 -> 14.580952 | L26: CLOSED | N26: CLOSED | O26: =+Harvest!O26/Effort!O26 -> 14.397548
A27: 43798 | B27: Fri | C27: -0.7 | D27: 0.85347222 | E27: * | F27: 15 | G27: * | H27: =+Harvest!H27/Effort!H27 -> 14.440228 | J27: CLOSED | L27: =+Harvest!L27/Effort!L27 -> 14.927536 | N27: CLOSED | O27: =+Harvest!O27/Effort!O27 -> 14.848583
A28: 43799 | B28: Sat | C28: -0.2 | D28: 0.88194444 | F28: =+Harvest!F28/Effort!F28 -> 14.836664 | H28: =+Harvest!H28/Effort!H28 -> 12.027778 | J28: =+Harvest!J28/Effort!J28 -> 13.944444 | L28: CLOSED | N28: CLOSED | O28: =+Harvest!O28/Effort!O28 -> 13.859525
A30: 43809 | B30: Tue | C30: -0.2 | D30: 0.72777778 | E30: * | F30: =+Harvest!F30/Effort!F30 -> 11.620689 | G30: * | H30: =+Harvest!H30/Effort!H30 -> 8.9091954 | J30: CLOSED | L30: =+Harvest!L30/Effort!L30 -> 11.62069 | N30: CLOSED | O30: =+Harvest!O30/Effort!O30 -> 10.748599
A31: 43810 | B31: Wed | C31: -0.6 | D31: 0.75416667 | E31: * | F31: =+Harvest!F31/Effort!F31 -> 3.8354128 | H31: =+Harvest!H31/Effort!H31 -> 1.8 | J31: =+Harvest!J31/Effort!J31 -> 7.75 | L31: CLOSED | N31: CLOSED | O31: =+Harvest!O31/Effort!O31 -> 4.7101643
A32: 43811 | B32: Thu | C32: -0.9 | D32: 0.78125 | E32: * | F32: =+Harvest!F32/Effort!F32 -> 0.9166666 | G32: * | H32: =+Harvest!H32/Effort!H32 -> 0.70277778 | J32: CLOSED | L32: =+Harvest!L32/Effort!L32 -> 0.91666667 | N32: CLOSED | O32: =+Harvest!O32/Effort!O32 -> 0.84787412
A33: 43812 | B33: Fri | C33: -1 | D33: 0.80972222 | F33: =+Harvest!F33/Effort!F33 -> 6.4138 | G33: * | H33: =+Harvest!H33/Effort!H33 -> 3.0100645 | J33: =+Harvest!J33/Effort!J33 -> 12.96 | L33: CLOSED | N33: CLOSED | O33: =+Harvest!O33/Effort!O33 -> 7.8766102
A34: 43813 | B34: Sat | C34: -1 | D34: 0.83888889 | E34: * | F34: =+Harvest!F34/Effort!F34 -> 14.954544 | G34: * | H34: =+Harvest!H34/Effort!H34 -> 11.465152 | J34: CLOSED | L34: =+Harvest!L34/Effort!L34 -> 14.954545 | N34: CLOSED | O34: =+Harvest!O34/Effort!O34 -> 13.83226
A35: 43814 | B35: Sun | C35: -0.8 | D35: 0.87013889 | E35: * | F35: 15 | G35: * | H35: 15 | J35: =+Harvest!J35/Effort!J35 -> 15 | L35: CLOSED | N35: CLOSED | O35: =+Harvest!O35/Effort!O35 -> 15
A36: 43815 | B36: Mon | C36: -0.4 | D36: 0.90347222 | F36: =+Harvest!F36/Effort!F36 -> 14.999999 | H36: =+Harvest!H36/Effort!H36 -> 11.5 | J36: CLOSED | L36: =+Harvest!L36/Effort!L36 -> 15 | N36: CLOSED | O36: =+Harvest!O36/Effort!O36 -> 13.874304
A38: 43822 | B38: Mon | C38: -0.4 | D38: 0.69097222 | F38: 15 | G38: * | H38: 15 | J38: CLOSED | L38: =+Harvest!L38/Effort!L38 -> 14.945455 | N38: CLOSED | O38: =+Harvest!O38/Effort!O38 -> 14.980709
A39: 43825 | B39: Thu | C39: -1.1 | D39: 0.78263889 | F39: =+Harvest!F39/Effort!F39 -> 10.965538 | G39: * | H39: 10 | J39: =+Harvest!J39/Effort!J39 -> 8.7704918 | L39: CLOSED | N39: CLOSED | O39: =+Harvest!O39/Effort!O39 -> 9.8671406
A40: 43826 | B40: Fri | C40: -0.9 | D40: 0.80972222 | E40: * | F40: 6.5 | H40: =+Harvest!H40/Effort!H40 -> 6.5283019 | J40: CLOSED | L40: =+Harvest!L40/Effort!L40 -> 3.0135135 | N40: CLOSED | O40: =+Harvest!O40/Effort!O40 -> 5.2720968
A41: 43827 | B41: Sat | C41: -0.6 | D41: 0.83680556 | F41: 13.695652 | H41: =+Harvest!H41/Effort!H41 -> 13.235294 | J41: =+Harvest!J41/Effort!J41 -> 8.6818182 | L41: CLOSED | N41: CLOSED | O41: =+Harvest!O41/Effort!O41 -> 11.563269
A42: 43828 | B42: Sun | C42: -0.2 | D42: 0.86319444 | E42: * | F42: 13.4 | G42: * | H42: 13.4 | J42: CLOSED | L42: =+Harvest!L42/Effort!L42 -> 13.424242 | N42: CLOSED | O42: =+Harvest!O42/Effort!O42 -> 13.408574
A44: 43838 | B44: Wed | C44: -0.3 | D44: 0.71180556 | F44: 15 | G44: * | H44: 15 | J44: CLOSED | L44: =+Harvest!L44/Effort!L44 -> 14.545455 | N44: CLOSED | O44: =+Harvest!O44/Effort!O44 -> 14.880435
A45: 43839 | B45: Thu | C45: -0.8 | D45: 0.74097222 | F45: 15 | H45: =+Harvest!H45/Effort!H45 -> 14.970588 | J45: =+Harvest!J45/Effort!J45 -> 15 | L45: CLOSED | N45: CLOSED | O45: =+Harvest!O45/Effort!O45 -> 14.992555
A46: 43840 | B46: Fri | C46: -1.2 | D46: 0.77013889 | E46: * | F46: 5 | G46: * | H46: 5 | J46: CLOSED | L46: =+Harvest!L46/Effort!L46 -> 2.2777778 | N46: CLOSED | O46: =+Harvest!O46/Effort!O46 -> 4.2839404
A47: 43841 | B47: Sat | C47: -1.4 | D47: 0.79930556 | E47: * | F47: 0 | G47: * | H47: 0 | J47: 0 | L47: CLOSED | N47: CLOSED | O47: 0
A48: 43842 | B48: Sun | C48: -1.3 | D48: 0.82847222 | E48: * | F48: 0 | G48: * | H48: 0 | J48: CLOSED | L48: 0 | N48: CLOSED | O48: 0
A49: 43843 | B49: Mon | C49: -1.2 | D49: 0.85833333 | F49: 15 | H49: =+Harvest!H49/Effort!H49 -> 11.25 | J49: =+Harvest!J49/Effort!J49 -> 15 | L49: CLOSED | N49: CLOSED | O49: =+Harvest!O49/Effort!O49 -> 14.472189
A50: 43844 | B50: Tue | C50: -0.5 | D50: 0.88888889 | E50: * | F50: 15 | H50: =+Harvest!H50/Effort!H50 -> 15 | J50: CLOSED | L50: 15 | N50: CLOSED | O50: =+Harvest!O50/Effort!O50 -> 15
A52: 43851 | B52: Tue | C52: -0.1 | D52: 0.68263889 | F52: 11.1 | H52: =+Harvest!H52/Effort!H52 -> 2.3076923 | J52: CLOSED | L52: =+Harvest!L52/Effort!L52 -> 6.1875 | N52: CLOSED | O52: =+Harvest!O52/Effort!O52 -> 7.0420322
A53: 43852 | B53: Wed | C53: -0.5 | D53: 0.71527778 | E53: * | F53: 5 | G53: * | H53: 5 | J53: =+Harvest!J53/Effort!J53 -> 4.4705882 | L53: CLOSED | N53: CLOSED | O53: =+Harvest!O53/Effort!O53 -> 4.7878491
A54: 43853 | B54: Thu | C54: -0.6 | D54: 0.74513889 | E54: * | F54: 1 | G54: * | H54: 1 | J54: CLOSED | L54: =+Harvest!L54/Effort!L54 -> 0.47058824 | N54: CLOSED | O54: =+Harvest!O54/Effort!O54 -> 0.83650642
A55: 43854 | B55: Fri | C55: -0.6 | D55: 0.77222222 | F55: 12 | H55: =+Harvest!H55/Effort!H55 -> 2.1666667 | J55: =+Harvest!J55/Effort!J55 -> 8.2068966 | L55: CLOSED | N55: CLOSED | O55: =+Harvest!O55/Effort!O55 -> 8.4735617
A56: 43855 | B56: Sat | C56: -0.5 | D56: 0.79722222 | F56: 12.7 | H56: =+Harvest!H56/Effort!H56 -> 3.9487179 | J56: CLOSED | L56: =+Harvest!L56/Effort!L56 -> 8.4166667 | N56: CLOSED | O56: =+Harvest!O56/Effort!O56 -> 9.07601
A57: 43856 | B57: Sun | C57: -0.3 | D57: 0.82083333 | E57: * | F57: 10 | G57: * | H57: 10 | J57: =+Harvest!J57/Effort!J57 -> 9.4137931 | L57: CLOSED | N57: CLOSED | O57: =+Harvest!O57/Effort!O57 -> 9.7650896
A59: 43867 | B59: Thu | C59: -0.3 | D59: 0.69444444 | F59: 13.5 | G59: * | H59: 13 | J59: CLOSED | L59: =+Harvest!L59/Effort!L59 -> 12.714286 | N59: CLOSED | O59: =+Harvest!O59/Effort!O59 -> 13.161623
A60: 43868 | B60: Fri | C60: -0.9 | D60: 0.72638889 | F60: 13.517241 | G60: * | H60: 14 | J60: =+Harvest!J60/Effort!J60 -> 14.424242 | L60: CLOSED | N60: CLOSED | O60: =+Harvest!O60/Effort!O60 -> 13.906732
A61: 43869 | B61: Sat | C61: -1.3 | D61: 0.75625 | E61: * | F61: 13.5 | G61: * | H61: 13.5 | J61: CLOSED | L61: =+Harvest!L61/Effort!L61 -> 13.413043 | N61: CLOSED | O61: =+Harvest!O61/Effort!O61 -> 13.478617
A62: 43870 | B62: Sun | C62: -1.4 | D62: 0.78541667 | E62: * | F62: 14 | G62: * | H62: 14 | J62: =+Harvest!J62/Effort!J62 -> 14.606557 | L62: CLOSED | N62: CLOSED | O62: =+Harvest!O62/Effort!O62 -> 14.200673
A63: 43871 | B63: Mon | C63: -1.3 | D63: 0.81388889 | E63: * | F63: 10 | G63: * | H63: 10 | J63: CLOSED | L63: =+Harvest!L63/Effort!L63 -> 11.92 | N63: CLOSED | O63: =+Harvest!O63/Effort!O63 -> 10.472126
A64: 43872 | B64: Tue | C64: -0.8 | D64: 0.84236111 | F64: 15 | H64: =+Harvest!H64/Effort!H64 -> 9.8 | J64: =+Harvest!J64/Effort!J64 -> 15 | L64: CLOSED | N64: CLOSED | O64: =+Harvest!O64/Effort!O64 -> 13.384226
A65: 43873 | B65: Wed | C65: -0.1 | D65: 0.87152778 | E65: * | F65: 10 | H65: =+Harvest!H65/Effort!H65 -> 11.461538 | J65: CLOSED | L65: =+Harvest!L65/Effort!L65 -> 8.5 | N65: CLOSED | O65: =+Harvest!O65/Effort!O65 -> 10.055497
A67: 43881 | B67: Thu | C67: 0 | D67: 0.70416667 | F67: 15 | H67: =+Harvest!H67/Effort!H67 -> 15 | J67: =+Harvest!J67/Effort!J67 -> 14.955556 | L67: CLOSED | N67: CLOSED | O67: =+Harvest!O67/Effort!O67 -> 14.981656
A68: 43882 | B68: Fri | C68: -0.1 | D68: 0.73263889 | F68: 15 | H68: =+Harvest!H68/Effort!H68 -> 15 | J68: CLOSED | L68: =+Harvest!L68/Effort!L68 -> 14.638889 | N68: CLOSED | O68: =+Harvest!O68/Effort!O68 -> 14.86943
A69: 43883 | B69: Sat | C69: -0.2 | D69: 0.75763889 | E69: * | F69: 10 | H69: =+Harvest!H69/Effort!H69 -> 9.2093023 | J69: =+Harvest!J69/Effort!J69 -> 10.442857 | L69: CLOSED | N69: CLOSED | O69: =+Harvest!O69/Effort!O69 -> 10.01575
A70: 43884 | B70: Sun | C70: -0.1 | D70: 0.78055556 | E70: * | F70: 2 | G70: * | H70: 2 | J70: CLOSED | L70: =+Harvest!L70/Effort!L70 -> 2.15 | N70: CLOSED | O70: =+Harvest!O70/Effort!O70 -> 2.0542369
A72: 43896 | B72: Fri | C72: -0.2 | D72: 0.67430556 | F72: 15 | H72: =+Harvest!H72/Effort!H72 -> 15 | J72: CLOSED | L72: =+Harvest!L72/Effort!L72 -> 14.797297 | N72: CLOSED | O72: =+Harvest!O72/Effort!O72 -> 14.935867
A73: 43897 | B73: Sat | C73: -0.7 | D73: 0.70763889 | F73: 15 | G73: * | H73: 15 | J73: =+Harvest!J73/Effort!J73 -> 14.681818 | L73: CLOSED | N73: CLOSED | O73: =+Harvest!O73/Effort!O73 -> 14.883308
A74: 43898 | B74: Sun | C74: -1 | D74: 0.77986111 | E74: * | F74: 15 | G74: * | H74: 15 | J74: CLOSED | L74: =+Harvest!L74/Effort!L74 -> 13.791667 | N74: CLOSED | O74: =+Harvest!O74/Effort!O74 -> 14.617695
A75: 43899 | B75: Mon | C75: -1 | D75: 0.80902778 | F75: 15 | G75: * | H75: 15 | J75: =+Harvest!J75/Effort!J75 -> 14.769231 | L75: CLOSED | N75: CLOSED | O75: =+Harvest!O75/Effort!O75 -> 14.909838
A76: 43900 | B76: Tue | C76: -0.8 | D76: 0.8375 | E76: * | F76: 15 | G76: * | H76: 15 | J76: CLOSED | L76: =+Harvest!L76/Effort!L76 -> 14.615385 | N76: CLOSED | O76: =+Harvest!O76/Effort!O76 -> 14.878311
A77: 43901 | B77: Wed | C77: -0.2 | D77: 0.86527778 | E77: * | F77: 10 | H77: =+Harvest!H77/Effort!H77 -> 7 | J77: =+Harvest!J77/Effort!J77 -> 12.888889 | L77: CLOSED | N77: CLOSED | O77: =+Harvest!O77/Effort!O77 -> 10.34401
A79: 43910 | B79: Fri | C79: 0.4 | D79: 0.72708333 | J79: CLOSED | N79: CLOSED | O79: =+Harvest!O79/Effort!O79 -> #DIV/0!
A80: 43911 | B80: Sat | C80: 0.4 | D80: 0.75486111 | L80: CLOSED | N80: CLOSED | O80: =+Harvest!O80/Effort!O80 -> #DIV/0!
A81: 43912 | B81: Sun | C81: 0.4 | D81: 0.77847222 | J81: CLOSED | N81: CLOSED | O81: =+Harvest!O81/Effort!O81 -> #DIV/0!
A82: 43913 | B82: Mon | C82: 0.5 | D82: 0.8 | L82: CLOSED | N82: CLOSED | O82: =+Harvest!O82/Effort!O82 -> #DIV/0!
A84: 43924 | B84: Fri | C84: 0.3 | D84: 0.65347222 | L84: CLOSED | N84: CLOSED | O84: =+Harvest!O84/Effort!O84 -> #DIV/0!
A85: 43925 | B85: Sat | C85: -0.1 | D85: 0.69236111 | J85: CLOSED | N85: CLOSED | O85: =+Harvest!O85/Effort!O85 -> #DIV/0!
A86: 43926 | B86: Sun | C86: -0.4 | D86: 0.31041667 | L86: CLOSED | N86: CLOSED | O86: =+Harvest!O86/Effort!O86 -> #DIV/0!
A87: 43927 | B87: Mon | C87: 0.4 | D87: 0.75833333 | J87: CLOSED | N87: CLOSED | O87: =+Harvest!O87/Effort!O87 -> #DIV/0!
A88: 43928 | B88: Tue | C88: -0.2 | D88: 0.78819444 | L88: CLOSED | N88: CLOSED | O88: =+Harvest!O88/Effort!O88 -> #DIV/0!
A89: 43929 | B89: Wed | C89: -0.7 | D89: 0.30972222 | J89: CLOSED | N89: CLOSED | O89: =+Harvest!O89/Effort!O89 -> #DIV/0!
A90: 43930 | B90: Thu | C90: -1.1 | D90: 0.34305556 | L90: CLOSED | N90: CLOSED | O90: =+Harvest!O90/Effort!O90 -> #DIV/0!
A91: 43931 | B91: Fri | C91: -1.3 | D91: 0.37569444 | J91: CLOSED | N91: CLOSED | O91: =+Harvest!O91/Effort!O91 -> #DIV/0!
A92: 43932 | B92: Sat | C92: -1.1 | D92: 0.40972222 | L92: CLOSED | N92: CLOSED | O92: =+Harvest!O92/Effort!O92 -> #DIV/0!
A93: 43933 | B93: Sun | C93: -0.7 | D93: 0.44583333 | J93: CLOSED | N93: CLOSED | O93: =+Harvest!O93/Effort!O93 -> #DIV/0!
A94: 43934 | B94: Mon | C94: -0.2 | D94: 0.48541667 | L94: CLOSED | N94: CLOSED | O94: =+Harvest!O94/Effort!O94 -> #DIV/0!
A96: 43943 | B96: Wed | C96: 0.3 | D96: 0.29722222 | L96: CLOSED | N96: CLOSED | O96: =+Harvest!O96/Effort!O96 -> #DIV/0!
A97: 43944 | B97: Thu | C97: 0 | D97: 0.32013889 | J97: CLOSED | N97: CLOSED | O97: =+Harvest!O97/Effort!O97 -> #DIV/0!
A98: 43945 | B98: Fri | C98: -0.3 | D98: 0.34375 | L98: CLOSED | N98: CLOSED | O98: =+Harvest!O98/Effort!O98 -> #DIV/0!
A99: 43946 | B99: Sat | C99: -0.1 | D99: 0.36736111 | J99: CLOSED | N99: CLOSED | O99: =+Harvest!O99/Effort!O99 -> #DIV/0!
A100: 43947 | B100: Sun | C100: -0.3 | D100: 0.39305556 | L100: CLOSED | N100: CLOSED | O100: =+Harvest!O100/Effort!O100 -> #DIV/0!
A101: 43948 | B101: Mon | C101: -0.2 | D101: 0.42152778 | J101: CLOSED | N101: CLOSED | O101: =+Harvest!O101/Effort!O101 -> #DIV/0!
A102: 43949 | B102: Tue | C102: -0.1 | D102: 0.45416667 | L102: CLOSED | N102: CLOSED | O102: =+Harvest!O102/Effort!O102 -> #DIV/0!
A103: 43950 | B103: Wed | C103: 0.1 | D103: 0.49166667 | J103: CLOSED | N103: CLOSED | O103: =+Harvest!O103/Effort!O103 -> #DIV/0!
A105: SEASON TOTALS : | F105: =Harvest!F105/Effort!F105 -> 13.900442 | H105: =Harvest!H105/Effort!H105 -> 12.798286 | J105: =Harvest!J105/Effort!J105 -> 13.576177 | L105: =Harvest!L105/Effort!L105 -> 13.019759 | N105: 0
A106: *- estimate based on comparison of other beaches. + - no harvest due to very heavy surf and storm warnings.
A107: ** - No beach count. Used data from another day with similar conditions to estimate count.

Sheet Summary Table
A1: 2019-2020 State (non-Indian) Recreational Razor Clam Effort, Harvest and CPUE totals.
E2: LONG BEACH | H2: TWIN HARBORS | K2: COPALIS | N2: MOCROCKS | Q2: KALALOCH | T2: DAILY TOTALS
A3: DATE | B3: DAY | C3: TIDE | D3: TIME | E3: Effort | F3: Harvest | G3: CPUE | H3: Effort | I3: Harvest | J3: CPUE | K3: Effort | L3: Harvest | M3: CPUE | N3: Effort | O3: Harvest | P3: CPUE | Q3: Effort | R3: Harvest | S3: CPUE | T3: Effort | U3: Harvest
A4: 43735 | B4: =+A4 -> 43735 | C4: -0.6 | D4: 0.87361111 | E4: =Effort!F2 -> 2262.6377 | F4: =Harvest!F2 -> 31676.927 | G4: =+CPUE!F2 -> 14 | H4: =Effort!H2 -> CLOSED | I4: =Harvest!H2 -> CLOSED | J4: =CPUE!H2 -> CLOSED | K4: =Effort!J2 -> CLOSED | L4: =Harvest!J2 -> CLOSED | M4: =CPUE!J2 -> CLOSED | N4: =Effort!L2 -> CLOSED | O4: =Harvest!L2 -> CLOSED | P4: =CPUE!L2 -> CLOSED | Q4: =Effort!N2 -> CLOSED | R4: =Harvest!N2 -> CLOSED | S4: =CPUE!N2 -> CLOSED | T4: =+E4 -> 2262.6377 | U4: =F4 -> 31676.927
A5: 43736 | B5: =+A5 -> 43736 | C5: -0.3 | D5: 0.90347222 | E5: =Effort!F3 -> 8338.2153 | F5: =Harvest!F3 -> 125073.23 | G5: =+CPUE!F3 -> 15 | H5: =Effort!H3 -> CLOSED | I5: =Harvest!H3 -> CLOSED | J5: =CPUE!H3 -> CLOSED | K5: =Effort!J3 -> CLOSED | L5: =Harvest!J3 -> CLOSED | M5: =CPUE!J3 -> CLOSED | N5: =Effort!L3 -> CLOSED | O5: =Harvest!L3 -> CLOSED | P5: =CPUE!L3 -> CLOSED | Q5: =Effort!N3 -> CLOSED | R5: =Harvest!N3 -> CLOSED | S5: =CPUE!N3 -> CLOSED | T5: =+E5 -> 8338.2153 | U5: =F5 -> 125073.23
A6: 43737 | B6: =+A6 -> 43737 | C6: 0.1 | D6: 0.93472222 | E6: =Effort!F4 -> 8000 | F6: =Harvest!F4 -> 120000 | G6: =+CPUE!F4 -> 15 | H6: =Effort!H4 -> CLOSED | I6: =Harvest!H4 -> CLOSED | J6: =CPUE!H4 -> CLOSED | K6: =Effort!J4 -> CLOSED | L6: =Harvest!J4 -> CLOSED | M6: =CPUE!J4 -> CLOSED | N6: =Effort!L4 -> CLOSED | O6: =Harvest!L4 -> CLOSED | P6: =CPUE!L4 -> CLOSED | Q6: =Effort!N4 -> CLOSED | R6: =Harvest!N4 -> CLOSED | S6: =CPUE!N4 -> CLOSED | T6: =+E6 -> 8000 | U6: =F6 -> 120000
A7: Tide Series Totals | E7: =SUM(E4:E6) -> 18600.853 | F7: =SUM(F4:F6) -> 276750.16 | G7: =+F7/E7 -> 14.878358 | T7: =SUM(T4:T6) -> 18600.853 | U7: =SUM(U4:U6) -> 276750.16
A8: 43764 | B8: Sat | C8: 0 | D8: 0.74930556 | E8: =Effort!F6 -> 7854.35 | F8: =Harvest!F6 -> 117815.18 | G8: =+CPUE!F6 -> 14.999991 | H8: =Effort!H6 -> 3611.7461 | I8: =Harvest!H6 -> 54176.192 | J8: =CPUE!H6 -> 15 | K8: =Effort!J6 -> 7348.1701 | L8: =Harvest!J6 -> 110223 | M8: =CPUE!J6 -> 15.000061 | N8: =Effort!L6 -> CLOSED | O8: =Harvest!L6 -> CLOSED | P8: =CPUE!L6 -> CLOSED | Q8: CLOSED | R8: CLOSED | S8: CLOSED | T8: =SUM(E8+H8+K8) -> 18814.266 | U8: =SUM(F8+I8+L8) -> 282214.37
A9: 43765 | B9: Sun | C9: -0.8 | D9: 0.78263889 | E9: =Effort!F7 -> 5198.148 | F9: =Harvest!F7 -> 77972.215 | G9: =+CPUE!F7 -> 14.999999 | H9: =Effort!H7 -> 2390.323 | I9: =Harvest!H7 -> 35854.845 | J9: =CPUE!H7 -> 15 | K9: =Effort!J7 -> CLOSED | L9: =Harvest!J7 -> CLOSED | M9: =CPUE!J7 -> CLOSED | N9: =Effort!L7 -> 4926.3202 | O9: =Harvest!L7 -> 73894.802 | P9: =CPUE!L7 -> 15 | Q9: CLOSED | R9: CLOSED | S9: CLOSED | T9: =SUM(E9+H9+N9) -> 12514.791 | U9: =SUM(F9+I9+O9) -> 187721.86
A10: 43766 | B10: Mon | C10: -1.2 | D10: 0.81458333 | E10: =Effort!F8 -> 3142.5845 | F10: =Harvest!F8 -> 46580.995 | G10: =+CPUE!F8 -> 14.822511 | H10: =Effort!H8 -> 1445.0868 | I10: =Harvest!H8 -> 21419.828 | J10: =CPUE!H8 -> 14.82252 | K10: =Effort!J8 -> 2940.0581 | L10: =Harvest!J8 -> 43579.248 | M10: =CPUE!J8 -> 14.822581 | N10: =Effort!L8 -> CLOSED | O10: =Harvest!L8 -> CLOSED | P10: =CPUE!L8 -> CLOSED | Q10: CLOSED | R10: CLOSED | S10: CLOSED | T10: =SUM(E10+H10+K10) -> 7527.7294 | U10: =SUM(F10+I10+L10) -> 111580.07
A11: 43767 | B11: Tue | C11: -1.4 | D11: 0.84583333 | E11: =Effort!F9 -> 1021.805 | F11: =Harvest!F9 -> 15327.075 | G11: =+CPUE!F9 -> 15 | H11: =Effort!H9 -> 834.99935 | I11: =Harvest!H9 -> 12453.927 | J11: =CPUE!H9 -> 14.914894 | K11: =Effort!J9 -> CLOSED | L11: =Harvest!J9 -> CLOSED | M11: =CPUE!J9 -> CLOSED | N11: =Effort!L9 -> 1720.8863 | O11: =Harvest!L9 -> 25666.837 | P11: =CPUE!L9 -> 14.914894 | Q11: CLOSED | R11: CLOSED | S11: CLOSED | T11: =SUM(E11+H11+N11) -> 3577.6907 | U11: =SUM(F11+I11+O11) -> 53447.838
A12: 43768 | B12: Wed | C12: -1.2 | D12: 0.87708333 | E12: =Effort!F10 -> 888.31726 | F12: =Harvest!F10 -> 12584.436 | G12: =+CPUE!F10 -> 14.166601 | H12: =Effort!H10 -> 358.75183 | I12: =Harvest!H10 -> 5270.8922 | J12: =CPUE!H10 -> 14.692308 | K12: =Effort!J10 -> 831.06894 | L12: =Harvest!J10 -> 11773.477 | M12: =CPUE!J10 -> 14.166667 | N12: =Effort!L10 -> CLOSED | O12: =Harvest!L10 -> CLOSED | P12: =CPUE!L10 -> CLOSED | Q12: CLOSED | R12: CLOSED | S12: CLOSED | T12: =SUM(E12+H12+K12) -> 2078.138 | U12: =SUM(F12+I12+L12) -> 29628.805
A13: 43769 | B13: Thu | C13: -0.8 | D13: 0.90972222 | E13: =Effort!F11 -> 160.53772 | F13: =Harvest!F11 -> 2408.0658 | G13: =+CPUE!F11 -> 15 | H13: =Effort!H11 -> 131.18833 | I13: =Harvest!H11 -> 1967.825 | J13: =CPUE!H11 -> 15 | K13: =Effort!J11 -> CLOSED | L13: =Harvest!J11 -> CLOSED | M13: =CPUE!J11 -> CLOSED | N13: =Effort!L11 -> 270.37172 | O13: =Harvest!L11 -> 4055.5758 | P13: =CPUE!L11 -> 15 | Q13: CLOSED | R13: CLOSED | S13: CLOSED | T13: =SUM(E13+H13+N13) -> 562.09777 | U13: =SUM(F13+I13+O13) -> 8431.4666
A14: 43770 | B14: Fri | C14: -0.2 | D14: 0.94305556 | E14: =Effort!F12 -> 752.81653 | F14: =Harvest!F12 -> 10806.553 | G14: =+CPUE!F12 -> 14.35483 | H14: =Effort!H12 -> 346.17533 | I14: =Harvest!H12 -> 4969.291 | J14: =CPUE!H12 -> 14.354839 | K14: =Effort!J12 -> 744.83295 | L14: =Harvest!J12 -> 11172.494 | M14: =CPUE!J12 -> 15 | N14: =Effort!L12 -> CLOSED | O14: =Harvest!L12 -> CLOSED | P14: =CPUE!L12 -> CLOSED | Q14: CLOSED | R14: CLOSED | S14: CLOSED | T14: =SUM(E14+H14+K14) -> 1843.8248 | U14: =SUM(F14+I14+L14) -> 26948.339
A15: Tide Series Totals | E15: =SUM(E8:E14) -> 19018.559 | F15: =SUM(F8:F14) -> 283494.52 | G15: =+F15/E15 -> 14.906204 | H15: =SUM(H8:H14) -> 9118.2707 | I15: =SUM(I8:I14) -> 136112.8 | J15: =+I15/H15 -> 14.92748 | K15: =SUM(K8:K14) -> 11864.13 | L15: =SUM(L8:L14) -> 176748.22 | M15: =+L15/K15 -> 14.897697 | N15: =SUM(N8:N14) -> 6917.5782 | O15: =SUM(O8:O14) -> 103617.21 | P15: =+O15/N15 -> 14.978828 | T15: =SUM(T8:T14) -> 46918.538 | U15: =SUM(U8:U14) -> 699972.75
A16: 43780 | B16: Mon | C16: 0.1 | D16: 0.74375 | E16: =Effort!F14 -> 1044.2737 | F16: =Harvest!F14 -> 15664.105 | G16: =+CPUE!F14 -> 15 | H16: =Effort!H14 -> 1100.4607 | I16: =Harvest!H14 -> 16506.91 | J16: =CPUE!H14 -> 15 | K16: =Effort!J14 -> 1880.8273 | L16: =Harvest!J14 -> 28212.409 | M16: =CPUE!J14 -> 15 | N16: =Effort!L14 -> CLOSED | O16: =Harvest!L14 -> CLOSED | P16: =CPUE!L14 -> CLOSED | Q16: CLOSED | R16: CLOSED | S16: CLOSED | T16: =SUM(E16+H16+K16) -> 4025.5616 | U16: =SUM(F16+I16+L16) -> 60383.425
A17: 43781 | B17: Tue | C17: -0.3 | D17: 0.76875 | E17: =Effort!F15 -> 1066.5498 | F17: =Harvest!F15 -> 15998.247 | G17: =+CPUE!F15 -> 15 | H17: =Effort!H15 -> 716.19051 | I17: =Harvest!H15 -> 10742.858 | J17: =CPUE!H15 -> 15 | K17: =Effort!J15 -> CLOSED | L17: =Harvest!J15 -> CLOSED | M17: =CPUE!J15 -> CLOSED | N17: =Effort!L15 -> 947.47897 | O17: =Harvest!L15 -> 13580.532 | P17: =CPUE!L15 -> 14.333333 | Q17: CLOSED | R17: CLOSED | S17: CLOSED | T17: =SUM(E17+H17+N17) -> 2730.2193 | U17: =SUM(F17+I17+O17) -> 40321.637
A18: 43782 | B18: Wed | C18: -0.5 | D18: 0.79375 | E18: =Effort!F16 -> 470.44496 | F18: =Harvest!F16 -> 7056.6744 | G18: =+CPUE!F16 -> 15 | H18: =Effort!H16 -> 495.75719 | I18: =Harvest!H16 -> 7410.812 | J18: =CPUE!H16 -> 14.948471 | K18: =Effort!J16 -> 847.31208 | L18: =Harvest!J16 -> 12599.845 | M18: =CPUE!J16 -> 14.87037 | N18: =Effort!L16 -> CLOSED | O18: =Harvest!L16 -> CLOSED | P18: =CPUE!L16 -> CLOSED | Q18: CLOSED | R18: CLOSED | S18: CLOSED | T18: =SUM(E18+H18+K18) -> 1813.5142 | U18: =SUM(F18+I18+L18) -> 27067.331
A19: 43783 | B19: Thu | C19: -0.6 | D19: 0.82013889 | E19: =Effort!F17 -> 684.82272 | F19: =Harvest!F17 -> 9096.2589 | G19: =+CPUE!F17 -> 13.282648 | H19: =Effort!H17 -> 459.85994 | I19: =Harvest!H17 -> 6108.1576 | J19: =CPUE!H17 -> 13.282648 | K19: =Effort!J17 -> CLOSED | L19: =Harvest!J17 -> CLOSED | M19: =CPUE!J17 -> CLOSED | N19: =Effort!L17 -> 608.36833 | O19: =Harvest!L17 -> 7721.5981 | P19: =CPUE!L17 -> 12.692308 | Q19: CLOSED | R19: CLOSED | S19: CLOSED | T19: =SUM(E19+H19+N19) -> 1753.051 | U19: =SUM(F19+I19+O19) -> 22926.015
A20: 43784 | B20: Fri | C20: -0.5 | D20: 0.84861111 | E20: =Effort!F18 -> 811.3358 | F20: =Harvest!F18 -> 12170.04 | G20: =+CPUE!F18 -> 15.000004 | H20: =Effort!H18 -> 854.98961 | I20: =Harvest!H18 -> 12091.996 | J20: =CPUE!H18 -> 14.142857 | K20: =Effort!J18 -> 1461.286 | L20: =Harvest!J18 -> 20558.782 | M20: =CPUE!J18 -> 14.068966 | N20: =Effort!L18 -> CLOSED | O20: =Harvest!L18 -> CLOSED | P20: =CPUE!L18 -> CLOSED | Q20: CLOSED | R20: CLOSED | S20: CLOSED | T20: =SUM(E20+H20+K20) -> 3127.6114 | U20: =SUM(F20+I20+L20) -> 44820.818
A21: 43785 | B21: Sat | C21: -0.3 | D21: 0.88055556 | E21: =Effort!F19 -> 2195.7856 | F21: =Harvest!F19 -> 32936.785 | G21: =+CPUE!F19 -> 15 | H21: =Effort!H19 -> 2313.9295 | I21: =Harvest!H19 -> 32725.568 | J21: =CPUE!H19 -> 14.142854 | K21: =Effort!J19 -> CLOSED | L21: =Harvest!J19 -> CLOSED | M21: =CPUE!J19 -> CLOSED | N21: =Effort!L19 -> 1903.9513 | O21: =Harvest!L19 -> 28091.085 | P21: =CPUE!L19 -> 14.754098 | Q21: CLOSED | R21: CLOSED | S21: CLOSED | T21: =SUM(E21+H21+N21) -> 6413.6665 | U21: =SUM(F21+I21+O21) -> 93753.437
A22: 43786 | B22: Sun | C22: -0.1 | D22: 0.91597222 | E22: =Effort!F20 -> 196.82442 | F22: =Harvest!F20 -> 2952.3664 | G22: =+CPUE!F20 -> 15 | H22: =Effort!H20 -> 132.16803 | I22: =Harvest!H20 -> 1982.5204 | J22: =CPUE!H20 -> 15 | K22: =Effort!J20 -> 313.91262 | L22: =Harvest!J20 -> 4030.638 | M22: =CPUE!J20 -> 12.84 | N22: =Effort!L20 -> CLOSED | O22: =Harvest!L20 -> CLOSED | P22: =CPUE!L20 -> CLOSED | Q22: CLOSED | R22: CLOSED | S22: CLOSED | T22: =SUM(E22+H22+K22) -> 642.90507 | U22: =SUM(F22+I22+L22) -> 8965.5248
A23: Tide Series Totals | E23: =SUM(E16:E22) -> 6470.037 | F23: =SUM(F16:F22) -> 95874.477 | G23: =+F23/E23 -> 14.818227 | H23: =SUM(H16:H22) -> 6073.3555 | I23: =SUM(I16:I22) -> 87568.821 | J23: =+I23/H23 -> 14.418524 | K23: =SUM(K16:K22) -> 4503.3379 | L23: =SUM(L16:L22) -> 65401.674 | M23: =+L23/K23 -> 14.522933 | N23: =SUM(N16:N22) -> 3459.7986 | O23: =SUM(O16:O22) -> 49393.215 | P23: =+O23/N23 -> 14.276327 | T23: =SUM(T16:T22) -> 20506.529 | U23: =SUM(U16:U22) -> 298238.19
A24: 43793 | B24: Sun | C24: -0.4 | D24: 0.69930556 | E24: =Effort!F22 -> 3014.032 | F24: =Harvest!F22 -> 43477.914 | G24: =+CPUE!F22 -> 14.425167 | H24: =Effort!H22 -> 1264.2011 | I24: =Harvest!H22 -> 15334.262 | J24: =CPUE!H22 -> 12.129607 | K24: =Effort!J22 -> 3356.6175 | L24: =Harvest!J22 -> 47202.433 | M24: =CPUE!J22 -> 14.0625 | N24: =Effort!L22 -> CLOSED | O24: =Harvest!L22 -> CLOSED | P24: =CPUE!L22 -> CLOSED | Q24: CLOSED | R24: CLOSED | S24: CLOSED | T24: =SUM(E24+H24+K24) -> 7634.8506 | U24: =SUM(F24+I24+L24) -> 106014.61
A25: 43794 | B25: Mon | C25: -1 | D25: 0.73194444 | E25: =Effort!F23 -> 1548.579 | F25: =Harvest!F23 -> 23228.685 | G25: =+CPUE!F23 -> 15 | H25: =Effort!H23 -> 942.04166 | I25: =Harvest!H23 -> 13089.421 | J25: =CPUE!H23 -> 13.894737 | K25: =Effort!J23 -> CLOSED | L25: =Harvest!J23 -> CLOSED | M25: =CPUE!J23 -> CLOSED | N25: =Effort!L23 -> 1216.1297 | O25: =Harvest!L23 -> 17468.045 | P25: =CPUE!L23 -> 14.363636 | Q25: CLOSED | R25: CLOSED | S25: CLOSED | T25: =SUM(E25+H25+N25) -> 3706.7504 | U25: =SUM(F25+I25+O25) -> 53786.151
A26: 43795 | B26: Tue | C26: -1.3 | D26: 0.7625 | E26: =Effort!F24 -> 1059.5404 | F26: =Harvest!F24 -> 15759.551 | G26: =+CPUE!F24 -> 14.87395 | H26: =Effort!H24 -> 444.41207 | I26: =Harvest!H24 -> 5558.2494 | J26: =CPUE!H24 -> 12.506972 | K26: =Effort!J24 -> 1179.9715 | L26: =Harvest!J24 -> 17109.587 | M26: =CPUE!J24 -> 14.5 | N26: =Effort!L24 -> CLOSED | O26: =Harvest!L24 -> CLOSED | P26: =CPUE!L24 -> CLOSED | Q26: CLOSED | R26: CLOSED | S26: CLOSED | T26: =SUM(E26+H26+K26) -> 2683.9241 | U26: =SUM(F26+I26+L26) -> 38427.388
A27: 43796 | B27: Wed | C27: -1.4 | D27: 0.79305556 | E27: =Effort!F25 -> 1220.542 | F27: =Harvest!F25 -> 18308.131 | G27: =+CPUE!F25 -> 15 | H27: =Effort!H25 -> 603.11256 | I27: =Harvest!H25 -> 5959.2595 | J27: =CPUE!H25 -> 9.8808413 | K27: =Effort!J25 -> CLOSED | L27: =Harvest!J25 -> CLOSED | M27: =CPUE!J25 -> CLOSED | N27: =Effort!L25 -> 778.58884 | O27: =Harvest!L25 -> 7952.7289 | P27: =CPUE!L25 -> 10.214286 | Q27: CLOSED | R27: CLOSED | S27: CLOSED | T27: =SUM(E27+H27+N27) -> 2602.2434 | U27: =SUM(F27+I27+O27) -> 32220.119
A28: 43797 | B28: Thu | C28: -1.2 | D28: 0.82222222 | E28: =Effort!F26 -> 1458.1812 | F28: =Harvest!F26 -> 21810.001 | G28: =+CPUE!F26 -> 14.95699 | H28: =Effort!H26 -> 611.61736 | I28: =Harvest!H26 -> 7692.1877 | J28: =CPUE!H26 -> 12.576798 | K28: =Effort!J26 -> 1623.9232 | L28: =Harvest!J26 -> 23678.347 | M28: =CPUE!J26 -> 14.580952 | N28: =Effort!L26 -> CLOSED | O28: =Harvest!L26 -> CLOSED | P28: =CPUE!L26 -> CLOSED | Q28: CLOSED | R28: CLOSED | S28: CLOSED | T28: =SUM(E28+H28+K28) -> 3693.7217 | U28: =SUM(F28+I28+L28) -> 53180.536
A29: 43798 | B29: Fri | C29: -0.7 | D29: 0.85208333 | E29: =Effort!F27 -> 3184.498 | F29: =Harvest!F27 -> 47767.47 | G29: =+CPUE!F27 -> 15 | H29: =Effort!H27 -> 1573.572 | I29: =Harvest!H27 -> 22722.739 | J29: =CPUE!H27 -> 14.440228 | K29: =Effort!J27 -> CLOSED | L29: =Harvest!J27 -> CLOSED | M29: =CPUE!J27 -> CLOSED | N29: =Effort!L27 -> 2031.4045 | O29: =Harvest!L27 -> 30323.865 | P29: =CPUE!L27 -> 14.927536 | Q29: CLOSED | R29: CLOSED | S29: CLOSED | T29: =SUM(E29+H29+N29) -> 6789.4745 | U29: =SUM(F29+I29+O29) -> 100814.07
A30: 43799 | B30: Sat | C30: -0.2 | D30: 0.88194444 | E30: =Effort!F28 -> 938.41458 | F30: =Harvest!F28 -> 13922.942 | G30: =+CPUE!F28 -> 14.836664 | H30: =Effort!H28 -> 570.86247 | I30: =Harvest!H28 -> 6866.207 | J30: =CPUE!H28 -> 12.027778 | K30: =Effort!J28 -> 1515.7137 | L30: =Harvest!J28 -> 21135.786 | M30: =CPUE!J28 -> 13.944444 | N30: =Effort!L28 -> CLOSED | O30: =Harvest!L28 -> CLOSED | P30: =CPUE!L28 -> CLOSED | Q30: CLOSED | R30: CLOSED | S30: CLOSED | T30: =SUM(E30+H30+K30) -> 3024.9908 | U30: =SUM(F30+I30+L30) -> 41924.935
A31: Tide Series Totals | E31: =SUM(E24:E30) -> 12423.787 | F31: =SUM(F24:F30) -> 184274.69 | G31: =+F31/E31 -> 14.832409 | H31: =SUM(H24:H30) -> 6009.8192 | I31: =SUM(I24:I30) -> 77222.325 | J31: =+I31/H31 -> 12.849359 | K31: =SUM(K24:K30) -> 7676.2259 | L31: =SUM(L24:L30) -> 109126.15 | M31: =+L31/K31 -> 14.216121 | N31: =SUM(N24:N30) -> 4026.1231 | O31: =SUM(O24:O30) -> 55744.639 | P31: =+O31/N31 -> 13.845736 | T31: =SUM(T24:T30) -> 30135.955 | U31: =SUM(U24:U30) -> 426367.81
A32: 43809 | B32: Tue | C32: -0.2 | D32: 0.72777778 | E32: =Effort!F30 -> 462.8974 | F32: =Harvest!F30 -> 5379.1866 | G32: =+CPUE!F30 -> 11.620689 | H32: =Effort!H30 -> 439.96593 | I32: =Harvest!H30 -> 3919.7424 | J32: =CPUE!H30 -> 8.9091954 | K32: =Effort!J30 -> CLOSED | L32: =Harvest!J30 -> CLOSED | M32: =CPUE!J30 -> CLOSED | N32: =Effort!L30 -> 465.0735 | O32: =Harvest!L30 -> 5404.4749 | P32: =CPUE!L30 -> 11.62069 | Q32: CLOSED | R32: CLOSED | S32: CLOSED | T32: =SUM(E32+H32+N32) -> 1367.9368 | U32: =SUM(F32+I32+O32) -> 14703.404
A33: 43810 | B33: Wed | C33: -0.6 | D33: 0.75416667 | E33: =Effort!F31 -> 165.48695 | F33: =Harvest!F31 -> 634.71077 | G33: =+CPUE!F31 -> 3.8354128 | H33: =Effort!H31 -> 253.86569 | I33: =Harvest!H31 -> 456.95824 | J33: =CPUE!H31 -> 1.8 | K33: =Effort!J31 -> 290.65742 | L33: =Harvest!J31 -> 2252.595 | M33: =CPUE!J31 -> 7.75 | N33: =Effort!L31 -> CLOSED | O33: =Harvest!L31 -> CLOSED | P33: =CPUE!L31 -> CLOSED | Q33: CLOSED | R33: CLOSED | S33: CLOSED | T33: =SUM(E33+H33+K33) -> 710.01006 | U33: =SUM(F33+I33+L33) -> 3344.264
A34: 43811 | B34: Thu | C34: -0.9 | D34: 0.78125 | E34: =Effort!F32 -> 271.60359 | F34: =Harvest!F32 -> 248.96994 | G34: =+CPUE!F32 -> 0.9166666 | H34: =Effort!H32 -> 258.14862 | I34: =Harvest!H32 -> 181.42112 | J34: =CPUE!H32 -> 0.70277778 | K34: =Effort!J32 -> CLOSED | L34: =Harvest!J32 -> CLOSED | M34: =CPUE!J32 -> CLOSED | N34: =Effort!L32 -> 272.88042 | O34: =Harvest!L32 -> 250.14038 | P34: =CPUE!L32 -> 0.91666667 | Q34: CLOSED | R34: CLOSED | S34: CLOSED | T34: =SUM(E34+H34+N34) -> 802.63263 | U34: =SUM(F34+I34+O34) -> 680.53144
A35: 43812 | B35: Fri | C35: -1 | D35: 0.80972222 | E35: =Effort!F33 -> 674.398 | F35: =Harvest!F33 -> 4325.4539 | G35: =+CPUE!F33 -> 6.4138 | H35: =Effort!H33 -> 1034.562 | I35: =Harvest!H33 -> 3114.0984 | J35: =CPUE!H33 -> 3.0100645 | K35: =Effort!J33 -> 1184.4969 | L35: =Harvest!J33 -> 15351.08 | M35: =CPUE!J33 -> 12.96 | N35: =Effort!L33 -> CLOSED | O35: =Harvest!L33 -> CLOSED | P35: =CPUE!L33 -> CLOSED | Q35: CLOSED | R35: CLOSED | S35: CLOSED | T35: =SUM(E35+H35+K35) -> 2893.457 | U35: =SUM(F35+I35+L35) -> 22790.633
A36: 43813 | B36: Sat | C36: -1 | D36: 0.83888889 | E36: =Effort!F34 -> 1668.2524 | F36: =Harvest!F34 -> 24947.955 | G36: =+CPUE!F34 -> 14.954544 | H36: =Effort!H34 -> 1585.6089 | I36: =Harvest!H34 -> 18179.246 | J36: =CPUE!H34 -> 11.465152 | K36: =Effort!J34 -> CLOSED | L36: =Harvest!J34 -> CLOSED | M36: =CPUE!J34 -> CLOSED | N36: =Effort!L34 -> 1676.095 | O36: =Harvest!L34 -> 25065.238 | P36: =CPUE!L34 -> 14.954545 | Q36: CLOSED | R36: CLOSED | S36: CLOSED | T36: =SUM(E36+H36+N36) -> 4929.9562 | U36: =SUM(F36+I36+O36) -> 68192.439
A37: 43814 | B37: Sun | C37: -0.8 | D37: 0.87013889 | E37: =Effort!F35 -> 218.05044 | F37: =Harvest!F35 -> 3270.7566 | G37: =+CPUE!F35 -> 15 | H37: =Effort!H35 -> 334.50085 | I37: =Harvest!H35 -> 5017.5128 | J37: =CPUE!H35 -> 15 | K37: =Effort!J35 -> 382.97872 | L37: =Harvest!J35 -> 5744.6807 | M37: =CPUE!J35 -> 15 | N37: =Effort!L35 -> CLOSED | O37: =Harvest!L35 -> CLOSED | P37: =CPUE!L35 -> CLOSED | Q37: CLOSED | R37: CLOSED | S37: CLOSED | T37: =SUM(E37+H37+K37) -> 935.53001 | U37: =SUM(F37+I37+L37) -> 14032.95
A38: 43815 | B38: Mon | C38: -0.4 | D38: 0.90347222 | E38: =Effort!F36 -> 87.1814 | F38: =Harvest!F36 -> 1307.7209 | G38: =+CPUE!F36 -> 14.999999 | H38: =Effort!H36 -> 82.862521 | I38: =Harvest!H36 -> 952.91899 | J38: =CPUE!H36 -> 11.5 | K38: =Effort!J36 -> CLOSED | L38: =Harvest!J36 -> CLOSED | M38: =CPUE!J36 -> CLOSED | N38: =Effort!L36 -> 87.591244 | O38: =Harvest!L36 -> 1313.8687 | P38: =CPUE!L36 -> 15 | Q38: CLOSED | R38: CLOSED | S38: CLOSED | T38: =SUM(E38+H38+N38) -> 257.63517 | U38: =SUM(F38+I38+O38) -> 3574.5086
A39: Tide Series Totals | E39: =SUM(E32:E38) -> 3547.8702 | F39: =SUM(F32:F38) -> 40114.753 | G39: =+F39/E39 -> 11.306714 | H39: =SUM(H32:H38) -> 3989.5145 | I39: =SUM(I32:I38) -> 31821.898 | J39: =+I39/H39 -> 7.9763836 | K39: =SUM(K32:K38) -> 1858.1331 | L39: =SUM(L32:L38) -> 23348.356 | M39: =+L39/K39 -> 12.565492 | N39: =SUM(N32:N38) -> 2501.6401 | O39: =SUM(O32:O38) -> 32033.722 | P39: =+O39/N39 -> 12.805088 | T39: =SUM(T32:T38) -> 11897.158 | U39: =SUM(U32:U38) -> 127318.73
A40: 43822 | B40: Mon | C40: -0.4 | D40: 0.69097222 | E40: =Effort!F38 -> 1627.0353 | F40: =Harvest!F38 -> 24405.53 | G40: =+CPUE!F38 -> 15 | H40: =Effort!H38 -> 639.19477 | I40: =Harvest!H38 -> 9587.9216 | J40: =CPUE!H38 -> 15 | K40: =Effort!J38 -> CLOSED | L40: =Harvest!J38 -> CLOSED | M40: =CPUE!J38 -> CLOSED | N40: =Effort!L38 -> 1240.07 | O40: =Harvest!L38 -> 18533.41 | P40: =CPUE!L38 -> 14.945455 | Q40: CLOSED | R40: CLOSED | S40: CLOSED | T40: =SUM(E40+H40+N40) -> 3506.3001 | U40: =SUM(F40+I40+O40) -> 52526.862
A41: 43825 | B41: Thu | C41: -1.1 | D41: 0.78263889 | E41: =Effort!F39 -> 1648.2925 | F41: =Harvest!F39 -> 18074.415 | G41: =+CPUE!F39 -> 10.965538 | H41: =Effort!H39 -> 1586.9084 | I41: =Harvest!H39 -> 15869.084 | J41: =CPUE!H39 -> 10 | K41: =Effort!J39 -> 1843.1761 | L41: =Harvest!J39 -> 16165.561 | M41: =CPUE!J39 -> 8.7704918 | N41: =Effort!L39 -> CLOSED | O41: =Harvest!L39 -> CLOSED | P41: =CPUE!L39 -> CLOSED | Q41: CLOSED | R41: CLOSED | S41: CLOSED | T41: =SUM(E41+H41+K41) -> 5078.377 | U41: =SUM(F41+I41+L41) -> 50109.06
A42: 43826 | B42: Fri | C42: -0.9 | D42: 0.80972222 | E42: =Effort!F40 -> 2566.0581 | F42: =Harvest!F40 -> 16679.377 | G42: =+CPUE!F40 -> 6.5 | H42: =Effort!H40 -> 1008.0979 | I42: =Harvest!H40 -> 6581.1674 | J42: =CPUE!H40 -> 6.5283019 | K42: =Effort!J40 -> CLOSED | L42: =Harvest!J40 -> CLOSED | M42: =CPUE!J40 -> CLOSED | N42: =Effort!L40 -> 1955.7607 | O42: =Harvest!L40 -> 5893.7112 | P42: =CPUE!L40 -> 3.0135135 | Q42: CLOSED | R42: CLOSED | S42: CLOSED | T42: =SUM(E42+H42+N42) -> 5529.9166 | U42: =SUM(F42+I42+O42) -> 29154.256
A43: 43827 | B43: Sat | C43: -0.6 | D43: 0.83680556 | E43: =Effort!F41 -> 1048.7062 | F43: =Harvest!F41 -> 14362.715 | G43: =+CPUE!F41 -> 13.695652 | H43: =Effort!H41 -> 1335.2727 | I43: =Harvest!H41 -> 17672.727 | J43: =CPUE!H41 -> 13.235294 | K43: =Effort!J41 -> 1550.9041 | L43: =Harvest!J41 -> 13464.667 | M43: =CPUE!J41 -> 8.6818182 | N43: =Effort!L41 -> CLOSED | O43: =Harvest!L41 -> CLOSED | P43: =CPUE!L41 -> CLOSED | Q43: CLOSED | R43: CLOSED | S43: CLOSED | T43: =SUM(E43+H43+K43) -> 3934.8829 | U43: =SUM(F43+I43+L43) -> 45500.109
A44: 43828 | B44: Sun | C44: -0.2 | D44: 0.86319444 | E44: =Effort!F42 -> 732.64174 | F44: =Harvest!F42 -> 9817.3993 | G44: =+CPUE!F42 -> 13.4 | H44: =Effort!H42 -> 287.82458 | I44: =Harvest!H42 -> 3856.8494 | J44: =CPUE!H42 -> 13.4 | K44: =Effort!J42 -> CLOSED | L44: =Harvest!J42 -> CLOSED | M44: =CPUE!J42 -> CLOSED | N44: =Effort!L42 -> 558.39418 | O44: =Harvest!L42 -> 7496.0189 | P44: =CPUE!L42 -> 13.424242 | Q44: CLOSED | R44: CLOSED | S44: CLOSED | T44: =SUM(E44+H44+N44) -> 1578.8605 | U44: =SUM(F44+I44+O44) -> 21170.268
A45: Tide Series Totals | E45: =SUM(E40:E44) -> 7622.7338 | F45: =SUM(F40:F44) -> 83339.437 | G45: =+F45/E45 -> 10.933012 | H45: =SUM(H40:H44) -> 4857.2984 | I45: =SUM(I40:I44) -> 53567.75 | J45: =+I45/H45 -> 11.028301 | K45: =SUM(K40:K44) -> 3394.0801 | L45: =SUM(L40:L44) -> 29630.228 | M45: =+L45/K45 -> 8.7299729 | N45: =SUM(N40:N44) -> 3754.2249 | O45: =SUM(O40:O44) -> 31923.14 | P45: =+O45/N45 -> 8.5032574 | T45: =SUM(T40:T44) -> 19628.337 | U45: =SUM(U40:U44) -> 198460.55
A46: 43838 | B46: Wed | C46: -0.3 | D46: 0.71180556 | E46: =Effort!F44 -> 497.30939 | F46: =Harvest!F44 -> 7459.6408 | G46: =CPUE!F44 -> 15 | H46: =Effort!H44 -> 218.44573 | I46: =Harvest!H44 -> 3276.686 | J46: =CPUE!H44 -> 15 | K46: =Effort!J44 -> CLOSED | L46: =Harvest!J44 -> CLOSED | M46: =CPUE!J44 -> CLOSED | N46: =Effort!L44 -> 255.47446 | O46: =Harvest!L44 -> 3715.9922 | P46: =CPUE!L44 -> 14.545455 | Q46: CLOSED | R46: CLOSED | S46: CLOSED | T46: =SUM(E46+H46+N46) -> 971.22958 | U46: =SUM(F46+I46+O46) -> 14452.319
A47: 43839 | B47: Thu | C47: -0.8 | D47: 0.74097222 | E47: =Effort!F45 -> 505.93325 | F47: =Harvest!F45 -> 7588.9987 | G47: =CPUE!F45 -> 15 | H47: =Effort!H45 -> 519.77399 | I47: =Harvest!H45 -> 7781.3224 | J47: =CPUE!H45 -> 14.970588 | K47: =Effort!J45 -> 1027.6243 | L47: =Harvest!J45 -> 15414.365 | M47: =CPUE!J45 -> 15 | N47: =Effort!L45 -> CLOSED | O47: =Harvest!L45 -> CLOSED | P47: =CPUE!L45 -> CLOSED | Q47: CLOSED | R47: CLOSED | S47: CLOSED | T47: =SUM(E47+H47+K47) -> 2053.3316 | U47: =SUM(F47+I47+L47) -> 30784.686
A48: 43840 | B48: Fri | C48: -1.2 | D48: 0.77013889 | E48: =Effort!F46 -> 752.6896 | F48: =Harvest!F46 -> 3763.448 | G48: =CPUE!F46 -> 5 | H48: =Effort!H46 -> 330.62282 | I48: =Harvest!H46 -> 1653.1141 | J48: =CPUE!H46 -> 5 | K48: =Effort!J46 -> CLOSED | L48: =Harvest!J46 -> CLOSED | M48: =CPUE!J46 -> CLOSED | N48: =Effort!L46 -> 386.66668 | O48: =Harvest!L46 -> 880.74078 | P48: =CPUE!L46 -> 2.2777778 | Q48: CLOSED | R48: CLOSED | S48: CLOSED | T48: =SUM(E48+H48+N48) -> 1469.9791 | U48: =SUM(F48+I48+O48) -> 6297.3029
A49: 43841 | B49: Sat | C49: -1.4 | D49: 0.79930556 | E49: =Effort!F47 -> 0 | F49: =Harvest!F47 -> 0 | G49: =CPUE!F47 -> 0 | H49: =Effort!H47 -> 0 | I49: =Harvest!H47 -> 0 | J49: =CPUE!H47 -> 0 | K49: =Effort!J47 -> 0 | L49: =Harvest!J47 -> 0 | M49: =CPUE!J47 -> 0 | N49: =Effort!L47 -> CLOSED | O49: =Harvest!L47 -> CLOSED | P49: =CPUE!L47 -> CLOSED | Q49: CLOSED | R49: CLOSED | S49: CLOSED | T49: =SUM(E49+H49+K49) -> 0 | U49: =SUM(F49+I49+L49) -> 0
A50: 43842 | B50: Sun | C50: -1.3 | D50: 0.82847222 | E50: =Effort!F48 -> 0 | F50: =Harvest!F48 -> 0 | G50: =CPUE!F48 -> 0 | H50: =Effort!H48 -> 0 | I50: =Harvest!H48 -> 0 | J50: =CPUE!H48 -> 0 | K50: =Effort!J48 -> CLOSED | L50: =Harvest!J48 -> CLOSED | M50: =CPUE!J48 -> CLOSED | N50: =Effort!L48 -> 0 | O50: =Harvest!L48 -> 0 | P50: =CPUE!L48 -> 0 | Q50: CLOSED | R50: CLOSED | S50: CLOSED | T50: =SUM(E50+H50+N50) -> 0 | U50: =SUM(F50+I50+O50) -> 0
A51: 43843 | B51: Mon | C51: -1.2 | D51: 0.85833333 | E51: =Effort!F49 -> 50.266807 | F51: =Harvest!F49 -> 754.0021 | G51: =CPUE!F49 -> 15 | H51: =Effort!H49 -> 29.795158 | I51: =Harvest!H49 -> 335.19553 | J51: =CPUE!H49 -> 11.25 | K51: =Effort!J49 -> 131.62706 | L51: =Harvest!J49 -> 1974.4059 | M51: =CPUE!J49 -> 15 | N51: =Effort!L49 -> CLOSED | O51: =Harvest!L49 -> CLOSED | P51: =CPUE!L49 -> CLOSED | Q51: CLOSED | R51: CLOSED | S51: CLOSED | T51: =SUM(E51+H51+K51) -> 211.68902 | U51: =SUM(F51+I51+L51) -> 3063.6035
A52: 43844 | B52: Tue | C52: -0.5 | D52: 0.88888889 | E52: =Effort!F50 -> 42.394431 | F52: =Harvest!F50 -> 635.91646 | G52: =CPUE!F50 -> 15 | H52: =Effort!H50 -> 18.621974 | I52: =Harvest!H50 -> 279.32961 | J52: =CPUE!H50 -> 15 | K52: =Effort!J50 -> CLOSED | L52: =Harvest!J50 -> CLOSED | M52: =CPUE!J50 -> CLOSED | N52: =Effort!L50 -> 21.778584 | O52: =Harvest!L50 -> 326.67877 | P52: =CPUE!L50 -> 15 | Q52: CLOSED | R52: CLOSED | S52: CLOSED | T52: =SUM(E52+H52+N52) -> 82.794989 | U52: =SUM(F52+I52+O52) -> 1241.9248
A53: Tide Series Totals | E53: =SUM(E46:E52) -> 1848.5935 | F53: =SUM(F46:F52) -> 20202.006 | G53: =F53/E53 -> 10.928312 | H53: =SUM(H46:H52) -> 1117.2597 | I53: =SUM(I46:I52) -> 13325.648 | J53: =I53/H53 -> 11.927082 | K53: =SUM(K46:K52) -> 1159.2514 | L53: =SUM(L46:L52) -> 17388.771 | M53: =L53/K53 -> 15 | N53: =SUM(N46:N52) -> 663.91973 | O53: =SUM(O46:O52) -> 4923.4117 | P53: =O53/N53 -> 7.4156732 | T53: =SUM(T46:T52) -> 4789.0243 | U53: =SUM(U46:U52) -> 55839.836
A54: 43851 | B54: Tue | C54: -0.1 | D54: 0.68263889 | E54: =Effort!F52 -> 398.7099 | F54: =Harvest!F52 -> 4425.6798 | G54: =CPUE!F52 -> 11.1 | H54: =Effort!H52 -> 297.28274 | I54: =Harvest!H52 -> 686.0371 | J54: =CPUE!H52 -> 2.3076923 | K54: =Effort!J52 -> CLOSED | L54: =Harvest!J52 -> CLOSED | M54: =CPUE!J52 -> CLOSED | N54: =Effort!L52 -> 246.35037 | O54: =Harvest!L52 -> 1524.2929 | P54: =CPUE!L52 -> 6.1875 | Q54: CLOSED | R54: CLOSED | S54: CLOSED | T54: =SUM(E54+H54+N54) -> 942.34302 | U54: =SUM(F54+I54+O54) -> 6636.0099
A55: 43852 | B55: Wed | C55: -0.5 | D55: 0.71527778 | E55: =Effort!F53 -> 274.26622 | F55: =Harvest!F53 -> 1371.3311 | G55: =CPUE!F53 -> 5 | H55: =Effort!H53 -> 141.59541 | I55: =Harvest!H53 -> 707.97705 | J55: =CPUE!H53 -> 5 | K55: =Effort!J53 -> 278.08472 | L55: =Harvest!J53 -> 1243.2023 | M55: =CPUE!J53 -> 4.4705882 | N55: =Effort!L53 -> CLOSED | O55: =Harvest!L53 -> CLOSED | P55: =CPUE!L53 -> CLOSED | Q55: CLOSED | R55: CLOSED | S55: CLOSED | T55: =SUM(E55+H55+K55) -> 693.94635 | U55: =SUM(F55+I55+L55) -> 3322.5104
A56: 43853 | B56: Thu | C56: -0.6 | D56: 0.74513889 | E56: =Effort!F54 -> 89.801143 | F56: =Harvest!F54 -> 89.801143 | G56: =CPUE!F54 -> 1 | H56: =Effort!H54 -> 55.143749 | I56: =Harvest!H54 -> 55.143749 | J56: =CPUE!H54 -> 1 | K56: =Effort!J54 -> CLOSED | L56: =Harvest!J54 -> CLOSED | M56: =CPUE!J54 -> CLOSED | N56: =Effort!L54 -> 64.761908 | O56: =Harvest!L54 -> 30.476192 | P56: =CPUE!L54 -> 0.47058824 | Q56: CLOSED | R56: CLOSED | S56: CLOSED | T56: =SUM(E56+H56+N56) -> 209.7068 | U56: =SUM(F56+I56+O56) -> 175.42108
A57: 43854 | B57: Fri | C57: -0.6 | D57: 0.77222222 | E57: =Effort!F55 -> 678.41049 | F57: =Harvest!F55 -> 8140.9259 | G57: =CPUE!F55 -> 12 | H57: =Effort!H55 -> 350.24296 | I57: =Harvest!H55 -> 758.85974 | J57: =CPUE!H55 -> 2.1666667 | K57: =Effort!J55 -> 687.85575 | L57: =Harvest!J55 -> 5645.161 | M57: =CPUE!J55 -> 8.2068966 | N57: =Effort!L55 -> CLOSED | O57: =Harvest!L55 -> CLOSED | P57: =CPUE!L55 -> CLOSED | Q57: CLOSED | R57: CLOSED | S57: CLOSED | T57: =SUM(E57+H57+K57) -> 1716.5092 | U57: =SUM(F57+I57+L57) -> 14544.947
A58: 43855 | B58: Sat | C58: -0.5 | D58: 0.79722222 | E58: =Effort!F56 -> 1409.3855 | F58: =Harvest!F56 -> 17899.196 | G58: =CPUE!F56 -> 12.7 | H58: =Effort!H56 -> 865.45449 | I58: =Harvest!H56 -> 3417.4357 | J58: =CPUE!H56 -> 3.9487179 | K58: =Effort!J56 -> CLOSED | L58: =Harvest!J56 -> CLOSED | M58: =CPUE!J56 -> CLOSED | N58: =Effort!L56 -> 1016.4068 | O58: =Harvest!L56 -> 8554.7576 | P58: =CPUE!L56 -> 8.4166667 | Q58: CLOSED | R58: CLOSED | S58: CLOSED | T58: =SUM(E58+H58+N58) -> 3291.2469 | U58: =SUM(F58+I58+O58) -> 29871.39
A59: 43856 | B59: Sun | C59: -0.3 | D59: 0.82083333 | E59: =Effort!F57 -> 155.93409 | F59: =Harvest!F57 -> 1559.3409 | G59: =CPUE!F57 -> 10 | H59: =Effort!H57 -> 80.504086 | I59: =Harvest!H57 -> 805.04086 | J59: =CPUE!H57 -> 10 | K59: =Effort!J57 -> 158.1051 | L59: =Harvest!J57 -> 1488.3687 | M59: =CPUE!J57 -> 9.4137931 | N59: =Effort!L57 -> CLOSED | O59: =Harvest!L57 -> CLOSED | P59: =CPUE!L57 -> CLOSED | Q59: CLOSED | R59: CLOSED | S59: CLOSED | T59: =SUM(E59+H59+K59) -> 394.54328 | U59: =SUM(F59+I59+L59) -> 3852.7505
A60: Tide Series Totals | E60: =SUM(E54:E59) -> 3006.5074 | F60: =SUM(F54:F59) -> 33486.275 | G60: =F60/E60 -> 11.137932 | H60: =SUM(H54:H59) -> 1790.2234 | I60: =SUM(I54:I59) -> 6430.4942 | J60: =I60/H60 -> 3.5920065 | K60: =SUM(K54:K59) -> 1124.0456 | L60: =SUM(L54:L59) -> 8376.732 | M60: =L60/K60 -> 7.4523064 | N60: =SUM(N54:N59) -> 1327.5191 | O60: =SUM(O54:O59) -> 10109.527 | P60: =O60/N60 -> 7.615353 | T60: =SUM(T54:T59) -> 7248.2955 | U60: =SUM(U54:U59) -> 58403.028
A61: 43867 | B61: Thu | C61: -0.3 | D61: 0.69444444 | E61: =Effort!F59 -> 426.00803 | F61: =Harvest!F59 -> 5751.1084 | G61: =CPUE!F59 -> 13.5 | H61: =Effort!H59 -> 266.70759 | I61: =Harvest!H59 -> 3467.1986 | J61: =CPUE!H59 -> 13 | K61: =Effort!J59 -> CLOSED | L61: =Harvest!J59 -> CLOSED | M61: =CPUE!J59 -> CLOSED | N61: =Effort!L59 -> 225.88236 | O61: =Harvest!L59 -> 2871.9329 | P61: =CPUE!L59 -> 12.714286 | Q61: CLOSED | R61: CLOSED | S61: CLOSED | T61: =SUM(E61+H61+N61) -> 918.59798 | U61: =SUM(F61+I61+O61) -> 12090.24
A62: 43868 | B62: Fri | C62: -0.9 | D62: 0.72638889 | E62: =Effort!F60 -> 1292.4207 | F62: =Harvest!F60 -> 17469.962 | G62: =CPUE!F60 -> 13.517241 | H62: =Effort!H60 -> 494.67004 | I62: =Harvest!H60 -> 6925.3805 | J62: =CPUE!H60 -> 14 | K62: =Effort!J60 -> 883.55453 | L62: =Harvest!J60 -> 12744.605 | M62: =CPUE!J60 -> 14.424242 | N62: =Effort!L60 -> CLOSED | O62: =Harvest!L60 -> CLOSED | P62: =CPUE!L60 -> CLOSED | Q62: CLOSED | R62: CLOSED | S62: CLOSED | T62: =SUM(E62+H62+K62) -> 2670.6452 | U62: =SUM(F62+I62+L62) -> 37139.947
A63: 43869 | B63: Sat | C63: -1.3 | D63: 0.75625 | E63: =Effort!F61 -> 7496.8358 | F63: =Harvest!F61 -> 101207.28 | G63: =CPUE!F61 -> 13.5 | H63: =Effort!H61 -> 4693.4866 | I63: =Harvest!H61 -> 63362.069 | J63: =CPUE!H61 -> 13.5 | K63: =Effort!J61 -> CLOSED | L63: =Harvest!J61 -> CLOSED | M63: =CPUE!J61 -> CLOSED | N63: =Effort!L61 -> 3975.0495 | O63: =Harvest!L61 -> 53317.511 | P63: =CPUE!L61 -> 13.413043 | Q63: CLOSED | R63: CLOSED | S63: CLOSED | T63: =SUM(E63+H63+N63) -> 16165.372 | U63: =SUM(F63+I63+O63) -> 217886.86
A64: 43870 | B64: Sun | C64: -1.4 | D64: 0.78541667 | E64: =Effort!F62 -> 4574.289 | F64: =Harvest!F62 -> 64040.047 | G64: =CPUE!F62 -> 14 | H64: =Effort!H62 -> 1750.7951 | I64: =Harvest!H62 -> 24511.131 | J64: =CPUE!H62 -> 14 | K64: =Effort!J62 -> 3127.1813 | L64: =Harvest!J62 -> 45677.354 | M64: =CPUE!J62 -> 14.606557 | N64: =Effort!L62 -> CLOSED | O64: =Harvest!L62 -> CLOSED | P64: =CPUE!L62 -> CLOSED | Q64: CLOSED | R64: CLOSED | S64: CLOSED | T64: =SUM(E64+H64+K64) -> 9452.2654 | U64: =SUM(F64+I64+L64) -> 134228.53
A65: 43871 | B65: Mon | C65: -1.3 | D65: 0.81388889 | E65: =Effort!F63 -> 1371.6167 | F65: =Harvest!F63 -> 13716.167 | G65: =CPUE!F63 -> 10 | H65: =Effort!H63 -> 858.71757 | I65: =Harvest!H63 -> 8587.1757 | J65: =CPUE!H63 -> 10 | K65: =Effort!J63 -> CLOSED | L65: =Harvest!J63 -> CLOSED | M65: =CPUE!J63 -> CLOSED | N65: =Effort!L63 -> 727.27273 | O65: =Harvest!L63 -> 8669.0909 | P65: =CPUE!L63 -> 11.92 | Q65: CLOSED | R65: CLOSED | S65: CLOSED | T65: =SUM(E65+H65+N65) -> 2957.607 | U65: =SUM(F65+I65+O65) -> 30972.434
A66: 43872 | B66: Tue | C66: -0.8 | D66: 0.84236111 | E66: =Effort!F64 -> 72.706397 | F66: =Harvest!F64 -> 1090.596 | G66: =CPUE!F64 -> 15 | H66: =Effort!H64 -> 168.25398 | I66: =Harvest!H64 -> 1648.889 | J66: =CPUE!H64 -> 9.8 | K66: =Effort!J64 -> 300.52672 | L66: =Harvest!J64 -> 4507.9008 | M66: =CPUE!J64 -> 15 | N66: =Effort!L64 -> CLOSED | O66: =Harvest!L64 -> CLOSED | P66: =CPUE!L64 -> CLOSED | Q66: CLOSED | R66: CLOSED | S66: CLOSED | T66: =SUM(E66+H66+K66) -> 541.48709 | U66: =SUM(F66+I66+L66) -> 7247.3857
A67: 43873 | B67: Wed | C67: -0.1 | D67: 0.87152778 | E67: =Effort!F65 -> 192.81513 | F67: =Harvest!F65 -> 1928.1513 | G67: =CPUE!F65 -> 10 | H67: =Effort!H65 -> 120.71429 | I67: =Harvest!H65 -> 1383.5715 | J67: =CPUE!H65 -> 11.461538 | K67: =Effort!J65 -> CLOSED | L67: =Harvest!J65 -> CLOSED | M67: =CPUE!J65 -> CLOSED | N67: =Effort!L65 -> 102.23642 | O67: =Harvest!L65 -> 869.00959 | P67: =CPUE!L65 -> 8.5 | Q67: CLOSED | R67: CLOSED | S67: CLOSED | T67: =SUM(E67+H67+N67) -> 415.76584 | U67: =SUM(F67+I67+O67) -> 4180.7324
A68: Tide Series Totals | E68: =SUM(E61:E67) -> 15426.692 | F68: =SUM(F61:F67) -> 205203.32 | G68: =F68/E68 -> 13.301835 | H68: =SUM(H61:H67) -> 8353.3451 | I68: =SUM(I61:I67) -> 109885.42 | J68: =I68/H68 -> 13.15466 | K68: =SUM(K61:K67) -> 4311.2626 | L68: =SUM(L61:L67) -> 62929.859 | M68: =L68/K68 -> 14.596619 | N68: =SUM(N61:N67) -> 5030.441 | O68: =SUM(O61:O67) -> 65727.545 | P68: =O68/N68 -> 13.065961 | T68: =SUM(T61:T67) -> 33121.741 | U68: =SUM(U61:U67) -> 443746.13
A69: 43881 | B69: Thu | C69: 0 | D69: 0.70416667 | E69: =Effort!F67 -> 1431.3496 | F69: =Harvest!F67 -> 21470.244 | G69: =CPUE!F67 -> 15 | H69: =Effort!H67 -> 1303.5753 | I69: =Harvest!H67 -> 19553.63 | J69: =CPUE!H67 -> 15 | K69: =Effort!J67 -> 1922.165 | L69: =Harvest!J67 -> 28747.046 | M69: =CPUE!J67 -> 14.955556 | N69: =Effort!L67 -> CLOSED | O69: =Harvest!L67 -> CLOSED | P69: =CPUE!L67 -> CLOSED | Q69: CLOSED | R69: CLOSED | S69: CLOSED | T69: =SUM(E69+H69+K69) -> 4657.09 | U69: =SUM(F69+I69+L69) -> 69770.92
A70: 43882 | B70: Fri | C70: -0.1 | D70: 0.73263889 | E70: =Effort!F68 -> 1886.0757 | F70: =Harvest!F68 -> 28291.136 | G70: =CPUE!F68 -> 15 | H70: =Effort!H68 -> 1355.677 | I70: =Harvest!H68 -> 20335.154 | J70: =CPUE!H68 -> 15 | K70: =Effort!J68 -> CLOSED | L70: =Harvest!J68 -> CLOSED | M70: =CPUE!J68 -> CLOSED | N70: =Effort!L68 -> 1836.0157 | O70: =Harvest!L68 -> 26877.229 | P70: =CPUE!L68 -> 14.638889 | Q70: CLOSED | R70: CLOSED | S70: CLOSED | T70: =SUM(E70+H70+N70) -> 5077.7683 | U70: =SUM(F70+I70+O70) -> 75503.519
A71: 43883 | B71: Sat | C71: -0.2 | D71: 0.75763889 | E71: =Effort!F69 -> 3962.0179 | F71: =Harvest!F69 -> 39620.179 | G71: =CPUE!F69 -> 10 | H71: =Effort!H69 -> 2740.4955 | I71: =Harvest!H69 -> 25238.051 | J71: =CPUE!H69 -> 9.2093023 | K71: =Effort!J69 -> 5320.6096 | L71: =Harvest!J69 -> 55562.366 | M71: =CPUE!J69 -> 10.442857 | N71: =Effort!L69 -> CLOSED | O71: =Harvest!L69 -> CLOSED | P71: =CPUE!L69 -> CLOSED | Q71: CLOSED | R71: CLOSED | S71: CLOSED | T71: =SUM(E71+H71+K71) -> 12023.123 | U71: =SUM(F71+I71+L71) -> 120420.6
A72: 43884 | B72: Sun | C72: -0.1 | D72: 0.78055556 | E72: =Effort!F70 -> 215.6742 | F72: =Harvest!F70 -> 431.3484 | G72: =CPUE!F70 -> 2 | H72: =Effort!H70 -> 155.0227 | I72: =Harvest!H70 -> 310.04539 | J72: =CPUE!H70 -> 2 | K72: =Effort!J70 -> CLOSED | L72: =Harvest!J70 -> CLOSED | M72: =CPUE!J70 -> CLOSED | N72: =Effort!L70 -> 209.9498 | O72: =Harvest!L70 -> 451.39206 | P72: =CPUE!L70 -> 2.15 | Q72: CLOSED | R72: CLOSED | S72: CLOSED | T72: =SUM(E72+H72+N72) -> 580.64669 | U72: =SUM(F72+I72+O72) -> 1192.7859
A73: Tide Series Totals | E73: =SUM(E69:E72) -> 7495.1174 | F73: =SUM(F69:F72) -> 89812.907 | G73: =F73/E73 -> 11.982855 | H73: =SUM(H69:H72) -> 5554.7704 | I73: =SUM(I69:I72) -> 65436.881 | J73: =I73/H73 -> 11.780303 | K73: =SUM(K69:K72) -> 7242.7746 | L73: =SUM(L69:L72) -> 84309.412 | M73: =L73/K73 -> 11.640485 | N73: =SUM(N69:N72) -> 2045.9655 | O73: =SUM(O69:O72) -> 27328.621 | P73: =O73/N73 -> 13.357323 | T73: =SUM(T69:T72) -> 22338.628 | U73: =SUM(U69:U72) -> 266887.82
A74: 43896 | B74: Fri | C74: -0.2 | D74: 0.67430556 | E74: =Effort!F72 -> 2322.2782 | F74: =Harvest!F72 -> 34834.173 | G74: =CPUE!F72 -> 15 | H74: =Effort!H72 -> 1392.1459 | I74: =Harvest!H72 -> 20882.189 | J74: =CPUE!H72 -> 15 | K74: =Effort!J72 -> CLOSED | L74: =Harvest!J72 -> CLOSED | M74: =CPUE!J72 -> CLOSED | N74: =Effort!L72 -> 1719.1237 | O74: =Harvest!L72 -> 25438.384 | P74: =CPUE!L72 -> 14.797297 | Q74: CLOSED | R74: CLOSED | S74: CLOSED | T74: =SUM(E74+H74+N74) -> 5433.5478 | U74: =SUM(F74+I74+O74) -> 81154.746
A75: 43897 | B75: Sat | C75: -0.7 | D75: 0.70763889 | E75: =Effort!F73 -> 6482.972 | F75: =Harvest!F73 -> 97244.58 | G75: =CPUE!F73 -> 15 | H75: =Effort!H73 -> 3916.6164 | I75: =Harvest!H73 -> 58749.246 | J75: =CPUE!H73 -> 15 | K75: =Effort!J73 -> 6022.8431 | L75: =Harvest!J73 -> 88426.288 | M75: =CPUE!J73 -> 14.681818 | N75: =Effort!L73 -> CLOSED | O75: =Harvest!L73 -> CLOSED | P75: =CPUE!L73 -> CLOSED | Q75: CLOSED | R75: CLOSED | S75: CLOSED | T75: =SUM(E75+H75+K75) -> 16422.431 | U75: =SUM(F75+I75+L75) -> 244420.11
A76: 43898 | B76: Sun | C76: -1 | D76: 0.77986111 | E76: =Effort!F74 -> 3972.1467 | F76: =Harvest!F74 -> 59582.2 | G76: =CPUE!F74 -> 15 | H76: =Effort!H74 -> 2381.1996 | I76: =Harvest!H74 -> 35717.994 | J76: =CPUE!H74 -> 15 | K76: =Effort!J74 -> CLOSED | L76: =Harvest!J74 -> CLOSED | M76: =CPUE!J74 -> CLOSED | N76: =Effort!L74 -> 2940.4795 | O76: =Harvest!L74 -> 40554.114 | P76: =CPUE!L74 -> 13.791667 | Q76: CLOSED | R76: CLOSED | S76: CLOSED | T76: =SUM(E76+H76+N76) -> 9293.8258 | U76: =SUM(F76+I76+O76) -> 135854.31
A77: 43899 | B77: Mon | C77: -1 | D77: 0.80902778 | E77: =Effort!F75 -> 1544.7438 | F77: =Harvest!F75 -> 23171.158 | G77: =CPUE!F75 -> 15 | H77: =Effort!H75 -> 1104.8565 | I77: =Harvest!H75 -> 16572.848 | J77: =CPUE!H75 -> 15 | K77: =Effort!J75 -> 1699.0118 | L77: =Harvest!J75 -> 25093.098 | M77: =CPUE!J75 -> 14.769231 | N77: =Effort!L75 -> CLOSED | O77: =Harvest!L75 -> CLOSED | P77: =CPUE!L75 -> CLOSED | Q77: CLOSED | R77: CLOSED | S77: CLOSED | T77: =SUM(E77+H77+K77) -> 4348.6122 | U77: =SUM(F77+I77+L77) -> 64837.104
A78: 43900 | B78: Tue | C78: -0.8 | D78: 0.8375 | E78: =Effort!F76 -> 774.19777 | F78: =Harvest!F76 -> 11612.966 | G78: =CPUE!F76 -> 15 | H78: =Effort!H76 -> 464.11162 | I78: =Harvest!H76 -> 6961.6742 | J78: =CPUE!H76 -> 15 | K78: =Effort!J76 -> CLOSED | L78: =Harvest!J76 -> CLOSED | M78: =CPUE!J76 -> CLOSED | N78: =Effort!L76 -> 573.11899 | O78: =Harvest!L76 -> 8376.3545 | P78: =CPUE!L76 -> 14.615385 | Q78: CLOSED | R78: CLOSED | S78: CLOSED | T78: =SUM(E78+H78+N78) -> 1811.4284 | U78: =SUM(F78+I78+O78) -> 26950.995
A79: 43901 | B79: Wed | C79: -0.2 | D79: 0.86527778 | E79: =Effort!F77 -> 565.37641 | F79: =Harvest!F77 -> 5653.7641 | G79: =CPUE!F77 -> 10 | H79: =Effort!H77 -> 341.56595 | I79: =Harvest!H77 -> 2390.9617 | J79: =CPUE!H77 -> 7 | K79: =Effort!J77 -> 525.24883 | L79: =Harvest!J77 -> 6769.8737 | M79: =CPUE!J77 -> 12.888889 | N79: =Effort!L77 -> CLOSED | O79: =Harvest!L77 -> CLOSED | P79: =CPUE!L77 -> CLOSED | Q79: CLOSED | R79: CLOSED | S79: CLOSED | T79: =SUM(E79+H79+K79) -> 1432.1912 | U79: =SUM(F79+I79+L79) -> 14814.6
A80: Tide Series Totals | E80: =SUM(E74:E79) -> 15661.715 | F80: =SUM(F74:F79) -> 232098.84 | G80: =F80/E80 -> 14.819504 | H80: =SUM(H74:H79) -> 9600.496 | I80: =SUM(I74:I79) -> 141274.91 | J80: =I80/H80 -> 14.715376 | K80: =SUM(K74:K79) -> 8247.1038 | L80: =SUM(L74:L79) -> 120289.26 | M80: =L80/K80 -> 14.585637 | N80: =SUM(N74:N79) -> 5232.7222 | O80: =SUM(O74:O79) -> 74368.853 | P80: =O80/N80 -> 14.212268 | T80: =SUM(T74:T79) -> 38742.037 | U80: =SUM(U74:U79) -> 568031.86
A81: 43910 | B81: Fri | C81: 0.4 | D81: 0.72708333 | E81: =Effort!F79 -> 0 | F81: =Harvest!F79 -> 0 | G81: =CPUE!F79 -> 0 | H81: =Effort!H79 -> 0 | I81: =Harvest!H79 -> 0 | J81: =CPUE!H79 -> 0 | K81: =Effort!J79 -> CLOSED | L81: =Harvest!J79 -> CLOSED | M81: =CPUE!J79 -> CLOSED | N81: =Effort!L79 -> 0 | O81: =Harvest!L79 -> 0 | P81: =CPUE!L79 -> 0 | Q81: CLOSED | R81: CLOSED | S81: CLOSED | T81: =SUM(E81+H81+N81) -> 0 | U81: =SUM(F81+I81+O81) -> 0
A82: 43911 | B82: Sat | C82: 0.4 | D82: 0.75486111 | E82: =Effort!F80 -> 0 | F82: =Harvest!F80 -> 0 | G82: =CPUE!F80 -> 0 | H82: =Effort!H80 -> 0 | I82: =Harvest!H80 -> 0 | J82: =CPUE!H80 -> 0 | K82: =Effort!J80 -> 0 | L82: =Harvest!J80 -> 0 | M82: =CPUE!J80 -> 0 | N82: =Effort!L80 -> CLOSED | O82: =Harvest!L80 -> CLOSED | P82: =CPUE!L80 -> CLOSED | Q82: CLOSED | R82: CLOSED | S82: CLOSED | T82: =SUM(E82+H82+K82) -> 0 | U82: =SUM(F82+I82+L82) -> 0
A83: 43912 | B83: Sun | C83: 0.4 | D83: 0.77847222 | E83: =Effort!F81 -> 0 | F83: =Harvest!F81 -> 0 | G83: =CPUE!F81 -> 0 | H83: =Effort!H81 -> 0 | I83: =Harvest!H81 -> 0 | J83: =CPUE!H81 -> 0 | K83: =Effort!J81 -> CLOSED | L83: =Harvest!J81 -> CLOSED | M83: =CPUE!J81 -> CLOSED | N83: =Effort!L81 -> 0 | O83: =Harvest!L81 -> 0 | P83: =CPUE!L81 -> 0 | Q83: CLOSED | R83: CLOSED | S83: CLOSED | T83: =SUM(E83+H83+N83) -> 0 | U83: =SUM(F83+I83+O83) -> 0
A84: 43913 | B84: Mon | C84: 0.5 | D84: 0.8 | E84: =Effort!F82 -> 0 | F84: =Harvest!F82 -> 0 | G84: =CPUE!F82 -> 0 | H84: =Effort!H82 -> 0 | I84: =Harvest!H82 -> 0 | J84: =CPUE!H82 -> 0 | K84: =Effort!J82 -> 0 | L84: =Harvest!J82 -> 0 | M84: =CPUE!J82 -> 0 | N84: =Effort!L82 -> CLOSED | O84: =Harvest!L82 -> CLOSED | P84: =CPUE!L82 -> CLOSED | Q84: CLOSED | R84: CLOSED | S84: CLOSED | T84: =SUM(E84+H84+K84) -> 0 | U84: =SUM(F84+I84+L84) -> 0
A85: Tide Series Totals | E85: =SUM(E81:E84) -> 0 | F85: =SUM(F81:F84) -> 0 | G85: =F85/E85 -> #DIV/0! | H85: =SUM(H81:H84) -> 0 | I85: =SUM(I81:I84) -> 0 | J85: =I85/H85 -> #DIV/0! | K85: =SUM(K81:K84) -> 0 | L85: =SUM(L81:L84) -> 0 | M85: =L85/K85 -> #DIV/0! | N85: =SUM(N81:N84) -> 0 | O85: =SUM(O81:O84) -> 0 | P85: =O85/N85 -> #DIV/0! | T85: =SUM(T81:T84) -> 0 | U85: =SUM(U81:U84) -> 0
A86: 43924 | B86: Fri | C86: 0.3 | D86: 0.65347222 | E86: =Effort!F84 -> 0 | F86: =Harvest!F84 -> 0 | G86: =CPUE!F84 -> 0 | H86: =Effort!H84 -> 0 | I86: =Harvest!H84 -> 0 | J86: =CPUE!H84 -> 0 | K86: =Effort!J84 -> 0 | L86: =Harvest!J84 -> 0 | M86: =CPUE!J84 -> 0 | N86: =Effort!L84 -> CLOSED | O86: =Harvest!L84 -> CLOSED | P86: =CPUE!L84 -> CLOSED | Q86: CLOSED | R86: CLOSED | S86: CLOSED | T86: =SUM(E86+H86+K86) -> 0 | U86: =SUM(F86+I86+L86) -> 0
A87: 43925 | B87: Sat | C87: -0.1 | D87: 0.69236111 | E87: =Effort!F85 -> 0 | F87: =Harvest!F85 -> 0 | G87: =CPUE!F85 -> 0 | H87: =Effort!H85 -> 0 | I87: =Harvest!H85 -> 0 | J87: =CPUE!H85 -> 0 | K87: =Effort!J85 -> CLOSED | L87: =Harvest!J85 -> CLOSED | M87: =CPUE!J85 -> CLOSED | N87: =Effort!L85 -> 0 | O87: =Harvest!L85 -> 0 | P87: =CPUE!L85 -> 0 | Q87: CLOSED | R87: CLOSED | S87: CLOSED | T87: =SUM(E87+H87+N87) -> 0 | U87: =SUM(F87+I87+O87) -> 0
A88: 43926 | B88: Sun | C88: -0.4 | D88: 0.31041667 | E88: =Effort!F86 -> 0 | F88: =Harvest!F86 -> 0 | G88: =CPUE!F86 -> 0 | H88: =Effort!H86 -> 0 | I88: =Harvest!H86 -> 0 | J88: =CPUE!H86 -> 0 | K88: =Effort!J86 -> 0 | L88: =Harvest!J86 -> 0 | M88: =CPUE!J86 -> 0 | N88: =Effort!L86 -> CLOSED | O88: =Harvest!L86 -> CLOSED | P88: =CPUE!L86 -> CLOSED | Q88: CLOSED | R88: CLOSED | S88: CLOSED | T88: =SUM(E88+H88+K88) -> 0 | U88: =SUM(F88+I88+L88) -> 0
A89: 43927 | B89: Mon | C89: 0.4 | D89: 0.75833333 | E89: =Effort!F87 -> 0 | F89: =Harvest!F87 -> 0 | G89: =CPUE!F87 -> 0 | H89: =Effort!H87 -> 0 | I89: =Harvest!H87 -> 0 | J89: =CPUE!H87 -> 0 | K89: =Effort!J87 -> CLOSED | L89: =Harvest!J87 -> CLOSED | M89: =CPUE!J87 -> CLOSED | N89: =Effort!L87 -> 0 | O89: =Harvest!L87 -> 0 | P89: =CPUE!L87 -> 0 | Q89: CLOSED | R89: CLOSED | S89: CLOSED | T89: =SUM(E89+H89+N89) -> 0 | U89: =SUM(F89+I89+O89) -> 0
A90: 43928 | B90: Tue | C90: -0.2 | D90: 0.78819444 | E90: =Effort!F88 -> 0 | F90: =Harvest!F88 -> 0 | G90: =CPUE!F88 -> 0 | H90: =Effort!H88 -> 0 | I90: =Harvest!H88 -> 0 | J90: =CPUE!H88 -> 0 | K90: =Effort!J88 -> 0 | L90: =Harvest!J88 -> 0 | M90: =CPUE!J88 -> 0 | N90: =Effort!L88 -> CLOSED | O90: =Harvest!L88 -> CLOSED | P90: =CPUE!L88 -> CLOSED | Q90: CLOSED | R90: CLOSED | S90: CLOSED | T90: =SUM(E90+H90+K90) -> 0 | U90: =SUM(F90+I90+L90) -> 0
A91: 43929 | B91: Wed | C91: -0.7 | D91: 0.30972222 | E91: =Effort!F89 -> 0 | F91: =Harvest!F89 -> 0 | G91: =CPUE!F89 -> 0 | H91: =Effort!H89 -> 0 | I91: =Harvest!H89 -> 0 | J91: =CPUE!H89 -> 0 | K91: =Effort!J89 -> CLOSED | L91: =Harvest!J89 -> CLOSED | M91: =CPUE!J89 -> CLOSED | N91: =Effort!L89 -> 0 | O91: =Harvest!L89 -> 0 | P91: =CPUE!L89 -> 0 | Q91: CLOSED | R91: CLOSED | S91: CLOSED | T91: =SUM(E91+H91+N91) -> 0 | U91: =SUM(F91+I91+O91) -> 0
A92: 43930 | B92: Thu | C92: -1.1 | D92: 0.34305556 | E92: =Effort!F90 -> 0 | F92: =Harvest!F90 -> 0 | G92: =CPUE!F90 -> 0 | H92: =Effort!H90 -> 0 | I92: =Harvest!H90 -> 0 | J92: =CPUE!H90 -> 0 | K92: =Effort!J90 -> 0 | L92: =Harvest!J90 -> 0 | M92: =CPUE!J90 -> 0 | N92: =Effort!L90 -> CLOSED | O92: =Harvest!L90 -> CLOSED | P92: =CPUE!L90 -> CLOSED | Q92: CLOSED | R92: CLOSED | S92: CLOSED | T92: =SUM(E92+H92+K92) -> 0 | U92: =SUM(F92+I92+L92) -> 0
A93: 43931 | B93: Fri | C93: -1.3 | D93: 0.37569444 | E93: =Effort!F91 -> 0 | F93: =Harvest!F91 -> 0 | G93: =CPUE!F91 -> 0 | H93: =Effort!H91 -> 0 | I93: =Harvest!H91 -> 0 | J93: =CPUE!H91 -> 0 | K93: =Effort!J91 -> CLOSED | L93: =Harvest!J91 -> CLOSED | M93: =CPUE!J91 -> CLOSED | N93: =Effort!L91 -> 0 | O93: =Harvest!L91 -> 0 | P93: =CPUE!L91 -> 0 | Q93: CLOSED | R93: CLOSED | S93: CLOSED | T93: =SUM(E93+H93+N93) -> 0 | U93: =SUM(F93+I93+O93) -> 0
A94: 43932 | B94: Sat | C94: -1.1 | D94: 0.40972222 | E94: =Effort!F92 -> 0 | F94: =Harvest!F92 -> 0 | G94: =CPUE!F92 -> 0 | H94: =Effort!H92 -> 0 | I94: =Harvest!H92 -> 0 | J94: =CPUE!H92 -> 0 | K94: =Effort!J92 -> 0 | L94: =Harvest!J92 -> 0 | M94: =CPUE!J92 -> 0 | N94: =Effort!L92 -> CLOSED | O94: =Harvest!L92 -> CLOSED | P94: =CPUE!L92 -> CLOSED | Q94: CLOSED | R94: CLOSED | S94: CLOSED | T94: =SUM(E94+H94+K94) -> 0 | U94: =SUM(F94+I94+L94) -> 0
A95: 43933 | B95: Sun | C95: -0.7 | D95: 0.44583333 | E95: =Effort!F93 -> 0 | F95: =Harvest!F93 -> 0 | G95: =CPUE!F93 -> 0 | H95: =Effort!H93 -> 0 | I95: =Harvest!H93 -> 0 | J95: =CPUE!H93 -> 0 | K95: =Effort!J93 -> CLOSED | L95: =Harvest!J93 -> CLOSED | M95: =CPUE!J93 -> CLOSED | N95: =Effort!L93 -> 0 | O95: =Harvest!L93 -> 0 | P95: =CPUE!L93 -> 0 | Q95: CLOSED | R95: CLOSED | S95: CLOSED | T95: =SUM(E95+H95+N95) -> 0 | U95: =SUM(F95+I95+O95) -> 0
A96: 43934 | B96: Mon | C96: -0.2 | D96: 0.48541667 | E96: =Effort!F94 -> 0 | F96: =Harvest!F94 -> 0 | G96: =CPUE!F94 -> 0 | H96: =Effort!H94 -> 0 | I96: =Harvest!H94 -> 0 | J96: =CPUE!H94 -> 0 | K96: =Effort!J94 -> 0 | L96: =Harvest!J94 -> 0 | M96: =CPUE!J94 -> 0 | N96: =Effort!L94 -> CLOSED | O96: =Harvest!L94 -> CLOSED | P96: =CPUE!L94 -> CLOSED | Q96: CLOSED | R96: CLOSED | S96: CLOSED | T96: =SUM(E96+H96+K96) -> 0 | U96: =SUM(F96+I96+L96) -> 0
A97: Tide Series Totals | E97: =SUM(E86:E96) -> 0 | F97: =SUM(F86:F96) -> 0 | G97: =F97/E97 -> #DIV/0! | H97: =SUM(H86:H96) -> 0 | I97: =SUM(I86:I96) -> 0 | J97: =I97/H97 -> #DIV/0! | K97: =SUM(K86:K96) -> 0 | L97: =SUM(L86:L96) -> 0 | M97: =L97/K97 -> #DIV/0! | N97: =SUM(N86:N96) -> 0 | O97: =SUM(O86:O96) -> 0 | P97: =O97/N97 -> #DIV/0! | T97: =SUM(T86:T96) -> 0 | U97: =SUM(U86:U96) -> 0
A98: 43943 | B98: Wed | C98: 0.3 | D98: 0.29722222 | E98: =Effort!F96 -> 0 | F98: =Harvest!F96 -> 0 | G98: =CPUE!F96 -> 0 | H98: =Effort!H96 -> 0 | I98: =Harvest!H96 -> 0 | J98: =CPUE!H96 -> 0 | K98: =Effort!J96 -> 0 | L98: =Harvest!J96 -> 0 | M98: =CPUE!J96 -> 0 | N98: =Effort!L96 -> CLOSED | O98: =Harvest!L96 -> CLOSED | P98: =CPUE!L96 -> CLOSED | Q98: CLOSED | R98: CLOSED | S98: CLOSED | T98: =SUM(E98+H98+K98) -> 0 | U98: =SUM(F98+I98+L98) -> 0
A99: 43944 | B99: Thu | C99: 0 | D99: 0.32013889 | E99: =Effort!F97 -> 0 | F99: =Harvest!F97 -> 0 | G99: =CPUE!F97 -> 0 | H99: =Effort!H97 -> 0 | I99: =Harvest!H97 -> 0 | J99: =CPUE!H97 -> 0 | K99: =Effort!J97 -> CLOSED | L99: =Harvest!J97 -> CLOSED | M99: =CPUE!J97 -> CLOSED | N99: =Effort!L97 -> 0 | O99: =Harvest!L97 -> 0 | P99: =CPUE!L97 -> 0 | Q99: CLOSED | R99: CLOSED | S99: CLOSED | T99: =SUM(E99+H99+N99) -> 0 | U99: =SUM(F99+I99+O99) -> 0
A100: 43945 | B100: Fri | C100: -0.3 | D100: 0.34375 | E100: =Effort!F98 -> 0 | F100: =Harvest!F98 -> 0 | G100: =CPUE!F98 -> 0 | H100: =Effort!H98 -> 0 | I100: =Harvest!H98 -> 0 | J100: =CPUE!H98 -> 0 | K100: =Effort!J98 -> 0 | L100: =Harvest!J98 -> 0 | M100: =CPUE!J98 -> 0 | N100: =Effort!L98 -> CLOSED | O100: =Harvest!L98 -> CLOSED | P100: =CPUE!L98 -> CLOSED | Q100: CLOSED | R100: CLOSED | S100: CLOSED | T100: =SUM(E100+H100+K100) -> 0 | U100: =SUM(F100+I100+L100) -> 0
...

Sheet Tribal Update
A1: 2019-2020 State (non-Indian) Recreational Razor Clam Effort, Harvest and CPUE totals.
E2: COPALIS | I2: MOCROCKS | M2: KALALOCH | Q2: DAILY TOTALS
A3: DATE | B3: DAY | C3: TIDE | D3: TIME | E3: Effort | F3: Harvest | G3: CPUE | H3: Size (mm) | I3: Effort | J3: Harvest | K3: CPUE | L3: Size (mm) | M3: Effort | N3: Harvest | O3: CPUE | P3: Size (mm) | Q3: Effort | R3: Harvest
A4: 43764 | B4: Sat | C4: 0 | D4: 0.74930556 | E4: =Effort!J6 -> 7348.1701 | F4: =Harvest!J6 -> 110223 | G4: =CPUE!J6 -> 15.000061 | I4: =Effort!L6 -> CLOSED | J4: =Harvest!L6 -> CLOSED | K4: =CPUE!L6 -> CLOSED | M4: CLOSED | N4: CLOSED | O4: CLOSED | Q4: =E4 -> 7348.1701 | R4: =F4 -> 110223
A5: 43765 | B5: Sun | C5: -0.8 | D5: 0.78263889 | E5: =Effort!J7 -> CLOSED | F5: =Harvest!J7 -> CLOSED | G5: =CPUE!J7 -> CLOSED | I5: =Effort!L7 -> 4926.3202 | J5: =Harvest!L7 -> 73894.802 | K5: =CPUE!L7 -> 15 | M5: CLOSED | N5: CLOSED | O5: CLOSED | Q5: =SUM(E5,I5) -> 4926.3202 | R5: =SUM(F5,J5) -> 73894.802
A6: 43766 | B6: Mon | C6: -1.2 | D6: 0.81458333 | E6: =Effort!J8 -> 2940.0581 | F6: =Harvest!J8 -> 43579.248 | G6: =CPUE!J8 -> 14.822581 | I6: =Effort!L8 -> CLOSED | J6: =Harvest!L8 -> CLOSED | K6: =CPUE!L8 -> CLOSED | M6: CLOSED | N6: CLOSED | O6: CLOSED | Q6: =SUM(E6,I6) -> 2940.0581 | R6: =SUM(F6,J6) -> 43579.248
A7: 43767 | B7: Tue | C7: -1.4 | D7: 0.84583333 | E7: =Effort!J9 -> CLOSED | F7: =Harvest!J9 -> CLOSED | G7: =CPUE!J9 -> CLOSED | I7: =Effort!L9 -> 1720.8863 | J7: =Harvest!L9 -> 25666.837 | K7: =CPUE!L9 -> 14.914894 | M7: CLOSED | N7: CLOSED | O7: CLOSED | Q7: =SUM(E7,I7) -> 1720.8863 | R7: =SUM(F7,J7) -> 25666.837
A8: 43768 | B8: Wed | C8: -1.2 | D8: 0.87708333 | E8: =Effort!J10 -> 831.06894 | F8: =Harvest!J10 -> 11773.477 | G8: =CPUE!J10 -> 14.166667 | I8: =Effort!L10 -> CLOSED | J8: =Harvest!L10 -> CLOSED | K8: =CPUE!L10 -> CLOSED | M8: CLOSED | N8: CLOSED | O8: CLOSED | Q8: =SUM(E8,I8) -> 831.06894 | R8: =SUM(F8,J8) -> 11773.477
A9: 43769 | B9: Thu | C9: -0.8 | D9: 0.90972222 | E9: =Effort!J11 -> CLOSED | F9: =Harvest!J11 -> CLOSED | G9: =CPUE!J11 -> CLOSED | I9: =Effort!L11 -> 270.37172 | J9: =Harvest!L11 -> 4055.5758 | K9: =CPUE!L11 -> 15 | M9: CLOSED | N9: CLOSED | O9: CLOSED | Q9: =SUM(E9,I9) -> 270.37172 | R9: =SUM(F9,J9) -> 4055.5758
A10: 43770 | B10: Fri | C10: -0.2 | D10: 0.94305556 | E10: =Effort!J12 -> 744.83295 | F10: =Harvest!J12 -> 11172.494 | G10: =CPUE!J12 -> 15 | I10: =Effort!L12 -> CLOSED | J10: =Harvest!L12 -> CLOSED | K10: =CPUE!L12 -> CLOSED | M10: CLOSED | N10: CLOSED | O10: CLOSED | Q10: =SUM(E10,I10) -> 744.83295 | R10: =SUM(F10,J10) -> 11172.494
A11: Tide Series Totals | E11: =SUM(E4:E10) -> 11864.13 | F11: =SUM(F4:F10) -> 176748.22 | G11: =+F11/E11 -> 14.897697 | H11: 116.1 | I11: =SUM(I4:I10) -> 6917.5782 | J11: =SUM(J4:J10) -> 103617.21 | K11: =+J11/I11 -> 14.978828 | L11: 116.3 | Q11: =SUM(Q4:Q10) -> 18781.708 | R11: =SUM(R4:R10) -> 280365.43
A12: 43780 | B12: Mon | C12: 0.1 | D12: 0.74375 | E12: =Effort!J14 -> 1880.8273 | F12: =Harvest!J14 -> 28212.409 | G12: =CPUE!J14 -> 15 | I12: =Effort!L14 -> CLOSED | J12: =Harvest!L14 -> CLOSED | K12: =CPUE!L14 -> CLOSED | M12: CLOSED | N12: CLOSED | O12: CLOSED | Q12: =SUM(E12,I12) -> 1880.8273 | R12: =SUM(F12,J12) -> 28212.409
A13: 43781 | B13: Tue | C13: -0.3 | D13: 0.76875 | E13: =Effort!J15 -> CLOSED | F13: =Harvest!J15 -> CLOSED | G13: =CPUE!J15 -> CLOSED | I13: =Effort!L15 -> 947.47897 | J13: =Harvest!L15 -> 13580.532 | K13: =CPUE!L15 -> 14.333333 | M13: CLOSED | N13: CLOSED | O13: CLOSED | Q13: =SUM(E13,I13) -> 947.47897 | R13: =SUM(F13,J13) -> 13580.532
A14: 43782 | B14: Wed | C14: -0.5 | D14: 0.79375 | E14: =Effort!J16 -> 847.31208 | F14: =Harvest!J16 -> 12599.845 | G14: =CPUE!J16 -> 14.87037 | I14: =Effort!L16 -> CLOSED | J14: =Harvest!L16 -> CLOSED | K14: =CPUE!L16 -> CLOSED | M14: CLOSED | N14: CLOSED | O14: CLOSED | Q14: =SUM(E14,I14) -> 847.31208 | R14: =SUM(F14,J14) -> 12599.845
A15: 43783 | B15: Thu | C15: -0.6 | D15: 0.82013889 | E15: =Effort!J17 -> CLOSED | F15: =Harvest!J17 -> CLOSED | G15: =CPUE!J17 -> CLOSED | I15: =Effort!L17 -> 608.36833 | J15: =Harvest!L17 -> 7721.5981 | K15: =CPUE!L17 -> 12.692308 | M15: CLOSED | N15: CLOSED | O15: CLOSED | Q15: =SUM(E15,I15) -> 608.36833 | R15: =SUM(F15,J15) -> 7721.5981
A16: 43784 | B16: Fri | C16: -0.5 | D16: 0.84861111 | E16: =Effort!J18 -> 1461.286 | F16: =Harvest!J18 -> 20558.782 | G16: =CPUE!J18 -> 14.068966 | I16: =Effort!L18 -> CLOSED | J16: =Harvest!L18 -> CLOSED | K16: =CPUE!L18 -> CLOSED | M16: CLOSED | N16: CLOSED | O16: CLOSED | Q16: =SUM(E16,I16) -> 1461.286 | R16: =SUM(F16,J16) -> 20558.782
A17: 43785 | B17: Sat | C17: -0.3 | D17: 0.88055556 | E17: =Effort!J19 -> CLOSED | F17: =Harvest!J19 -> CLOSED | G17: =CPUE!J19 -> CLOSED | I17: =Effort!L19 -> 1903.9513 | J17: =Harvest!L19 -> 28091.085 | K17: =CPUE!L19 -> 14.754098 | M17: CLOSED | N17: CLOSED | O17: CLOSED | Q17: =SUM(E17,I17) -> 1903.9513 | R17: =SUM(F17,J17) -> 28091.085
A18: 43786 | B18: Sun | C18: -0.1 | D18: 0.91597222 | E18: =Effort!J20 -> 313.91262 | F18: =Harvest!J20 -> 4030.638 | G18: =CPUE!J20 -> 12.84 | I18: =Effort!L20 -> CLOSED | J18: =Harvest!L20 -> CLOSED | K18: =CPUE!L20 -> CLOSED | M18: CLOSED | N18: CLOSED | O18: CLOSED | Q18: =SUM(E18,I18) -> 313.91262 | R18: =SUM(F18,J18) -> 4030.638
A19: Tide Series Totals | E19: =SUM(E12:E18) -> 4503.3379 | F19: =SUM(F12:F18) -> 65401.674 | G19: =+F19/E19 -> 14.522933 | H19: 104.76 | I19: =SUM(I12:I18) -> 3459.7986 | J19: =SUM(J12:J18) -> 49393.215 | K19: =+J19/I19 -> 14.276327 | L19: 108.9 | Q19: =SUM(Q12:Q18) -> 7963.1366 | R19: =SUM(R12:R18) -> 114794.89
A20: 43793 | B20: Sun | C20: -0.4 | D20: 0.69930556 | E20: =Effort!J22 -> 3356.6175 | F20: =Harvest!J22 -> 47202.433 | G20: =CPUE!J22 -> 14.0625 | I20: =Effort!L22 -> CLOSED | J20: =Harvest!L22 -> CLOSED | K20: =CPUE!L22 -> CLOSED | M20: CLOSED | N20: CLOSED | O20: CLOSED | Q20: =SUM(E20,I20) -> 3356.6175 | R20: =SUM(F20,J20) -> 47202.433
A21: 43794 | B21: Mon | C21: -1 | D21: 0.73194444 | E21: =Effort!J23 -> CLOSED | F21: =Harvest!J23 -> CLOSED | G21: =CPUE!J23 -> CLOSED | I21: =Effort!L23 -> 1216.1297 | J21: =Harvest!L23 -> 17468.045 | K21: =CPUE!L23 -> 14.363636 | M21: CLOSED | N21: CLOSED | O21: CLOSED | Q21: =SUM(E21,I21) -> 1216.1297 | R21: =SUM(F21,J21) -> 17468.045
A22: 43795 | B22: Tue | C22: -1.3 | D22: 0.7625 | E22: =Effort!J24 -> 1179.9715 | F22: =Harvest!J24 -> 17109.587 | G22: =CPUE!J24 -> 14.5 | I22: =Effort!L24 -> CLOSED | J22: =Harvest!L24 -> CLOSED | K22: =CPUE!L24 -> CLOSED | M22: CLOSED | N22: CLOSED | O22: CLOSED | Q22: =SUM(E22,I22) -> 1179.9715 | R22: =SUM(F22,J22) -> 17109.587
A23: 43796 | B23: Wed | C23: -1.4 | D23: 0.79305556 | E23: =Effort!J25 -> CLOSED | F23: =Harvest!J25 -> CLOSED | G23: =CPUE!J25 -> CLOSED | I23: =Effort!L25 -> 778.58884 | J23: =Harvest!L25 -> 7952.7289 | K23: =CPUE!L25 -> 10.214286 | M23: CLOSED | N23: CLOSED | O23: CLOSED | Q23: =SUM(E23,I23) -> 778.58884 | R23: =SUM(F23,J23) -> 7952.7289
A24: 43797 | B24: Thu | C24: -1.2 | D24: 0.82222222 | E24: =Effort!J26 -> 1623.9232 | F24: =Harvest!J26 -> 23678.347 | G24: =CPUE!J26 -> 14.580952 | I24: =Effort!L26 -> CLOSED | J24: =Harvest!L26 -> CLOSED | K24: =CPUE!L26 -> CLOSED | M24: CLOSED | N24: CLOSED | O24: CLOSED | Q24: =SUM(E24,I24) -> 1623.9232 | R24: =SUM(F24,J24) -> 23678.347
A25: 43798 | B25: Fri | C25: -0.7 | D25: 0.85208333 | E25: =Effort!J27 -> CLOSED | F25: =Harvest!J27 -> CLOSED | G25: =CPUE!J27 -> CLOSED | I25: =Effort!L27 -> 2031.4045 | J25: =Harvest!L27 -> 30323.865 | K25: =CPUE!L27 -> 14.927536 | M25: CLOSED | N25: CLOSED | O25: CLOSED | Q25: =SUM(E25,I25) -> 2031.4045 | R25: =SUM(F25,J25) -> 30323.865
A26: 43799 | B26: Sat | C26: -0.2 | D26: 0.88194444 | E26: =Effort!J28 -> 1515.7137 | F26: =Harvest!J28 -> 21135.786 | G26: =CPUE!J28 -> 13.944444 | I26: =Effort!L28 -> CLOSED | J26: =Harvest!L28 -> CLOSED | K26: =CPUE!L28 -> CLOSED | M26: CLOSED | N26: CLOSED | O26: CLOSED | Q26: =SUM(E26,I26) -> 1515.7137 | R26: =SUM(F26,J26) -> 21135.786
A27: Tide Series Totals | E27: =SUM(E20:E26) -> 7676.2259 | F27: =SUM(F20:F26) -> 109126.15 | G27: =+F27/E27 -> 14.216121 | H27: 115.5 | I27: =SUM(I20:I26) -> 4026.1231 | J27: =SUM(J20:J26) -> 55744.639 | K27: =+J27/I27 -> 13.845736 | L27: 117.02 | Q27: =SUM(Q20:Q26) -> 11702.349 | R27: =SUM(R20:R26) -> 164870.79
A28: 43809 | B28: Tue | C28: -0.2 | D28: 0.72777778 | E28: =Effort!J30 -> CLOSED | F28: =Harvest!J30 -> CLOSED | G28: =CPUE!J30 -> CLOSED | I28: =Effort!L30 -> 465.0735 | J28: =Harvest!L30 -> 5404.4749 | K28: =CPUE!L30 -> 11.62069 | M28: CLOSED | N28: CLOSED | O28: CLOSED | Q28: =SUM(E28,I28) -> 465.0735 | R28: =SUM(F28,J28) -> 5404.4749
A29: 43810 | B29: Wed | C29: -0.6 | D29: 0.75416667 | E29: =Effort!J31 -> 290.65742 | F29: =Harvest!J31 -> 2252.595 | G29: =CPUE!J31 -> 7.75 | I29: =Effort!L31 -> CLOSED | J29: =Harvest!L31 -> CLOSED | K29: =CPUE!L31 -> CLOSED | M29: CLOSED | N29: CLOSED | O29: CLOSED | Q29: =SUM(E29,I29) -> 290.65742 | R29: =SUM(F29,J29) -> 2252.595
A30: 43811 | B30: Thu | C30: -0.9 | D30: 0.78125 | E30: =Effort!J32 -> CLOSED | F30: =Harvest!J32 -> CLOSED | G30: =CPUE!J32 -> CLOSED | I30: =Effort!L32 -> 272.88042 | J30: =Harvest!L32 -> 250.14038 | K30: =CPUE!L32 -> 0.91666667 | M30: CLOSED | N30: CLOSED | O30: CLOSED | Q30: =SUM(E30,I30) -> 272.88042 | R30: =SUM(F30,J30) -> 250.14038
A31: 43812 | B31: Fri | C31: -1 | D31: 0.80972222 | E31: =Effort!J33 -> 1184.4969 | F31: =Harvest!J33 -> 15351.08 | G31: =CPUE!J33 -> 12.96 | I31: =Effort!L33 -> CLOSED | J31: =Harvest!L33 -> CLOSED | K31: =CPUE!L33 -> CLOSED | M31: CLOSED | N31: CLOSED | O31: CLOSED | Q31: =SUM(E31,I31) -> 1184.4969 | R31: =SUM(F31,J31) -> 15351.08
A32: 43813 | B32: Sat | C32: -1 | D32: 0.83888889 | E32: =Effort!J34 -> CLOSED | F32: =Harvest!J34 -> CLOSED | G32: =CPUE!J34 -> CLOSED | I32: =Effort!L34 -> 1676.095 | J32: =Harvest!L34 -> 25065.238 | K32: =CPUE!L34 -> 14.954545 | M32: CLOSED | N32: CLOSED | O32: CLOSED | Q32: =SUM(E32,I32) -> 1676.095 | R32: =SUM(F32,J32) -> 25065.238
A33: 43814 | B33: Sun | C33: -0.8 | D33: 0.87013889 | E33: =Effort!J35 -> 382.97872 | F33: =Harvest!J35 -> 5744.6807 | G33: =CPUE!J35 -> 15 | I33: =Effort!L35 -> CLOSED | J33: =Harvest!L35 -> CLOSED | K33: =CPUE!L35 -> CLOSED | M33: CLOSED | N33: CLOSED | O33: CLOSED | Q33: =SUM(E33,I33) -> 382.97872 | R33: =SUM(F33,J33) -> 5744.6807
A34: 43815 | B34: Mon | C34: -0.4 | D34: 0.90347222 | E34: =Effort!J36 -> CLOSED | F34: =Harvest!J36 -> CLOSED | G34: =CPUE!J36 -> CLOSED | I34: =Effort!L36 -> 87.591244 | J34: =Harvest!L36 -> 1313.8687 | K34: =CPUE!L36 -> 15 | M34: CLOSED | N34: CLOSED | O34: CLOSED | Q34: =SUM(E34,I34) -> 87.591244 | R34: =SUM(F34,J34) -> 1313.8687
A35: Tide Series Totals | E35: =SUM(E28:E34) -> 1858.1331 | F35: =SUM(F28:F34) -> 23348.356 | G35: =+F35/E35 -> 12.565492 | I35: =SUM(I28:I34) -> 2501.6401 | J35: =SUM(J28:J34) -> 32033.722 | K35: =+J35/I35 -> 12.805088 | L35: 117.5 | Q35: =SUM(Q28:Q34) -> 4359.7732 | R35: =SUM(R28:R34) -> 55382.078
A36: 43822 | B36: Mon | C36: -0.4 | D36: 0.69097222 | E36: =Effort!J38 -> CLOSED | F36: =Harvest!J38 -> CLOSED | G36: =CPUE!J38 -> CLOSED | I36: =Effort!L38 -> 1240.07 | J36: =Harvest!L38 -> 18533.41 | K36: =CPUE!L38 -> 14.945455 | M36: CLOSED | N36: CLOSED | O36: CLOSED | Q36: =SUM(E36,I36) -> 1240.07 | R36: =SUM(F36,J36) -> 18533.41
A37: 43825 | B37: Thu | C37: -1.1 | D37: 0.78263889 | E37: =Effort!J39 -> 1843.1761 | F37: =Harvest!J39 -> 16165.561 | G37: =CPUE!J39 -> 8.7704918 | I37: =Effort!L39 -> CLOSED | J37: =Harvest!L39 -> CLOSED | K37: =CPUE!L39 -> CLOSED | M37: CLOSED | N37: CLOSED | O37: CLOSED | Q37: =SUM(E37,I37) -> 1843.1761 | R37: =SUM(F37,J37) -> 16165.561
A38: 43826 | B38: Fri | C38: -0.9 | D38: 0.80972222 | E38: =Effort!J40 -> CLOSED | F38: =Harvest!J40 -> CLOSED | G38: =CPUE!J40 -> CLOSED | I38: =Effort!L40 -> 1955.7607 | J38: =Harvest!L40 -> 5893.7112 | K38: =CPUE!L40 -> 3.0135135 | M38: CLOSED | N38: CLOSED | O38: CLOSED | Q38: =SUM(E38,I38) -> 1955.7607 | R38: =SUM(F38,J38) -> 5893.7112
A39: 43827 | B39: Sat | C39: -0.6 | D39: 0.83680556 | E39: =Effort!J41 -> 1550.9041 | F39: =Harvest!J41 -> 13464.667 | G39: =CPUE!J41 -> 8.6818182 | I39: =Effort!L41 -> CLOSED | J39: =Harvest!L41 -> CLOSED | K39: =CPUE!L41 -> CLOSED | M39: CLOSED | N39: CLOSED | O39: CLOSED | Q39: =SUM(E39,I39) -> 1550.9041 | R39: =SUM(F39,J39) -> 13464.667
A40: 43828 | B40: Sun | C40: -0.2 | D40: 0.86319444 | E40: =Effort!J42 -> CLOSED | F40: =Harvest!J42 -> CLOSED | G40: =CPUE!J42 -> CLOSED | I40: =Effort!L42 -> 558.39418 | J40: =Harvest!L42 -> 7496.0189 | K40: =CPUE!L42 -> 13.424242 | M40: CLOSED | N40: CLOSED | O40: CLOSED | Q40: =SUM(E40,I40) -> 558.39418 | R40: =SUM(F40,J40) -> 7496.0189
A41: Tide Series Totals | E41: =SUM(E36:E40) -> 3394.0801 | F41: =SUM(F36:F40) -> 29630.228 | G41: =+F41/E41 -> 8.7299729 | H41: 120.1 | I41: =SUM(I36:I40) -> 3754.2249 | J41: =SUM(J36:J40) -> 31923.14 | K41: =+J41/I41 -> 8.5032574 | L41: 112.9 | Q41: =SUM(Q36:Q40) -> 7148.305 | R41: =SUM(R36:R40) -> 61553.368
A42: 43838 | B42: Wed | C42: -0.3 | D42: 0.71180556 | E42: =Effort!J44 -> CLOSED | F42: =Harvest!J44 -> CLOSED | G42: =CPUE!J44 -> CLOSED | I42: =Effort!L44 -> 255.47446 | J42: =Harvest!L44 -> 3715.9922 | K42: =CPUE!L44 -> 14.545455 | M42: CLOSED | N42: CLOSED | O42: CLOSED | Q42: =SUM(E42,I42) -> 255.47446 | R42: =SUM(F42,J42) -> 3715.9922
A43: 43839 | B43: Thu | C43: -0.8 | D43: 0.74097222 | E43: =Effort!J45 -> 1027.6243 | F43: =Harvest!J45 -> 15414.365 | G43: =CPUE!J45 -> 15 | I43: =Effort!L45 -> CLOSED | J43: =Harvest!L45 -> CLOSED | K43: =CPUE!L45 -> CLOSED | M43: CLOSED | N43: CLOSED | O43: CLOSED | Q43: =SUM(E43,I43) -> 1027.6243 | R43: =SUM(F43,J43) -> 15414.365
A44: 43840 | B44: Fri | C44: -1.2 | D44: 0.77013889 | E44: =Effort!J46 -> CLOSED | F44: =Harvest!J46 -> CLOSED | G44: =CPUE!J46 -> CLOSED | I44: =Effort!L46 -> 386.66668 | J44: =Harvest!L46 -> 880.74078 | K44: =CPUE!L46 -> 2.2777778 | M44: CLOSED | N44: CLOSED | O44: CLOSED | Q44: =SUM(E44,I44) -> 386.66668 | R44: =SUM(F44,J44) -> 880.74078
A45: 43841 | B45: Sat | C45: -1.4 | D45: 0.79930556 | E45: =Effort!J47 -> 0 | F45: =Harvest!J47 -> 0 | G45: =CPUE!J47 -> 0 | I45: =Effort!L47 -> CLOSED | J45: =Harvest!L47 -> CLOSED | K45: =CPUE!L47 -> CLOSED | M45: CLOSED | N45: CLOSED | O45: CLOSED | Q45: =SUM(E45,I45) -> 0 | R45: =SUM(F45,J45) -> 0
A46: 43842 | B46: Sun | C46: -1.3 | D46: 0.82847222 | E46: =Effort!J48 -> CLOSED | F46: =Harvest!J48 -> CLOSED | G46: =CPUE!J48 -> CLOSED | I46: =Effort!L48 -> 0 | J46: =Harvest!L48 -> 0 | K46: =CPUE!L48 -> 0 | M46: CLOSED | N46: CLOSED | O46: CLOSED | Q46: =SUM(E46,I46) -> 0 | R46: =SUM(F46,J46) -> 0
A47: 43843 | B47: Mon | C47: -1.2 | D47: 0.85833333 | E47: =Effort!J49 -> 131.62706 | F47: =Harvest!J49 -> 1974.4059 | G47: =CPUE!J49 -> 15 | I47: =Effort!L49 -> CLOSED | J47: =Harvest!L49 -> CLOSED | K47: =CPUE!L49 -> CLOSED | M47: CLOSED | N47: CLOSED | O47: CLOSED | Q47: =SUM(E47,I47) -> 131.62706 | R47: =SUM(F47,J47) -> 1974.4059
A48: 43844 | B48: Tue | C48: -0.5 | D48: 0.88888889 | E48: =Effort!J50 -> CLOSED | F48: =Harvest!J50 -> CLOSED | G48: =CPUE!J50 -> CLOSED | I48: =Effort!L50 -> 21.778584 | J48: =Harvest!L50 -> 326.67877 | K48: =CPUE!L50 -> 15 | M48: CLOSED | N48: CLOSED | O48: CLOSED | Q48: =SUM(E48,I48) -> 21.778584 | R48: =SUM(F48,J48) -> 326.67877
A49: Tide Series Totals | E49: =SUM(E42:E48) -> 1159.2514 | F49: =SUM(F42:F48) -> 17388.771 | G49: =+F49/E49 -> 15 | H49: 108.47 | I49: =SUM(I42:I48) -> 663.91973 | J49: =SUM(J42:J48) -> 4923.4117 | K49: =+J49/I49 -> 7.4156732 | L49: 113.33 | Q49: =SUM(Q42:Q48) -> 1823.1711 | R49: =SUM(R42:R48) -> 22312.183
A50: 43851 | B50: Tue | C50: -0.1 | D50: 0.68263889 | E50: =Effort!J52 -> CLOSED | F50: =Harvest!J52 -> CLOSED | G50: =CPUE!J52 -> CLOSED | I50: =Effort!L52 -> 246.35037 | J50: =Harvest!L52 -> 1524.2929 | K50: =CPUE!L52 -> 6.1875 | M50: CLOSED | N50: CLOSED | O50: CLOSED | Q50: =SUM(E50,I50) -> 246.35037 | R50: =SUM(F50,J50) -> 1524.2929
A51: 43852 | B51: Wed | C51: -0.5 | D51: 0.71527778 | E51: =Effort!J53 -> 278.08472 | F51: =Harvest!J53 -> 1243.2023 | G51: =CPUE!J53 -> 4.4705882 | I51: =Effort!L53 -> CLOSED | J51: =Harvest!L53 -> CLOSED | K51: =CPUE!L53 -> CLOSED | M51: CLOSED | N51: CLOSED | O51: CLOSED | Q51: =SUM(E51,I51) -> 278.08472 | R51: =SUM(F51,J51) -> 1243.2023
A52: 43853 | B52: Thu | C52: -0.6 | D52: 0.74513889 | E52: =Effort!J54 -> CLOSED | F52: =Harvest!J54 -> CLOSED | G52: =CPUE!J54 -> CLOSED | I52: =Effort!L54 -> 64.761908 | J52: =Harvest!L54 -> 30.476192 | K52: =CPUE!L54 -> 0.47058824 | M52: CLOSED | N52: CLOSED | O52: CLOSED | Q52: =SUM(E52,I52) -> 64.761908 | R52: =SUM(F52,J52) -> 30.476192
A53: 43854 | B53: Fri | C53: -0.6 | D53: 0.77222222 | E53: =Effort!J55 -> 687.85575 | F53: =Harvest!J55 -> 5645.161 | G53: =CPUE!J55 -> 8.2068966 | I53: =Effort!L55 -> CLOSED | J53: =Harvest!L55 -> CLOSED | K53: =CPUE!L55 -> CLOSED | M53: CLOSED | N53: CLOSED | O53: CLOSED | Q53: =SUM(E53,I53) -> 687.85575 | R53: =SUM(F53,J53) -> 5645.161
A54: 43855 | B54: Sat | C54: -0.5 | D54: 0.79722222 | E54: =Effort!J56 -> CLOSED | F54: =Harvest!J56 -> CLOSED | G54: =CPUE!J56 -> CLOSED | I54: =Effort!L56 -> 1016.4068 | J54: =Harvest!L56 -> 8554.7576 | K54: =CPUE!L56 -> 8.4166667 | M54: CLOSED | N54: CLOSED | O54: CLOSED | Q54: =SUM(E54,I54) -> 1016.4068 | R54: =SUM(F54,J54) -> 8554.7576
A55: 43856 | B55: Sun | C55: -0.3 | D55: 0.82083333 | E55: =Effort!J57 -> 158.1051 | F55: =Harvest!J57 -> 1488.3687 | G55: =CPUE!J57 -> 9.4137931 | I55: =Effort!L57 -> CLOSED | J55: =Harvest!L57 -> CLOSED | K55: =CPUE!L57 -> CLOSED | M55: CLOSED | N55: CLOSED | O55: CLOSED | Q55: =SUM(E55,I55) -> 158.1051 | R55: =SUM(F55,J55) -> 1488.3687
A56: Tide Series Totals | E56: =SUM(E50:E55) -> 1124.0456 | F56: =SUM(F50:F55) -> 8376.732 | G56: =+F56/E56 -> 7.4523064 | H56: 133.58 | I56: =SUM(I50:I55) -> 1327.5191 | J56: =SUM(J50:J55) -> 10109.527 | K56: =+J56/I56 -> 7.615353 | L56: 113.33 | Q56: =SUM(Q50:Q55) -> 2451.5647 | R56: =SUM(R50:R55) -> 18486.259
A57: 43867 | B57: Thu | C57: -0.3 | D57: 0.69444444 | E57: =Effort!J59 -> CLOSED | F57: =Harvest!J59 -> CLOSED | G57: =CPUE!J59 -> CLOSED | I57: =Effort!L59 -> 225.88236 | J57: =Harvest!L59 -> 2871.9329 | K57: =CPUE!L59 -> 12.714286 | M57: CLOSED | N57: CLOSED | O57: CLOSED | Q57: =SUM(E57,I57) -> 225.88236 | R57: =SUM(F57,J57) -> 2871.9329
A58: 43868 | B58: Fri | C58: -0.9 | D58: 0.72638889 | E58: =Effort!J60 -> 883.55453 | F58: =Harvest!J60 -> 12744.605 | G58: =CPUE!J60 -> 14.424242 | I58: =Effort!L60 -> CLOSED | J58: =Harvest!L60 -> CLOSED | K58: =CPUE!L60 -> CLOSED | M58: CLOSED | N58: CLOSED | O58: CLOSED | Q58: =SUM(E58,I58) -> 883.55453 | R58: =SUM(F58,J58) -> 12744.605
A59: 43869 | B59: Sat | C59: -1.3 | D59: 0.75625 | E59: =Effort!J61 -> CLOSED | F59: =Harvest!J61 -> CLOSED | G59: =CPUE!J61 -> CLOSED | I59: =Effort!L61 -> 3975.0495 | J59: =Harvest!L61 -> 53317.511 | K59: =CPUE!L61 -> 13.413043 | M59: CLOSED | N59: CLOSED | O59: CLOSED | Q59: =SUM(E59,I59) -> 3975.0495 | R59: =SUM(F59,J59) -> 53317.511
A60: 43870 | B60: Sun | C60: -1.4 | D60: 0.78541667 | E60: =Effort!J62 -> 3127.1813 | F60: =Harvest!J62 -> 45677.354 | G60: =CPUE!J62 -> 14.606557 | I60: =Effort!L62 -> CLOSED | J60: =Harvest!L62 -> CLOSED | K60: =CPUE!L62 -> CLOSED | M60: CLOSED | N60: CLOSED | O60: CLOSED | Q60: =SUM(E60,I60) -> 3127.1813 | R60: =SUM(F60,J60) -> 45677.354
A61: 43871 | B61: Mon | C61: -1.3 | D61: 0.81388889 | E61: =Effort!J63 -> CLOSED | F61: =Harvest!J63 -> CLOSED | G61: =CPUE!J63 -> CLOSED | I61: =Effort!L63 -> 727.27273 | J61: =Harvest!L63 -> 8669.0909 | K61: =CPUE!L63 -> 11.92 | M61: CLOSED | N61: CLOSED | O61: CLOSED | Q61: =SUM(E61,I61) -> 727.27273 | R61: =SUM(F61,J61) -> 8669.0909
A62: 43872 | B62: Tue | C62: -0.8 | D62: 0.84236111 | E62: =Effort!J64 -> 300.52672 | F62: =Harvest!J64 -> 4507.9008 | G62: =CPUE!J64 -> 15 | I62: =Effort!L64 -> CLOSED | J62: =Harvest!L64 -> CLOSED | K62: =CPUE!L64 -> CLOSED | M62: CLOSED | N62: CLOSED | O62: CLOSED | Q62: =SUM(E62,I62) -> 300.52672 | R62: =SUM(F62,J62) -> 4507.9008
A63: 43873 | B63: Wed | C63: -0.1 | D63: 0.87152778 | E63: =Effort!J65 -> CLOSED | F63: =Harvest!J65 -> CLOSED | G63: =CPUE!J65 -> CLOSED | I63: =Effort!L65 -> 102.23642 | J63: =Harvest!L65 -> 869.00959 | K63: =CPUE!L65 -> 8.5 | M63: CLOSED | N63: CLOSED | O63: CLOSED | Q63: =SUM(E63,I63) -> 102.23642 | R63: =SUM(F63,J63) -> 869.00959
A64: Tide Series Totals | E64: =SUM(E57:E63) -> 4311.2626 | F64: =SUM(F57:F63) -> 62929.859 | G64: =+F64/E64 -> 14.596619 | H64: 122.71 | I64: =SUM(I57:I63) -> 5030.441 | J64: =SUM(J57:J63) -> 65727.545 | K64: =+J64/I64 -> 13.065961 | L64: 118.29 | Q64: =SUM(Q57:Q63) -> 9341.7036 | R64: =SUM(R57:R63) -> 128657.4
A65: 43881 | B65: Thu | C65: 0 | D65: 0.70416667 | E65: =Effort!J67 -> 1922.165 | F65: =Harvest!J67 -> 28747.046 | G65: =CPUE!J67 -> 14.955556 | I65: =Effort!L67 -> CLOSED | J65: =Harvest!L67 -> CLOSED | K65: =CPUE!L67 -> CLOSED | M65: CLOSED | N65: CLOSED | O65: CLOSED | Q65: =SUM(E65,I65) -> 1922.165 | R65: =SUM(F65,J65) -> 28747.046
A66: 43882 | B66: Fri | C66: -0.1 | D66: 0.73263889 | E66: =Effort!J68 -> CLOSED | F66: =Harvest!J68 -> CLOSED | G66: =CPUE!J68 -> CLOSED | I66: =Effort!L68 -> 1836.0157 | J66: =Harvest!L68 -> 26877.229 | K66: =CPUE!L68 -> 14.638889 | M66: CLOSED | N66: CLOSED | O66: CLOSED | Q66: =SUM(E66,I66) -> 1836.0157 | R66: =SUM(F66,J66) -> 26877.229
A67: 43883 | B67: Sat | C67: -0.2 | D67: 0.75763889 | E67: =Effort!J69 -> 5320.6096 | F67: =Harvest!J69 -> 55562.366 | G67: =CPUE!J69 -> 10.442857 | I67: =Effort!L69 -> CLOSED | J67: =Harvest!L69 -> CLOSED | K67: =CPUE!L69 -> CLOSED | M67: CLOSED | N67: CLOSED | O67: CLOSED | Q67: =SUM(E67,I67) -> 5320.6096 | R67: =SUM(F67,J67) -> 55562.366
A68: 43884 | B68: Sun | C68: -0.1 | D68: 0.78055556 | E68: =Effort!J70 -> CLOSED | F68: =Harvest!J70 -> CLOSED | G68: =CPUE!J70 -> CLOSED | I68: =Effort!L70 -> 209.9498 | J68: =Harvest!L70 -> 451.39206 | K68: =CPUE!L70 -> 2.15 | M68: CLOSED | N68: CLOSED | O68: CLOSED | Q68: =SUM(E68,I68) -> 209.9498 | R68: =SUM(F68,J68) -> 451.39206
A69: Tide Series Totals | E69: =SUM(E65:E68) -> 7242.7746 | F69: =SUM(F65:F68) -> 84309.412 | G69: =+F69/E69 -> 11.640485 | H69: 117.79 | I69: =SUM(I65:I68) -> 2045.9655 | J69: =SUM(J65:J68) -> 27328.621 | K69: =+J69/I69 -> 13.357323 | L69: 117.86 | Q69: =SUM(Q65:Q68) -> 9288.7401 | R69: =SUM(R65:R68) -> 111638.03
A70: 43896 | B70: Fri | C70: -0.2 | D70: 0.67430556 | E70: =Effort!J72 -> CLOSED | F70: =Harvest!J72 -> CLOSED | G70: =CPUE!J72 -> CLOSED | I70: =Effort!L72 -> 1719.1237 | J70: =Harvest!L72 -> 25438.384 | K70: =CPUE!L72 -> 14.797297 | M70: CLOSED | N70: CLOSED | O70: CLOSED | Q70: =SUM(E70,I70) -> 1719.1237 | R70: =SUM(F70,J70) -> 25438.384
A71: 43897 | B71: Sat | C71: -0.7 | D71: 0.70763889 | E71: =Effort!J73 -> 6022.8431 | F71: =Harvest!J73 -> 88426.288 | G71: =CPUE!J73 -> 14.681818 | I71: =Effort!L73 -> CLOSED | J71: =Harvest!L73 -> CLOSED | K71: =CPUE!L73 -> CLOSED | M71: CLOSED | N71: CLOSED | O71: CLOSED | Q71: =SUM(E71,I71) -> 6022.8431 | R71: =SUM(F71,J71) -> 88426.288
A72: 43898 | B72: Sun | C72: -1 | D72: 0.77986111 | E72: =Effort!J74 -> CLOSED | F72: =Harvest!J74 -> CLOSED | G72: =CPUE!J74 -> CLOSED | I72: =Effort!L74 -> 2940.4795 | J72: =Harvest!L74 -> 40554.114 | K72: =CPUE!L74 -> 13.791667 | M72: CLOSED | N72: CLOSED | O72: CLOSED | Q72: =SUM(E72,I72) -> 2940.4795 | R72: =SUM(F72,J72) -> 40554.114
A73: 43899 | B73: Mon | C73: -1 | D73: 0.80902778 | E73: =Effort!J75 -> 1699.0118 | F73: =Harvest!J75 -> 25093.098 | G73: =CPUE!J75 -> 14.769231 | I73: =Effort!L75 -> CLOSED | J73: =Harvest!L75 -> CLOSED | K73: =CPUE!L75 -> CLOSED | M73: CLOSED | N73: CLOSED | O73: CLOSED | Q73: =SUM(E73,I73) -> 1699.0118 | R73: =SUM(F73,J73) -> 25093.098
A74: 43900 | B74: Tue | C74: -0.8 | D74: 0.8375 | E74: =Effort!J76 -> CLOSED | F74: =Harvest!J76 -> CLOSED | G74: =CPUE!J76 -> CLOSED | I74: =Effort!L76 -> 573.11899 | J74: =Harvest!L76 -> 8376.3545 | K74: =CPUE!L76 -> 14.615385 | M74: CLOSED | N74: CLOSED | O74: CLOSED | Q74: =SUM(E74,I74) -> 573.11899 | R74: =SUM(F74,J74) -> 8376.3545
A75: 43901 | B75: Wed | C75: -0.2 | D75: 0.86527778 | E75: =Effort!J77 -> 525.24883 | F75: =Harvest!J77 -> 6769.8737 | G75: =CPUE!J77 -> 12.888889 | I75: =Effort!L77 -> CLOSED | J75: =Harvest!L77 -> CLOSED | K75: =CPUE!L77 -> CLOSED | M75: CLOSED | N75: CLOSED | O75: CLOSED | Q75: =SUM(E75,I75) -> 525.24883 | R75: =SUM(F75,J75) -> 6769.8737
A76: Tide Series Totals | E76: =SUM(E70:E75) -> 8247.1038 | F76: =SUM(F70:F75) -> 120289.26 | G76: =+F76/E76 -> 14.585637 | H76: 121.91 | I76: =SUM(I70:I75) -> 5232.7222 | J76: =SUM(J70:J75) -> 74368.853 | K76: =+J76/I76 -> 14.212268 | L76: 112.7 | Q76: =SUM(Q70:Q75) -> 13479.826 | R76: =SUM(R70:R75) -> 194658.11
A77: 43910 | B77: Fri | C77: 0.4 | D77: 0.72708333 | M77: CLOSED | N77: CLOSED | O77: CLOSED
A78: 43911 | B78: Sat | C78: 0.4 | D78: 0.75486111 | M78: CLOSED | N78: CLOSED | O78: CLOSED
A79: 43912 | B79: Sun | C79: 0.4 | D79: 0.77847222 | M79: CLOSED | N79: CLOSED | O79: CLOSED
A80: 43913 | B80: Mon | C80: 0.5 | D80: 0.8 | M80: CLOSED | N80: CLOSED | O80: CLOSED
A81: Tide Series Totals
A82: 43924 | B82: Fri | C82: 0.3 | D82: 0.65347222 | M82: CLOSED | N82: CLOSED | O82: CLOSED
A83: 43925 | B83: Sat | C83: -0.1 | D83: 0.69236111 | M83: CLOSED | N83: CLOSED | O83: CLOSED
A84: 43926 | B84: Sun | C84: -0.4 | D84: 0.31041667 | M84: CLOSED | N84: CLOSED | O84: CLOSED
A85: 43927 | B85: Mon | C85: 0.4 | D85: 0.75833333 | M85: CLOSED | N85: CLOSED | O85: CLOSED
A86: 43928 | B86: Tue | C86: -0.2 | D86: 0.78819444 | M86: CLOSED | N86: CLOSED | O86: CLOSED
A87: 43929 | B87: Wed | C87: -0.7 | D87: 0.30972222 | M87: CLOSED | N87: CLOSED | O87: CLOSED
A88: 43930 | B88: Thu | C88: -1.1 | D88: 0.34305556 | M88: CLOSED | N88: CLOSED | O88: CLOSED
A89: 43931 | B89: Fri | C89: -1.3 | D89: 0.37569444 | M89: CLOSED | N89: CLOSED | O89: CLOSED
A90: 43932 | B90: Sat | C90: -1.1 | D90: 0.40972222 | M90: CLOSED | N90: CLOSED | O90: CLOSED
A91: 43933 | B91: Sun | C91: -0.7 | D91: 0.44583333 | M91: CLOSED | N91: CLOSED | O91: CLOSED
A92: 43934 | B92: Mon | C92: -0.2 | D92: 0.48541667 | M92: CLOSED | N92: CLOSED | O92: CLOSED
A93: Tide Series Totals
A94: 43943 | B94: Wed | C94: 0.3 | D94: 0.29722222 | M94: CLOSED | N94: CLOSED | O94: CLOSED
A95: 43944 | B95: Thu | C95: 0 | D95: 0.32013889 | M95: CLOSED | N95: CLOSED | O95: CLOSED
A96: 43945 | B96: Fri | C96: -0.3 | D96: 0.34375 | M96: CLOSED | N96: CLOSED | O96: CLOSED
A97: 43946 | B97: Sat | C97: -0.1 | D97: 0.36736111 | M97: CLOSED | N97: CLOSED | O97: CLOSED
A98: 43947 | B98: Sun | C98: -0.3 | D98: 0.39305556 | M98: CLOSED | N98: CLOSED | O98: CLOSED
A99: 43948 | B99: Mon | C99: -0.2 | D99: 0.42152778 | M99: CLOSED | N99: CLOSED | O99: CLOSED
A100: 43949 | B100: Tue | C100: -0.1 | D100: 0.45416667 | M100: CLOSED | N100: CLOSED | O100: CLOSED
...

Sheet TAC
A1: NON-TRIBAL TOTAL ALLOWABLE CATCH (TAC)
B3: 2019-2020 | C3: 2018-2019 | D3: 2017 - 2018 | E3: 2016 - 2017 | F3: 2015 - 2016 | G3: 2014 - 2015 | H3: 2013 - 2014 | I3: 2012 - 2013 | J3: 2011 - 2012 | K3: 2010 - 2011
A4: LONG BEACH | B4: 5205466.8 | C4: 333557 | D4: 872679.52 | E4: 4895623.6 | F4: 4768605 | G4: 3885491.5 | H4: 2881223.3 | I4: 1847952.1 | J4: 1094641.4 | K4: 1276247.7
A5: TWIN HARBORS | B5: 1843227.2 | C5: 1377125 | D5: 506698.76 | E5: 1896630.9 | F5: 1198600 | G5: 2662860.8 | H5: =5744410.73323314*0.4 -> 2297764.3 | I5: 1881783.2 | J5: 616314.31 | K5: 845427.67
A6: COPALIS | B6: 2036078.6 | C6: 860768 | D6: 591366.12 | E6: 880571.45 | F6: 1094781 | G6: 889827.43 | H6: =(2615522*0.5)-(161153)+250000 -> 1396608 | I6: 1072689.6 | J6: 371373.04 | K6: 683167.41
A7: MOCROCKS | B7: 1649890.4 | C7: 1508774 | D7: 778354.53 | E7: 941919.24 | F7: 1695074 | G7: 2240308.7 | H7: 2088668.5 | I7: 909667.35 | J7: 605830.7 | K7: 545586.69
A8: KALALOCH | B8: 219560.65 | C8: 777386 | D8: 24444.43 | E8: 725888.21 | F8: 63740 | G8: 125735.13 | H8: =1033285.9456848*0.254*0.5 -> 131227.32 | I8: 113543.21 | J8: 144560.51 | K8: 258924.12
A9: COASTWIDE TAC | B9: =SUM(B4:B8) -> 10954224 | C9: =SUM(C4:C8) -> 4857610 | D9: =SUM(D4:D8) -> 2773543.4 | E9: =SUM(E4:E8) -> 9340633.4 | F9: =SUM(F4:F8) -> 8820800 | G9: =SUM(G4:G8) -> 9804223.7 | H9: =SUM(H4:H8) -> 8795491.4 | I9: =SUM(I4:I8) -> 5825635.5 | ... K9: =SUM(K4:K8) -> 3609353.6

Sheet TH Wastage
A1: EventID | B1: LocationID | C1: NHoles | D1: NClams | E1: NMorts
A2: 1623 | B2: 22309 | C2: 100 | D2: 8 | E2: 8
A3: 1623 | B3: 21200 | C3: 100 | D3: 1 | E3: 1
C100: =SUM(C2:C99) -> 200 | D100: =SUM(D2:D99) -> 9 | E100: =SUM(E2:E99) -> 9 | F100: =E100/C100 -> 0.045

Sheet LB Wastage
A1: EventID | B1: LocationID | C1: NHoles | D1: NClams | E1: NMorts
A2: 1621 | B2: 11200 | C2: 25 | D2: 3 | E2: 3
A3: 1621 | B3: 11200 | C3: 25 | D3: 2 | E3: 2
A4: 1621 | B4: 11200 | C4: 25 | D4: 0 | E4: 0
A5: 1621 | B5: 11200 | C5: 25 | D5: 2 | E5: 2
A6: 1621 | B6: 12400 | C6: 100 | D6: 7 | E6: 7
A7: 1622 | B7: 12500 | C7: 100 | D7: 1 | E7: 1
A8: 1622 | B8: 12400 | C8: 100 | D8: 8 | E8: 8
A9: 1722 | B9: 12600 | C9: 50 | D9: 6 | E9: 6
C100: =SUM(C2:C99) -> 450 | D100: =SUM(D2:D99) -> 29 | E100: =SUM(E2:E99) -> 29 | F100: =E100/C100 -> 0.064444444

Sheet Cop Wastage
A1: EventID | B1: LocationID | C1: NHoles | D1: NClams | E1: NMorts
A2: 1624 | B2: 32007 | C2: 100 | D2: 4 | E2: 4
C100: =SUM(C2:C99) -> 100 | D100: =SUM(D2:D99) -> 4 | E100: =SUM(E2:E99) -> 4 | F100: =E100/C100 -> 0.04

Sheet Moc Wastage
A1: EventID | B1: LocationID | C1: NHoles | D1: NClams | E1: NMorts
A2: 1625 | B2: 41300 | C2: 50 | D2: 0 | E2: 0
A3: 1625 | B3: 42600 | C3: 100 | D3: 4 | E3: 4
A4: 1625 | B4: 41400 | C4: 100 | D4: 3 | E4: 3
C100: =SUM(C2:C99) -> 250 | D100: =SUM(D2:D99) -> 7 | E100: =SUM(E2:E99) -> 7 | F100: =E100/C100 -> 0.028

Sheet Kal Wastage

Sheet Copy Sheet
A1: September 27-30 Long Beach Recreational Harvest
A2: BeachName | B2: Date | C2: Effort | D2: Harvest | E2: CPUE | F2: EventID | G2: CorrectionFactor | H2: Average Length
A3: LongBeach | B3: 43735 | C3: 2262.6377 | D3: 31676.927 | E3: 14 | F3: 1620 | G3: 0.30860001 | H3: 100.7
A4: LongBeach | B4: 43736 | C4: 8338.2153 | D4: 125073.23 | E4: 15 | F4: 1621 | G4: 0.4862 | H4: 93.14
A5: LongBeach | B5: 43737 | C5: 8000 | D5: 125000 | E5: 15
A7: Total | C7: =SUM(C3:C6) -> 18600.853 | D7: =SUM(D3:D6) -> 281750.16 | E7: =AVERAGE(E3:E5) -> 14.666667 | H7: =AVERAGE(H3:H6) -> 96.92
A10: EventID | B10: LocationID | C10: NHoles | D10: NClams | E10: NMorts
A11: 1622 | B11: 12500 | C11: 100 | D11: 1 | E11: 1
A12: 1622 | B12: 12400 | C12: 100 | D12: 8 | E12: 8
A13: EventID | B13: LocationID | C13: NHoles | D13: NClams | E13: NMorts
A14: 1624 | B14: 32007 | C14: 100 | D14: 4 | E14: 4
A15: EventID | B15: LocationID | C15: NHoles | D15: NClams | E15: NMorts
A16: 1625 | B16: 41300 | C16: 50 | D16: 0 | E16: 0
A17: 1625 | B17: 42600 | C17: 100 | D17: 4 | E17: 4
A18: 1625 | B18: 41400 | C18: 100 | D18: 3 | E18: 3
A19: EventID | B19: LocationID | C19: NHoles | D19: NClams | E19: NMorts
A20: 1623 | B20: 22309 | C20: 100 | D20: 8 | E20: 8
A21: 1623 | B21: 21200 | C21: 100 | D21: 1 | E21: 1
A23: 43764 | B23: Sat | C23: 0 | D23: 0.74930556 | E23: =Effort!F21 -> 0 | F23: =Harvest!F21 -> 0 | G23: =+CPUE!F21 -> 0 | H23: =Effort!H21 -> 0 | I23: =Harvest!H21 -> 0 | J23: =CPUE!H21 -> 0 | K23: =Effort!J21 -> 0 | L23: =Harvest!J21 -> 0 | M23: =CPUE!J21 -> 0 | N23: =Effort!L21 -> 0 | O23: =Harvest!L21 -> 0 | P23: =CPUE!L21 -> 0 | Q23: CLOSED | R23: CLOSED | S23: CLOSED | T23: =SUM(E23+H23+K23) -> 0 | U23: =SUM(F23+I23+L23) -> 0
A24: 43765 | B24: Sun | C24: -0.8 | D24: 0.78263889 | E24: =Effort!F22 -> 3014.032 | F24: =Harvest!F22 -> 43477.914 | G24: =+CPUE!F22 -> 14.425167 | H24: =Effort!H22 -> 1264.2011 | I24: =Harvest!H22 -> 15334.262 | J24: =CPUE!H22 -> 12.129607 | K24: =Effort!J22 -> 3356.6175 | L24: =Harvest!J22 -> 47202.433 | M24: =CPUE!J22 -> 14.0625 | N24: =Effort!L22 -> CLOSED | O24: =Harvest!L22 -> CLOSED | P24: =CPUE!L22 -> CLOSED | Q24: CLOSED | R24: CLOSED | S24: CLOSED | T24: =SUM(E24+H24+N24) -> #VALUE! | U24: =SUM(F24+I24+O24) -> #VALUE!
A25: 43766 | B25: Mon | C25: -1.2 | D25: 0.81458333 | E25: =Effort!F23 -> 1548.579 | F25: =Harvest!F23 -> 23228.685 | G25: =+CPUE!F23 -> 15 | H25: =Effort!H23 -> 942.04166 | I25: =Harvest!H23 -> 13089.421 | J25: =CPUE!H23 -> 13.894737 | K25: =Effort!J23 -> CLOSED | L25: =Harvest!J23 -> CLOSED | M25: =CPUE!J23 -> CLOSED | N25: =Effort!L23 -> 1216.1297 | O25: =Harvest!L23 -> 17468.045 | P25: =CPUE!L23 -> 14.363636 | Q25: CLOSED | R25: CLOSED | S25: CLOSED | T25: =SUM(E25+H25+K25) -> #VALUE! | U25: =SUM(F25+I25+L25) -> #VALUE!
A26: 43767 | B26: Tue | C26: -1.4 | D26: 0.84583333 | E26: =Effort!F24 -> 1059.5404 | F26: =Harvest!F24 -> 15759.551 | G26: =+CPUE!F24 -> 14.87395 | H26: =Effort!H24 -> 444.41207 | I26: =Harvest!H24 -> 5558.2494 | J26: =CPUE!H24 -> 12.506972 | K26: =Effort!J24 -> 1179.9715 | L26: =Harvest!J24 -> 17109.587 | M26: =CPUE!J24 -> 14.5 | N26: =Effort!L24 -> CLOSED | O26: =Harvest!L24 -> CLOSED | P26: =CPUE!L24 -> CLOSED | Q26: CLOSED | R26: CLOSED | S26: CLOSED | T26: =SUM(E26+H26+N26) -> #VALUE! | U26: =SUM(F26+I26+O26) -> #VALUE!
A27: 43768 | B27: Wed | C27: -1.2 | D27: 0.87708333 | E27: =Effort!F25 -> 1220.542 | F27: =Harvest!F25 -> 18308.131 | G27: =+CPUE!F25 -> 15 | H27: =Effort!H25 -> 603.11256 | I27: =Harvest!H25 -> 5959.2595 | J27: =CPUE!H25 -> 9.8808413 | K27: =Effort!J25 -> CLOSED | L27: =Harvest!J25 -> CLOSED | M27: =CPUE!J25 -> CLOSED | N27: =Effort!L25 -> 778.58884 | O27: =Harvest!L25 -> 7952.7289 | P27: =CPUE!L25 -> 10.214286 | Q27: CLOSED | R27: CLOSED | S27: CLOSED | T27: =SUM(E27+H27+K27) -> #VALUE! | U27: =SUM(F27+I27+L27) -> #VALUE!
A28: 43769 | B28: Thu | C28: -0.8 | D28: 0.90972222 | E28: =Effort!F26 -> 1458.1812 | F28: =Harvest!F26 -> 21810.001 | G28: =+CPUE!F26 -> 14.95699 | H28: =Effort!H26 -> 611.61736 | I28: =Harvest!H26 -> 7692.1877 | J28: =CPUE!H26 -> 12.576798 | K28: =Effort!J26 -> 1623.9232 | L28: =Harvest!J26 -> 23678.347 | M28: =CPUE!J26 -> 14.580952 | N28: =Effort!L26 -> CLOSED | O28: =Harvest!L26 -> CLOSED | P28: =CPUE!L26 -> CLOSED | Q28: CLOSED | R28: CLOSED | S28: CLOSED | T28: =SUM(E28+H28+N28) -> #VALUE! | U28: =SUM(F28+I28+O28) -> #VALUE!
A29: 43770 | B29: Fri | C29: -0.2 | D29: 0.94305556 | E29: =Effort!F27 -> 3184.498 | F29: =Harvest!F27 -> 47767.47 | G29: =+CPUE!F27 -> 15 | H29: =Effort!H27 -> 1573.572 | I29: =Harvest!H27 -> 22722.739 | J29: =CPUE!H27 -> 14.440228 | K29: =Effort!J27 -> CLOSED | L29: =Harvest!J27 -> CLOSED | M29: =CPUE!J27 -> CLOSED | N29: =Effort!L27 -> 2031.4045 | O29: =Harvest!L27 -> 30323.865 | P29: =CPUE!L27 -> 14.927536 | Q29: CLOSED | R29: CLOSED | S29: CLOSED | T29: =SUM(E29+H29+K29) -> #VALUE! | U29: =SUM(F29+I29+L29) -> #VALUE!
A30: Tide Series Totals | E30: =SUM(E23:E29) -> 11485.373 | F30: =SUM(F23:F29) -> 170351.75 | G30: =+F30/E30 -> 14.832061 | H30: =SUM(H23:H29) -> 5438.9567 | I30: =SUM(I23:I29) -> 70356.118 | J30: =+I30/H30 -> 12.935591 | K30: =SUM(K23:K29) -> 6160.5122 | L30: =SUM(L23:L29) -> 87990.367 | M30: =+L30/K30 -> 14.282963 | N30: =SUM(N23:N29) -> 4026.1231 | O30: =SUM(O23:O29) -> 55744.639 | P30: =+O30/N30 -> 13.845736 | T30: =SUM(T23:T29) -> #VALUE! | U30: =SUM(U23:U29) -> #VALUE!
