Workbook

Sheet Harvest
A1: Date | B1: Day | C1: Tide | D1: Time | E1: Longbeach | G1: Twin Harbors | I1: Copalis | K1: Mocrocks | M1: Kalaloch | O1: Daily Totals
A2: 44090 | B2: Wed | C2: -1 | D2: 0.26180556 | F2: =(12886.6693562423/20086.3935402124*6935.71655805455)+6935.71655805455 -> 11385.41 | G2: * | H2: =Effort!H2*CPUE!H2 -> 2478.4416 | J2: 4714.051 | L2: CLOSED | N2: CLOSED | O2: =SUM(F2:N2) -> 18577.902 | Q2: =SUM(O2:O15) -> 1222732.3
A3: 44091 | B3: Thu | C3: -1 | D3: 0.29027778 | E3: * | F3: =Effort!F3*CPUE!F3 -> 16128.554 | G3: * | H3: =Effort!H3*CPUE!H3 -> 10454.85 | J3: CLOSED | L3: 13784.962 | N3: CLOSED | O3: =SUM(F3:N3) -> 40368.365
A4: 44092 | B4: Fri | C4: -0.8 | D4: 0.31875 | F4: =20086.3935402124+12886.6693562423 -> 32973.063 | H4: 16098.17 | J4: 30619.076 | L4: CLOSED | N4: CLOSED | O4: =SUM(F4:N4) -> 79690.308
A5: 44093 | B5: Sat | C5: -0.3 | D5: 0.34652778 | F5: 89450.29 | H5: 57983.433 | J5: CLOSED | L5: 76452.503 | N5: CLOSED | O5: =SUM(F5:N5) -> 223886.23
A6: 44094 | B6: Sun | C6: -0.8 | D6: 0.90486111 | E6: * | F6: =Effort!F6*CPUE!F6 -> 20383.224 | G6: * | H6: 18620.883 | J6: 18928.041 | L6: CLOSED | N6: CLOSED | O6: =SUM(F6:N6) -> 57932.147
A7: 44095 | B7: Mon | C7: -0.8 | D7: 0.94236111 | E7: * | F7: =Effort!F7*CPUE!F7 -> 6256.4118 | G7: * | H7: 8554.6783 | J7: CLOSED | L7: 5347.3114 | N7: CLOSED | O7: =SUM(F7:N7) -> 20158.402
A8: 44096 | B8: Tue | C8: -0.3 | D8: 0.98402778 | E8: * | F8: =Effort!F8*CPUE!F8 -> 5428.6705 | G8: * | H8: =Effort!H8*CPUE!H8 -> 4959.3056 | J8: 5041.1111 | L8: CLOSED | N8: CLOSED | O8: =SUM(F8:N8) -> 15429.087
A10: 44120 | B10: Fri | C10: -0.7 | D10: 0.79166667 | F10: =(12886.6693562423/20086.3935402124*49320.1571033681)+49320.1571033681 -> 80962.102 | H10: 46715.384 | J10: CLOSED | L10: 75460.995 | N10: CLOSED | O10: =SUM(F10:N10) -> 203138.48
A11: 44121 | B11: Sat | C11: -1.3 | D11: 0.82430556 | F11: =(12886.6693562423/20086.3935402124*88451.2537515711)+88451.2537515711 -> 145198.23 | H11: 83754.045 | J11: 151902.49 | L11: CLOSED | N11: CLOSED | O11: =SUM(F11:N11) -> 380854.77
A12: 44122 | B12: Sun | C12: -1.5 | D12: 0.85763889 | E12: * | F12: =Effort!F12*CPUE!F12 -> 45824.423 | G12: * | H12: =Effort!H12*CPUE!H12 -> 26376.89 | J12: CLOSED | L12: 42710.805 | N12: CLOSED | O12: =SUM(F12:N12) -> 114912.12
A13: 44123 | B13: Mon | C13: -1.4 | D13: 0.89166667 | E13: * | F13: =Effort!F13*CPUE!F13 -> 15726.72 | G13: * | H13: =Effort!H13*CPUE!H13 -> 9071.5738 | J13: 16452.873 | L13: CLOSED | N13: CLOSED | O13: =SUM(F13:N13) -> 41251.167
A14: 44124 | B14: Tue | C14: -1 | D14: 0.92777778 | E14: * | F14: =Effort!F14*CPUE!F14 -> 10580.906 | G14: * | H14: =Effort!H14*CPUE!H14 -> 6090.4511 | J14: CLOSED | L14: 9861.9689 | N14: CLOSED | O14: =SUM(F14:N14) -> 26533.326
A15: 44125 | B15: Wed | C15: -0.5 | D15: 0.96666667 | F15: CLOSED | H15: CLOSED | J15: CLOSED | L15: CLOSED | N15: CLOSED | O15: =SUM(F15:N15) -> 0
A17: 44331 | B17: Sat | C17: -0.5 | D17: 0.4 | F17: CLOSED | H17: CLOSED | J17: CLOSED | L17: 112607 | N17: CLOSED | O17: =SUM(F17:N17) -> 112607
A18: 44332 | B18: Sun | C18: -0.3 | D18: 0.42847222 | F18: CLOSED | H18: CLOSED | J18: CLOSED | L18: CLOSED | N18: CLOSED | O18: =SUM(F18:N18) -> 0
A19: 44333 | B19: Mon | C19: -0.1 | D19: 0.46041667 | F19: CLOSED | H19: CLOSED | J19: CLOSED | L19: 69921 | N19: CLOSED | O19: =SUM(F19:N19) -> 69921
A21: 44340 | B21: Mon | C21: -0.7 | D21: 0.23055556 | F21: CLOSED | H21: CLOSED | J21: CLOSED | L21: 6825.6879 | N21: CLOSED | O21: =SUM(F21:N21) -> 6825.6879
A22: 44341 | B22: Tue | C22: -1.6 | D22: 0.26458333 | F22: CLOSED | H22: CLOSED | J22: CLOSED | L22: CLOSED | N22: CLOSED | O22: =SUM(F22:N22) -> 0
A23: 44342 | B23: Wed | C23: -2.3 | D23: 0.29791667 | F23: CLOSED | H23: CLOSED | J23: CLOSED | L23: 32776.77 | N23: CLOSED | O23: =SUM(F23:N23) -> 32776.77
A24: 44343 | B24: Thu | C24: -2.5 | D24: 0.33125 | F24: CLOSED | H24: CLOSED | J24: CLOSED | L24: CLOSED | N24: CLOSED | O24: =SUM(F24:N24) -> 0
A25: 44344 | B25: Fri | C25: -2.5 | D25: 0.36527778 | F25: CLOSED | H25: CLOSED | J25: CLOSED | L25: 71509.089 | N25: CLOSED | O25: =SUM(F25:N25) -> 71509.089
A26: 44345 | B26: Sat | C26: -2.2 | D26: 0.39930556 | F26: CLOSED | H26: CLOSED | J26: CLOSED | L26: CLOSED | N26: CLOSED | O26: =SUM(F26:N26) -> 0
A27: 44346 | B27: Sun | C27: -1.6 | D27: 0.43472222 | F27: CLOSED | H27: CLOSED | J27: CLOSED | L27: 130472.72 | N27: CLOSED | O27: =SUM(F27:N27) -> 130472.72
A29: FALL 2020 - SPRING 2021 SEASON TOTALS: | F29: =SUM(F2:F20) -> 480298 | H29: =SUM(H2:H20) -> 291158.1 | J29: =SUM(J2:J20) -> 227657.65 | L29: =SUM(L2:L28) -> 647730.82 | N29: =SUM(N2:N20) -> 0 | O29: =SUM(O2:O20) -> 1405260.3
A30: ESTIMATED WASTAGE RATE: | F30: =+'LB Wastage'!F100 -> 0.083076923 | H30: =+'TH Wastage'!F100 -> 0.055 | J30: =+'Cop Wastage'!F100 -> 0.08 | L30: =+'Moc Wastage'!F100 -> 0.026666667 | N30: =+'Kal Wastage'!F100 -> 0
A31: ESTIMATED TOTAL WASTAGE: | F31: =+F29*F30 -> 39901.68 | H31: =+H29*H30 -> 16013.696 | J31: =+J29*J30 -> 18212.612 | L31: =+L29*L30 -> 17272.822 | N31: =+N29*N30 -> 0 | O31: =F31+H31+J31+L31+N31 -> 91400.809
A32: SEASON TOTAL INCLUDING WASTAGE: | F32: =F29+F31 -> 520199.68 | H32: =H29+H31 -> 307171.8 | J32: =J29+J31 -> 245870.26 | L32: =L29+L31 -> 665003.64 | N32: =N29+N31 -> 0 | O32: =O29+O31 -> 1496661.1
A33: Fall 2020 / Spring 2021 Harvest Rate (clams/day):
A34: % of TAC Harvested: | F34: =F32/TAC!B4 -> 0.052456474 | H34: =H32/TAC!B5 -> 0.14737472 | J34: =+J32/TAC!B6 -> 0.10375581 | L34: =L32/TAC!B7 -> 0.28533324 | N34: =N32/TAC!B8 -> 0 | O34: =O32/TAC!B9 -> 0.08770919
A35: clams left in TAC : | F35: =+TAC!B4-Harvest!F32 -> 9396587.3 | H35: =TAC!B5-Harvest!H32 -> 1777119.2 | J35: =+TAC!B6-Harvest!J32 -> 2123830.7 | L35: =TAC!B7-L32 -> 1665617.4 | N35: =TAC!B8-N32 -> 362503 | O35: =TAC!B9-Harvest!O32 -> 15567242
A37: *- estimate based on comparison of other beaches. + - no harvest due to very heavy surf and storm warnings.
A38: ** - No beach count. Used data from another day with similar conditions to estimate count.

Sheet Effort
A1: Date | B1: Day | C1: Tide | D1: Time | E1: Longbeach | G1: Twin Harbors | I1: Copalis | K1: Mocrocks | M1: Kalaloch | O1: Daily Totals
A2: 44090 | B2: Wed | C2: -1 | D2: 0.26180556 | F2: =(12886.6693562423/20086.3935402124*462.381103870303)+462.381103870303 -> 759.02731 | G2: * | H2: =H4/J4*J2 -> 165.22944 | J2: 314.27006 | L2: CLOSED | N2: CLOSED | O2: =SUM(F2:N2) -> 1238.5268 | Q2: =SUM(O2:O15) -> 81507.952
A3: 44091 | B3: Thu | C3: -1 | D3: 0.29027778 | E3: * | F3: =F5/L5*L3 -> 1075.2369 | G3: * | H3: =H5/L5*L3 -> 696.98997 | J3: CLOSED | L3: 918.99747 | N3: CLOSED | O3: =SUM(F3:N3) -> 2691.2244
A4: 44092 | B4: Fri | C4: -0.8 | D4: 0.31875 | F4: =1339.09290268083+859.111290416152 -> 2198.2042 | H4: 1073.2113 | J4: 2041.2717 | L4: CLOSED | N4: CLOSED | O4: =SUM(F4:N4) -> 5312.6872
A5: 44093 | B5: Sat | C5: -0.3 | D5: 0.34652778 | F5: 5963.35 | H5: 3865.5622 | J5: CLOSED | L5: 5096.8336 | N5: CLOSED | O5: =SUM(F5:N5) -> 14925.746
A6: 44094 | B6: Sun | C6: -0.8 | D6: 0.90486111 | E6: * | F6: =F4/J4*J6 -> 1358.8816 | H6: 1241.3922 | J6: 1261.8694 | L6: CLOSED | N6: CLOSED | O6: =SUM(F6:N6) -> 3862.1431
A7: 44095 | B7: Mon | C7: -0.8 | D7: 0.94236111 | E7: * | F7: =F5/L5*L7 -> 417.09412 | H7: 570.31189 | J7: CLOSED | L7: 356.48743 | N7: CLOSED | O7: =SUM(F7:N7) -> 1343.8934
A8: 44096 | B8: Tue | C8: -0.3 | D8: 0.98402778 | E8: * | F8: =F4/J4*J8 -> 361.91136 | G8: * | H8: =H6/J6*J8 -> 330.62037 | J8: 336.07407 | L8: CLOSED | N8: CLOSED | O8: =SUM(F8:N8) -> 1028.6058
A10: 44120 | B10: Fri | C10: -0.7 | D10: 0.79166667 | F10: =(12886.6693562423/20086.3935402124*3288.01047355788)+3288.01047355788 -> 5397.4735 | H10: 3106.8272 | J10: CLOSED | L10: 5030.733 | N10: CLOSED | O10: =SUM(F10:N10) -> 13535.034
A11: 44121 | B11: Sat | C11: -1.3 | D11: 0.82430556 | F11: =(12886.6693562423/20086.3935402124*5896.75025010474)+5896.75025010474 -> 9679.8819 | H11: 5583.603 | J11: 10126.833 | L11: CLOSED | N11: CLOSED | O11: =SUM(F11:N11) -> 25390.318
A12: 44122 | B12: Sun | C12: -1.5 | D12: 0.85763889 | E12: * | F12: =F10/L10*L12 -> 3054.9615 | G12: * | H12: =H10/L10*L12 -> 1758.4593 | J12: CLOSED | L12: 2847.387 | N12: CLOSED | O12: =SUM(F12:N12) -> 7660.8079
A13: 44123 | B13: Mon | C13: -1.4 | D13: 0.89166667 | E13: * | F13: =F11/J11*J13 -> 1048.448 | G13: * | H13: =H11/J11*J13 -> 604.77159 | J13: 1096.8582 | L13: CLOSED | N13: CLOSED | O13: =SUM(F13:N13) -> 2750.0778
A14: 44124 | B14: Tue | C14: -1 | D14: 0.92777778 | E14: * | F14: =F10/L10*L14 -> 705.39376 | G14: * | H14: =H10/L10*L14 -> 406.03007 | J14: CLOSED | L14: 657.46459 | N14: CLOSED | O14: =SUM(F14:N14) -> 1768.8884
A15: 44125 | B15: Wed | C15: -0.5 | D15: 0.96666667 | F15: CLOSED | H15: CLOSED | J15: CLOSED | L15: CLOSED | N15: CLOSED | O15: =SUM(F15:N15) -> 0
A17: 44331 | B17: Sat | C17: -0.5 | D17: 0.4 | F17: CLOSED | H17: CLOSED | J17: CLOSED | L17: 7507 | N17: CLOSED | O17: =SUM(F17:N17) -> 7507
A18: 44332 | B18: Sun | C18: -0.3 | D18: 0.42847222 | F18: CLOSED | H18: CLOSED | J18: CLOSED | L18: CLOSED | N18: CLOSED | O18: =SUM(F18:N18) -> 0
A19: 44333 | B19: Mon | C19: -0.1 | D19: 0.46041667 | F19: CLOSED | H19: CLOSED | J19: CLOSED | L19: 4661 | N19: CLOSED | O19: =SUM(F19:N19) -> 4661
A21: 44340 | B21: Mon | C21: -0.7 | D21: 0.23055556 | F21: CLOSED | H21: CLOSED | J21: CLOSED | L21: 455.04586 | N21: CLOSED | O21: =SUM(F21:N21) -> 455.04586
A22: 44341 | B22: Tue | C22: -1.6 | D22: 0.26458333 | F22: CLOSED | H22: CLOSED | J22: CLOSED | L22: CLOSED | N22: CLOSED | O22: =SUM(F22:N22) -> 0
A23: 44342 | B23: Wed | C23: -2.3 | D23: 0.29791667 | F23: CLOSED | H23: CLOSED | J23: CLOSED | L23: 2185.118 | N23: CLOSED | O23: =SUM(F23:N23) -> 2185.118
A24: 44343 | B24: Thu | C24: -2.5 | D24: 0.33125 | F24: CLOSED | H24: CLOSED | J24: CLOSED | L24: CLOSED | N24: CLOSED | O24: =SUM(F24:N24) -> 0
A25: 44344 | B25: Fri | C25: -2.5 | D25: 0.36527778 | F25: CLOSED | H25: CLOSED | J25: CLOSED | L25: 4767.2726 | N25: CLOSED | O25: =SUM(F25:N25) -> 4767.2726
A26: 44345 | B26: Sat | C26: -2.2 | D26: 0.39930556 | F26: CLOSED | H26: CLOSED | J26: CLOSED | L26: CLOSED | N26: CLOSED | O26: =SUM(F26:N26) -> 0
A27: 44346 | B27: Sun | C27: -1.6 | D27: 0.43472222 | F27: CLOSED | H27: CLOSED | J27: CLOSED | L27: 8698.1816 | N27: CLOSED | O27: =SUM(F27:N27) -> 8698.1816
A29: SEASON TOTALS : | F29: =SUM(F2:F28) -> 32019.864 | H29: =SUM(H2:H28) -> 19403.009 | J29: =SUM(J2:J28) -> 15177.176 | L29: =SUM(L2:L28) -> 43181.521 | N29: =SUM(N28:N28) -> 0 | O29: =SUM(O2:O28) -> 109781.57
A30: *- estimate based on comparison of other beaches. + - no harvest due to very heavy surf and storm warnings.
A31: ** - No beach count. Used data from another day with similar conditions to estimate count.
A32: # - Tide is not low enough for decent digging opportunity

Sheet CPUE
A1: Date | B1: Day | C1: Tide | D1: Time | E1: Longbeach | G1: Twin Harbors | I1: Copalis | K1: Mocrocks | M1: Kalaloch | O1: Daily Totals
A2: 44090 | B2: Wed | C2: -1 | D2: 0.26180556 | F2: =+Harvest!F2/Effort!F2 -> 15 | G2: * | H2: 15 | J2: =+Harvest!J2/Effort!J2 -> 15 | L2: CLOSED | N2: CLOSED | O2: =+Harvest!O2/Effort!O2 -> 15 | Q2: =AVERAGE(O2:O15) -> 13.846796
A3: 44091 | B3: Thu | C3: -1 | D3: 0.29027778 | E3: * | F3: 15 | G3: * | H3: 15 | J3: CLOSED | L3: =+Harvest!L3/Effort!L3 -> 15 | N3: CLOSED | O3: =+Harvest!O3/Effort!O3 -> 15
A4: 44092 | B4: Fri | C4: -0.8 | D4: 0.31875 | F4: =+Harvest!F4/Effort!F4 -> 15 | H4: =+Harvest!H4/Effort!H4 -> 15 | J4: =+Harvest!J4/Effort!J4 -> 15 | L4: CLOSED | N4: CLOSED | O4: =+Harvest!O4/Effort!O4 -> 15
A5: 44093 | B5: Sat | C5: -0.3 | D5: 0.34652778 | F5: =+Harvest!F5/Effort!F5 -> 15.000007 | H5: =+Harvest!H5/Effort!H5 -> 15 | J5: CLOSED | L5: =+Harvest!L5/Effort!L5 -> 15 | N5: CLOSED | O5: =+Harvest!O5/Effort!O5 -> 15.000003
A6: 44094 | B6: Sun | C6: -0.8 | D6: 0.90486111 | E6: * | F6: 15 | H6: =+Harvest!H6/Effort!H6 -> 15 | J6: =+Harvest!J6/Effort!J6 -> 15 | L6: CLOSED | N6: CLOSED | O6: =+Harvest!O6/Effort!O6 -> 15
A7: 44095 | B7: Mon | C7: -0.8 | D7: 0.94236111 | E7: * | F7: 15 | H7: =+Harvest!H7/Effort!H7 -> 15 | J7: CLOSED | L7: =+Harvest!L7/Effort!L7 -> 15 | N7: CLOSED | O7: =+Harvest!O7/Effort!O7 -> 15
A8: 44096 | B8: Tue | C8: -0.3 | D8: 0.98402778 | E8: * | F8: 15 | G8: * | H8: 15 | J8: =+Harvest!J8/Effort!J8 -> 15 | L8: CLOSED | N8: CLOSED | O8: =+Harvest!O8/Effort!O8 -> 15
A10: 44120 | B10: Fri | C10: -0.7 | D10: 0.79166667 | F10: =+Harvest!F10/Effort!F10 -> 15 | H10: =+Harvest!H10/Effort!H10 -> 15.036364 | J10: CLOSED | L10: =+Harvest!L10/Effort!L10 -> 15 | N10: CLOSED | O10: =+Harvest!O10/Effort!O10 -> 15.008347
A11: 44121 | B11: Sat | C11: -1.3 | D11: 0.82430556 | F11: =+Harvest!F11/Effort!F11 -> 15 | H11: =+Harvest!H11/Effort!H11 -> 15 | J11: =+Harvest!J11/Effort!J11 -> 15 | L11: CLOSED | N11: CLOSED | O11: =+Harvest!O11/Effort!O11 -> 15
A12: 44122 | B12: Sun | C12: -1.5 | D12: 0.85763889 | E12: * | F12: 15 | G12: * | H12: 15 | J12: CLOSED | L12: =+Harvest!L12/Effort!L12 -> 15 | N12: CLOSED | O12: =+Harvest!O12/Effort!O12 -> 15
A13: 44123 | B13: Mon | C13: -1.4 | D13: 0.89166667 | E13: * | F13: 15 | G13: * | H13: 15 | J13: =+Harvest!J13/Effort!J13 -> 15 | L13: CLOSED | N13: CLOSED | O13: =+Harvest!O13/Effort!O13 -> 15
A14: 44124 | B14: Tue | C14: -1 | D14: 0.92777778 | E14: * | F14: 15 | G14: * | H14: 15 | J14: CLOSED | L14: =+Harvest!L14/Effort!L14 -> 15 | N14: CLOSED | O14: =+Harvest!O14/Effort!O14 -> 15
A15: 44125 | B15: Wed | C15: -0.5 | D15: 0.96666667 | F15: CLOSED | H15: CLOSED | J15: CLOSED | L15: CLOSED | N15: CLOSED | O15: 0
A17: 44331 | B17: Sat | C17: -0.5 | D17: 0.4 | F17: CLOSED | H17: CLOSED | J17: CLOSED | L17: 15 | N17: CLOSED | O17: =SUM(F17:N17) -> 15
A18: 44332 | B18: Sun | C18: -0.3 | D18: 0.42847222 | F18: CLOSED | H18: CLOSED | J18: CLOSED | L18: CLOSED | N18: CLOSED | O18: =SUM(F18:N18) -> 0
A19: 44333 | B19: Mon | C19: -0.1 | D19: 0.46041667 | F19: CLOSED | H19: CLOSED | J19: CLOSED | L19: 15 | N19: CLOSED | O19: =SUM(F19:N19) -> 15
A21: 44340 | B21: Mon | C21: -0.7 | D21: 0.23055556 | F21: CLOSED | H21: CLOSED | J21: CLOSED | L21: 15 | N21: CLOSED | O21: =SUM(F21:N21) -> 15
A22: 44341 | B22: Tue | C22: -1.6 | D22: 0.26458333 | F22: CLOSED | H22: CLOSED | J22: CLOSED | L22: CLOSED | N22: CLOSED | O22: =SUM(F22:N22) -> 0
A23: 44342 | B23: Wed | C23: -2.3 | D23: 0.29791667 | F23: CLOSED | H23: CLOSED | J23: CLOSED | L23: 15 | N23: CLOSED | O23: =SUM(F23:N23) -> 15
A24: 44343 | B24: Thu | C24: -2.5 | D24: 0.33125 | F24: CLOSED | H24: CLOSED | J24: CLOSED | L24: CLOSED | N24: CLOSED | O24: =SUM(F24:N24) -> 0
A25: 44344 | B25: Fri | C25: -2.5 | D25: 0.36527778 | F25: CLOSED | H25: CLOSED | J25: CLOSED | L25: 15 | N25: CLOSED | O25: =SUM(F25:N25) -> 15
A26: 44345 | B26: Sat | C26: -2.2 | D26: 0.39930556 | F26: CLOSED | H26: CLOSED | J26: CLOSED | L26: CLOSED | N26: CLOSED | O26: =SUM(F26:N26) -> 0
A27: 44346 | B27: Sun | C27: -1.6 | D27: 0.43472222 | F27: CLOSED | H27: CLOSED | J27: CLOSED | L27: 15 | N27: CLOSED | O27: =SUM(F27:N27) -> 15
A29: SEASON TOTALS : | F29: =Harvest!F29/Effort!F29 -> 15.000001 | H29: =Harvest!H29/Effort!H29 -> 15.005823 | J29: =Harvest!J29/Effort!J29 -> 15 | L29: =Harvest!L29/Effort!L29 -> 15.000185 | N29: 0
A30: *- estimate based on comparison of other beaches. + - no harvest due to very heavy surf and storm warnings.
A31: ** - No beach count. Used data from another day with similar conditions to estimate count.

Sheet Summary Table
A1: 2020-2021 State (non-Tribal) Recreational Razor Clam Effort, Harvest and CPUE totals.
E2: LONG BEACH | H2: TWIN HARBORS | K2: COPALIS | N2: MOCROCKS | Q2: KALALOCH | T2: DAILY TOTALS
A3: DATE | B3: DAY | C3: TIDE | D3: TIME | E3: Effort | F3: Harvest | G3: CPUE | H3: Effort | I3: Harvest | J3: CPUE | K3: Effort | L3: Harvest | M3: CPUE | N3: Effort | O3: Harvest | P3: CPUE | Q3: Effort | R3: Harvest | S3: CPUE | T3: Effort | U3: Harvest
A4: 44090 | B4: Wed | C4: -1 | D4: 0.26180556 | E4: =Effort!F2 -> 759.02731 | F4: =Harvest!F2 -> 11385.41 | G4: =+CPUE!F2 -> 15 | H4: =Effort!H2 -> 165.22944 | I4: =Harvest!H2 -> 2478.4416 | J4: =CPUE!H2 -> 15 | K4: =Effort!J2 -> 314.27006 | L4: =Harvest!J2 -> 4714.051 | M4: =CPUE!J2 -> 15 | N4: =Effort!L2 -> CLOSED | O4: =Harvest!L2 -> CLOSED | P4: =CPUE!L2 -> CLOSED | Q4: CLOSED | R4: CLOSED | S4: CLOSED | T4: =SUM(E4+H4+K4) -> 1238.5268 | U4: =SUM(F4+I4+L4) -> 18577.902
A5: 44091 | B5: Thu | C5: -1 | D5: 0.29027778 | E5: =Effort!F3 -> 1075.2369 | F5: =Harvest!F3 -> 16128.554 | G5: =+CPUE!F3 -> 15 | H5: =Effort!H3 -> 696.98997 | I5: =Harvest!H3 -> 10454.85 | J5: =CPUE!H3 -> 15 | K5: =Effort!J3 -> CLOSED | L5: =Harvest!J3 -> CLOSED | M5: =CPUE!J3 -> CLOSED | N5: =Effort!L3 -> 918.99747 | O5: =Harvest!L3 -> 13784.962 | P5: =CPUE!L3 -> 15 | Q5: CLOSED | R5: CLOSED | S5: CLOSED | T5: =SUM(E5+H5+N5) -> 2691.2244 | U5: =SUM(F5+I5+O5) -> 40368.365
A6: 44092 | B6: Fri | C6: -0.8 | D6: 0.31875 | E6: =Effort!F4 -> 2198.2042 | F6: =Harvest!F4 -> 32973.063 | G6: =+CPUE!F4 -> 15 | H6: =Effort!H4 -> 1073.2113 | I6: =Harvest!H4 -> 16098.17 | J6: =CPUE!H4 -> 15 | K6: =Effort!J4 -> 2041.2717 | L6: =Harvest!J4 -> 30619.076 | M6: =CPUE!J4 -> 15 | N6: =Effort!L4 -> CLOSED | O6: =Harvest!L4 -> CLOSED | P6: =CPUE!L4 -> CLOSED | Q6: CLOSED | R6: CLOSED | S6: CLOSED | T6: =SUM(E6+H6+K6) -> 5312.6872 | U6: =SUM(F6+I6+L6) -> 79690.308
A7: 44093 | B7: Sat | C7: -0.3 | D7: 0.34652778 | E7: =Effort!F5 -> 5963.35 | F7: =Harvest!F5 -> 89450.29 | G7: =+CPUE!F5 -> 15.000007 | H7: =Effort!H5 -> 3865.5622 | I7: =Harvest!H5 -> 57983.433 | J7: =CPUE!H5 -> 15 | K7: =Effort!J5 -> CLOSED | L7: =Harvest!J5 -> CLOSED | M7: =CPUE!J5 -> CLOSED | N7: =Effort!L5 -> 5096.8336 | O7: =Harvest!L5 -> 76452.503 | P7: =CPUE!L5 -> 15 | Q7: CLOSED | R7: CLOSED | S7: CLOSED | T7: =SUM(E7+H7+N7) -> 14925.746 | U7: =SUM(F7+I7+O7) -> 223886.23
A8: 44094 | B8: Sun | C8: -0.8 | D8: 0.90486111 | E8: =Effort!F6 -> 1358.8816 | F8: =Harvest!F6 -> 20383.224 | G8: =+CPUE!F6 -> 15 | H8: =Effort!H6 -> 1241.3922 | I8: =Harvest!H6 -> 18620.883 | J8: =CPUE!H6 -> 15 | K8: =Effort!J6 -> 1261.8694 | L8: =Harvest!J6 -> 18928.041 | M8: =CPUE!J6 -> 15 | N8: =Effort!L6 -> CLOSED | O8: =Harvest!L6 -> CLOSED | P8: =CPUE!L6 -> CLOSED | Q8: CLOSED | R8: CLOSED | S8: CLOSED | T8: =SUM(E8+H8+K8) -> 3862.1431 | U8: =SUM(F8+I8+L8) -> 57932.147
A9: 44095 | B9: Mon | C9: -0.8 | D9: 0.94236111 | E9: =Effort!F7 -> 417.09412 | F9: =Harvest!F7 -> 6256.4118 | G9: =+CPUE!F7 -> 15 | H9: =Effort!H7 -> 570.31189 | I9: =Harvest!H7 -> 8554.6783 | J9: =CPUE!H7 -> 15 | K9: =Effort!J7 -> CLOSED | L9: =Harvest!J7 -> CLOSED | M9: =CPUE!J7 -> CLOSED | N9: =Effort!L7 -> 356.48743 | O9: =Harvest!L7 -> 5347.3114 | P9: =CPUE!L7 -> 15 | Q9: CLOSED | R9: CLOSED | S9: CLOSED | T9: =SUM(E9+H9+N9) -> 1343.8934 | U9: =SUM(F9+I9+O9) -> 20158.402
A10: 44096 | B10: Tue | C10: -0.3 | D10: 0.98402778 | E10: =Effort!F8 -> 361.91136 | F10: =Harvest!F8 -> 5428.6705 | G10: =+CPUE!F8 -> 15 | H10: =Effort!H8 -> 330.62037 | I10: =Harvest!H8 -> 4959.3056 | J10: =CPUE!H8 -> 15 | K10: =Effort!J8 -> 336.07407 | L10: =Harvest!J8 -> 5041.1111 | M10: =CPUE!J8 -> 15 | N10: =Effort!L8 -> CLOSED | O10: =Harvest!L8 -> CLOSED | P10: =CPUE!L8 -> CLOSED | Q10: CLOSED | R10: CLOSED | S10: CLOSED | T10: =SUM(E10+H10+K10) -> 1028.6058 | U10: =SUM(F10+I10+L10) -> 15429.087
A11: Tide Series Totals | E11: =SUM(E4:E10) -> 12133.705 | F11: =SUM(F4:F10) -> 182005.62 | G11: =+F11/E11 -> 15.000003 | H11: =SUM(H4:H10) -> 7943.3174 | I11: =SUM(I4:I10) -> 119149.76 | J11: =+I11/H11 -> 15 | K11: =SUM(K4:K10) -> 3953.4852 | L11: =SUM(L4:L10) -> 59302.278 | M11: =+L11/K11 -> 15 | N11: =SUM(N4:N10) -> 6372.3185 | O11: =SUM(O4:O10) -> 95584.777 | P11: =+O11/N11 -> 15 | T11: =SUM(T4:T10) -> 30402.827 | U11: =SUM(U4:U10) -> 456042.44
A12: 44120 | B12: Fri | C12: -0.7 | D12: 0.79166667 | E12: =Effort!F10 -> 5397.4735 | F12: =Harvest!F10 -> 80962.102 | G12: =+CPUE!F10 -> 15 | H12: =Effort!H10 -> 3106.8272 | I12: =Harvest!H10 -> 46715.384 | J12: =CPUE!H10 -> 15.036364 | K12: =Effort!J10 -> CLOSED | L12: =Harvest!J10 -> CLOSED | M12: =CPUE!J10 -> CLOSED | N12: =Effort!L10 -> 5030.733 | O12: =Harvest!L10 -> 75460.995 | P12: =CPUE!L10 -> 15 | Q12: CLOSED | R12: CLOSED | S12: CLOSED | T12: =SUM(E12+H12+N12) -> 13535.034 | U12: =SUM(F12+I12+O12) -> 203138.48
A13: 44121 | B13: Sat | C13: -1.3 | D13: 0.82430556 | E13: =Effort!F11 -> 9679.8819 | F13: =Harvest!F11 -> 145198.23 | G13: =+CPUE!F11 -> 15 | H13: =Effort!H11 -> 5583.603 | I13: =Harvest!H11 -> 83754.045 | J13: =CPUE!H11 -> 15 | K13: =Effort!J11 -> 10126.833 | L13: =Harvest!J11 -> 151902.49 | M13: =CPUE!J11 -> 15 | N13: =Effort!L11 -> CLOSED | O13: =Harvest!L11 -> CLOSED | P13: =CPUE!L11 -> CLOSED | Q13: CLOSED | R13: CLOSED | S13: CLOSED | T13: =SUM(E13+H13+K13) -> 25390.318 | U13: =SUM(F13+I13+L13) -> 380854.77
A14: 44122 | B14: Sun | C14: -1.5 | D14: 0.85763889 | E14: =Effort!F12 -> 3054.9615 | F14: =Harvest!F12 -> 45824.423 | G14: =+CPUE!F12 -> 15 | H14: =Effort!H12 -> 1758.4593 | I14: =Harvest!H12 -> 26376.89 | J14: =CPUE!H12 -> 15 | K14: =Effort!J12 -> CLOSED | L14: =Harvest!J12 -> CLOSED | M14: =CPUE!J12 -> CLOSED | N14: =Effort!L12 -> 2847.387 | O14: =Harvest!L12 -> 42710.805 | P14: =CPUE!L12 -> 15 | Q14: CLOSED | R14: CLOSED | S14: CLOSED | T14: =SUM(E14+H14+N14) -> 7660.8079 | U14: =SUM(F14+I14+O14) -> 114912.12
A15: 44123 | B15: Mon | C15: -1.4 | D15: 0.89166667 | E15: =Effort!F13 -> 1048.448 | F15: =Harvest!F13 -> 15726.72 | G15: =+CPUE!F13 -> 15 | H15: =Effort!H13 -> 604.77159 | I15: =Harvest!H13 -> 9071.5738 | J15: =CPUE!H13 -> 15 | K15: =Effort!J13 -> 1096.8582 | L15: =Harvest!J13 -> 16452.873 | M15: =CPUE!J13 -> 15 | N15: =Effort!L13 -> CLOSED | O15: =Harvest!L13 -> CLOSED | P15: =CPUE!L13 -> CLOSED | Q15: CLOSED | R15: CLOSED | S15: CLOSED | T15: =SUM(E15+H15+K15) -> 2750.0778 | U15: =SUM(F15+I15+L15) -> 41251.167
A16: 44124 | B16: Tue | C16: -1 | D16: 0.92777778 | E16: =Effort!F14 -> 705.39376 | F16: =Harvest!F14 -> 10580.906 | G16: =+CPUE!F14 -> 15 | H16: =Effort!H14 -> 406.03007 | I16: =Harvest!H14 -> 6090.4511 | J16: =CPUE!H14 -> 15 | K16: =Effort!J14 -> CLOSED | L16: =Harvest!J14 -> CLOSED | M16: =CPUE!J14 -> CLOSED | N16: =Effort!L14 -> 657.46459 | O16: =Harvest!L14 -> 9861.9689 | P16: =CPUE!L14 -> 15 | Q16: CLOSED | R16: CLOSED | S16: CLOSED | T16: =SUM(E16+H16+N16) -> 1768.8884 | U16: =SUM(F16+I16+O16) -> 26533.326
A17: 44125 | B17: Wed | C17: -0.5 | D17: 0.96666667 | E17: =Effort!F15 -> CLOSED | F17: =Harvest!F15 -> CLOSED | G17: =+CPUE!F15 -> CLOSED | H17: =Effort!H15 -> CLOSED | I17: =Harvest!H15 -> CLOSED | J17: =CPUE!H15 -> CLOSED | K17: =Effort!J15 -> CLOSED | L17: =Harvest!J15 -> CLOSED | M17: =CPUE!J15 -> CLOSED | N17: =Effort!L15 -> CLOSED | O17: =Harvest!L15 -> CLOSED | P17: =CPUE!L15 -> CLOSED | Q17: CLOSED | R17: CLOSED | S17: CLOSED | T17: 0 | U17: 0
A18: Tide Series Totals | E18: =SUM(E12:E17) -> 19886.159 | F18: =SUM(F12:F17) -> 298292.38 | G18: =+F18/E18 -> 15 | H18: =SUM(H12:H17) -> 11459.691 | I18: =SUM(I12:I17) -> 172008.34 | J18: =+I18/H18 -> 15.009859 | K18: =SUM(K12:K17) -> 11223.691 | L18: =SUM(L12:L17) -> 168355.37 | M18: =+L18/K18 -> 15 | N18: =SUM(N12:N17) -> 8535.5846 | O18: =SUM(O12:O17) -> 128033.77 | P18: =+O18/N18 -> 15 | T18: =SUM(T12:T17) -> 51105.126 | U18: =SUM(U12:U17) -> 766689.86
A19: 44331 | B19: Sat | C19: -0.5 | D19: 0.4 | E19: =Effort!F17 -> CLOSED | F19: =Harvest!F17 -> CLOSED | G19: =+CPUE!F17 -> CLOSED | H19: =Effort!H17 -> CLOSED | I19: =Harvest!H17 -> CLOSED | J19: =CPUE!H17 -> CLOSED | K19: =Effort!J17 -> CLOSED | L19: =Harvest!J17 -> CLOSED | M19: =CPUE!J17 -> CLOSED | N19: =Effort!L17 -> 7507 | O19: =Harvest!L17 -> 112607 | P19: =CPUE!L17 -> 15 | Q19: CLOSED | R19: CLOSED | S19: CLOSED | T19: 7507 | U19: 112607
A20: 44332 | B20: Sun | C20: -0.3 | D20: 0.42847222 | E20: =Effort!F18 -> CLOSED | F20: =Harvest!F18 -> CLOSED | G20: =+CPUE!F18 -> CLOSED | H20: =Effort!H18 -> CLOSED | I20: =Harvest!H18 -> CLOSED | J20: =CPUE!H18 -> CLOSED | K20: =Effort!J18 -> CLOSED | L20: =Harvest!J18 -> CLOSED | M20: =CPUE!J18 -> CLOSED | N20: =Effort!L18 -> CLOSED | O20: =Harvest!L18 -> CLOSED | P20: =CPUE!L18 -> CLOSED | Q20: CLOSED | R20: CLOSED | S20: CLOSED | T20: 0 | U20: 0
A21: 44333 | B21: Mon | C21: -0.1 | D21: 0.46041667 | E21: =Effort!F19 -> CLOSED | F21: =Harvest!F19 -> CLOSED | G21: =+CPUE!F19 -> CLOSED | H21: =Effort!H19 -> CLOSED | I21: =Harvest!H19 -> CLOSED | J21: =CPUE!H19 -> CLOSED | K21: =Effort!J19 -> CLOSED | L21: =Harvest!J19 -> CLOSED | M21: =CPUE!J19 -> CLOSED | N21: =Effort!L19 -> 4661 | O21: =Harvest!L19 -> 69921 | P21: =CPUE!L19 -> 15 | Q21: CLOSED | R21: CLOSED | S21: CLOSED | T21: 4661 | U21: 69921
A22: Tide Series Totals | N22: =SUM(N19:N21) -> 12168 | O22: =SUM(O19:O21) -> 182528 | P22: =+O22/N22 -> 15.000657 | T22: =SUM(T19:T21) -> 12168 | U22: =SUM(U19:U21) -> 182528
A23: 44340 | B23: Mon | C23: -0.7 | D23: 0.23055556 | E23: =Effort!F21 -> CLOSED | F23: =Harvest!F21 -> CLOSED | G23: =+CPUE!F21 -> CLOSED | H23: =Effort!H21 -> CLOSED | I23: =Harvest!H21 -> CLOSED | J23: =CPUE!H21 -> CLOSED | K23: =Effort!J21 -> CLOSED | L23: =Harvest!J21 -> CLOSED | M23: =CPUE!J21 -> CLOSED | N23: =Effort!L21 -> 455.04586 | O23: =Harvest!L21 -> 6825.6879 | P23: =CPUE!L21 -> 15 | Q23: CLOSED | R23: CLOSED | S23: CLOSED | T23: 455 | U23: 6826
A24: 44341 | B24: Tue | C24: -1.6 | D24: 0.26458333 | E24: =Effort!F22 -> CLOSED | F24: =Harvest!F22 -> CLOSED | G24: =+CPUE!F22 -> CLOSED | H24: =Effort!H22 -> CLOSED | I24: =Harvest!H22 -> CLOSED | J24: =CPUE!H22 -> CLOSED | K24: =Effort!J22 -> CLOSED | L24: =Harvest!J22 -> CLOSED | M24: =CPUE!J22 -> CLOSED | N24: =Effort!L22 -> CLOSED | O24: =Harvest!L22 -> CLOSED | P24: =CPUE!L22 -> CLOSED | Q24: CLOSED | R24: CLOSED | S24: CLOSED | T24: 0 | U24: 0
A25: 44342 | B25: Wed | C25: -2.3 | D25: 0.29791667 | E25: =Effort!F23 -> CLOSED | F25: =Harvest!F23 -> CLOSED | G25: =+CPUE!F23 -> CLOSED | H25: =Effort!H23 -> CLOSED | I25: =Harvest!H23 -> CLOSED | J25: =CPUE!H23 -> CLOSED | K25: =Effort!J23 -> CLOSED | L25: =Harvest!J23 -> CLOSED | M25: =CPUE!J23 -> CLOSED | N25: =Effort!L23 -> 2185.118 | O25: =Harvest!L23 -> 32776.77 | P25: =CPUE!L23 -> 15 | Q25: CLOSED | R25: CLOSED | S25: CLOSED | T25: 2185 | U25: 32777
A26: 44343 | B26: Thu | C26: -2.5 | D26: 0.33125 | E26: =Effort!F24 -> CLOSED | F26: =Harvest!F24 -> CLOSED | G26: =+CPUE!F24 -> CLOSED | H26: =Effort!H24 -> CLOSED | I26: =Harvest!H24 -> CLOSED | J26: =CPUE!H24 -> CLOSED | K26: =Effort!J24 -> CLOSED | L26: =Harvest!J24 -> CLOSED | M26: =CPUE!J24 -> CLOSED | N26: =Effort!L24 -> CLOSED | O26: =Harvest!L24 -> CLOSED | P26: =CPUE!L24 -> CLOSED | Q26: CLOSED | R26: CLOSED | S26: CLOSED | T26: 0 | U26: 0
A27: 44344 | B27: Fri | C27: -2.5 | D27: 0.36527778 | E27: =Effort!F25 -> CLOSED | F27: =Harvest!F25 -> CLOSED | G27: =+CPUE!F25 -> CLOSED | H27: =Effort!H25 -> CLOSED | I27: =Harvest!H25 -> CLOSED | J27: =CPUE!H25 -> CLOSED | K27: =Effort!J25 -> CLOSED | L27: =Harvest!J25 -> CLOSED | M27: =CPUE!J25 -> CLOSED | N27: =Effort!L25 -> 4767.2726 | O27: =Harvest!L25 -> 71509.089 | P27: =CPUE!L25 -> 15 | Q27: CLOSED | R27: CLOSED | S27: CLOSED | T27: 4767 | U27: 71509
A28: 44345 | B28: Sat | C28: -2.2 | D28: 0.39930556 | E28: =Effort!F26 -> CLOSED | F28: =Harvest!F26 -> CLOSED | G28: =+CPUE!F26 -> CLOSED | H28: =Effort!H26 -> CLOSED | I28: =Harvest!H26 -> CLOSED | J28: =CPUE!H26 -> CLOSED | K28: =Effort!J26 -> CLOSED | L28: =Harvest!J26 -> CLOSED | M28: =CPUE!J26 -> CLOSED | N28: =Effort!L26 -> CLOSED | O28: =Harvest!L26 -> CLOSED | P28: =CPUE!L26 -> CLOSED | Q28: CLOSED | R28: CLOSED | S28: CLOSED | T28: 0 | U28: 0
A29: 44346 | B29: Sun | C29: -1.6 | D29: 0.43472222 | E29: =Effort!F27 -> CLOSED | F29: =Harvest!F27 -> CLOSED | G29: =+CPUE!F27 -> CLOSED | H29: =Effort!H27 -> CLOSED | I29: =Harvest!H27 -> CLOSED | J29: =CPUE!H27 -> CLOSED | K29: =Effort!J27 -> CLOSED | L29: =Harvest!J27 -> CLOSED | M29: =CPUE!J27 -> CLOSED | N29: =Effort!L27 -> 8698.1816 | O29: =Harvest!L27 -> 130472.72 | P29: =CPUE!L27 -> 15 | Q29: CLOSED | R29: CLOSED | S29: CLOSED | T29: 8698 | U29: 130473
A30: Tide Series Totals | N30: =SUM(N23:N29) -> 16105.618 | O30: =SUM(O23:O29) -> 241584.27 | P30: =+O30/N30 -> 15 | T30: =SUM(T23:T29) -> 16105 | U30: =SUM(U23:U29) -> 241585
A32: SEASON SUBTOTALS: | E32: =+SUM(E11,E18) -> 32019.864 | F32: =SUM(F11,F18) -> 480298 | G32: =+F32/E32 -> 15.000001 | H32: =SUM(H11,H18) -> 19403.009 | I32: =SUM(I11,I18) -> 291158.1 | J32: =+I32/H32 -> 15.005823 | K32: =SUM(K11,K18) -> 15177.176 | L32: =SUM(L11,L18) -> 227657.65 | M32: =+L32/K32 -> 15 | N32: =SUM(N11,N18,N22,N30) -> 43181.521 | O32: =SUM(O11,O18,O22,O30) -> 647730.82 | P32: =+O32/N32 -> 15.000185 | Q32: =+Q11 -> 0 | R32: =+R11 -> 0 | S32: 0 | T32: =SUM(T11,T18,T22,T30) -> 109780.95 | U32: =SUM(U11,U18,U22,U30) -> 1646845.3
A33: WASTAGE | F33: =Harvest!F31 -> 39901.68 | I33: =Harvest!H31 -> 16013.696 | L33: =Harvest!J31 -> 18212.612 | O33: =Harvest!L31 -> 17272.822 | R33: =Harvest!N31 -> 0 | U33: =F33+I33+L33+O33+R33 -> 91400.809
A34: SEASON TOTALS: | E34: =Effort!F29 -> 32019.864 | F34: =F32+F33 -> 520199.68 | H34: =Effort!H29 -> 19403.009 | I34: =I32+I33 -> 307171.8 | K34: =Effort!J29 -> 15177.176 | L34: =L32+L33 -> 245870.26 | N34: =Effort!L29 -> 43181.521 | O34: =O32+O33 -> 665003.64 | Q34: =Effort!N29 -> 0 | R34: =R32+R33 -> 0 | T34: =SUM(T32:T33) -> 109780.95 | U34: =SUM(U32:U33) -> 1738246.1
A35: % of TAC Harvested: | F35: =Harvest!F34 -> 0.052456474 | I35: =Harvest!H34 -> 0.14737472 | L35: =Harvest!J34 -> 0.10375581 | O35: =Harvest!L34 -> 0.28533324 | R35: =Harvest!N34 -> 0

Sheet Tribal Update
A1: 2020-2021 State (non-Tribal) Recreational Razor Clam Effort, Harvest and CPUE totals.
E2: COPALIS | I2: MOCROCKS | M2: KALALOCH | Q2: DAILY TOTALS
A3: DATE | B3: DAY | C3: TIDE | D3: TIME | E3: Effort | F3: Harvest | G3: CPUE | H3: Size (mm) | I3: Effort | J3: Harvest | K3: CPUE | L3: Size (mm) | M3: Effort | N3: Harvest | O3: CPUE | P3: Size (mm) | Q3: Effort | R3: Harvest
A4: 44090 | B4: Wed | C4: -1 | D4: 0.26180556 | E4: =Effort!J2 -> 314.27006 | F4: =Harvest!J2 -> 4714.051 | G4: =CPUE!J2 -> 15 | I4: =Effort!L2 -> CLOSED | J4: =Harvest!L2 -> CLOSED | K4: =CPUE!L2 -> CLOSED | M4: CLOSED | N4: CLOSED | O4: CLOSED | Q4: =E4 -> 314.27006 | R4: =F4 -> 4714.051
A5: 44091 | B5: Thu | C5: -1 | D5: 0.29027778 | E5: =Effort!J3 -> CLOSED | F5: =Harvest!J3 -> CLOSED | G5: =CPUE!J3 -> CLOSED | I5: =Effort!L3 -> 918.99747 | J5: =Harvest!L3 -> 13784.962 | K5: =CPUE!L3 -> 15 | M5: CLOSED | N5: CLOSED | O5: CLOSED | Q5: =SUM(E5,I5) -> 918.99747 | R5: =SUM(F5,J5) -> 13784.962
A6: 44092 | B6: Fri | C6: -0.8 | D6: 0.31875 | E6: =Effort!J4 -> 2041.2717 | F6: =Harvest!J4 -> 30619.076 | G6: =CPUE!J4 -> 15 | I6: =Effort!L4 -> CLOSED | J6: =Harvest!L4 -> CLOSED | K6: =CPUE!L4 -> CLOSED | M6: CLOSED | N6: CLOSED | O6: CLOSED | Q6: =SUM(E6,I6) -> 2041.2717 | R6: =SUM(F6,J6) -> 30619.076
A7: 44093 | B7: Sat | C7: -0.3 | D7: 0.34652778 | E7: =Effort!J5 -> CLOSED | F7: =Harvest!J5 -> CLOSED | G7: =CPUE!J5 -> CLOSED | I7: =Effort!L5 -> 5096.8336 | J7: =Harvest!L5 -> 76452.503 | K7: =CPUE!L5 -> 15 | M7: CLOSED | N7: CLOSED | O7: CLOSED | Q7: =SUM(E7,I7) -> 5096.8336 | R7: =SUM(F7,J7) -> 76452.503
A8: 44094 | B8: Sun | C8: -0.8 | D8: 0.90486111 | E8: =Effort!J6 -> 1261.8694 | F8: =Harvest!J6 -> 18928.041 | G8: =CPUE!J6 -> 15 | I8: =Effort!L6 -> CLOSED | J8: =Harvest!L6 -> CLOSED | K8: =CPUE!L6 -> CLOSED | M8: CLOSED | N8: CLOSED | O8: CLOSED | Q8: =SUM(E8,I8) -> 1261.8694 | R8: =SUM(F8,J8) -> 18928.041
A9: 44095 | B9: Mon | C9: -0.8 | D9: 0.94236111 | E9: =Effort!J7 -> CLOSED | F9: =Harvest!J7 -> CLOSED | G9: =CPUE!J7 -> CLOSED | I9: =Effort!L7 -> 356.48743 | J9: =Harvest!L7 -> 5347.3114 | K9: =CPUE!L7 -> 15 | M9: CLOSED | N9: CLOSED | O9: CLOSED | Q9: =SUM(E9,I9) -> 356.48743 | R9: =SUM(F9,J9) -> 5347.3114
A10: 44096 | B10: Tue | C10: -0.3 | D10: 0.98402778 | E10: =Effort!J8 -> 336.07407 | F10: =Harvest!J8 -> 5041.1111 | G10: =CPUE!J8 -> 15 | I10: =Effort!L8 -> CLOSED | J10: =Harvest!L8 -> CLOSED | K10: =CPUE!L8 -> CLOSED | M10: CLOSED | N10: CLOSED | O10: CLOSED | Q10: =SUM(E10,I10) -> 336.07407 | R10: =SUM(F10,J10) -> 5041.1111
A11: Tide Series Totals | E11: =SUM(E4:E10) -> 3953.4852 | F11: =SUM(F4:F10) -> 59302.278 | G11: =+F11/E11 -> 15 | I11: =SUM(I4:I10) -> 6372.3185 | J11: =SUM(J4:J10) -> 95584.777 | K11: =+J11/I11 -> 15 | Q11: =SUM(Q4:Q10) -> 10325.804 | R11: =SUM(R4:R10) -> 154887.06
A12: 44120 | B12: Fri | C12: -0.7 | D12: 0.79166667 | E12: =Effort!J10 -> CLOSED | F12: =Harvest!J10 -> CLOSED | G12: =CPUE!J10 -> CLOSED | I12: =Effort!L10 -> 5030.733 | J12: =Harvest!L10 -> 75460.995 | K12: =CPUE!L10 -> 15 | M12: CLOSED | N12: CLOSED | O12: CLOSED | Q12: =SUM(E12,I12) -> 5030.733 | R12: =SUM(F12,J12) -> 75460.995
A13: 44121 | B13: Sat | C13: -1.3 | D13: 0.82430556 | E13: =Effort!J11 -> 10126.833 | F13: =Harvest!J11 -> 151902.49 | G13: =CPUE!J11 -> 15 | I13: =Effort!L11 -> CLOSED | J13: =Harvest!L11 -> CLOSED | K13: =CPUE!L11 -> CLOSED | M13: CLOSED | N13: CLOSED | O13: CLOSED | Q13: =SUM(E13,I13) -> 10126.833 | R13: =SUM(F13,J13) -> 151902.49
A14: 44122 | B14: Sun | C14: -1.5 | D14: 0.85763889 | E14: =Effort!J12 -> CLOSED | F14: =Harvest!J12 -> CLOSED | G14: =CPUE!J12 -> CLOSED | I14: =Effort!L12 -> 2847.387 | J14: =Harvest!L12 -> 42710.805 | K14: =CPUE!L12 -> 15 | M14: CLOSED | N14: CLOSED | O14: CLOSED | Q14: =SUM(E14,I14) -> 2847.387 | R14: =SUM(F14,J14) -> 42710.805
A15: 44123 | B15: Mon | C15: -1.4 | D15: 0.89166667 | E15: =Effort!J13 -> 1096.8582 | F15: =Harvest!J13 -> 16452.873 | G15: =CPUE!J13 -> 15 | I15: =Effort!L13 -> CLOSED | J15: =Harvest!L13 -> CLOSED | K15: =CPUE!L13 -> CLOSED | M15: CLOSED | N15: CLOSED | O15: CLOSED | Q15: =SUM(E15,I15) -> 1096.8582 | R15: =SUM(F15,J15) -> 16452.873
A16: 44124 | B16: Tue | C16: -1 | D16: 0.92777778 | E16: =Effort!J14 -> CLOSED | F16: =Harvest!J14 -> CLOSED | G16: =CPUE!J14 -> CLOSED | I16: =Effort!L14 -> 657.46459 | J16: =Harvest!L14 -> 9861.9689 | K16: =CPUE!L14 -> 15 | M16: CLOSED | N16: CLOSED | O16: CLOSED | Q16: =SUM(E16,I16) -> 657.46459 | R16: =SUM(F16,J16) -> 9861.9689
A17: 44125 | B17: Wed | C17: -0.5 | D17: 0.96666667 | E17: =Effort!J15 -> CLOSED | F17: =Harvest!J15 -> CLOSED | G17: =CPUE!J15 -> CLOSED | I17: =Effort!L15 -> CLOSED | J17: =Harvest!L15 -> CLOSED | K17: =CPUE!L15 -> CLOSED | M17: CLOSED | N17: CLOSED | O17: CLOSED | Q17: =SUM(E17,I17) -> 0 | R17: =SUM(F17,J17) -> 0
A18: Tide Series Totals | E18: =SUM(E12:E17) -> 11223.691 | F18: =SUM(F12:F17) -> 168355.37 | G18: =+F18/E18 -> 15 | I18: =SUM(I12:I17) -> 8535.5846 | J18: =SUM(J12:J17) -> 128033.77 | K18: =+J18/I18 -> 15 | Q18: =SUM(Q12:Q17) -> 19759.276 | R18: =SUM(R12:R17) -> 296389.14
A19: 44331 | B19: Sat | C19: -0.5 | D19: 0.4 | E19: =Effort!J17 -> CLOSED | F19: =Harvest!J17 -> CLOSED | G19: =CPUE!J17 -> CLOSED | I19: =Effort!L17 -> 7507 | J19: =Harvest!L17 -> 112607 | K19: =CPUE!L17 -> 15 | M19: CLOSED | N19: CLOSED | O19: CLOSED | Q19: =SUM(E19,I19) -> 7507 | R19: =SUM(F19,J19) -> 112607
A20: 44332 | B20: Sun | C20: -0.3 | D20: 0.42847222 | E20: =Effort!J18 -> CLOSED | F20: =Harvest!J18 -> CLOSED | G20: =CPUE!J18 -> CLOSED | I20: =Effort!L18 -> CLOSED | J20: =Harvest!L18 -> CLOSED | K20: =CPUE!L18 -> CLOSED | M20: CLOSED | N20: CLOSED | O20: CLOSED | Q20: =SUM(E20,I20) -> 0 | R20: =SUM(F20,J20) -> 0
A21: 44333 | B21: Mon | C21: -0.1 | D21: 0.46041667 | E21: =Effort!J19 -> CLOSED | F21: =Harvest!J19 -> CLOSED | G21: =CPUE!J19 -> CLOSED | I21: =Effort!L19 -> 4661 | J21: =Harvest!L19 -> 69921 | K21: =CPUE!L19 -> 15 | M21: CLOSED | N21: CLOSED | O21: CLOSED | Q21: =SUM(E21,I21) -> 4661 | R21: =SUM(F21,J21) -> 69921
A22: Tide Series Totals | I22: =SUM(I19:I21) -> 12168 | J22: =SUM(J19:J21) -> 182528 | K22: =+J22/I22 -> 15.000657 | Q22: =SUM(Q19:Q21) -> 12168 | R22: =SUM(R19:R21) -> 182528
A23: 44340 | B23: Mon | C23: -0.7 | D23: 0.23055556 | E23: =Effort!J21 -> CLOSED | F23: =Harvest!J21 -> CLOSED | G23: =CPUE!J21 -> CLOSED | I23: =Effort!L21 -> 455.04586 | J23: =Harvest!L21 -> 6825.6879 | K23: =CPUE!L21 -> 15 | M23: CLOSED | N23: CLOSED | O23: CLOSED | Q23: =SUM(E23,I23) -> 455.04586 | R23: =SUM(F23,J23) -> 6825.6879
A24: 44341 | B24: Tue | C24: -1.6 | D24: 0.26458333 | E24: =Effort!J22 -> CLOSED | F24: =Harvest!J22 -> CLOSED | G24: =CPUE!J22 -> CLOSED | I24: =Effort!L22 -> CLOSED | J24: =Harvest!L22 -> CLOSED | K24: =CPUE!L22 -> CLOSED | M24: CLOSED | N24: CLOSED | O24: CLOSED | Q24: =SUM(E24,I24) -> 0 | R24: =SUM(F24,J24) -> 0
A25: 44342 | B25: Wed | C25: -2.3 | D25: 0.29791667 | E25: =Effort!J23 -> CLOSED | F25: =Harvest!J23 -> CLOSED | G25: =CPUE!J23 -> CLOSED | I25: =Effort!L23 -> 2185.118 | J25: =Harvest!L23 -> 32776.77 | K25: =CPUE!L23 -> 15 | M25: CLOSED | N25: CLOSED | O25: CLOSED | Q25: =SUM(E25,I25) -> 2185.118 | R25: =SUM(F25,J25) -> 32776.77
A26: 44343 | B26: Thu | C26: -2.5 | D26: 0.33125 | E26: =Effort!J24 -> CLOSED | F26: =Harvest!J24 -> CLOSED | G26: =CPUE!J24 -> CLOSED | I26: =Effort!L24 -> CLOSED | J26: =Harvest!L24 -> CLOSED | K26: =CPUE!L24 -> CLOSED | M26: CLOSED | N26: CLOSED | O26: CLOSED | Q26: =SUM(E26,I26) -> 0 | R26: =SUM(F26,J26) -> 0
A27: 44344 | B27: Fri | C27: -2.5 | D27: 0.36527778 | E27: =Effort!J25 -> CLOSED | F27: =Harvest!J25 -> CLOSED | G27: =CPUE!J25 -> CLOSED | I27: =Effort!L25 -> 4767.2726 | J27: =Harvest!L25 -> 71509.089 | K27: =CPUE!L25 -> 15 | M27: CLOSED | N27: CLOSED | O27: CLOSED | Q27: =SUM(E27,I27) -> 4767.2726 | R27: =SUM(F27,J27) -> 71509.089
A28: 44345 | B28: Sat | C28: -2.2 | D28: 0.39930556 | E28: =Effort!J26 -> CLOSED | F28: =Harvest!J26 -> CLOSED | G28: =CPUE!J26 -> CLOSED | I28: =Effort!L26 -> CLOSED | J28: =Harvest!L26 -> CLOSED | K28: =CPUE!L26 -> CLOSED | M28: CLOSED | N28: CLOSED | O28: CLOSED | Q28: =SUM(E28,I28) -> 0 | R28: =SUM(F28,J28) -> 0
A29: 44346 | B29: Sun | C29: -1.6 | D29: 0.43472222 | E29: =Effort!J27 -> CLOSED | F29: =Harvest!J27 -> CLOSED | G29: =CPUE!J27 -> CLOSED | I29: =Effort!L27 -> 8698.1816 | J29: =Harvest!L27 -> 130472.72 | K29: =CPUE!L27 -> 15 | M29: CLOSED | N29: CLOSED | O29: CLOSED | Q29: =SUM(E29,I29) -> 8698.1816 | R29: =SUM(F29,J29) -> 130472.72
A30: Tide Series Totals | I30: =SUM(I23:I29) -> 16105.618 | J30: =SUM(J23:J29) -> 241584.27 | K30: =+J30/I30 -> 15 | Q30: =SUM(Q23:Q29) -> 16105.618 | R30: =SUM(R23:R29) -> 241584.27
A32: SEASON SUBTOTALS: | E32: =SUM(E11,E18) -> 15177.176 | F32: =SUM(F11,F18) -> 227657.65 | G32: =+F32/E32 -> 15 | I32: =SUM(I11,I18,I22,I30) -> 43181.521 | J32: =SUM(J11,J18,J22,J30) -> 647730.82 | K32: =+J32/I32 -> 15.000185 | M32: =SUM(M11) -> 0 | N32: =SUM(N11) -> 0 | O32: 0 | Q32: =SUM(Q11,Q18,Q22,Q30) -> 58358.698 | R32: =SUM(R11,R18,R22,R30) -> 875388.46
A33: WASTAGE | F33: =Harvest!J31 -> 18212.612 | J33: =Harvest!L31 -> 17272.822 | N33: =Harvest!N31 -> 0
A34: SEASON TOTALS: | E34: =Effort!J29 -> 15177.176 | F34: =F32+F33 -> 245870.26 | I34: =Effort!L29 -> 43181.521 | J34: =J32+J33 -> 665003.64 | M34: =Effort!N29 -> 0 | N34: =N32+N33 -> 0 | Q34: =SUM(Q32:Q33) -> 58358.698 | R34: =SUM(R32:R33) -> 875388.46
A35: % of TAC Harvested: | F35: =Harvest!J34 -> 0.10375581 | J35: =Harvest!L34 -> 0.28533324 | N35: =Harvest!N34 -> 0

Sheet TAC
A1: NON-TRIBAL TOTAL ALLOWABLE CATCH (TAC)
B3: 2020-2021 | C3: 2019-2020 | D3: 2018-2019 | E3: 2017 - 2018 | F3: 2016 - 2017 | G3: 2015 - 2016 | H3: 2014 - 2015 | I3: 2013 - 2014 | J3: 2012 - 2013 | K3: 2011 - 2012 | L3: 2010 - 2011
A4: LONG BEACH | B4: 9916787 | C4: 5205466.8 | D4: 333557 | E4: 872679.52 | F4: 4895623.6 | G4: 4768605 | H4: 3885491.5 | I4: 2881223.3 | J4: 1847952.1 | K4: 1094641.4 | L4: 1276247.7
A5: TWIN HARBORS | B5: 2084291 | C5: 1843227.2 | D5: 1377125 | E5: 506698.76 | F5: 1896630.9 | G5: 1198600 | H5: 2662860.8 | I5: =5744410.73323314*0.4 -> 2297764.3 | J5: 1881783.2 | K5: 616314.31 | L5: 845427.67
A6: COPALIS | B6: 2369701 | C6: 2036078.6 | D6: 860768 | E6: 591366.12 | F6: 880571.45 | G6: 1094781 | H6: 889827.43 | I6: =(2615522*0.5)-(161153)+250000 -> 1396608 | J6: 1072689.6 | K6: 371373.04 | L6: 683167.41
A7: MOCROCKS | B7: 2330621 | C7: 1649890.4 | D7: 1508774 | E7: 778354.53 | F7: 941919.24 | G7: 1695074 | H7: 2240308.7 | I7: 2088668.5 | J7: 909667.35 | K7: 605830.7 | L7: 545586.69
A8: KALALOCH | B8: 362503 | C8: 219560.65 | D8: 777386 | E8: 24444.43 | F8: 725888.21 | G8: 63740 | H8: 125735.13 | I8: =1033285.9456848*0.254*0.5 -> 131227.32 | J8: 113543.21 | K8: 144560.51 | L8: 258924.12
A9: COASTWIDE TAC | B9: =SUM(B4:B8) -> 17063903 | C9: =SUM(C4:C8) -> 10954224 | D9: =SUM(D4:D8) -> 4857610 | E9: =SUM(E4:E8) -> 2773543.4 | F9: =SUM(F4:F8) -> 9340633.4 | G9: =SUM(G4:G8) -> 8820800 | H9: =SUM(H4:H8) -> 9804223.7 | I9: =SUM(I4:I8) -> 8795491.4 | ... L9: =SUM(L4:L8) -> 3609353.6

Sheet TH Wastage
A1: EventID | B1: LocationID | C1: NHoles | D1: NClams | E1: NMorts
A2: 1744 | B2: 22307 | C2: 100 | D2: 4 | E2: 4
A3: 1747 | B3: 22309 | C3: 50 | D3: 1 | E3: 1
A4: 1747 | B4: 22307 | C4: 50 | D4: 6 | E4: 6
C100: =SUM(C2:C99) -> 200 | D100: =SUM(D2:D99) -> 11 | E100: =SUM(E2:E99) -> 11 | F100: =E100/C100 -> 0.055

Sheet LB Wastage
A1: EventID | B1: LocationID | C1: NHoles | D1: NClams | E1: NMorts
A2: 1742 | B2: 11200 | C2: 50 | D2: 2 | E2: 2
A3: 1742 | B3: 11200 | C3: 100 | D3: 7 | E3: 7
A4: 1742 | B4: 11104 | C4: 150 | D4: 12 | E4: 12
A5: 1743 | B5: 12400 | C5: 50 | D5: 7 | E5: 7
A6: 1743 | B6: 12500 | C6: 50 | D6: 3 | E6: 3
A7: 1743 | B7: 12600 | C7: 50 | D7: 4 | E7: 4
A8: 1746 | B8: 12400 | C8: 100 | D8: 6 | E8: 6
A9: 1746 | B9: 12500 | C9: 50 | D9: 8 | E9: 8
A10: 1746 | B10: 12500 | C10: 50 | D10: 5 | E10: 5
C100: =SUM(C2:C99) -> 650 | D100: =SUM(D2:D99) -> 54 | E100: =SUM(E2:E99) -> 54 | F100: =E100/C100 -> 0.083076923

Sheet Cop Wastage
A1: EventID | B1: LocationID | C1: NHoles | D1: NClams | E1: NMorts
A2: 1745 | B2: 33012 | C2: 100 | D2: 8 | E2: 8
C100: =SUM(C2:C99) -> 100 | D100: =SUM(D2:D99) -> 8 | E100: =SUM(E2:E99) -> 8 | F100: =E100/C100 -> 0.08

Sheet Moc Wastage
A1: EventID | B1: LocationID | C1: NHoles | D1: NClams | E1: NMorts
A2: 1748 | B2: 41400 | C2: 100 | D2: 4 | E2: 4
A3: 1748 | B3: 41300 | C3: 100 | D3: 3 | E3: 3
A4: 1748 | B4: 42600 | C4: 100 | D4: 1 | E4: 1
A5: 1748 | B5: 42500 | C5: 100 | D5: 3 | E5: 3
A6: 1763 | B6: 42500 | C6: 50 | D6: 0 | E6: 0
A7: 1763 | B7: 42600 | C7: 100 | D7: 5 | E7: 5
A8: 1763 | B8: 41100 | C8: 100 | D8: 2 | E8: 2
A9: 1763 | B9: 41400 | C9: 100 | D9: 1 | E9: 1
A10: 1767 | B10: 42500 | C10: 100 | D10: 3 | E10: 3
A11: 1767 | B11: 41400 | C11: 100 | D11: 2 | E11: 2
A12: 1767 | B12: 41100 | C12: 100 | D12: 2 | E12: 2
A13: 1767 | B13: 41200 | C13: 100 | D13: 3 | E13: 3
... A15: 1768 | B15: 42500 | C15: 100 | D15: 3 | E15: 3
C100: =SUM(C2:C99) -> 1350 | D100: =SUM(D2:D99) -> 36 | E100: =SUM(E2:E99) -> 36 | F100: =E100/C100 -> 0.026666667

Sheet Kal Wastage

Sheet Copy Sheet
