Workbook

Sheet Harvest
A1: Date | B1: Day | C1: Tide | D1: Time | E1: Longbeach | G1: Twin Harbors | I1: Copalis | K1: Mocrocks | M1: Kalaloch | O1: Daily Totals
A2: 44456 | B2: Fri | C2: -0.4 | D2: 0.1875 | E2: * | F2: =CPUE!F2*Effort!F2 -> 12593.952 | G2: * | H2: =CPUE!H2*Effort!H2 -> 6075.4191 | J2: CLOSED | L2: 9619.6814 | N2: CLOSED | O2: =SUM(F2:N2) -> 28289.052 | Q2: =SUM(O2:O28) -> 2239984.5
A3: 44457 | B3: Sat | C3: -0.5 | D3: 0.22361111 | F3: =CPUE!F3*Effort!F3 -> 25491.192 | G3: * | H3: =CPUE!H3*Effort!H3 -> 19987.424 | J3: 26711.365 | L3: CLOSED | N3: CLOSED | O3: =SUM(F3:N3) -> 72189.982
A4: 44458 | B4: Sun | C4: -0.6 | D4: 0.25416667 | E4: * | F4: =CPUE!F4*Effort!F4 -> 111059.76 | H4: 47195.999 | J4: CLOSED | L4: 69378.065 | N4: CLOSED | O4: =SUM(F4:N4) -> 227633.82
A5: 44459 | B5: Mon | C5: -0.5 | D5: 0.28125 | E5: * | F5: =CPUE!F5*Effort!F5 -> 40965.493 | H5: 29905.028 | J5: 41409.558 | L5: CLOSED | N5: CLOSED | O5: =SUM(F5:N5) -> 112280.08
A6: 44460 | B6: Tue | C6: -0.2 | D6: 0.30625 | F6: =31578.948084252+22614.6015313031 -> 54193.55 | H6: 24836.215 | J6: CLOSED | L6: 41859.955 | N6: CLOSED | O6: =SUM(F6:N6) -> 120889.72
A7: 44461 | B7: Wed | C7: 0.3 | D7: 0.32916667 | F7: =CPUE!F7*Effort!F7 -> 57115.306 | H7: 29693.237 | J7: 52765.8 | L7: CLOSED | N7: CLOSED | O7: =SUM(F7:N7) -> 139574.34
A8: 44462 | B8: Thu | C8: 0.3 | D8: 0.87361111 | E8: * | F8: =CPUE!F8*Effort!F8 -> 30265.655 | H8: 28236.43 | J8: CLOSED | L8: 21116.388 | N8: CLOSED | O8: =SUM(F8:N8) -> 79618.474
A9: 44463 | B9: Fri | C9: 0.4 | D9: 0.9 | E9: * | F9: =CPUE!F9*Effort!F9 -> 39992.114 | G9: * | H9: =CPUE!H9*Effort!H9 -> 29745.294 | J9: 40269.544 | L9: CLOSED | N9: CLOSED | O9: =SUM(F9:N9) -> 110006.95
A10: 44464 | B10: Sat | C10: 0.5 | D10: 0.92708333 | F10: =CPUE!F10*Effort!F10 -> 57184.066 | H10: 47702.402 | J10: 32170.787 | L10: 18922.142 | N10: CLOSED | O10: =SUM(F10:N10) -> 155979.4
A12: 44472 | B12: Sun | C12: 0.2 | D12: 0.20277778 | E12: * | F12: =CPUE!F12*Effort!F12 -> 18306.539 | G12: * | H12: =CPUE!H12*Effort!H12 -> 13157.571 | J12: 13628.599 | L12: CLOSED | N12: CLOSED | O12: =SUM(F12:N12) -> 45092.709
A13: 44473 | B13: Mon | C13: 0 | D13: 0.23125 | E13: * | F13: =CPUE!F13*Effort!F13 -> 7925.8171 | G13: * | H13: =CPUE!H13*Effort!H13 -> 4750.9748 | J13: CLOSED | L13: 5923.3311 | N13: CLOSED | O13: =SUM(F13:N13) -> 18600.123
A14: 44474 | B14: Tue | C14: -0.1 | D14: 0.25833333 | F14: =CPUE!F14*Effort!F14 -> 5682.6542 | H14: 6365.5094 | J14: 5618.3511 | L14: CLOSED | N14: CLOSED | O14: =SUM(F14:N14) -> 17666.515
A15: 44475 | B15: Wed | C15: -0.3 | D15: 0.80555556 | E15: * | F15: =CPUE!F15*Effort!F15 -> 77176.407 | H15: 44090.265 | J15: CLOSED | L15: 60261.808 | N15: CLOSED | O15: =SUM(F15:N15) -> 181528.48
A16: 44476 | B16: Thu | C16: -0.8 | D16: 0.83611111 | F16: =CPUE!F16*Effort!F16 -> 60762.177 | H16: 46960.367 | J16: 43947.379 | L16: CLOSED | N16: CLOSED | O16: =SUM(F16:N16) -> 151669.92
A17: 44477 | B17: Fri | C17: -1.1 | D17: 0.86805556 | F17: =(43384.314536755+70470.5895530587) -> 113854.9 | H17: 73352.368 | J17: CLOSED | L17: 82315.7 | N17: CLOSED | O17: =SUM(F17:N17) -> 269522.97
A18: 44478 | B18: Sat | C18: -1.1 | D18: 0.90138889 | F18: =CPUE!F18*Effort!F18 -> 48636.07 | G18: * | H18: =CPUE!H18*Effort!H18 -> 49665.759 | J18: 46151.109 | L18: CLOSED | N18: CLOSED | O18: =SUM(F18:N18) -> 144452.94
A19: 44479 | B19: Sun | C19: -0.8 | D19: 0.93888889 | F19: =CPUE!F19*Effort!F19 -> 10026.922 | H19: 17719.972 | J19: CLOSED | L19: 16536.6 | N19: CLOSED | O19: =SUM(F19:N19) -> 44283.494
A20: 44480 | B20: Mon | C20: -0.4 | D20: 0.98055556 | E20: * | F20: =CPUE!F20*Effort!F20 -> 8800.0559 | G20: * | H20: =CPUE!H20*Effort!H20 -> 9226.0008 | J20: 9469.5654 | L20: CLOSED | N20: CLOSED | O20: =SUM(F20:N20) -> 27495.622
A22: 44488 | B22: Tue | C22: 0.3 | D22: 0.78263889 | F22: =23042.4116706904+24300.4219816668 -> 47342.834 | H22: 41285.715 | J22: 31412.039 | L22: CLOSED | N22: CLOSED | O22: =SUM(F22:N22) -> 120040.59
A23: 44489 | B23: Wed | C23: 0 | D23: 0.80763889 | E23: * | F23: =CPUE!F23*Effort!F23 -> 16327.335 | H23: 15822.708 | J23: CLOSED | L23: 14729.022 | N23: CLOSED | O23: =SUM(F23:N23) -> 46879.065
A24: 44490 | B24: Thu | C24: -0.1 | D24: 0.83194444 | E24: * | F24: =CPUE!F24*Effort!F24 -> 7861.0349 | H24: 4067.0556 | J24: 9307.3618 | L24: CLOSED | N24: CLOSED | O24: =SUM(F24:N24) -> 21235.452
A25: 44491 | B25: Fri | C25: -0.1 | D25: 0.85555556 | F25: =CPUE!F25*Effort!F25 -> 12447.058 | H25: 5961.9384 | J25: CLOSED | L25: 15071.747 | N25: CLOSED | O25: =SUM(F25:N25) -> 33480.744
A26: 44492 | B26: Sat | C26: 0 | D26: 0.87986111 | F26: =CPUE!F26*Effort!F26 -> 23983.333 | H26: 19474.753 | J26: 27757.918 | L26: CLOSED | N26: CLOSED | O26: =SUM(F26:N26) -> 71216.005
A27: 44493 | B27: Sun | C27: 0.2 | D27: 0.90486111 | E27: + | F27: 0 | G27: + | H27: 0 | J27: CLOSED | K27: + | L27: 0 | N27: CLOSED | O27: =SUM(F27:N27) -> 0
A28: 44494 | B28: Mon | C28: 0.5 | D28: 0.93402778 | E28: * | F28: 86 | H28: 72 | I28: * | J28: 200 | L28: CLOSED | N28: CLOSED | O28: =SUM(F28:N28) -> 358
A30: 44503 | B30: Wed | C30: -0.3 | D30: 0.76111111 | F30: =23670.9714666302+19247.5139517877 -> 42918.485 | G30: * | H30: =CPUE!H30*Effort!H30 -> 23559.068 | J30: CLOSED | L30: 25530.097 | N30: CLOSED | O30: =SUM(F30:N30) -> 92007.65
A31: 44504 | B31: Thu | C31: -1.1 | D31: 0.79236111 | E31: * | F31: =CPUE!F31*Effort!F31 -> 35823.172 | H31: 20879.51 | J31: 35700.369 | L31: CLOSED | N31: CLOSED | O31: =SUM(F31:N31) -> 92403.052
A32: 44505 | B32: Fri | C32: -1.6 | D32: 0.82361111 | F32: =CPUE!F32*Effort!F32 -> 60836.017 | H32: 29574.582 | J32: CLOSED | L32: 38528.11 | N32: CLOSED | O32: =SUM(F32:N32) -> 128938.71
A33: 44506 | B33: Sat | C33: -1.8 | D33: 0.85625 | F33: =CPUE!F33*Effort!F33 -> 58875.968 | H33: 40526.861 | J33: 52338.756 | L33: CLOSED | N33: CLOSED | O33: =SUM(F33:N33) -> 151741.58
A34: 44507 | B34: Sun | C34: -1.6 | D34: 0.84930556 | E34: * | F34: =CPUE!F34*Effort!F34 -> 21249.624 | H34: 14604.711 | J34: CLOSED | L34: 14303.156 | N34: CLOSED | O34: =SUM(F34:N34) -> 50157.491
A35: 44508 | B35: Mon | C35: -1.2 | D35: 0.88611111 | F35: =CPUE!F35*Effort!F35 -> 9753.3431 | H35: 11486.445 | J35: 15299.302 | L35: CLOSED | N35: CLOSED | O35: =SUM(F35:N35) -> 36539.09
A36: 44509 | B36: Tue | C36: -0.6 | D36: 0.92569444 | E36: * | F36: =CPUE!F36*Effort!F36 -> 1770.7459 | G36: * | H36: =CPUE!H36*Effort!H36 -> 1197.3118 | J36: CLOSED | L36: =CPUE!L36*Effort!L36 -> 1246.1539 | N36: CLOSED | O36: =SUM(F36:N36) -> 4214.2116
A37: 44510 | B37: Wed | C37: 0 | D37: 0.96944444 | E37: * | F37: =CPUE!F37*Effort!F37 -> 828.59378 | H37: =CPUE!H37*Effort!H37 -> 797.33333 | J37: 1269.2256 | L37: CLOSED | N37: CLOSED | O37: =SUM(F37:N37) -> 2895.1527
A39: 44516 | B39: Tue | C39: 0.5 | D39: 0.70138889 | E39: * | F39: =CPUE!F39*Effort!F39 -> 30419.848 | H39: 24996.243 | J39: 28810.359 | L39: CLOSED | N39: CLOSED | O39: =SUM(F39:N39) -> 84226.449
A40: 44517 | B40: Wed | C40: 0.1 | D40: 0.72777778 | F40: =12004.7612024583+9615.38454820553 -> 21620.146 | G40: * | H40: =CPUE!H40*Effort!H40 -> 15293.853 | J40: CLOSED | L40: 16467.514 | N40: CLOSED | O40: =SUM(F40:N40) -> 53381.513
A41: 44518 | B41: Thu | C41: -0.2 | D41: 0.75208333 | E41: * | F41: =CPUE!F41*Effort!F41 -> 11672.04 | G41: * | H41: =CPUE!H41*Effort!H41 -> 9719.3963 | J41: 16672.382 | L41: CLOSED | N41: CLOSED | O41: =SUM(F41:N41) -> 38063.818
A42: 44519 | B42: Fri | C42: -0.3 | D42: 0.77569444 | F42: =CPUE!F42*Effort!F42 -> 27005.439 | H42: 18661.955 | J42: CLOSED | L42: 19836.834 | N42: CLOSED | O42: =SUM(F42:N42) -> 65504.228
A43: 44520 | B43: Sat | C43: -0.3 | D43: 0.79861111 | F43: =17692.2212191512+21210.4070297193 -> 38902.628 | H43: 32371.381 | J43: 51165.129 | L43: CLOSED | N43: CLOSED | O43: =SUM(F43:N43) -> 122439.14
A44: 44521 | B44: Sun | C44: -0.2 | D44: 0.82222222 | F44: =CPUE!F44*Effort!F44 -> 7988.5015 | H44: 10982.236 | J44: CLOSED | L44: 13294.588 | N44: CLOSED | O44: =SUM(F44:N44) -> 32265.326
A45: 44522 | B45: Mon | C45: 0 | D45: 0.84791667 | E45: * | F45: =CPUE!F45*Effort!F45 -> 3613.3584 | G45: * | H45: =CPUE!H45*Effort!H45 -> 3008.8709 | J45: 5120.2667 | L45: CLOSED | N45: CLOSED | O45: =SUM(F45:N45) -> 11742.496
A46: 44523 | B46: Tue | C46: 0.2 | D46: 0.875 | E46: * | F46: =CPUE!F46*Effort!F46 -> 2436.5903 | G46: * | H46: =CPUE!H46*Effort!H46 -> 1731.9002 | J46: CLOSED | L46: 2211.8974 | N46: CLOSED | O46: =SUM(F46:N46) -> 6380.388
A47: 44524 | B47: Wed | C47: 0.5 | D47: 0.90486111 | E47: * | F47: =CPUE!F47*Effort!F47 -> 4966.3892 | H47: 3899.2328 | I47: * | J47: =CPUE!J47*Effort!J47 -> 7004.2096 | L47: CLOSED | N47: CLOSED | O47: =SUM(F47:N47) -> 15869.832
A49: 44531 | B49: Wed | C49: 0.1 | D49: 0.67291667 | E49: * | F49: =CPUE!F49*Effort!F49 -> 23237.187 | H49: 20235.878 | J49: 24847.486 | L49: CLOSED | N49: CLOSED | O49: =SUM(F49:N49) -> 68320.552
A50: 44532 | B50: Thu | C50: -0.8 | D50: 0.70694444 | F50: =(28748.4376135807+17748.6981503331) -> 46497.136 | G50: * | H50: =CPUE!H50*Effort!H50 -> 21749.338 | J50: CLOSED | L50: 31751.047 | N50: CLOSED | O50: =SUM(F50:N50) -> 99997.521
A51: 44533 | B51: Fri | C51: -1.5 | D51: 0.73958333 | F51: =CPUE!F51*Effort!F51 -> 66716.825 | H51: 54216.286 | J51: 72819.527 | L51: CLOSED | N51: CLOSED | O51: =SUM(F51:N51) -> 193752.64
A52: 44534 | B52: Sat | C52: -1.9 | D52: 0.77222222 | F52: =CPUE!F52*Effort!F52 -> 62448.066 | H52: 47147.119 | J52: CLOSED | L52: 71311.745 | N52: CLOSED | O52: =SUM(F52:N52) -> 180906.93
A53: 44535 | B53: Sun | C53: -2 | D53: 0.80555556 | F53: =CPUE!F53*Effort!F53 -> 23549.342 | H53: 26520.799 | J53: 38393.795 | L53: CLOSED | N53: CLOSED | O53: =SUM(F53:N53) -> 88463.935
A54: 44536 | B54: Mon | C54: -1.7 | D54: 0.83958333 | E54: * | F54: =CPUE!F54*Effort!F54 -> 11331.86 | H54: 6860.9453 | J54: CLOSED | L54: 7877.3452 | N54: CLOSED | O54: =SUM(F54:N54) -> 26070.15
A55: 44537 | B55: Tue | C55: -1.2 | D55: 0.87430556 | E55: * | F55: =CPUE!F55*Effort!F55 -> 6381.0823 | G55: * | H55: =CPUE!H55*Effort!H55 -> 5570.54 | J55: 6686.5887 | L55: CLOSED | N55: CLOSED | O55: =SUM(F55:N55) -> 18638.211
A56: 44538 | B56: Wed | C56: -0.6 | D56: 0.91041667 | E56: * | F56: =CPUE!F56*Effort!F56 -> 3212.873 | H56: 3289.5 | J56: CLOSED | L56: 1047.4696 | N56: CLOSED | O56: =SUM(F56:N56) -> 7549.8425
A57: 44539 | B57: Thu | C57: 0.1 | D57: 0.94791667 | E57: * | F57: =CPUE!F57*Effort!F57 -> 867.60345 | G57: * | H57: =CPUE!H57*Effort!H57 -> 639.37204 | J57: 907.82611 | L57: CLOSED | N57: CLOSED | O57: =SUM(F57:N57) -> 2414.8016
A59: 44545 | B59: Wed | C59: 0.6 | D59: 0.68611111 | F59: =CPUE!F59*Effort!F59 -> 2456.4185 | G59: * | H59: =CPUE!H59*Effort!H59 -> 2416.1708 | J59: CLOSED | L59: 4625.4324 | N59: CLOSED | O59: =SUM(F59:N59) -> 9498.0217
A60: 44546 | B60: Thu | C60: 0.1 | D60: 0.72013889 | E60: * | F60: =CPUE!F60*Effort!F60 -> 15435.178 | H60: 14446.219 | J60: 20553.846 | L60: CLOSED | N60: CLOSED | O60: =SUM(F60:N60) -> 50435.244
A61: 44547 | B61: Fri | C61: -0.2 | D61: 0.73819444 | F61: =CPUE!F61*Effort!F61 -> 25189.164 | H61: 16808.392 | J61: CLOSED | L61: 8872.0747 | N61: CLOSED | O61: =SUM(F61:N61) -> 50869.631
A62: 44548 | B62: Sat | C62: -0.3 | D62: 0.7625 | F62: =CPUE!F62*Effort!F62 -> 20481.185 | H62: 11465.824 | J62: 24137.972 | L62: CLOSED | N62: CLOSED | O62: =SUM(F62:N62) -> 56084.98
A63: 44549 | B63: Sun | C63: -0.4 | D63: 0.78611111 | F63: =CPUE!F63*Effort!F63 -> 16138.992 | H63: 12103.68 | J63: CLOSED | L63: 14934.613 | N63: CLOSED | O63: =SUM(F63:N63) -> 43177.286
A64: 44550 | B64: Mon | C64: -0.3 | D64: 0.81041667 | E64: * | F64: =CPUE!F64*Effort!F64 -> 3543.7625 | G64: * | H64: =CPUE!H64*Effort!H64 -> 3367.0993 | J64: 4269.3397 | L64: CLOSED | N64: CLOSED | O64: =SUM(F64:N64) -> 11180.201
A65: 44551 | B65: Tue | C65: -0.2 | D65: 0.83472222 | E65: * | F65: =CPUE!F65*Effort!F65 -> 2007.826 | H65: 2468.9778 | J65: CLOSED | L65: 1095.8222 | N65: CLOSED | O65: =SUM(F65:N65) -> 5572.626
A66: 44552 | B66: Wed | C66: -0.1 | D66: 0.85972222 | E66: * | F66: =CPUE!F66*Effort!F66 -> 509.93492 | G66: * | H66: =CPUE!H66*Effort!H66 -> 484.51372 | J66: 488.74998 | L66: CLOSED | N66: CLOSED | O66: =SUM(F66:N66) -> 1483.1986
A67: 44553 | B67: Thu | C67: 0.2 | D67: 0.88611111 | E67: * | F67: =CPUE!F67*Effort!F67 -> 532.69118 | G67: * | H67: =CPUE!H67*Effort!H67 -> 523.9632 | J67: CLOSED | L67: =CPUE!L67*Effort!L67 -> 507.69233 | N67: CLOSED | O67: =SUM(F67:N67) -> 1564.3467
A69: 44560 | B69: Thu | C69: -0.1 | D69: 0.65902778 | F69: =CPUE!F69*Effort!F69 -> 23310.916 | G69: * | H69: =CPUE!H69*Effort!H69 -> 21618.676 | J69: CLOSED | L69: 20855.915 | N69: CLOSED | O69: =SUM(F69:N69) -> 65785.508
A70: 44561 | B70: Fri | C70: -0.9 | D70: 0.69583333 | F70: =CPUE!F70*Effort!F70 -> 44988.646 | H70: 27843.146 | J70: 44364.959 | L70: CLOSED | N70: CLOSED | O70: =SUM(F70:N70) -> 117196.75
A71: 44562 | B71: Sat | C71: -1.5 | D71: 0.73055556 | F71: =CPUE!F71*Effort!F71 -> 51494.114 | H71: 30025.277 | J71: CLOSED | L71: 28106.315 | N71: CLOSED | O71: =SUM(F71:N71) -> 109625.71
A72: 44563 | B72: Sun | C72: -1.8 | D72: 0.76458333 | E72: * | F72: =CPUE!F72*Effort!F72 -> 749.82769 | G72: * | H72: =CPUE!H72*Effort!H72 -> 455.8046 | J72: 643.51007 | L72: CLOSED | N72: CLOSED | O72: =SUM(F72:N72) -> 1849.1424
A73: 44564 | B73: Mon | C73: -1.9 | D73: 0.79722222 | F73: =CPUE!F73*Effort!F73 -> 1196.4472 | G73: * | H73: =CPUE!H73*Effort!H73 -> 625.05988 | J73: CLOSED | L73: 728.99411 | N73: CLOSED | O73: =SUM(F73:N73) -> 2550.5012
A74: 44565 | B74: Tue | C74: -1.6 | D74: 0.82916667 | E74: * | F74: =CPUE!F74*Effort!F74 -> 2420.0624 | H74: 1726.1539 | J74: =CPUE!J74*Effort!J74 -> 2336.5385 | L74: CLOSED | N74: CLOSED | O74: =SUM(F74:N74) -> 6482.7548
A75: 44566 | B75: Wed | C75: -1.1 | D75: 0.86111111 | E75: * | F75: =CPUE!F75*Effort!F75 -> 2375 | H75: CLOSED | J75: CLOSED | L75: CLOSED | N75: CLOSED | O75: =SUM(F75:N75) -> 2375
A77: 44210 | B77: Fri | C77: 0.4 | D77: 0.69652778 | F77: =CPUE!F77*Effort!F77 -> 22788.988 | H77: CLOSED | J77: CLOSED | L77: CLOSED | N77: CLOSED | O77: =SUM(F77:N77) -> 22788.988
A78: 44211 | B78: Sat | C78: 0.4 | D78: 0.72361111 | F78: =CPUE!F78*Effort!F78 -> 43070.487 | G78: * | H78: =CPUE!H78*Effort!H78 -> 26940.179 | J78: 32250.327 | L78: CLOSED | N78: CLOSED | O78: =SUM(F78:N78) -> 102260.99
A79: 44212 | B79: Sun | C79: -0.2 | D79: 0.74930556 | F79: =CPUE!F79*Effort!F79 -> 40962.12 | G79: * | H79: =CPUE!H79*Effort!H79 -> 29400 | J79: CLOSED | L79: 41711.003 | N79: CLOSED | O79: =SUM(F79:N79) -> 112073.12
A80: 44213 | B80: Mon | C80: -0.3 | D80: 0.77361111 | E80: * | F80: =CPUE!F80*Effort!F80 -> 9623.4024 | H80: 8734.7828 | J80: 9676.8124 | L80: CLOSED | N80: CLOSED | O80: =SUM(F80:N80) -> 28034.998
A81: 44214 | B81: Tue | C81: -0.4 | D81: 0.79722222 | E81: * | F81: =CPUE!F81*Effort!F81 -> 8487.4194 | H81: 5368.6737 | J81: CLOSED | L81: CLOSED | N81: CLOSED | O81: =SUM(F81:N81) -> 13856.093
A82: 44215 | B82: Wed | C82: -0.4 | D82: 0.82013889 | F82: =CPUE!F82*Effort!F82 -> 2518.6398 | H82: CLOSED | J82: 2288.205 | L82: CLOSED | N82: CLOSED | O82: =SUM(F82:N82) -> 4806.8448
A83: 44216 | B83: Thu | C83: -0.2 | D83: 0.84305556 | F83: =CPUE!F83*Effort!F83 -> 608.71695 | H83: CLOSED | J83: CLOSED | L83: CLOSED | N83: CLOSED | O83: =SUM(F83:N83) -> 608.71695
A85: 44590 | B85: Sat | C85: -0.7 | D85: 0.6875 | F85: =CPUE!F85*Effort!F85 -> 124608.3 | H85: 94560.321 | J85: CLOSED | L85: 84429.721 | N85: CLOSED | O85: =SUM(F85:N85) -> 303598.34
A86: 44591 | B86: Sun | C86: -1.2 | D86: 0.72291667 | F86: =17548.596506906+8369.33064175516 -> 25917.927 | H86: CLOSED | J86: 28499.179 | L86: CLOSED | N86: CLOSED | O86: =SUM(F86:N86) -> 54417.106
A87: 44592 | B87: Mon | C87: -1.5 | D87: 0.75555556 | F87: =CPUE!F87*Effort!F87 -> 22670.269 | H87: CLOSED | J87: CLOSED | L87: CLOSED | N87: CLOSED | O87: =SUM(F87:N87) -> 22670.269
A88: 44593 | B88: Tue | C88: -1.5 | D88: 0.78611111 | E88: * | F88: =CPUE!F88*Effort!F88 -> 14655.387 | H88: 9411.818 | J88: 14488.232 | L88: CLOSED | N88: CLOSED | O88: =SUM(F88:N88) -> 38555.437
A89: 44594 | B89: Wed | C89: -1.2 | D89: 0.81527778 | F89: =CPUE!F89*Effort!F89 -> 6254.5795 | H89: 4601.7123 | J89: CLOSED | L89: 5030.853 | N89: CLOSED | O89: =SUM(F89:N89) -> 15887.145
A90: 44595 | B90: Thu | C90: -0.7 | D90: 0.84236111 | F90: CLOSED | H90: CLOSED | J90: 5251.1112 | L90: CLOSED | N90: CLOSED | O90: =SUM(F90:N90) -> 5251.1112
A92: 44606 | B92: Mon | C92: 0 | D92: 0.73263889 | F92: =8108.23166705581+8469.16965999881 -> 16577.401 | H92: CLOSED | J92: CLOSED | L92: CLOSED | N92: CLOSED | O92: =SUM(F92:N92) -> 16577.401
A93: 44607 | B93: Tue | C93: -0.3 | D93: 0.75625 | F93: =CPUE!F93*Effort!F93 -> 22654.223 | H93: CLOSED | J93: CLOSED | L93: 19505.994 | N93: CLOSED | O93: =SUM(F93:N93) -> 42160.217
A94: 44608 | B94: Wed | C94: -0.4 | D94: 0.77916667 | F94: =CPUE!F94*Effort!F94 -> 21446.382 | H94: CLOSED | J94: 28557.259 | L94: CLOSED | N94: CLOSED | O94: =SUM(F94:N94) -> 50003.641
A95: 44609 | B95: Thu | C95: -0.3 | D95: 0.80138889 | F95: =CPUE!F95*Effort!F95 -> 15714.994 | H95: 11465.487 | J95: CLOSED | L95: CLOSED | N95: CLOSED | O95: =SUM(F95:N95) -> 27180.481
A96: 44610 | B96: Fri | C96: -0.1 | D96: 0.82291667 | F96: =CPUE!F96*Effort!F96 -> 18029.897 | H96: 18543.334 | J96: 23367.773 | L96: CLOSED | N96: CLOSED | O96: =SUM(F96:N96) -> 59941.004
A98: 44618 | B98: Sat | C98: 0 | D98: 0.6375 | F98: =CPUE!F98*Effort!F98 -> 41853.247 | H98: 21801.487 | J98: 62185.39 | L98: CLOSED | N98: CLOSED | O98: =SUM(F98:N98) -> 125840.12
A99: 44619 | B99: Sun | C99: -0.4 | D99: 0.67777778 | F99: =CPUE!F99*Effort!F99 -> 13918.473 | H99: CLOSED | J99: CLOSED | L99: 23473.044 | N99: CLOSED | O99: =SUM(F99:N99) -> 37391.517
A100: 44620 | B100: Mon | C100: -0.8 | D100: 0.7125 | F100: =CPUE!F100*Effort!F100 -> 890.48823 | H100: CLOSED | J100: CLOSED | L100: CLOSED | N100: CLOSED | O100: =SUM(F100:N100) -> 890.48823
A101: 44621 | B101: Tue | C101: -0.9 | D101: 0.74305556 | E101: * | F101: =CPUE!F101*Effort!F101 -> 7872.7383 | G101: * | H101: =CPUE!H101*Effort!H101 -> 6985.4206 | J101: CLOSED | L101: 7856.8779 | N101: CLOSED | O101: =SUM(F101:N101) -> 22715.037
A102: 44622 | B102: Wed | C102: -0.8 | D102: 0.77083333 | E102: * | F102: =CPUE!F102*Effort!F102 -> 14181.398 | H102: 10112.396 | J102: 15590.882 | L102: CLOSED | N102: CLOSED | O102: =SUM(F102:N102) -> 39884.677
A103: 44623 | B103: Thu | C103: -0.5 | D103: 0.79652778 | F103: =4802.43944225192+4400.64804711642 -> 9203.0875 | H103: 7621.4407 | J103: CLOSED | L103: 9262.6227 | N103: CLOSED | O103: =SUM(F103:N103) -> 26087.151
A104: 44624 | B104: Fri | C104: 0 | D104: 0.82083333 | E104: * | F104: =CPUE!F104*Effort!F104 -> 12055.41 | G104: * | H104: =CPUE!H104*Effort!H104 -> 8689.8473 | J104: 13413.275 | L104: CLOSED | N104: CLOSED | O104: =SUM(F104:N104) -> 34158.532
A106: 44636 | B106: Wed | C106: 0 | D106: 0.77430556 | F106: =8288.33711941559+8288.33711941559 -> 16576.674 | G106: * | H106: =CPUE!H106*Effort!H106 -> 7659.3117 | J106: CLOSED | L106: 13049.485 | N106: CLOSED | O106: =SUM(F106:N106) -> 37285.471
A107: 44637 | B107: Thu | C107: 0 | D107: 0.79722222 | E107: * | F107: =CPUE!F107*Effort!F107 -> 6909.1181 | G107: * | H107: =CPUE!H107*Effort!H107 -> 6708.7609 | J107: 11083.487 | L107: CLOSED | N107: CLOSED | O107: =SUM(F107:N107) -> 24701.366
A108: 44638 | B108: Fri | C108: 0.2 | D108: 0.82013889 | E108: * | F108: =CPUE!F108*Effort!F108 -> 25422.689 | H108: 13019.68 | J108: CLOSED | L108: 19172.967 | N108: CLOSED | O108: =SUM(F108:N108) -> 57615.337
A109: 44639 | B109: Sat | C109: 0.5 | D109: 0.84305556 | F109: =CPUE!F109*Effort!F109 -> 37243.667 | G109: * | H109: =CPUE!H109*Effort!H109 -> 36163.64 | J109: 59142.674 | L109: CLOSED | N109: CLOSED | O109: =SUM(F109:N109) -> 132549.98
A110: 44640 | B110: Sun | C110: 0.2 | D110: 0.36527778 | E110: * | F110: =CPUE!F110*Effort!F110 -> 39775.213 | H110: 14771.441 | J110: CLOSED | L110: 24899.517 | N110: CLOSED | O110: =SUM(F110:N110) -> 79446.171
A111: 44641 | B111: Mon | C111: 0 | D111: 0.39583333 | E111: * | F111: =CPUE!F111*Effort!F111 -> 6028.0729 | H111: 5791.8366 | J111: 9466.6665 | L111: CLOSED | N111: CLOSED | O111: =SUM(F111:N111) -> 21286.576
A112: 44642 | B112: Tue | C112: -0.1 | D112: 0.42916667 | F112: =CPUE!F112*Effort!F112 -> 17088 | G112: * | H112: =CPUE!H112*Effort!H112 -> 7157.2381 | J112: CLOSED | L112: 12024.39 | N112: CLOSED | O112: =SUM(F112:N112) -> 36269.628
...

Sheet Effort
A1: Date | B1: Day | C1: Tide | D1: Time | E1: Longbeach | G1: Twin Harbors | I1: Copalis | K1: Mocrocks | M1: Kalaloch | O1: Daily Totals
A2: 44456 | B2: Fri | C2: -0.4 | D2: 0.1875 | E2: * | F2: =F6/L6*L2 -> 629.6976 | G2: * | H2: =H6/L6*L2 -> 303.77096 | J2: CLOSED | L2: 486.38839 | N2: CLOSED | O2: =SUM(F2:N2) -> 1419.8569 | Q2: =SUM(O2:O28) -> 126278.1
A3: 44457 | B3: Sat | C3: -0.5 | D3: 0.22361111 | F3: =(1130.73007656515/1578.9474042126)*781.783698935879+781.783698935879 -> 1341.6417 | G3: * | H3: =H5/J5*J3 -> 999.37121 | J3: 1358.205 | L3: CLOSED | N3: CLOSED | O3: =SUM(F3:N3) -> 3699.2179
A4: 44458 | B4: Sun | C4: -0.6 | D4: 0.25416667 | E4: * | F4: =F6/L6*L4 -> 5552.988 | H4: 2499.709 | J4: CLOSED | L4: 4289.2158 | N4: CLOSED | O4: =SUM(F4:N4) -> 12341.913
A5: 44459 | B5: Mon | C5: -0.5 | D5: 0.28125 | E5: * | F5: =F7/J7*J5 -> 2048.2747 | H5: 1523.4637 | J5: 2070.4779 | L5: CLOSED | N5: CLOSED | O5: =SUM(F5:N5) -> 5642.2163
A6: 44460 | B6: Tue | C6: -0.2 | D6: 0.30625 | F6: =1130.73007656515+1578.9474042126 -> 2709.6775 | H6: 1307.1692 | J6: CLOSED | L6: 2092.9978 | N6: CLOSED | O6: =SUM(F6:N6) -> 6109.8445
A7: 44461 | B7: Wed | C7: 0.3 | D7: 0.32916667 | F7: =(1130.73007656515/1578.9474042126)*1712.23023344867+1712.23023344867 -> 2938.408 | H7: 1560.3865 | J7: 2970.2603 | L7: CLOSED | N7: CLOSED | O7: =SUM(F7:N7) -> 7469.0548
A8: 44462 | B8: Thu | C8: 0.3 | D8: 0.87361111 | E8: * | F8: =F6/L6*L8 -> 1635.9814 | H8: 1534.5886 | J8: CLOSED | L8: 1263.6579 | N8: CLOSED | O8: =SUM(F8:N8) -> 4434.2278
A9: 44463 | B9: Fri | C9: 0.4 | D9: 0.9 | E9: * | F9: =F7/J7*J9 -> 2161.7359 | G9: * | H9: =H5/J5*J9 -> 1607.8537 | J9: 2185.169 | L9: CLOSED | N9: CLOSED | O9: =SUM(F9:N9) -> 5954.7587
A10: 44464 | B10: Sat | C10: 0.5 | D10: 0.92708333 | F10: =(1130.73007656515/1578.9474042126)*1763.04456535519+1763.04456535519 -> 3025.612 | H10: 2889.6192 | J10: 1608.5394 | L10: 1124.0876 | N10: CLOSED | O10: =SUM(F10:N10) -> 8647.8582
A12: 44472 | B12: Sun | C12: 0.2 | D12: 0.20277778 | E12: * | F12: =F14/J14*J12 -> 1307.6099 | G12: * | H12: =H14/J14*J12 -> 939.82647 | J12: 964.6377 | L12: CLOSED | N12: CLOSED | O12: =SUM(F12:N12) -> 3212.0741
A13: 44473 | B13: Mon | C13: 0 | D13: 0.23125 | E13: * | F13: =F17/L17*L13 -> 609.67824 | G13: * | H13: =H15/L15*L13 -> 365.4596 | J13: CLOSED | L13: 459.00352 | N13: CLOSED | O13: =SUM(F13:N13) -> 1434.1414
A14: 44474 | B14: Tue | C14: -0.1 | D14: 0.25833333 | F14: =(2285.29416038091/3523.52947765293)*355.360551467962+355.360551467962 -> 585.84064 | H14: 421.06482 | J14: 432.18085 | L14: CLOSED | N14: CLOSED | O14: =SUM(F14:N14) -> 1439.0863
A15: 44475 | B15: Wed | C15: -0.3 | D15: 0.80555556 | E15: * | F15: =F17/L17*L15 -> 4061.9161 | H15: 2434.8355 | J15: CLOSED | L15: 3058.0619 | N15: CLOSED | O15: =SUM(F15:N15) -> 9554.8135
A16: 44476 | B16: Thu | C16: -0.8 | D16: 0.83611111 | F16: =(2285.29416038091/3523.52947765293)*1842.86300107912+1842.86300107912 -> 3038.1089 | H16: 2380.183 | J16: 2197.3689 | L16: CLOSED | N16: CLOSED | O16: =SUM(F16:N16) -> 7615.6608
A17: 44477 | B17: Fri | C17: -1.1 | D17: 0.86805556 | F17: =3523.52947765293+2285.29416038091 -> 5808.8236 | H17: 3703.6259 | J17: CLOSED | L17: 4373.242 | N17: CLOSED | O17: =SUM(F17:N17) -> 13885.691
A18: 44478 | B18: Sat | C18: -1.1 | D18: 0.90138889 | F18: =(2285.29416038091/3523.52947765293*1915.69989952869)+1915.69989952869 -> 3158.1864 | G18: * | H18: =H14/J14*J18 -> 3311.0506 | J18: 3398.4617 | L18: CLOSED | N18: CLOSED | O18: =SUM(F18:N18) -> 9867.6986
A19: 44479 | B19: Sun | C19: -0.8 | D19: 0.93888889 | F19: =(2285.29416038091/3523.52947765293*304.107654036494)+304.107654036494 -> 501.34609 | H19: 897.81192 | J19: CLOSED | L19: 859.04416 | N19: CLOSED | O19: =SUM(F19:N19) -> 2258.2022
A20: 44480 | B20: Mon | C20: -0.4 | D20: 0.98055556 | E20: * | F20: =F18/J18*J20 -> 440.0028 | G20: * | H20: =H18/J18*J20 -> 461.30004 | J20: 473.47827 | L20: CLOSED | N20: CLOSED | O20: =SUM(F20:N20) -> 1374.7811
A22: 44488 | B22: Tue | C22: 0.3 | D22: 0.78263889 | F22: =1567.51099800615+1232.01440116842 -> 2799.5254 | H22: 2333.5404 | J22: 2476.1742 | L22: CLOSED | N22: CLOSED | O22: =SUM(F22:N22) -> 7609.24
A23: 44489 | B23: Wed | C23: 0 | D23: 0.80763889 | E23: * | F23: =F25/L25*L23 -> 907.07414 | H23: 1084.6211 | J23: CLOSED | L23: 823.09239 | N23: CLOSED | O23: =SUM(F23:N23) -> 2814.7877
A24: 44490 | B24: Thu | C24: -0.1 | D24: 0.83194444 | E24: * | F24: =F26/J26*J24 -> 561.50249 | H24: 359.28053 | J24: 655.9474 | L24: CLOSED | N24: CLOSED | O24: =SUM(F24:N24) -> 1576.7304
A25: 44491 | B25: Fri | C25: -0.1 | D25: 0.85555556 | F25: =(1567.51099800615/1232.01440116842*622.465670238644)+622.465670238644 -> 1414.4384 | H25: 743.55241 | J25: CLOSED | L25: 1283.4821 | N25: CLOSED | O25: =SUM(F25:N25) -> 3441.4729
A26: 44492 | B26: Sat | C26: 0 | D26: 0.87986111 | F26: =(1567.51099800615/1232.01440116842*659.661187886277)+659.661187886277 -> 1498.9583 | H26: 1195.3813 | J26: 1751.0836 | L26: CLOSED | N26: CLOSED | O26: =SUM(F26:N26) -> 4445.4232
A27: 44493 | B27: Sun | C27: 0.2 | D27: 0.90486111 | E27: + | F27: 0 | G27: + | H27: 0 | J27: CLOSED | K27: + | L27: 0 | N27: CLOSED | O27: =SUM(F27:N27) -> 0
A28: 44494 | B28: Mon | C28: 0.5 | D28: 0.93402778 | E28: * | F28: =F22/H22*H28 -> 10.797211 | H28: 9 | I28: * | J28: =J22/H22*H28 -> 9.5501101 | L28: CLOSED | N28: CLOSED | O28: =SUM(F28:N28) -> 29.347321
A30: 44503 | B30: Wed | C30: -0.3 | D30: 0.76111111 | F30: =1403.41728063025+969.953458987728 -> 2373.3707 | G30: * | H30: =H34/L34*L30 -> 1239.9509 | J30: CLOSED | L30: 1290.5324 | N30: CLOSED | O30: =SUM(F30:N30) -> 4903.854
A31: 44504 | B31: Thu | C31: -1.1 | D31: 0.79236111 | E31: * | F31: =F33/J33*J31 -> 1990.1762 | H31: 1162.844 | J31: 1998.155 | L31: CLOSED | N31: CLOSED | O31: =SUM(F31:N31) -> 5151.1752
A32: 44505 | B32: Fri | C32: -1.6 | D32: 0.82361111 | F32: =(1403.41728063025/969.953458987728*1373.62285714286)+1373.62285714286 -> 3361.1059 | H32: 1528.9666 | J32: CLOSED | L32: 2365.3621 | N32: CLOSED | O32: =SUM(F32:N32) -> 7255.4346
A33: 44506 | B33: Sat | C33: -1.8 | D33: 0.85625 | F33: =(1403.41728063025/969.953458987728*1253.20507840723)+1253.20507840723 -> 3066.4567 | H33: 2199.132 | J33: 3078.7503 | L33: CLOSED | N33: CLOSED | O33: =SUM(F33:N33) -> 8344.339
A34: 44507 | B34: Sun | C34: -1.6 | D34: 0.84930556 | E34: * | F34: =F32/L32*L34 -> 1180.5347 | H34: 798.23319 | J34: CLOSED | L34: 830.79559 | N34: CLOSED | O34: =SUM(F34:N34) -> 2809.5634
A35: 44508 | B35: Mon | C35: -1.2 | D35: 0.88611111 | F35: =(1403.41728063025/969.953458987728*209.790207712132)+209.790207712132 -> 513.33385 | H35: 574.32224 | J35: 783.14526 | L35: CLOSED | N35: CLOSED | O35: =SUM(F35:N35) -> 1870.8013
A36: 44509 | B36: Tue | C36: -0.6 | D36: 0.92569444 | E36: * | F36: =F32/L32*L36 -> 118.04973 | G36: * | H36: =H34/L34*L36 -> 79.82079 | J36: CLOSED | L36: 83.076926 | N36: CLOSED | O36: =SUM(F36:N36) -> 280.94744
A37: 44510 | B37: Wed | C37: 0 | D37: 0.96944444 | E37: * | F37: =F35/J35*J37 -> 63.737983 | H37: 61.333333 | J37: 97.239057 | L37: CLOSED | N37: CLOSED | O37: =SUM(F37:N37) -> 222.31037
A39: 44516 | B39: Tue | C39: 0.5 | D39: 0.70138889 | E39: * | F39: =F43/H43*H39 -> 1559.9922 | H39: 1299.0173 | J39: 1466.0893 | L39: CLOSED | N39: CLOSED | O39: =SUM(F39:N39) -> 4325.0988
A40: 44517 | B40: Wed | C40: 0.1 | D40: 0.72777778 | F40: =480.769227410277+622.653589339125 -> 1103.4228 | G40: * | H40: =H42/F42*F40 -> 784.30016 | J40: CLOSED | L40: 846.46098 | N40: CLOSED | O40: =SUM(F40:N40) -> 2734.184
A41: 44518 | B41: Thu | C41: -0.2 | D41: 0.75208333 | E41: * | F41: =F43/J43*J41 -> 598.56616 | G41: * | H41: =H43/J43*J41 -> 498.43058 | J41: 844.17122 | L41: CLOSED | N41: CLOSED | O41: =SUM(F41:N41) -> 1941.168
A42: 44519 | B42: Fri | C42: -0.3 | D42: 0.77569444 | F42: =(1080.971157162/884.611060957561*675.211588669605)+675.211588669605 -> 1500.3022 | H42: 1066.3974 | J42: CLOSED | L42: 1368.0575 | N42: CLOSED | O42: =SUM(F42:N42) -> 3934.7571
A43: 44520 | B43: Sat | C43: -0.3 | D43: 0.79861111 | F43: =1080.971157162+884.611060957561 -> 1965.5822 | H43: 1636.7552 | J43: 2772.1045 | L43: CLOSED | N43: CLOSED | O43: =SUM(F43:N43) -> 6374.4419
A44: 44521 | B44: Sun | C44: -0.2 | D44: 0.82222222 | F44: =(1080.971157162/884.611060957561*189.222540289374)+189.222540289374 -> 420.44745 | H44: 595.52796 | J44: CLOSED | L44: 726.48021 | N44: CLOSED | O44: =SUM(F44:N44) -> 1742.4556
A45: 44522 | B45: Mon | C45: 0 | D45: 0.84791667 | E45: * | F45: =F43/J43*J45 -> 240.89056 | G45: * | H45: =H43/J43*J45 -> 200.5914 | J45: 339.73333 | L45: CLOSED | N45: CLOSED | O45: =SUM(F45:N45) -> 781.21529
A46: 44523 | B46: Tue | C46: 0.2 | D46: 0.875 | E46: * | F46: =F42/L42*L46 -> 152.2869 | G46: * | H46: =H42/L42*L46 -> 108.24376 | J46: CLOSED | L46: 138.86352 | N46: CLOSED | O46: =SUM(F46:N46) -> 399.39418
A47: 44524 | B47: Wed | C47: 0.5 | D47: 0.90486111 | E47: * | F47: =F43/H43*H47 -> 331.09261 | H47: 275.70333 | I47: * | J47: =J43/H43*H47 -> 466.9473 | L47: CLOSED | N47: CLOSED | O47: =SUM(F47:N47) -> 1073.7432
A49: 44531 | B49: Wed | C49: 0.1 | D49: 0.67291667 | E49: * | F49: =F51/J51*J49 -> 1223.0099 | H49: 1067.6598 | J49: 1287.064 | L49: CLOSED | N49: CLOSED | O49: =SUM(F49:N49) -> 3577.7337
A50: 44532 | B50: Thu | C50: -0.8 | D50: 0.70694444 | F50: =(887.434907516657+1437.42188067903) -> 2324.8568 | G50: * | H50: =H52/L52*L50 -> 1115.3507 | J50: CLOSED | L50: 1611.5335 | N50: CLOSED | O50: =SUM(F50:N50) -> 5051.741
A51: 44533 | B51: Fri | C51: -1.5 | D51: 0.73958333 | F51: =(887.434907516657/1437.42188067903*2171.04996602647)+2171.04996602647 -> 3511.4119 | H51: 2851.4044 | J51: 3695.3193 | L51: CLOSED | N51: CLOSED | O51: =SUM(F51:N51) -> 10058.136
A52: 44534 | B52: Sat | C52: -1.9 | D52: 0.77222222 | F52: =(887.434907516657/1437.42188067903*2032.13913043478)+2032.13913043478 -> 3286.7403 | H52: 2582.5409 | J52: CLOSED | L52: 3731.4285 | N52: CLOSED | O52: =SUM(F52:N52) -> 9600.7098
A53: 44535 | B53: Sun | C53: -2 | D53: 0.80555556 | F53: =(887.434907516657/1437.42188067903*766.325398800385)+766.325398800385 -> 1239.439 | H53: 1388.9351 | J53: 1983.4433 | L53: CLOSED | N53: CLOSED | O53: =SUM(F53:N53) -> 4611.8174
A54: 44536 | B54: Mon | C54: -1.7 | D54: 0.83958333 | E54: * | F54: =F50/L50*L54 -> 581.12102 | H54: 352.66541 | J54: CLOSED | L54: 402.81879 | N54: CLOSED | O54: =SUM(F54:N54) -> 1336.6052
A55: 44537 | B55: Tue | C55: -1.2 | D55: 0.87430556 | E55: * | F55: =F51/J51*J55 -> 327.23499 | G55: * | H55: =H49/J49*J55 -> 285.66872 | J55: 344.37367 | L55: CLOSED | N55: CLOSED | O55: =SUM(F55:N55) -> 957.27738
A56: 44538 | B56: Wed | C56: -0.6 | D56: 0.91041667 | E56: * | F56: =F52/H52*H56 -> 214.19153 | H56: 168.3 | J56: CLOSED | L56: 105.92389 | N56: CLOSED | O56: =SUM(F56:N56) -> 488.41542
A57: 44539 | B57: Thu | C57: 0.1 | D57: 0.94791667 | E57: * | F57: =F51/J51*J57 -> 69.408276 | G57: * | H57: =H53/J53*J57 -> 51.149763 | J57: 73.04348 | L57: CLOSED | N57: CLOSED | O57: =SUM(F57:N57) -> 193.60152
A59: 44545 | B59: Wed | C59: 0.6 | D59: 0.68611111 | F59: =(1080.971157162/884.611060957561*88.4409699178597)+88.4409699178597 -> 196.51348 | G59: * | H59: =H63/F63*F59 -> 193.29367 | J59: CLOSED | L59: 371.68653 | N59: CLOSED | O59: =SUM(F59:N59) -> 761.49368
A60: 44546 | B60: Thu | C60: 0.1 | D60: 0.72013889 | E60: * | F60: =F62/J62*J60 -> 882.01019 | H60: 838.04035 | J60: 1041.3949 | L60: CLOSED | N60: CLOSED | O60: =SUM(F60:N60) -> 2761.4454
A61: 44547 | B61: Fri | C61: -0.2 | D61: 0.73819444 | F61: =(1080.971157162/884.611060957561*581.353504792885)+581.353504792885 -> 1291.752 | H61: 851.77663 | J61: CLOSED | L61: 628.72971 | N61: CLOSED | O61: =SUM(F61:N61) -> 2772.2583
A62: 44548 | B62: Sat | C62: -0.3 | D62: 0.7625 | F62: =(1080.971157162/884.611060957561*472.695661973863)+472.695661973863 -> 1050.3172 | H62: 689.32808 | J62: 1240.116 | L62: CLOSED | N62: CLOSED | O62: =SUM(F62:N62) -> 2979.7612
A63: 44549 | B63: Sun | C63: -0.4 | D63: 0.78611111 | F63: =(1080.971157162/884.611060957561*372.48)+372.48 -> 827.64064 | H63: 814.08 | J63: CLOSED | L63: 788.8 | N63: CLOSED | O63: =SUM(F63:N63) -> 2430.5206
A64: 44550 | B64: Mon | C64: -0.3 | D64: 0.81041667 | E64: * | F64: =F62/J62*J64 -> 272.59711 | G64: * | H64: =H60/J60*J64 -> 259.00764 | J64: 321.85709 | L64: CLOSED | N64: CLOSED | O64: =SUM(F64:N64) -> 853.46185
A65: 44551 | B65: Tue | C65: -0.2 | D65: 0.83472222 | E65: * | F65: =F63/L63*L65 -> 154.44815 | H65: 179.2 | J65: CLOSED | L65: 147.2 | N65: CLOSED | O65: =SUM(F65:N65) -> 480.84815
A66: 44552 | B66: Wed | C66: -0.1 | D66: 0.85972222 | E66: * | F66: =F62/J62*J66 -> 101.98698 | G66: * | H66: =H60/J60*J66 -> 96.902744 | J66: 120.41666 | L66: CLOSED | N66: CLOSED | O66: =SUM(F66:N66) -> 319.30639
A67: 44553 | B67: Thu | C67: 0.2 | D67: 0.88611111 | E67: * | F67: =F63/L63*L67 -> 106.53824 | G67: * | H67: =H63/L63*L67 -> 104.79264 | J67: CLOSED | L67: 101.53847 | N67: CLOSED | O67: =SUM(F67:N67) -> 312.86934
A69: 44560 | B69: Thu | C69: -0.1 | D69: 0.65902778 | F69: =(1080.971157162/884.611060957561*723.523243259347)+723.523243259347 -> 1607.6494 | G69: * | H69: =H71/L71*L69 -> 1490.9432 | J69: CLOSED | L69: 1467.865 | N69: CLOSED | O69: =SUM(F69:N69) -> 4566.4576
A70: 44561 | B70: Fri | C70: -0.9 | D70: 0.69583333 | F70: =(1080.971157162/884.611060957561*1396.35573832067)+1396.35573832067 -> 3102.6653 | H70: 1886.0455 | J70: 2995.5827 | L70: CLOSED | N70: CLOSED | O70: =SUM(F70:N70) -> 7984.2934
A71: 44562 | B71: Sat | C71: -1.5 | D71: 0.73055556 | F71: =(1080.971157162/884.611060957561*1598.27217416744)+1598.27217416744 -> 3551.3182 | H71: 2022.8772 | J71: CLOSED | L71: 1991.5653 | N71: CLOSED | O71: =SUM(F71:N71) -> 7565.7606
A72: 44563 | B72: Sun | C72: -1.8 | D72: 0.76458333 | E72: * | F72: =F70/J70*J72 -> 249.94256 | G72: * | H72: =H70/J70*J72 -> 151.93487 | J72: 241.31627 | L72: CLOSED | N72: CLOSED | O72: =SUM(F72:N72) -> 643.19371
A73: 44564 | B73: Mon | C73: -1.9 | D73: 0.79722222 | F73: =(1080.971157162/884.611060957561*107.692311642438)+107.692311642438 -> 239.28945 | G73: * | H73: =H71/L71*L73 -> 125.01198 | J73: CLOSED | L73: 123.07693 | N73: CLOSED | O73: =SUM(F73:N73) -> 487.37835
A74: 44565 | B74: Tue | C74: -1.6 | D74: 0.82916667 | E74: * | F74: =F70/J70*J74 -> 193.60499 | H74: 137.3077 | J74: 186.92308 | L74: CLOSED | N74: CLOSED | O74: =SUM(F74:N74) -> 517.83577
A75: 44566 | B75: Wed | C75: -1.1 | D75: 0.86111111 | E75: * | F75: 190 | H75: CLOSED | J75: CLOSED | L75: CLOSED | N75: CLOSED | O75: =SUM(F75:N75) -> 190
A77: 44210 | B77: Fri | C77: 0.4 | D77: 0.69652778 | F77: =811.151087484611+708.114795311634 -> 1519.2659 | H77: CLOSED | J77: CLOSED | L77: CLOSED | N77: CLOSED | O77: =SUM(F77:N77) -> 1519.2659
A78: 44211 | B78: Sat | C78: 0.4 | D78: 0.72361111 | F78: =(811.151087484611/708.114795311634*1672.89398461799)+1672.89398461799 -> 3589.2072 | G78: * | H78: =H80/J80*J78 -> 2245.0149 | J78: 2308.1745 | L78: CLOSED | N78: CLOSED | O78: =SUM(F78:N78) -> 8142.3967
A79: 44212 | B79: Sun | C79: -0.2 | D79: 0.74930556 | F79: =(811.151087484611/708.114795311634*1363.71704546814)+1363.71704546814 -> 2925.8657 | G79: ** | H79: 2100 | J79: CLOSED | L79: 3004.3101 | N79: CLOSED | O79: =SUM(F79:N79) -> 8030.1758
A80: 44213 | B80: Mon | C80: -0.3 | D80: 0.77361111 | E80: * | F80: =F82/J82*J80 -> 740.26172 | H80: 693.23673 | J80: 712.73973 | L80: CLOSED | N80: CLOSED | O80: =SUM(F80:N80) -> 2146.2382
A81: 44214 | B81: Tue | C81: -0.4 | D81: 0.79722222 | E81: * | F81: =F78/H78*H81 -> 606.24424 | H81: 379.2 | J81: CLOSED | L81: CLOSED | N81: CLOSED | O81: =SUM(F81:N81) -> 985.44424
A82: 44215 | B82: Wed | C82: -0.4 | D82: 0.82013889 | F82: =(811.151087484611/708.114795311634*78.2608711877257)+78.2608711877257 -> 167.90932 | H82: CLOSED | J82: 161.66666 | L82: CLOSED | N82: CLOSED | O82: =SUM(F82:N82) -> 329.57598
A83: 44216 | B83: Thu | C83: -0.2 | D83: 0.84305556 | F83: =(708.114795311634/811.151087484611*25)+25 -> 46.82438 | H83: CLOSED | J83: CLOSED | L83: CLOSED | N83: CLOSED | O83: =SUM(F83:N83) -> 46.82438
A85: 44590 | B85: Sat | C85: -0.7 | D85: 0.6875 | F85: =(971.922268074793/1169.90643379373*4694.02458359085)+4694.02458359085 -> 8593.6758 | H85: 6499.7116 | J85: CLOSED | L85: 6202.1833 | N85: CLOSED | O85: =SUM(F85:N85) -> 21295.571
A86: 44591 | B86: Sun | C86: -1.2 | D86: 0.72291667 | F86: =971.922268074793+1169.90643379373 -> 2141.8287 | H86: CLOSED | J86: 2066.0385 | L86: CLOSED | N86: CLOSED | O86: =SUM(F86:N86) -> 4207.8672
A87: 44592 | B87: Mon | C87: -1.5 | D87: 0.75555556 | F87: =(971.922268074793/1169.90643379373*853.994494985585)+853.994494985585 -> 1563.4668 | H87: CLOSED | J87: CLOSED | L87: CLOSED | N87: CLOSED | O87: =SUM(F87:N87) -> 1563.4668
A88: 44593 | B88: Tue | C88: -1.5 | D88: 0.78611111 | E88: * | F88: =F86/J86*J88 -> 1010.7164 | H88: 649.0909 | J88: 974.95145 | L88: CLOSED | N88: CLOSED | O88: =SUM(F88:N88) -> 2634.7587
A89: 44594 | B89: Wed | C89: -1.2 | D89: 0.81527778 | F89: =(971.922268074793/1169.90643379373*235.611513216151)+235.611513216151 -> 431.35031 | H89: 306.78082 | J89: CLOSED | L89: 457.35027 | N89: CLOSED | O89: =SUM(F89:N89) -> 1195.4814
A90: 44595 | B90: Thu | C90: -0.7 | D90: 0.84236111 | F90: CLOSED | H90: CLOSED | J90: 399.54107 | L90: CLOSED | N90: CLOSED | O90: =SUM(F90:N90) -> 399.54107
A92: 44606 | B92: Mon | C92: 0 | D92: 0.73263889 | F92: =567.765563798803+540.548777803721 -> 1108.3143 | H92: CLOSED | J92: CLOSED | L92: CLOSED | N92: CLOSED | O92: =SUM(F92:N92) -> 1108.3143
A93: 44607 | B93: Tue | C93: -0.3 | D93: 0.75625 | F93: =(540.548777803721/567.765563798803*800.363490842337)+800.363490842337 -> 1562.3602 | H93: CLOSED | J93: CLOSED | L93: 1300.3996 | N93: CLOSED | O93: =SUM(F93:N93) -> 2862.7598
A94: 44608 | B94: Wed | C94: -0.4 | D94: 0.77916667 | E94: * | F94: =F96/J96*J94 -> 1479.0608 | H94: CLOSED | J94: 1903.8172 | L94: CLOSED | N94: CLOSED | O94: =SUM(F94:N94) -> 3382.8781
A95: 44609 | B95: Thu | C95: -0.3 | D95: 0.80138889 | F95: =(567.765563798803/540.548777803721*528.589052764883)+528.589052764883 -> 1083.7927 | H95: 1088.4956 | J95: CLOSED | L95: CLOSED | N95: CLOSED | O95: =SUM(F95:N95) -> 2172.2883
A96: 44610 | B96: Fri | C96: -0.1 | D96: 0.82291667 | E96: * | F96: =F95/H95*H96 -> 1243.4412 | H96: 1248.8368 | J96: 1600.5324 | L96: CLOSED | N96: CLOSED | O96: =SUM(F96:N96) -> 4092.8103
A98: 44618 | B98: Sat | C98: 0 | D98: 0.6375 | F98: =(567.765563798803/540.548777803721*2041.27301899325)+2041.27301899325 -> 4185.3247 | H98: 2089.9921 | J98: 4656.74 | L98: CLOSED | N98: CLOSED | O98: =SUM(F98:N98) -> 10932.057
A99: 44619 | B99: Sun | C99: -0.4 | D99: 0.67777778 | F99: =(540.548777803721/567.765563798803*891.26673984998)+891.26673984998 -> 1739.8091 | H99: CLOSED | J99: CLOSED | L99: 2066.087 | N99: CLOSED | O99: =SUM(F99:N99) -> 3805.8961
A100: 44620 | B100: Mon | C100: -0.8 | D100: 0.7125 | F100: =(320.162629483461/293.376536474428*85.1611005947666)+85.1611005947666 -> 178.09765 | H100: CLOSED | J100: CLOSED | L100: CLOSED | N100: CLOSED | O100: =SUM(F100:N100) -> 178.09765
A101: 44621 | B101: Tue | C101: -0.9 | D101: 0.74305556 | E101: * | F101: =F103/L103*L101 -> 542.94747 | G101: * | H101: =H103/L103*L101 -> 481.75314 | J101: CLOSED | L101: 546.45982 | N101: CLOSED | O101: =SUM(F101:N101) -> 1571.1604
A102: 44622 | B102: Wed | C102: -0.8 | D102: 0.77083333 | E102: * | F102: =F98/J98*J102 -> 945.42654 | H102: 681.48759 | J102: 1051.9149 | L102: CLOSED | N102: CLOSED | O102: =SUM(F102:N102) -> 2678.8291
A103: 44623 | B103: Thu | C103: -0.5 | D103: 0.79652778 | F103: =320.162629483461+293.376536474428 -> 613.53917 | H103: 544.38862 | J103: CLOSED | L103: 617.50818 | N103: CLOSED | O103: =SUM(F103:N103) -> 1775.436
A104: 44624 | B104: Fri | C104: 0 | D104: 0.82083333 | E104: * | F104: =F98/J98*J104 -> 803.69399 | G104: * | H104: =H102/J102*J104 -> 579.32315 | J104: 894.2183 | L104: CLOSED | N104: CLOSED | O104: =SUM(F104:N104) -> 2277.2354
A106: 44636 | B106: Wed | C106: 0 | D106: 0.77430556 | F106: =552.555807961039+552.555807961039 -> 1105.1116 | G106: * | H106: =H108/L108*L106 -> 528.22839 | J106: CLOSED | L106: 895.091 | N106: CLOSED | O106: =SUM(F106:N106) -> 2528.431
A107: 44637 | B107: Thu | C107: 0 | D107: 0.79722222 | E107: * | F107: =F109/J109*J107 -> 476.4909 | G107: * | H107: =H111/J111*J107 -> 462.67317 | J107: 742.2731 | L107: CLOSED | N107: CLOSED | O107: =SUM(F107:N107) -> 1681.4372
A108: 44638 | B108: Fri | C108: 0.2 | D108: 0.82013889 | E108: * | F108: =F106/L106*L108 -> 1815.9064 | H108: 867.97866 | J108: CLOSED | L108: 1470.803 | N108: CLOSED | O108: =SUM(F108:N108) -> 4154.688
A109: 44639 | B109: Sat | C109: 0.5 | D109: 0.84305556 | F109: =(552.555807961039/552.555807961039*1330.13095642404)+1330.13095642404 -> 2660.2619 | G109: * | H109: =H111/J111*J109 -> 2583.1171 | J109: 4144.1313 | L109: CLOSED | N109: CLOSED | O109: =SUM(F109:N109) -> 9387.5103
A110: 44640 | B110: Sun | C110: 0.2 | D110: 0.36527778 | E110: * | F110: =F106/L106*L110 -> 2743.1182 | H110: 1007.5758 | J110: CLOSED | L110: 2221.8031 | N110: CLOSED | O110: =SUM(F110:N110) -> 5972.497
A111: 44641 | B111: Mon | C111: 0 | D111: 0.39583333 | E111: * | F111: =F109/J109*J111 -> 415.72917 | H111: 403.67346 | J111: 647.61904 | L111: CLOSED | N111: CLOSED | O111: =SUM(F111:N111) -> 1467.0217
A112: 44642 | B112: Tue | C112: -0.1 | D112: 0.42916667 | F112: =(552.555807961039/552.555807961039*569.6)+569.6 -> 1139.2 | G112: * | H112: =H108/L108*L112 -> 477.14921 | J112: CLOSED | L112: 808.53655 | N112: CLOSED | O112: =SUM(F112:N112) -> 2424.8858
...

Sheet CPUE
A1: Date | B1: Day | C1: Tide | D1: Time | E1: Longbeach | G1: Twin Harbors | I1: Copalis | K1: Mocrocks | M1: Kalaloch | O1: Daily Totals
A2: 44456 | B2: Fri | C2: -0.4 | D2: 0.1875 | E2: * | F2: 20 | G2: * | H2: 20 | J2: CLOSED | L2: =+Harvest!L2/Effort!L2 -> 19.777778 | N2: CLOSED | O2: =+Harvest!O2/Effort!O2 -> 19.923875 | Q2: =AVERAGE(O2:O28) -> 16.257001
A3: 44457 | B3: Sat | C3: -0.5 | D3: 0.22361111 | F3: 19 | G3: * | H3: 20 | J3: =+Harvest!J3/Effort!J3 -> 19.666667 | L3: CLOSED | N3: CLOSED | O3: =+Harvest!O3/Effort!O3 -> 19.514931
A4: 44458 | B4: Sun | C4: -0.6 | D4: 0.25416667 | E4: * | F4: 20 | H4: =+Harvest!H4/Effort!H4 -> 18.880597 | J4: CLOSED | L4: =+Harvest!L4/Effort!L4 -> 16.175 | N4: CLOSED | O4: =+Harvest!O4/Effort!O4 -> 18.443966
A5: 44459 | B5: Mon | C5: -0.5 | D5: 0.28125 | E5: * | F5: 20 | H5: =+Harvest!H5/Effort!H5 -> 19.62963 | J5: =+Harvest!J5/Effort!J5 -> 20 | L5: CLOSED | N5: CLOSED | O5: =+Harvest!O5/Effort!O5 -> 19.899996
A6: 44460 | B6: Tue | C6: -0.2 | D6: 0.30625 | F6: =+Harvest!F6/Effort!F6 -> 20 | H6: =+Harvest!H6/Effort!H6 -> 19 | J6: CLOSED | L6: =+Harvest!L6/Effort!L6 -> 20 | N6: CLOSED | O6: =+Harvest!O6/Effort!O6 -> 19.786055
A7: 44461 | B7: Wed | C7: 0.3 | D7: 0.32916667 | F7: 19.4375 | H7: =+Harvest!H7/Effort!H7 -> 19.029412 | J7: =+Harvest!J7/Effort!J7 -> 17.764706 | L7: CLOSED | N7: CLOSED | O7: =+Harvest!O7/Effort!O7 -> 18.687016
A8: 44462 | B8: Thu | C8: 0.3 | D8: 0.87361111 | E8: * | F8: 18.5 | H8: =+Harvest!H8/Effort!H8 -> 18.4 | J8: CLOSED | L8: =+Harvest!L8/Effort!L8 -> 16.710526 | N8: CLOSED | O8: =+Harvest!O8/Effort!O8 -> 17.955431
A9: 44463 | B9: Fri | C9: 0.4 | D9: 0.9 | E9: * | F9: 18.5 | G9: * | H9: 18.5 | J9: =+Harvest!J9/Effort!J9 -> 18.428571 | L9: CLOSED | N9: CLOSED | O9: =+Harvest!O9/Effort!O9 -> 18.473788
A10: 44464 | B10: Sat | C10: 0.5 | D10: 0.92708333 | F10: 18.9 | H10: =+Harvest!H10/Effort!H10 -> 16.508197 | J10: =+Harvest!J10/Effort!J10 -> 20 | L10: =+Harvest!L10/Effort!L10 -> 16.833333 | N10: CLOSED | O10: =+Harvest!O10/Effort!O10 -> 18.036766
A12: 44472 | B12: Sun | C12: 0.2 | D12: 0.20277778 | E12: * | F12: 14 | G12: * | H12: 14 | J12: =+Harvest!J12/Effort!J12 -> 14.128205 | L12: CLOSED | N12: CLOSED | O12: =+Harvest!O12/Effort!O12 -> 14.038502
A13: 44473 | B13: Mon | C13: 0 | D13: 0.23125 | E13: * | F13: 13 | G13: * | H13: 13 | J13: CLOSED | L13: =+Harvest!L13/Effort!L13 -> 12.904762 | N13: CLOSED | O13: =+Harvest!O13/Effort!O13 -> 12.969519
A14: 44474 | B14: Tue | C14: -0.1 | D14: 0.25833333 | F14: 9.7 | H14: =+Harvest!H14/Effort!H14 -> 15.117647 | J14: =+Harvest!J14/Effort!J14 -> 13 | L14: CLOSED | N14: CLOSED | O14: =+Harvest!O14/Effort!O14 -> 12.276202
A15: 44475 | B15: Wed | C15: -0.3 | D15: 0.80555556 | E15: * | F15: 19 | H15: =+Harvest!H15/Effort!H15 -> 18.108108 | J15: CLOSED | L15: =+Harvest!L15/Effort!L15 -> 19.705882 | N15: CLOSED | O15: =+Harvest!O15/Effort!O15 -> 18.998642
A16: 44476 | B16: Thu | C16: -0.8 | D16: 0.83611111 | F16: 20 | H16: =+Harvest!H16/Effort!H16 -> 19.72973 | J16: =+Harvest!J16/Effort!J16 -> 20 | L16: CLOSED | N16: CLOSED | O16: =+Harvest!O16/Effort!O16 -> 19.91553
A17: 44477 | B17: Fri | C17: -1.1 | D17: 0.86805556 | F17: =+Harvest!F17/Effort!F17 -> 19.600338 | H17: =+Harvest!H17/Effort!H17 -> 19.805556 | J17: CLOSED | L17: =+Harvest!L17/Effort!L17 -> 18.822581 | N17: CLOSED | O17: =+Harvest!O17/Effort!O17 -> 19.410122
A18: 44478 | B18: Sat | C18: -1.1 | D18: 0.90138889 | F18: 15.4 | G18: * | H18: 15 | J18: =+Harvest!J18/Effort!J18 -> 13.58 | L18: CLOSED | N18: CLOSED | O18: =+Harvest!O18/Effort!O18 -> 14.638969
A19: 44479 | B19: Sun | C19: -0.8 | D19: 0.93888889 | F19: 20 | H19: =+Harvest!H19/Effort!H19 -> 19.736842 | J19: CLOSED | L19: =+Harvest!L19/Effort!L19 -> 19.25 | N19: CLOSED | O19: =+Harvest!O19/Effort!O19 -> 19.610066
A20: 44480 | B20: Mon | C20: -0.4 | D20: 0.98055556 | E20: * | F20: 20 | G20: * | H20: 20 | J20: =+Harvest!J20/Effort!J20 -> 20 | L20: CLOSED | N20: CLOSED | O20: =+Harvest!O20/Effort!O20 -> 20
A22: 44488 | B22: Tue | C22: 0.3 | D22: 0.78263889 | F22: =+Harvest!F22/Effort!F22 -> 16.911021 | H22: =+Harvest!H22/Effort!H22 -> 17.692308 | J22: =+Harvest!J22/Effort!J22 -> 12.685714 | L22: CLOSED | N22: CLOSED | O22: =+Harvest!O22/Effort!O22 -> 15.775634
A23: 44489 | B23: Wed | C23: 0 | D23: 0.80763889 | E23: * | F23: 18 | H23: =+Harvest!H23/Effort!H23 -> 14.588235 | J23: CLOSED | L23: =+Harvest!L23/Effort!L23 -> 17.894737 | N23: CLOSED | O23: =+Harvest!O23/Effort!O23 -> 16.654565
A24: 44490 | B24: Thu | C24: -0.1 | D24: 0.83194444 | E24: * | F24: 14 | H24: =+Harvest!H24/Effort!H24 -> 11.32 | J24: =+Harvest!J24/Effort!J24 -> 14.189189 | L24: CLOSED | N24: CLOSED | O24: =+Harvest!O24/Effort!O24 -> 13.46803
A25: 44491 | B25: Fri | C25: -0.1 | D25: 0.85555556 | F25: 8.8 | H25: =+Harvest!H25/Effort!H25 -> 8.0181818 | J25: CLOSED | L25: =+Harvest!L25/Effort!L25 -> 11.742857 | N25: CLOSED | O25: =+Harvest!O25/Effort!O25 -> 9.7286087
A26: 44492 | B26: Sat | C26: 0 | D26: 0.87986111 | F26: 16 | H26: =+Harvest!H26/Effort!H26 -> 16.291667 | J26: =+Harvest!J26/Effort!J26 -> 15.851852 | L26: CLOSED | N26: CLOSED | O26: =+Harvest!O26/Effort!O26 -> 16.020073
A27: 44493 | B27: Sun | C27: 0.2 | D27: 0.90486111 | E27: * | F27: 0 | G27: * | H27: 0 | J27: CLOSED | L27: 0 | N27: CLOSED | O27: 0
A28: 44494 | B28: Mon | C28: 0.5 | D28: 0.93402778 | E28: * | F28: 8 | G28: * | H28: 8 | J28: 11 | L28: CLOSED | N28: CLOSED | O28: =+Harvest!O28/Effort!O28 -> 12.198728
A30: 44503 | B30: Wed | C30: -0.3 | D30: 0.76111111 | F30: =+Harvest!F30/Effort!F30 -> 18.083346 | G30: * | H30: 19 | J30: CLOSED | L30: =+Harvest!L30/Effort!L30 -> 19.782609 | N30: CLOSED | O30: =+Harvest!O30/Effort!O30 -> 18.762314
A31: 44504 | B31: Thu | C31: -1.1 | D31: 0.79236111 | E31: * | F31: 18 | H31: =+Harvest!H31/Effort!H31 -> 17.955556 | J31: =+Harvest!J31/Effort!J31 -> 17.866667 | L31: CLOSED | N31: CLOSED | O31: =+Harvest!O31/Effort!O31 -> 17.938247
A32: 44505 | B32: Fri | C32: -1.6 | D32: 0.82361111 | F32: 18.1 | H32: =+Harvest!H32/Effort!H32 -> 19.342857 | J32: CLOSED | L32: =+Harvest!L32/Effort!L32 -> 16.288462 | N32: CLOSED | O32: =+Harvest!O32/Effort!O32 -> 17.771328
A33: 44506 | B33: Sat | C33: -1.8 | D33: 0.85625 | F33: 19.2 | H33: =+Harvest!H33/Effort!H33 -> 18.428571 | J33: =+Harvest!J33/Effort!J33 -> 17 | L33: CLOSED | N33: CLOSED | O33: =+Harvest!O33/Effort!O33 -> 18.184974
A34: 44507 | B34: Sun | C34: -1.6 | D34: 0.84930556 | E34: * | F34: 18 | H34: =+Harvest!H34/Effort!H34 -> 18.296296 | J34: CLOSED | L34: =+Harvest!L34/Effort!L34 -> 17.216216 | N34: CLOSED | O34: =+Harvest!O34/Effort!O34 -> 17.852415
A35: 44508 | B35: Mon | C35: -1.2 | D35: 0.88611111 | F35: 19 | H35: =+Harvest!H35/Effort!H35 -> 20 | J35: =+Harvest!J35/Effort!J35 -> 19.535714 | L35: CLOSED | N35: CLOSED | O35: =+Harvest!O35/Effort!O35 -> 19.531251
A36: 44509 | B36: Tue | C36: -0.6 | D36: 0.92569444 | E36: * | F36: 15 | G36: * | H36: 15 | J36: CLOSED | L36: 15 | N36: CLOSED | O36: =+Harvest!O36/Effort!O36 -> 15
A37: 44510 | B37: Wed | C37: 0 | D37: 0.96944444 | E37: * | F37: 13 | H37: 13 | J37: =+Harvest!J37/Effort!J37 -> 13.052632 | L37: CLOSED | N37: CLOSED | O37: =+Harvest!O37/Effort!O37 -> 13.023021
A39: 44516 | B39: Tue | C39: 0.5 | D39: 0.70138889 | E39: * | F39: 19.5 | H39: =+Harvest!H39/Effort!H39 -> 19.242424 | J39: =+Harvest!J39/Effort!J39 -> 19.651163 | L39: CLOSED | N39: CLOSED | O39: =+Harvest!O39/Effort!O39 -> 19.473879
A40: 44517 | B40: Wed | C40: 0.1 | D40: 0.72777778 | F40: =+Harvest!F40/Effort!F40 -> 19.593709 | G40: * | H40: 19.5 | J40: CLOSED | L40: =+Harvest!L40/Effort!L40 -> 19.454545 | N40: CLOSED | O40: =+Harvest!O40/Effort!O40 -> 19.523746
A41: 44518 | B41: Thu | C41: -0.2 | D41: 0.75208333 | E41: * | F41: 19.5 | G41: * | H41: 19.5 | J41: =+Harvest!J41/Effort!J41 -> 19.75 | L41: CLOSED | N41: CLOSED | O41: =+Harvest!O41/Effort!O41 -> 19.608719
A42: 44519 | B42: Fri | C42: -0.3 | D42: 0.77569444 | F42: 18 | H42: =+Harvest!H42/Effort!H42 -> 17.5 | J42: CLOSED | L42: =+Harvest!L42/Effort!L42 -> 14.5 | N42: CLOSED | O42: =+Harvest!O42/Effort!O42 -> 16.647591
A43: 44520 | B43: Sat | C43: -0.3 | D43: 0.79861111 | F43: =+Harvest!F43/Effort!F43 -> 19.791911 | H43: =+Harvest!H43/Effort!H43 -> 19.777778 | J43: =+Harvest!J43/Effort!J43 -> 18.457143 | L43: CLOSED | N43: CLOSED | O43: =+Harvest!O43/Effort!O43 -> 19.207821
A44: 44521 | B44: Sun | C44: -0.2 | D44: 0.82222222 | F44: 19 | H44: =+Harvest!H44/Effort!H44 -> 18.441176 | J44: CLOSED | L44: =+Harvest!L44/Effort!L44 -> 18.3 | N44: CLOSED | O44: =+Harvest!O44/Effort!O44 -> 18.517158
A45: 44522 | B45: Mon | C45: 0 | D45: 0.84791667 | E45: * | F45: 15 | G45: * | H45: 15 | J45: =+Harvest!J45/Effort!J45 -> 15.071429 | L45: CLOSED | N45: CLOSED | O45: =+Harvest!O45/Effort!O45 -> 15.031063
A46: 44523 | B46: Tue | C46: 0.2 | D46: 0.875 | E46: * | F46: 16 | G46: * | H46: 16 | J46: CLOSED | L46: =+Harvest!L46/Effort!L46 -> 15.928571 | N46: CLOSED | O46: =+Harvest!O46/Effort!O46 -> 15.975165
A47: 44524 | B47: Wed | C47: 0.5 | D47: 0.90486111 | E47: * | F47: 15 | H47: =+Harvest!H47/Effort!H47 -> 14.142857 | I47: * | J47: 15 | L47: CLOSED | N47: CLOSED | O47: =+Harvest!O47/Effort!O47 -> 14.779913
A49: 44531 | B49: Wed | C49: 0.1 | D49: 0.67291667 | E49: * | F49: 19 | H49: =+Harvest!H49/Effort!H49 -> 18.953488 | J49: =+Harvest!J49/Effort!J49 -> 19.305556 | L49: CLOSED | N49: CLOSED | O49: =+Harvest!O49/Effort!O49 -> 19.096042
A50: 44532 | B50: Thu | C50: -0.8 | D50: 0.70694444 | F50: =+Harvest!F50/Effort!F50 -> 20 | G50: * | H50: 19.5 | J50: CLOSED | L50: =+Harvest!L50/Effort!L50 -> 19.702381 | N50: CLOSED | O50: =+Harvest!O50/Effort!O50 -> 19.794665
A51: 44533 | B51: Fri | C51: -1.5 | D51: 0.73958333 | F51: 19 | H51: =+Harvest!H51/Effort!H51 -> 19.013889 | J51: =+Harvest!J51/Effort!J51 -> 19.705882 | L51: CLOSED | N51: CLOSED | O51: =+Harvest!O51/Effort!O51 -> 19.263276
A52: 44534 | B52: Sat | C52: -1.9 | D52: 0.77222222 | F52: 19 | H52: =+Harvest!H52/Effort!H52 -> 18.256098 | J52: CLOSED | L52: =+Harvest!L52/Effort!L52 -> 19.111111 | N52: CLOSED | O52: =+Harvest!O52/Effort!O52 -> 18.843079
A53: 44535 | B53: Sun | C53: -2 | D53: 0.80555556 | F53: 19 | H53: =+Harvest!H53/Effort!H53 -> 19.09434 | J53: =+Harvest!J53/Effort!J53 -> 19.357143 | L53: CLOSED | N53: CLOSED | O53: =+Harvest!O53/Effort!O53 -> 19.182012
A54: 44536 | B54: Mon | C54: -1.7 | D54: 0.83958333 | E54: * | F54: 19.5 | H54: =+Harvest!H54/Effort!H54 -> 19.454545 | J54: CLOSED | L54: =+Harvest!L54/Effort!L54 -> 19.555556 | N54: CLOSED | O54: =+Harvest!O54/Effort!O54 -> 19.50475
A55: 44537 | B55: Tue | C55: -1.2 | D55: 0.87430556 | E55: * | F55: 19.5 | G55: * | H55: 19.5 | J55: =+Harvest!J55/Effort!J55 -> 19.416667 | L55: CLOSED | N55: CLOSED | O55: =+Harvest!O55/Effort!O55 -> 19.470021
A56: 44538 | B56: Wed | C56: -0.6 | D56: 0.91041667 | E56: * | F56: 15 | H56: =+Harvest!H56/Effort!H56 -> 19.545455 | J56: CLOSED | L56: =+Harvest!L56/Effort!L56 -> 9.8888889 | N56: CLOSED | O56: =+Harvest!O56/Effort!O56 -> 15.45783
A57: 44539 | B57: Thu | C57: 0.1 | D57: 0.94791667 | E57: * | F57: 12.5 | G57: * | H57: 12.5 | J57: =+Harvest!J57/Effort!J57 -> 12.428571 | L57: CLOSED | N57: CLOSED | O57: =+Harvest!O57/Effort!O57 -> 12.473051
A59: 44545 | B59: Wed | C59: 0.6 | D59: 0.68611111 | F59: 12.5 | G59: * | H59: 12.5 | J59: CLOSED | L59: =+Harvest!L59/Effort!L59 -> 12.444444 | N59: CLOSED | O59: =+Harvest!O59/Effort!O59 -> 12.472883
A60: 44546 | B60: Thu | C60: 0.1 | D60: 0.72013889 | E60: * | F60: 17.5 | H60: =+Harvest!H60/Effort!H60 -> 17.238095 | J60: =+Harvest!J60/Effort!J60 -> 19.736842 | L60: CLOSED | N60: CLOSED | O60: =+Harvest!O60/Effort!O60 -> 18.264074
A61: 44547 | B61: Fri | C61: -0.2 | D61: 0.73819444 | F61: 19.5 | H61: =+Harvest!H61/Effort!H61 -> 19.733333 | J61: CLOSED | L61: =+Harvest!L61/Effort!L61 -> 14.111111 | N61: CLOSED | O61: =+Harvest!O61/Effort!O61 -> 18.349528
A62: 44548 | B62: Sat | C62: -0.3 | D62: 0.7625 | F62: 19.5 | H62: =+Harvest!H62/Effort!H62 -> 16.633333 | J62: =+Harvest!J62/Effort!J62 -> 19.464286 | L62: CLOSED | N62: CLOSED | O62: =+Harvest!O62/Effort!O62 -> 18.821971
A63: 44549 | B63: Sun | C63: -0.4 | D63: 0.78611111 | F63: 19.5 | H63: =+Harvest!H63/Effort!H63 -> 14.867925 | J63: CLOSED | L63: =+Harvest!L63/Effort!L63 -> 18.933333 | N63: CLOSED | O63: =+Harvest!O63/Effort!O63 -> 17.764624
A64: 44550 | B64: Mon | C64: -0.3 | D64: 0.81041667 | E64: * | F64: 13 | G64: * | H64: 13 | J64: =+Harvest!J64/Effort!J64 -> 13.264706 | L64: CLOSED | N64: CLOSED | O64: =+Harvest!O64/Effort!O64 -> 13.099826
A65: 44551 | B65: Tue | C65: -0.2 | D65: 0.83472222 | E65: * | F65: 13 | H65: =+Harvest!H65/Effort!H65 -> 13.777778 | J65: CLOSED | L65: =+Harvest!L65/Effort!L65 -> 7.4444444 | N65: CLOSED | O65: =+Harvest!O65/Effort!O65 -> 11.58916
A66: 44552 | B66: Wed | C66: -0.1 | D66: 0.85972222 | E66: * | F66: 5 | G66: * | H66: 5 | J66: =+Harvest!J66/Effort!J66 -> 4.0588235 | L66: CLOSED | N66: CLOSED | O66: =+Harvest!O66/Effort!O66 -> 4.645064
A67: 44553 | B67: Thu | C67: 0.2 | D67: 0.88611111 | E67: * | F67: 5 | G67: * | H67: 5 | J67: CLOSED | L67: 5 | N67: CLOSED | O67: =+Harvest!O67/Effort!O67 -> 5
A69: 44560 | B69: Thu | C69: -0.1 | D69: 0.65902778 | F69: 14.5 | G69: * | H69: 14.5 | J69: CLOSED | L69: =+Harvest!L69/Effort!L69 -> 14.208333 | N69: CLOSED | O69: =+Harvest!O69/Effort!O69 -> 14.406245
A70: 44561 | B70: Fri | C70: -0.9 | D70: 0.69583333 | F70: 14.5 | H70: =+Harvest!H70/Effort!H70 -> 14.762712 | J70: =+Harvest!J70/Effort!J70 -> 14.810127 | L70: CLOSED | N70: CLOSED | O70: =+Harvest!O70/Effort!O70 -> 14.678412
A71: 44562 | B71: Sat | C71: -1.5 | D71: 0.73055556 | F71: 14.5 | H71: =+Harvest!H71/Effort!H71 -> 14.842857 | J71: CLOSED | L71: =+Harvest!L71/Effort!L71 -> 14.112676 | N71: CLOSED | O71: =+Harvest!O71/Effort!O71 -> 14.489714
A72: 44563 | B72: Sun | C72: -1.8 | D72: 0.76458333 | E72: * | F72: 3 | G72: * | H72: 3 | J72: =+Harvest!J72/Effort!J72 -> 2.6666667 | L72: CLOSED | N72: CLOSED | O72: =+Harvest!O72/Effort!O72 -> 2.8749385
A73: 44564 | B73: Mon | C73: -1.9 | D73: 0.79722222 | F73: 5 | G73: * | H73: 5 | J73: CLOSED | L73: =+Harvest!L73/Effort!L73 -> 5.9230769 | N73: CLOSED | O73: =+Harvest!O73/Effort!O73 -> 5.2331032
A74: 44565 | B74: Tue | C74: -1.6 | D74: 0.82916667 | E74: * | F74: 12.5 | H74: =+Harvest!H74/Effort!H74 -> 12.571429 | J74: 12.5 | L74: CLOSED | N74: CLOSED | O74: =+Harvest!O74/Effort!O74 -> 12.51894
A75: 44566 | B75: Wed | C75: -1.1 | D75: 0.86111111 | E75: * | F75: 12.5 | H75: CLOSED | J75: CLOSED | L75: CLOSED | N75: CLOSED | O75: =+Harvest!O75/Effort!O75 -> 12.5
A77: 44210 | B77: Fri | C77: 0.4 | D77: 0.69652778 | F77: 15 | H77: CLOSED | J77: CLOSED | L77: CLOSED | N77: CLOSED | O77: =+Harvest!O77/Effort!O77 -> 15
A78: 44211 | B78: Sat | C78: 0.4 | D78: 0.72361111 | F78: 12 | G78: * | H78: 12 | J78: =+Harvest!J78/Effort!J78 -> 13.972222 | L78: CLOSED | N78: CLOSED | O78: =+Harvest!O78/Effort!O78 -> 12.559078
A79: 44212 | B79: Sun | C79: -0.2 | D79: 0.74930556 | F79: 14 | G79: * | H79: 14 | J79: CLOSED | L79: =+Harvest!L79/Effort!L79 -> 13.883721 | N79: CLOSED | O79: =+Harvest!O79/Effort!O79 -> 13.956497
A80: 44213 | B80: Mon | C80: -0.3 | D80: 0.77361111 | E80: * | F80: 13 | H80: =+Harvest!H80/Effort!H80 -> 12.6 | J80: =+Harvest!J80/Effort!J80 -> 13.576923 | L80: CLOSED | N80: CLOSED | O80: =+Harvest!O80/Effort!O80 -> 13.062389
A81: 44214 | B81: Tue | C81: -0.4 | D81: 0.79722222 | E81: * | F81: 14 | H81: =+Harvest!H81/Effort!H81 -> 14.157895 | J81: CLOSED | L81: CLOSED | N81: CLOSED | O81: =+Harvest!O81/Effort!O81 -> 14.060758
A82: 44215 | B82: Wed | C82: -0.4 | D82: 0.82013889 | F82: 15 | H82: CLOSED | J82: =+Harvest!J82/Effort!J82 -> 14.153846 | L82: CLOSED | N82: CLOSED | O82: =+Harvest!O82/Effort!O82 -> 14.584937
A83: 44216 | B83: Thu | C83: -0.2 | D83: 0.84305556 | F83: 13 | H83: CLOSED | J83: CLOSED | L83: CLOSED | N83: CLOSED | O83: =+Harvest!O83/Effort!O83 -> 13
A85: 44590 | B85: Sat | C85: -0.7 | D85: 0.6875 | F85: 14.5 | H85: =+Harvest!H85/Effort!H85 -> 14.548387 | J85: CLOSED | L85: =+Harvest!L85/Effort!L85 -> 13.612903 | N85: CLOSED | O85: =+Harvest!O85/Effort!O85 -> 14.256408
A86: 44591 | B86: Sun | C86: -1.2 | D86: 0.72291667 | F86: =+Harvest!F86/Effort!F86 -> 12.10084 | H86: CLOSED | J86: =+Harvest!J86/Effort!J86 -> 13.794118 | L86: CLOSED | N86: CLOSED | O86: =+Harvest!O86/Effort!O86 -> 12.93223
A87: 44592 | B87: Mon | C87: -1.5 | D87: 0.75555556 | F87: 14.5 | H87: CLOSED | J87: CLOSED | L87: CLOSED | N87: CLOSED | O87: =+Harvest!O87/Effort!O87 -> 14.5
A88: 44593 | B88: Tue | C88: -1.5 | D88: 0.78611111 | E88: * | F88: 14.5 | H88: =+Harvest!H88/Effort!H88 -> 14.5 | J88: =+Harvest!J88/Effort!J88 -> 14.860465 | L88: CLOSED | N88: CLOSED | O88: =+Harvest!O88/Effort!O88 -> 14.633385
A89: 44594 | B89: Wed | C89: -1.2 | D89: 0.81527778 | F89: 14.5 | H89: =+Harvest!H89/Effort!H89 -> 15 | J89: CLOSED | L89: =+Harvest!L89/Effort!L89 -> 11 | N89: CLOSED | O89: =+Harvest!O89/Effort!O89 -> 13.289328
A90: 44595 | B90: Thu | C90: -0.7 | D90: 0.84236111 | F90: CLOSED | H90: CLOSED | J90: =+Harvest!J90/Effort!J90 -> 13.142857 | L90: CLOSED | N90: CLOSED | O90: =+Harvest!O90/Effort!O90 -> 13.142857
A92: 44606 | B92: Mon | C92: 0 | D92: 0.73263889 | F92: =+Harvest!F92/Effort!F92 -> 14.95731 | H92: CLOSED | J92: CLOSED | L92: CLOSED | N92: CLOSED | O92: =+Harvest!O92/Effort!O92 -> 14.95731
A93: 44607 | B93: Tue | C93: -0.3 | D93: 0.75625 | F93: 14.5 | H93: CLOSED | J93: CLOSED | L93: =+Harvest!L93/Effort!L93 -> 15 | N93: CLOSED | O93: =+Harvest!O93/Effort!O93 -> 14.727123
A94: 44608 | B94: Wed | C94: -0.4 | D94: 0.77916667 | F94: 14.5 | H94: CLOSED | J94: =+Harvest!J94/Effort!J94 -> 15 | L94: CLOSED | N94: CLOSED | O94: =+Harvest!O94/Effort!O94 -> 14.78139
A95: 44609 | B95: Thu | C95: -0.3 | D95: 0.80138889 | F95: 14.5 | H95: =+Harvest!H95/Effort!H95 -> 10.533333 | J95: CLOSED | L95: CLOSED | N95: CLOSED | O95: =+Harvest!O95/Effort!O95 -> 12.512373
A96: 44610 | B96: Fri | C96: -0.1 | D96: 0.82291667 | F96: 14.5 | H96: =+Harvest!H96/Effort!H96 -> 14.848485 | J96: =+Harvest!J96/Effort!J96 -> 14.6 | L96: CLOSED | N96: CLOSED | O96: =+Harvest!O96/Effort!O96 -> 14.645439
A98: 44618 | B98: Sat | C98: 0 | D98: 0.6375 | F98: 10 | H98: =+Harvest!H98/Effort!H98 -> 10.431373 | J98: =+Harvest!J98/Effort!J98 -> 13.353846 | L98: CLOSED | N98: CLOSED | O98: =+Harvest!O98/Effort!O98 -> 11.511111
A99: 44619 | B99: Sun | C99: -0.4 | D99: 0.67777778 | F99: 8 | H99: CLOSED | J99: CLOSED | L99: =+Harvest!L99/Effort!L99 -> 11.361111 | N99: CLOSED | O99: =+Harvest!O99/Effort!O99 -> 9.8246289
A100: 44620 | B100: Mon | C100: -0.8 | D100: 0.7125 | F100: 5 | H100: CLOSED | J100: CLOSED | L100: CLOSED | N100: CLOSED | O100: =+Harvest!O100/Effort!O100 -> 5
A101: 44621 | B101: Tue | C101: -0.9 | D101: 0.74305556 | E101: * | F101: 14.5 | G101: * | H101: 14.5 | J101: CLOSED | L101: =+Harvest!L101/Effort!L101 -> 14.377778 | N101: CLOSED | O101: =+Harvest!O101/Effort!O101 -> 14.45749
A102: 44622 | B102: Wed | C102: -0.8 | D102: 0.77083333 | E102: * | F102: 15 | H102: =+Harvest!H102/Effort!H102 -> 14.83871 | J102: =+Harvest!J102/Effort!J102 -> 14.821429 | L102: CLOSED | N102: CLOSED | O102: =+Harvest!O102/Effort!O102 -> 14.888847
A103: 44623 | B103: Thu | C103: -0.5 | D103: 0.79652778 | F103: =+Harvest!F103/Effort!F103 -> 15 | H103: =+Harvest!H103/Effort!H103 -> 14 | J103: CLOSED | L103: =+Harvest!L103/Effort!L103 -> 15 | N103: CLOSED | O103: =+Harvest!O103/Effort!O103 -> 14.693377
A104: 44624 | B104: Fri | C104: 0 | D104: 0.82083333 | E104: * | F104: 15 | G104: * | H104: 15 | J104: =+Harvest!J104/Effort!J104 -> 15 | L104: CLOSED | N104: CLOSED | O104: =+Harvest!O104/Effort!O104 -> 15
A106: 44636 | B106: Wed | C106: 0 | D106: 0.77430556 | F106: =+Harvest!F106/Effort!F106 -> 15 | G106: * | H106: 14.5 | J106: CLOSED | L106: =+Harvest!L106/Effort!L106 -> 14.578947 | N106: CLOSED | O106: =+Harvest!O106/Effort!O106 -> 14.746485
A107: 44637 | B107: Thu | C107: 0 | D107: 0.79722222 | E107: * | F107: 14.5 | G107: * | H107: 14.5 | J107: =+Harvest!J107/Effort!J107 -> 14.931818 | L107: CLOSED | N107: CLOSED | O107: =+Harvest!O107/Effort!O107 -> 14.690627
A108: 44638 | B108: Fri | C108: 0.2 | D108: 0.82013889 | E108: * | F108: 14 | H108: =+Harvest!H108/Effort!H108 -> 15 | J108: CLOSED | L108: =+Harvest!L108/Effort!L108 -> 13.035714 | N108: CLOSED | O108: =+Harvest!O108/Effort!O108 -> 13.867548
A109: 44639 | B109: Sat | C109: 0.5 | D109: 0.84305556 | F109: 14 | G109: * | H109: 14 | J109: =+Harvest!J109/Effort!J109 -> 14.271429 | L109: CLOSED | N109: CLOSED | O109: =+Harvest!O109/Effort!O109 -> 14.119823
A110: 44640 | B110: Sun | C110: 0.2 | D110: 0.36527778 | E110: * | F110: 14.5 | H110: =+Harvest!H110/Effort!H110 -> 14.660377 | J110: CLOSED | L110: =+Harvest!L110/Effort!L110 -> 11.206897 | N110: CLOSED | O110: =+Harvest!O110/Effort!O110 -> 13.302003
A111: 44641 | B111: Mon | C111: 0 | D111: 0.39583333 | E111: * | F111: 14.5 | H111: =+Harvest!H111/Effort!H111 -> 14.347826 | J111: =+Harvest!J111/Effort!J111 -> 14.617647 | L111: CLOSED | N111: CLOSED | O111: =+Harvest!O111/Effort!O111 -> 14.510062
A112: 44642 | B112: Tue | C112: -0.1 | D112: 0.42916667 | F112: 15 | G112: * | H112: 15 | J112: CLOSED | L112: =+Harvest!L112/Effort!L112 -> 14.871795 | N112: CLOSED | O112: =+Harvest!O112/Effort!O112 -> 14.957252
...

Sheet Summary Table
A1: 2021-2022 State (non-Tribal) Recreational Razor Clam Effort, Harvest and CPUE totals.
E2: LONG BEACH | H2: TWIN HARBORS | K2: COPALIS | N2: MOCROCKS | Q2: KALALOCH | T2: DAILY TOTALS | W2: CROSS | X2: CHECK
A3: DATE | B3: DAY | C3: TIDE | D3: TIME | E3: Effort | F3: Harvest | G3: CPUE | H3: Effort | I3: Harvest | J3: CPUE | K3: Effort | L3: Harvest | M3: CPUE | N3: Effort | O3: Harvest | P3: CPUE | Q3: Effort | R3: Harvest | S3: CPUE | T3: Effort | U3: Harvest
A4: 44456 | B4: Fri | C4: -0.4 | D4: 0.1875 | E4: =Effort!F2 -> 629.6976 | F4: =Harvest!F2 -> 12593.952 | G4: =+CPUE!F2 -> 20 | H4: =Effort!H2 -> 303.77096 | I4: =Harvest!H2 -> 6075.4191 | J4: =CPUE!H2 -> 20 | K4: =Effort!J2 -> CLOSED | L4: =Harvest!J2 -> CLOSED | M4: =CPUE!J2 -> CLOSED | N4: =Effort!L2 -> 486.38839 | O4: =Harvest!L2 -> 9619.6814 | P4: =CPUE!L2 -> 19.777778 | Q4: CLOSED | R4: CLOSED | S4: CLOSED | T4: =SUM(E4+H4+N4) -> 1419.8569 | U4: =SUM(F4+I4+O4) -> 28289.052
A5: 44457 | B5: Sat | C5: -0.5 | D5: 0.22361111 | E5: =Effort!F3 -> 1341.6417 | F5: =Harvest!F3 -> 25491.192 | G5: =+CPUE!F3 -> 19 | H5: =Effort!H3 -> 999.37121 | I5: =Harvest!H3 -> 19987.424 | J5: =CPUE!H3 -> 20 | K5: =Effort!J3 -> 1358.205 | L5: =Harvest!J3 -> 26711.365 | M5: =CPUE!J3 -> 19.666667 | N5: =Effort!L3 -> CLOSED | O5: =Harvest!L3 -> CLOSED | P5: =CPUE!L3 -> CLOSED | Q5: CLOSED | R5: CLOSED | S5: CLOSED | T5: =SUM(E5+H5+K5) -> 3699.2179 | U5: =SUM(F5+I5+L5) -> 72189.982
A6: 44458 | B6: Sun | C6: -0.6 | D6: 0.25416667 | E6: =Effort!F4 -> 5552.988 | F6: =Harvest!F4 -> 111059.76 | G6: =+CPUE!F4 -> 20 | H6: =Effort!H4 -> 2499.709 | I6: =Harvest!H4 -> 47195.999 | J6: =CPUE!H4 -> 18.880597 | K6: =Effort!J4 -> CLOSED | L6: =Harvest!J4 -> CLOSED | M6: =CPUE!J4 -> CLOSED | N6: =Effort!L4 -> 4289.2158 | O6: =Harvest!L4 -> 69378.065 | P6: =CPUE!L4 -> 16.175 | Q6: CLOSED | R6: CLOSED | S6: CLOSED | T6: =SUM(E6+H6+N6) -> 12341.913 | U6: =SUM(F6+I6+O6) -> 227633.82
A7: 44459 | B7: Mon | C7: -0.5 | D7: 0.28125 | E7: =Effort!F5 -> 2048.2747 | F7: =Harvest!F5 -> 40965.493 | G7: =+CPUE!F5 -> 20 | H7: =Effort!H5 -> 1523.4637 | I7: =Harvest!H5 -> 29905.028 | J7: =CPUE!H5 -> 19.62963 | K7: =Effort!J5 -> 2070.4779 | L7: =Harvest!J5 -> 41409.558 | M7: =CPUE!J5 -> 20 | N7: =Effort!L5 -> CLOSED | O7: =Harvest!L5 -> CLOSED | P7: =CPUE!L5 -> CLOSED | Q7: CLOSED | R7: CLOSED | S7: CLOSED | T7: =SUM(E7+H7+K7) -> 5642.2163 | U7: =SUM(F7+I7+L7) -> 112280.08
A8: 44460 | B8: Tue | C8: -0.2 | D8: 0.30625 | E8: =Effort!F6 -> 2709.6775 | F8: =Harvest!F6 -> 54193.55 | G8: =+CPUE!F6 -> 20 | H8: =Effort!H6 -> 1307.1692 | I8: =Harvest!H6 -> 24836.215 | J8: =CPUE!H6 -> 19 | K8: =Effort!J6 -> CLOSED | L8: =Harvest!J6 -> CLOSED | M8: =CPUE!J6 -> CLOSED | N8: =Effort!L6 -> 2092.9978 | O8: =Harvest!L6 -> 41859.955 | P8: =CPUE!L6 -> 20 | Q8: CLOSED | R8: CLOSED | S8: CLOSED | T8: =SUM(E8+H8+N8) -> 6109.8445 | U8: =SUM(F8+I8+O8) -> 120889.72
A9: 44461 | B9: Wed | C9: 0.3 | D9: 0.32916667 | E9: =Effort!F7 -> 2938.408 | F9: =Harvest!F7 -> 57115.306 | G9: =+CPUE!F7 -> 19.4375 | H9: =Effort!H7 -> 1560.3865 | I9: =Harvest!H7 -> 29693.237 | J9: =CPUE!H7 -> 19.029412 | K9: =Effort!J7 -> 2970.2603 | L9: =Harvest!J7 -> 52765.8 | M9: =CPUE!J7 -> 17.764706 | N9: =Effort!L7 -> CLOSED | O9: =Harvest!L7 -> CLOSED | P9: =CPUE!L7 -> CLOSED | Q9: CLOSED | R9: CLOSED | S9: CLOSED | T9: =SUM(E9+H9+K9) -> 7469.0548 | U9: =SUM(F9+I9+L9) -> 139574.34
A10: 44462 | B10: Thu | C10: 0.3 | D10: 0.87361111 | E10: =Effort!F8 -> 1635.9814 | F10: =Harvest!F8 -> 30265.655 | G10: =+CPUE!F8 -> 18.5 | H10: =Effort!H8 -> 1534.5886 | I10: =Harvest!H8 -> 28236.43 | J10: =CPUE!H8 -> 18.4 | K10: =Effort!J8 -> CLOSED | L10: =Harvest!J8 -> CLOSED | M10: =CPUE!J8 -> CLOSED | N10: =Effort!L8 -> 1263.6579 | O10: =Harvest!L8 -> 21116.388 | P10: =CPUE!L8 -> 16.710526 | Q10: CLOSED | R10: CLOSED | S10: CLOSED | T10: =SUM(E10+H10+N10) -> 4434.2278 | U10: =SUM(F10+I10+O10) -> 79618.474
A11: 44463 | B11: Fri | C11: 0.4 | D11: 0.9 | E11: =Effort!F9 -> 2161.7359 | F11: =Harvest!F9 -> 39992.114 | G11: =+CPUE!F9 -> 18.5 | H11: =Effort!H9 -> 1607.8537 | I11: =Harvest!H9 -> 29745.294 | J11: =CPUE!H9 -> 18.5 | K11: =Effort!J9 -> 2185.169 | L11: =Harvest!J9 -> 40269.544 | M11: =CPUE!J9 -> 18.428571 | N11: =Effort!L9 -> CLOSED | O11: =Harvest!L9 -> CLOSED | P11: =CPUE!L9 -> CLOSED | Q11: CLOSED | R11: CLOSED | S11: CLOSED | T11: =SUM(E11+H11+K11) -> 5954.7587 | U11: =SUM(F11+I11+L11) -> 110006.95
A12: 44464 | B12: Sat | C12: 0.5 | D12: 0.92708333 | E12: =Effort!F10 -> 3025.612 | F12: =Harvest!F10 -> 57184.066 | G12: =+CPUE!F10 -> 18.9 | H12: =Effort!H10 -> 2889.6192 | I12: =Harvest!H10 -> 47702.402 | J12: =CPUE!H10 -> 16.508197 | K12: =Effort!J10 -> 1608.5394 | L12: =Harvest!J10 -> 32170.787 | M12: =CPUE!J10 -> 20 | N12: =Effort!L10 -> 1124.0876 | O12: =Harvest!L10 -> 18922.142 | P12: =CPUE!L10 -> 16.833333 | Q12: CLOSED | R12: CLOSED | S12: CLOSED | T12: =SUM(E12+H12+N12+K12) -> 8647.8582 | U12: =SUM(F12+I12+O12+L12) -> 155979.4
A13: Tide Series Totals | E13: =SUM(E4:E12) -> 22044.017 | F13: =SUM(F4:F12) -> 428861.09 | G13: =+F13/E13 -> 19.454762 | H13: =SUM(H4:H12) -> 14225.932 | I13: =SUM(I4:I12) -> 263377.45 | J13: =+I13/H13 -> 18.513897 | K13: =SUM(K4:K12) -> 10192.652 | L13: =SUM(L4:L12) -> 193327.06 | M13: =+L13/K13 -> 18.967297 | N13: =SUM(N4:N12) -> 9256.3474 | O13: =SUM(O4:O12) -> 160896.23 | P13: =+O13/N13 -> 17.382259 | T13: =SUM(T4:T12) -> 55718.948 | U13: =SUM(U4:U12) -> 1046461.8 | W13: =SUM(H13,K13,N13,Q13,E13) -> 55718.948 | X13: =SUM(R13,O13,L13,I13,F13) -> 1046461.8
A14: 44472 | B14: Sun | C14: 0.2 | D14: 0.20277778 | E14: =Effort!F12 -> 1307.6099 | F14: =Harvest!F12 -> 18306.539 | G14: =+CPUE!F12 -> 14 | H14: =Effort!H12 -> 939.82647 | I14: =Harvest!H12 -> 13157.571 | J14: =CPUE!H12 -> 14 | K14: =Effort!J12 -> 964.6377 | L14: =Harvest!J12 -> 13628.599 | M14: =CPUE!J12 -> 14.128205 | N14: =Effort!L12 -> CLOSED | O14: =Harvest!L12 -> CLOSED | P14: =CPUE!L12 -> CLOSED | Q14: CLOSED | R14: CLOSED | S14: CLOSED | T14: =SUM(E14+H14+K14) -> 3212.0741 | U14: =SUM(F14+I14+L14) -> 45092.709
A15: 44473 | B15: Mon | C15: 0 | D15: 0.23125 | E15: =Effort!F13 -> 609.67824 | F15: =Harvest!F13 -> 7925.8171 | G15: =+CPUE!F13 -> 13 | H15: =Effort!H13 -> 365.4596 | I15: =Harvest!H13 -> 4750.9748 | J15: =CPUE!H13 -> 13 | K15: =Effort!J13 -> CLOSED | L15: =Harvest!J13 -> CLOSED | M15: =CPUE!J13 -> CLOSED | N15: =Effort!L13 -> 459.00352 | O15: =Harvest!L13 -> 5923.3311 | P15: =CPUE!L13 -> 12.904762 | Q15: CLOSED | R15: CLOSED | S15: CLOSED | T15: =SUM(E15+H15+N15) -> 1434.1414 | U15: =SUM(F15+I15+O15) -> 18600.123
A16: 44474 | B16: Tue | C16: -0.1 | D16: 0.25833333 | E16: =Effort!F14 -> 585.84064 | F16: =Harvest!F14 -> 5682.6542 | G16: =+CPUE!F14 -> 9.7 | H16: =Effort!H14 -> 421.06482 | I16: =Harvest!H14 -> 6365.5094 | J16: =CPUE!H14 -> 15.117647 | K16: =Effort!J14 -> 432.18085 | L16: =Harvest!J14 -> 5618.3511 | M16: =CPUE!J14 -> 13 | N16: =Effort!L14 -> CLOSED | O16: =Harvest!L14 -> CLOSED | P16: =CPUE!L14 -> CLOSED | Q16: CLOSED | R16: CLOSED | S16: CLOSED | T16: =SUM(E16+H16+K16) -> 1439.0863 | U16: =SUM(F16+I16+L16) -> 17666.515
A17: 44475 | B17: Wed | C17: -0.3 | D17: 0.80555556 | E17: =Effort!F15 -> 4061.9161 | F17: =Harvest!F15 -> 77176.407 | G17: =+CPUE!F15 -> 19 | H17: =Effort!H15 -> 2434.8355 | I17: =Harvest!H15 -> 44090.265 | J17: =CPUE!H15 -> 18.108108 | K17: =Effort!J15 -> CLOSED | L17: =Harvest!J15 -> CLOSED | M17: =CPUE!J15 -> CLOSED | N17: =Effort!L15 -> 3058.0619 | O17: =Harvest!L15 -> 60261.808 | P17: =CPUE!L15 -> 19.705882 | Q17: CLOSED | R17: CLOSED | S17: CLOSED | T17: =SUM(E17+H17+N17) -> 9554.8135 | U17: =SUM(F17+I17+O17) -> 181528.48
A18: 44476 | B18: Thu | C18: -0.8 | D18: 0.83611111 | E18: =Effort!F16 -> 3038.1089 | F18: =Harvest!F16 -> 60762.177 | G18: =+CPUE!F16 -> 20 | H18: =Effort!H16 -> 2380.183 | I18: =Harvest!H16 -> 46960.367 | J18: =CPUE!H16 -> 19.72973 | K18: =Effort!J16 -> 2197.3689 | L18: =Harvest!J16 -> 43947.379 | M18: =CPUE!J16 -> 20 | N18: =Effort!L16 -> CLOSED | O18: =Harvest!L16 -> CLOSED | P18: =CPUE!L16 -> CLOSED | Q18: CLOSED | R18: CLOSED | S18: CLOSED | T18: =SUM(E18+H18+K18) -> 7615.6608 | U18: =SUM(F18+I18+L18) -> 151669.92
A19: 44477 | B19: Fri | C19: -1.1 | D19: 0.86805556 | E19: =Effort!F17 -> 5808.8236 | F19: =Harvest!F17 -> 113854.9 | G19: =+CPUE!F17 -> 19.600338 | H19: =Effort!H17 -> 3703.6259 | I19: =Harvest!H17 -> 73352.368 | J19: =CPUE!H17 -> 19.805556 | K19: =Effort!J17 -> CLOSED | L19: =Harvest!J17 -> CLOSED | M19: =CPUE!J17 -> CLOSED | N19: =Effort!L17 -> 4373.242 | O19: =Harvest!L17 -> 82315.7 | P19: =CPUE!L17 -> 18.822581 | Q19: CLOSED | R19: CLOSED | S19: CLOSED | T19: =SUM(E19+H19+N19) -> 13885.691 | U19: =SUM(F19+I19+O19) -> 269522.97
A20: 44478 | B20: Sat | C20: -1.1 | D20: 0.90138889 | E20: =Effort!F18 -> 3158.1864 | F20: =Harvest!F18 -> 48636.07 | G20: =+CPUE!F18 -> 15.4 | H20: =Effort!H18 -> 3311.0506 | I20: =Harvest!H18 -> 49665.759 | J20: =CPUE!H18 -> 15 | K20: =Effort!J18 -> 3398.4617 | L20: =Harvest!J18 -> 46151.109 | M20: =CPUE!J18 -> 13.58 | N20: =Effort!L18 -> CLOSED | O20: =Harvest!L18 -> CLOSED | P20: =CPUE!L18 -> CLOSED | Q20: CLOSED | R20: CLOSED | S20: CLOSED | T20: =SUM(E20+H20+K20) -> 9867.6986 | U20: =SUM(F20+I20+L20) -> 144452.94
A21: 44479 | B21: Sun | C21: -0.8 | D21: 0.93888889 | E21: =Effort!F19 -> 501.34609 | F21: =Harvest!F19 -> 10026.922 | G21: =+CPUE!F19 -> 20 | H21: =Effort!H19 -> 897.81192 | I21: =Harvest!H19 -> 17719.972 | J21: =CPUE!H19 -> 19.736842 | K21: =Effort!J19 -> CLOSED | L21: =Harvest!J19 -> CLOSED | M21: =CPUE!J19 -> CLOSED | N21: =Effort!L19 -> 859.04416 | O21: =Harvest!L19 -> 16536.6 | P21: =CPUE!L19 -> 19.25 | Q21: CLOSED | R21: CLOSED | S21: CLOSED | T21: =SUM(E21+H21+N21) -> 2258.2022 | U21: =SUM(F21+I21+O21) -> 44283.494
A22: 44480 | B22: Mon | C22: -0.4 | D22: 0.98055556 | E22: =Effort!F20 -> 440.0028 | F22: =Harvest!F20 -> 8800.0559 | G22: =+CPUE!F20 -> 20 | H22: =Effort!H20 -> 461.30004 | I22: =Harvest!H20 -> 9226.0008 | J22: =CPUE!H20 -> 20 | K22: =Effort!J20 -> 473.47827 | L22: =Harvest!J20 -> 9469.5654 | M22: =CPUE!J20 -> 20 | N22: =Effort!L20 -> CLOSED | O22: =Harvest!L20 -> CLOSED | P22: =CPUE!L20 -> CLOSED | Q22: CLOSED | R22: CLOSED | S22: CLOSED | T22: =SUM(E22+H22+K22) -> 1374.7811 | U22: =SUM(F22+I22+L22) -> 27495.622
A23: Tide Series Totals | E23: =SUM(E14:E22) -> 19511.513 | F23: =SUM(F14:F22) -> 351171.55 | G23: =+F23/E23 -> 17.998171 | H23: =SUM(H14:H22) -> 14915.158 | I23: =SUM(I14:I22) -> 265288.79 | J23: =+I23/H23 -> 17.786522 | K23: =SUM(K14:K22) -> 7466.1274 | L23: =SUM(L14:L22) -> 118815 | M23: =+L23/K23 -> 15.913873 | N23: =SUM(N14:N22) -> 8749.3515 | O23: =SUM(O14:O22) -> 165037.44 | P23: =+O23/N23 -> 18.862819 | T23: =SUM(T14:T22) -> 50642.149 | U23: =SUM(U14:U22) -> 900312.77 | W23: =SUM(H23,K23,N23,Q23,E23) -> 50642.149 | X23: =SUM(R23,O23,L23,I23,F23) -> 900312.77
A24: 44488 | B24: Tue | C24: 0.3 | D24: 0.78263889 | E24: =Effort!F22 -> 2799.5254 | F24: =Harvest!F22 -> 47342.834 | G24: =+CPUE!F22 -> 16.911021 | H24: =Effort!H22 -> 2333.5404 | I24: =Harvest!H22 -> 41285.715 | J24: =CPUE!H22 -> 17.692308 | K24: =Effort!J22 -> 2476.1742 | L24: =Harvest!J22 -> 31412.039 | M24: =CPUE!J22 -> 12.685714 | N24: =Effort!L22 -> CLOSED | O24: =Harvest!L22 -> CLOSED | P24: =CPUE!L22 -> CLOSED | Q24: CLOSED | R24: CLOSED | S24: CLOSED | T24: =SUM(E24+H24+K24) -> 7609.24 | U24: =SUM(F24+I24+L24) -> 120040.59
A25: 44489 | B25: Wed | C25: 0 | D25: 0.80763889 | E25: =Effort!F23 -> 907.07414 | F25: =Harvest!F23 -> 16327.335 | G25: =+CPUE!F23 -> 18 | H25: =Effort!H23 -> 1084.6211 | I25: =Harvest!H23 -> 15822.708 | J25: =CPUE!H23 -> 14.588235 | K25: =Effort!J23 -> CLOSED | L25: =Harvest!J23 -> CLOSED | M25: =CPUE!J23 -> CLOSED | N25: =Effort!L23 -> 823.09239 | O25: =Harvest!L23 -> 14729.022 | P25: =CPUE!L23 -> 17.894737 | Q25: CLOSED | R25: CLOSED | S25: CLOSED | T25: =SUM(E25+H25+N25) -> 2814.7877 | U25: =SUM(F25+I25+O25) -> 46879.065
A26: 44490 | B26: Thu | C26: -0.1 | D26: 0.83194444 | E26: =Effort!F24 -> 561.50249 | F26: =Harvest!F24 -> 7861.0349 | G26: =+CPUE!F24 -> 14 | H26: =Effort!H24 -> 359.28053 | I26: =Harvest!H24 -> 4067.0556 | J26: =CPUE!H24 -> 11.32 | K26: =Effort!J24 -> 655.9474 | L26: =Harvest!J24 -> 9307.3618 | M26: =CPUE!J24 -> 14.189189 | N26: =Effort!L24 -> CLOSED | O26: =Harvest!L24 -> CLOSED | P26: =CPUE!L24 -> CLOSED | Q26: CLOSED | R26: CLOSED | S26: CLOSED | T26: =SUM(E26+H26+K26) -> 1576.7304 | U26: =SUM(F26+I26+L26) -> 21235.452
A27: 44491 | B27: Fri | C27: -0.1 | D27: 0.85555556 | E27: =Effort!F25 -> 1414.4384 | F27: =Harvest!F25 -> 12447.058 | G27: =+CPUE!F25 -> 8.8 | H27: =Effort!H25 -> 743.55241 | I27: =Harvest!H25 -> 5961.9384 | J27: =CPUE!H25 -> 8.0181818 | K27: =Effort!J25 -> CLOSED | L27: =Harvest!J25 -> CLOSED | M27: =CPUE!J25 -> CLOSED | N27: =Effort!L25 -> 1283.4821 | O27: =Harvest!L25 -> 15071.747 | P27: =CPUE!L25 -> 11.742857 | Q27: CLOSED | R27: CLOSED | S27: CLOSED | T27: =SUM(E27+H27+N27) -> 3441.4729 | U27: =SUM(F27+I27+O27) -> 33480.744
A28: 44492 | B28: Sat | C28: 0 | D28: 0.87986111 | E28: =Effort!F26 -> 1498.9583 | F28: =Harvest!F26 -> 23983.333 | G28: =+CPUE!F26 -> 16 | H28: =Effort!H26 -> 1195.3813 | I28: =Harvest!H26 -> 19474.753 | J28: =CPUE!H26 -> 16.291667 | K28: =Effort!J26 -> 1751.0836 | L28: =Harvest!J26 -> 27757.918 | M28: =CPUE!J26 -> 15.851852 | N28: =Effort!L26 -> CLOSED | O28: =Harvest!L26 -> CLOSED | P28: =CPUE!L26 -> CLOSED | Q28: CLOSED | R28: CLOSED | S28: CLOSED | T28: =SUM(E28+H28+K28) -> 4445.4232 | U28: =SUM(F28+I28+L28) -> 71216.005
A29: 44493 | B29: Sun | C29: 0.2 | D29: 0.90486111 | E29: =Effort!F27 -> 0 | F29: =Harvest!F27 -> 0 | G29: =+CPUE!F27 -> 0 | H29: =Effort!H27 -> 0 | I29: =Harvest!H27 -> 0 | J29: =CPUE!H27 -> 0 | K29: =Effort!J27 -> CLOSED | L29: =Harvest!J27 -> CLOSED | M29: =CPUE!J27 -> CLOSED | N29: =Effort!L27 -> 0 | O29: =Harvest!L27 -> 0 | P29: =CPUE!L27 -> 0 | Q29: CLOSED | R29: CLOSED | S29: CLOSED | T29: =SUM(E29+H29+N29) -> 0 | U29: =SUM(F29+I29+O29) -> 0
A30: 44494 | B30: Mon | C30: 0.5 | D30: 0.93402778 | E30: =Effort!F28 -> 10.797211 | F30: =Harvest!F28 -> 86 | G30: =+CPUE!F28 -> 8 | H30: =Effort!H28 -> 9 | I30: =Harvest!H28 -> 72 | J30: =CPUE!H28 -> 8 | K30: =Effort!J28 -> 9.5501101 | L30: =Harvest!J28 -> 200 | M30: =CPUE!J28 -> 11 | N30: =Effort!L28 -> CLOSED | O30: =Harvest!L28 -> CLOSED | P30: =CPUE!L28 -> CLOSED | Q30: CLOSED | R30: CLOSED | S30: CLOSED | T30: =SUM(E30+H30+K30) -> 29.347321 | U30: =SUM(F30+I30+L30) -> 358
A31: Tide Series Totals | E31: =SUM(E24:E30) -> 7192.296 | F31: =SUM(F24:F30) -> 108047.59 | G31: =+F31/E31 -> 15.022685 | H31: =SUM(H24:H30) -> 5725.3758 | I31: =SUM(I24:I30) -> 86684.171 | J31: =+I31/H31 -> 15.140346 | K31: =SUM(K24:K30) -> 4892.7554 | L31: =SUM(L24:L30) -> 68677.319 | M31: =+L31/K31 -> 14.036532 | N31: =SUM(N24:N30) -> 2106.5745 | O31: =SUM(O24:O30) -> 29800.769 | P31: =+O31/N31 -> 14.146553 | T31: =SUM(T24:T30) -> 19917.002 | U31: =SUM(U24:U30) -> 293209.85 | W31: =SUM(H31,K31,N31,Q31,E31) -> 19917.002 | X31: =SUM(R31,O31,L31,I31,F31) -> 293209.85
A32: 44503 | B32: Wed | C32: -0.3 | D32: 0.76111111 | E32: =Effort!F30 -> 2373.3707 | F32: =Harvest!F30 -> 42918.485 | G32: =+CPUE!F30 -> 18.083346 | H32: =Effort!H30 -> 1239.9509 | I32: =Harvest!H30 -> 23559.068 | J32: =CPUE!H30 -> 19 | K32: =Effort!J30 -> CLOSED | L32: =Harvest!J30 -> CLOSED | M32: =CPUE!J30 -> CLOSED | N32: =Effort!L30 -> 1290.5324 | O32: =Harvest!L30 -> 25530.097 | P32: =CPUE!L30 -> 19.782609 | Q32: CLOSED | R32: CLOSED | S32: CLOSED | T32: =SUM(E32+H32+N32) -> 4903.854 | U32: =SUM(F32+I32+O32) -> 92007.65
A33: 44504 | B33: Thu | C33: -1.1 | D33: 0.79236111 | E33: =Effort!F31 -> 1990.1762 | F33: =Harvest!F31 -> 35823.172 | G33: =+CPUE!F31 -> 18 | H33: =Effort!H31 -> 1162.844 | I33: =Harvest!H31 -> 20879.51 | J33: =CPUE!H31 -> 17.955556 | K33: =Effort!J31 -> 1998.155 | L33: =Harvest!J31 -> 35700.369 | M33: =CPUE!J31 -> 17.866667 | N33: =Effort!L31 -> CLOSED | O33: =Harvest!L31 -> CLOSED | P33: =CPUE!L31 -> CLOSED | Q33: CLOSED | R33: CLOSED | S33: CLOSED | T33: =SUM(E33+H33+K33) -> 5151.1752 | U33: =SUM(F33+I33+L33) -> 92403.052
A34: 44505 | B34: Fri | C34: -1.6 | D34: 0.82361111 | E34: =Effort!F32 -> 3361.1059 | F34: =Harvest!F32 -> 60836.017 | G34: =+CPUE!F32 -> 18.1 | H34: =Effort!H32 -> 1528.9666 | I34: =Harvest!H32 -> 29574.582 | J34: =CPUE!H32 -> 19.342857 | K34: =Effort!J32 -> CLOSED | L34: =Harvest!J32 -> CLOSED | M34: =CPUE!J32 -> CLOSED | N34: =Effort!L32 -> 2365.3621 | O34: =Harvest!L32 -> 38528.11 | P34: =CPUE!L32 -> 16.288462 | Q34: CLOSED | R34: CLOSED | S34: CLOSED | T34: =SUM(E34+H34+N34) -> 7255.4346 | U34: =SUM(F34+I34+O34) -> 128938.71
A35: 44506 | B35: Sat | C35: -1.8 | D35: 0.85625 | E35: =Effort!F33 -> 3066.4567 | F35: =Harvest!F33 -> 58875.968 | G35: =+CPUE!F33 -> 19.2 | H35: =Effort!H33 -> 2199.132 | I35: =Harvest!H33 -> 40526.861 | J35: =CPUE!H33 -> 18.428571 | K35: =Effort!J33 -> 3078.7503 | L35: =Harvest!J33 -> 52338.756 | M35: =CPUE!J33 -> 17 | N35: =Effort!L33 -> CLOSED | O35: =Harvest!L33 -> CLOSED | P35: =CPUE!L33 -> CLOSED | Q35: CLOSED | R35: CLOSED | S35: CLOSED | T35: =SUM(E35+H35+K35) -> 8344.339 | U35: =SUM(F35+I35+L35) -> 151741.58
A36: 44507 | B36: Sun | C36: -1.6 | D36: 0.84930556 | E36: =Effort!F34 -> 1180.5347 | F36: =Harvest!F34 -> 21249.624 | G36: =+CPUE!F34 -> 18 | H36: =Effort!H34 -> 798.23319 | I36: =Harvest!H34 -> 14604.711 | J36: =CPUE!H34 -> 18.296296 | K36: =Effort!J34 -> CLOSED | L36: =Harvest!J34 -> CLOSED | M36: =CPUE!J34 -> CLOSED | N36: =Effort!L34 -> 830.79559 | O36: =Harvest!L34 -> 14303.156 | P36: =CPUE!L34 -> 17.216216 | Q36: CLOSED | R36: CLOSED | S36: CLOSED | T36: =SUM(E36+H36+N36) -> 2809.5634 | U36: =SUM(F36+I36+O36) -> 50157.491
A37: 44508 | B37: Mon | C37: -1.2 | D37: 0.88611111 | E37: =Effort!F35 -> 513.33385 | F37: =Harvest!F35 -> 9753.3431 | G37: =+CPUE!F35 -> 19 | H37: =Effort!H35 -> 574.32224 | I37: =Harvest!H35 -> 11486.445 | J37: =CPUE!H35 -> 20 | K37: =Effort!J35 -> 783.14526 | L37: =Harvest!J35 -> 15299.302 | M37: =CPUE!J35 -> 19.535714 | N37: =Effort!L35 -> CLOSED | O37: =Harvest!L35 -> CLOSED | P37: =CPUE!L35 -> CLOSED | Q37: CLOSED | R37: CLOSED | S37: CLOSED | T37: =SUM(E37+H37+K37) -> 1870.8013 | U37: =SUM(F37+I37+L37) -> 36539.09
A38: 44509 | B38: Tue | C38: -0.6 | D38: 0.92569444 | E38: =Effort!F36 -> 118.04973 | F38: =Harvest!F36 -> 1770.7459 | G38: =+CPUE!F36 -> 15 | H38: =Effort!H36 -> 79.82079 | I38: =Harvest!H36 -> 1197.3118 | J38: =CPUE!H36 -> 15 | K38: =Effort!J36 -> CLOSED | L38: =Harvest!J36 -> CLOSED | M38: =CPUE!J36 -> CLOSED | N38: =Effort!L36 -> 83.076926 | O38: =Harvest!L36 -> 1246.1539 | P38: =CPUE!L36 -> 15 | Q38: CLOSED | R38: CLOSED | S38: CLOSED | T38: =SUM(E38+H38+N38) -> 280.94744 | U38: =SUM(F38+I38+O38) -> 4214.2116
A39: 44510 | B39: Wed | C39: 0 | D39: 0.96944444 | E39: =Effort!F37 -> 63.737983 | F39: =Harvest!F37 -> 828.59378 | G39: =+CPUE!F37 -> 13 | H39: =Effort!H37 -> 61.333333 | I39: =Harvest!H37 -> 797.33333 | J39: =CPUE!H37 -> 13 | K39: =Effort!J37 -> 97.239057 | L39: =Harvest!J37 -> 1269.2256 | M39: =CPUE!J37 -> 13.052632 | N39: =Effort!L37 -> CLOSED | O39: =Harvest!L37 -> CLOSED | P39: =CPUE!L37 -> CLOSED | Q39: CLOSED | R39: CLOSED | S39: CLOSED | T39: =SUM(E39+H39+K39) -> 222.31037 | U39: =SUM(F39+I39+L39) -> 2895.1527
A40: Tide Series Totals | E40: =SUM(E32:E39) -> 12666.766 | F40: =SUM(F32:F39) -> 232055.95 | G40: =+F40/E40 -> 18.320063 | H40: =SUM(H32:H39) -> 7644.6031 | I40: =SUM(I32:I39) -> 142625.82 | J40: =+I40/H40 -> 18.657061 | K40: =SUM(K32:K39) -> 5957.2896 | L40: =SUM(L32:L39) -> 104607.65 | M40: =+L40/K40 -> 17.559605 | N40: =SUM(N32:N39) -> 4569.767 | O40: =SUM(O32:O39) -> 79607.517 | P40: =+O40/N40 -> 17.420476 | T40: =SUM(T32:T39) -> 30838.425 | U40: =SUM(U32:U39) -> 558896.94 | W40: =SUM(H40,K40,N40,Q40,E40) -> 30838.425 | X40: =SUM(R40,O40,L40,I40,F40) -> 558896.94
A41: 44516 | B41: Tue | C41: 0.5 | D41: 0.70138889 | E41: =Effort!F39 -> 1559.9922 | F41: =Harvest!F39 -> 30419.848 | G41: =+CPUE!F39 -> 19.5 | H41: =Effort!H39 -> 1299.0173 | I41: =Harvest!H39 -> 24996.243 | J41: =CPUE!H39 -> 19.242424 | K41: =Effort!J39 -> 1466.0893 | L41: =Harvest!J39 -> 28810.359 | M41: =CPUE!J39 -> 19.651163 | N41: =Effort!L39 -> CLOSED | O41: =Harvest!L39 -> CLOSED | P41: =CPUE!L39 -> CLOSED | Q41: CLOSED | R41: CLOSED | S41: CLOSED | T41: =SUM(E41+H41+K41) -> 4325.0988 | U41: =SUM(F41+I41+L41) -> 84226.449
A42: 44517 | B42: Wed | C42: 0.1 | D42: 0.72777778 | E42: =Effort!F40 -> 1103.4228 | F42: =Harvest!F40 -> 21620.146 | G42: =+CPUE!F40 -> 19.593709 | H42: =Effort!H40 -> 784.30016 | I42: =Harvest!H40 -> 15293.853 | J42: =CPUE!H40 -> 19.5 | K42: =Effort!J40 -> CLOSED | L42: =Harvest!J40 -> CLOSED | M42: =CPUE!J40 -> CLOSED | N42: =Effort!L40 -> 846.46098 | O42: =Harvest!L40 -> 16467.514 | P42: =CPUE!L40 -> 19.454545 | Q42: CLOSED | R42: CLOSED | S42: CLOSED | T42: =SUM(E42+H42+N42) -> 2734.184 | U42: =SUM(F42+I42+O42) -> 53381.513
A43: 44518 | B43: Thu | C43: -0.2 | D43: 0.75208333 | E43: =Effort!F41 -> 598.56616 | F43: =Harvest!F41 -> 11672.04 | G43: =+CPUE!F41 -> 19.5 | H43: =Effort!H41 -> 498.43058 | I43: =Harvest!H41 -> 9719.3963 | J43: =CPUE!H41 -> 19.5 | K43: =Effort!J41 -> 844.17122 | L43: =Harvest!J41 -> 16672.382 | M43: =CPUE!J41 -> 19.75 | N43: =Effort!L41 -> CLOSED | O43: =Harvest!L41 -> CLOSED | P43: =CPUE!L41 -> CLOSED | Q43: CLOSED | R43: CLOSED | S43: CLOSED | T43: =SUM(E43+H43+K43) -> 1941.168 | U43: =SUM(F43+I43+L43) -> 38063.818
A44: 44519 | B44: Fri | C44: -0.3 | D44: 0.77569444 | E44: =Effort!F42 -> 1500.3022 | F44: =Harvest!F42 -> 27005.439 | G44: =+CPUE!F42 -> 18 | H44: =Effort!H42 -> 1066.3974 | I44: =Harvest!H42 -> 18661.955 | J44: =CPUE!H42 -> 17.5 | K44: =Effort!J42 -> CLOSED | L44: =Harvest!J42 -> CLOSED | M44: =CPUE!J42 -> CLOSED | N44: =Effort!L42 -> 1368.0575 | O44: =Harvest!L42 -> 19836.834 | P44: =CPUE!L42 -> 14.5 | Q44: CLOSED | R44: CLOSED | S44: CLOSED | T44: =SUM(E44+H44+N44) -> 3934.7571 | U44: =SUM(F44+I44+O44) -> 65504.228
A45: 44520 | B45: Sat | C45: -0.3 | D45: 0.79861111 | E45: =Effort!F43 -> 1965.5822 | F45: =Harvest!F43 -> 38902.628 | G45: =+CPUE!F43 -> 19.791911 | H45: =Effort!H43 -> 1636.7552 | I45: =Harvest!H43 -> 32371.381 | J45: =CPUE!H43 -> 19.777778 | K45: =Effort!J43 -> 2772.1045 | L45: =Harvest!J43 -> 51165.129 | M45: =CPUE!J43 -> 18.457143 | N45: =Effort!L43 -> CLOSED | O45: =Harvest!L43 -> CLOSED | P45: =CPUE!L43 -> CLOSED | Q45: CLOSED | R45: CLOSED | S45: CLOSED | T45: =SUM(E45+H45+K45) -> 6374.4419 | U45: =SUM(F45+I45+L45) -> 122439.14
A46: 44521 | B46: Sun | C46: -0.2 | D46: 0.82222222 | E46: =Effort!F44 -> 420.44745 | F46: =Harvest!F44 -> 7988.5015 | G46: =+CPUE!F44 -> 19 | H46: =Effort!H44 -> 595.52796 | I46: =Harvest!H44 -> 10982.236 | J46: =CPUE!H44 -> 18.441176 | K46: =Effort!J44 -> CLOSED | L46: =Harvest!J44 -> CLOSED | M46: =CPUE!J44 -> CLOSED | N46: =Effort!L44 -> 726.48021 | O46: =Harvest!L44 -> 13294.588 | P46: =CPUE!L44 -> 18.3 | Q46: CLOSED | R46: CLOSED | S46: CLOSED | T46: =SUM(E46+H46+N46) -> 1742.4556 | U46: =SUM(F46+I46+O46) -> 32265.326
A47: 44522 | B47: Mon | C47: 0 | D47: 0.84791667 | E47: =Effort!F45 -> 240.89056 | F47: =Harvest!F45 -> 3613.3584 | G47: =+CPUE!F45 -> 15 | H47: =Effort!H45 -> 200.5914 | I47: =Harvest!H45 -> 3008.8709 | J47: =CPUE!H45 -> 15 | K47: =Effort!J45 -> 339.73333 | L47: =Harvest!J45 -> 5120.2667 | M47: =CPUE!J45 -> 15.071429 | N47: =Effort!L45 -> CLOSED | O47: =Harvest!L45 -> CLOSED | P47: =CPUE!L45 -> CLOSED | Q47: CLOSED | R47: CLOSED | S47: CLOSED | T47: =SUM(E47+H47+K47) -> 781.21529 | U47: =SUM(F47+I47+L47) -> 11742.496
A48: 44523 | B48: Tue | C48: 0.2 | D48: 0.875 | E48: =Effort!F46 -> 152.2869 | F48: =Harvest!F46 -> 2436.5903 | G48: =+CPUE!F46 -> 16 | H48: =Effort!H46 -> 108.24376 | I48: =Harvest!H46 -> 1731.9002 | J48: =CPUE!H46 -> 16 | K48: =Effort!J46 -> CLOSED | L48: =Harvest!J46 -> CLOSED | M48: =CPUE!J46 -> CLOSED | N48: =Effort!L46 -> 138.86352 | O48: =Harvest!L46 -> 2211.8974 | P48: =CPUE!L46 -> 15.928571 | Q48: CLOSED | R48: CLOSED | S48: CLOSED | T48: =SUM(E48+H48+N48) -> 399.39418 | U48: =SUM(F48+I48+O48) -> 6380.388
A49: 44524 | B49: Wed | C49: 0.5 | D49: 0.90486111 | E49: =Effort!F47 -> 331.09261 | F49: =Harvest!F47 -> 4966.3892 | G49: =+CPUE!F47 -> 15 | H49: =Effort!H47 -> 275.70333 | I49: =Harvest!H47 -> 3899.2328 | J49: =CPUE!H47 -> 14.142857 | K49: =Effort!J47 -> 466.9473 | L49: =Harvest!J47 -> 7004.2096 | M49: =CPUE!J47 -> 15 | N49: =Effort!L47 -> CLOSED | O49: =Harvest!L47 -> CLOSED | P49: =CPUE!L47 -> CLOSED | Q49: CLOSED | R49: CLOSED | S49: CLOSED | T49: =SUM(E49+H49+K49) -> 1073.7432 | U49: =SUM(F49+I49+L49) -> 15869.832
A50: Tide Series Totals | E50: =SUM(E41:E49) -> 7872.5831 | F50: =SUM(F41:F49) -> 148624.94 | G50: =+F50/E50 -> 18.878802 | H50: =SUM(H41:H49) -> 6464.9672 | I50: =SUM(I41:I49) -> 120665.07 | J50: =+I50/H50 -> 18.664452 | K50: =SUM(K41:K49) -> 5889.0456 | L50: =SUM(L41:L49) -> 108772.35 | M50: =+L50/K50 -> 18.470284 | N50: =SUM(N41:N49) -> 3079.8622 | O50: =SUM(O41:O49) -> 51810.833 | P50: =+O50/N50 -> 16.822452 | T50: =SUM(T41:T49) -> 23306.458 | U50: =SUM(U41:U49) -> 429873.19 | W50: =SUM(H50,K50,N50,Q50,E50) -> 23306.458 | X50: =SUM(R50,O50,L50,I50,F50) -> 429873.19
A51: 44531 | B51: Wed | C51: 0.1 | D51: 0.67291667 | E51: =Effort!F49 -> 1223.0099 | F51: =Harvest!F49 -> 23237.187 | G51: =+CPUE!F49 -> 19 | H51: =Effort!H49 -> 1067.6598 | I51: =Harvest!H49 -> 20235.878 | J51: =CPUE!H49 -> 18.953488 | K51: =Effort!J49 -> 1287.064 | L51: =Harvest!J49 -> 24847.486 | M51: =CPUE!J49 -> 19.305556 | N51: =Effort!L49 -> CLOSED | O51: =Harvest!L49 -> CLOSED | P51: =CPUE!L49 -> CLOSED | Q51: CLOSED | R51: CLOSED | S51: CLOSED | T51: =SUM(E51+H51+K51) -> 3577.7337 | U51: =SUM(F51+I51+L51) -> 68320.552
A52: 44532 | B52: Thu | C52: -0.8 | D52: 0.70694444 | E52: =Effort!F50 -> 2324.8568 | F52: =Harvest!F50 -> 46497.136 | G52: =+CPUE!F50 -> 20 | H52: =Effort!H50 -> 1115.3507 | I52: =Harvest!H50 -> 21749.338 | J52: =CPUE!H50 -> 19.5 | K52: =Effort!J50 -> CLOSED | L52: =Harvest!J50 -> CLOSED | M52: =CPUE!J50 -> CLOSED | N52: =Effort!L50 -> 1611.5335 | O52: =Harvest!L50 -> 31751.047 | P52: =CPUE!L50 -> 19.702381 | Q52: CLOSED | R52: CLOSED | S52: CLOSED | T52: =SUM(E52+H52+N52) -> 5051.741 | U52: =SUM(F52+I52+O52) -> 99997.521
A53: 44533 | B53: Fri | C53: -1.5 | D53: 0.73958333 | E53: =Effort!F51 -> 3511.4119 | F53: =Harvest!F51 -> 66716.825 | G53: =+CPUE!F51 -> 19 | H53: =Effort!H51 -> 2851.4044 | I53: =Harvest!H51 -> 54216.286 | J53: =CPUE!H51 -> 19.013889 | K53: =Effort!J51 -> 3695.3193 | L53: =Harvest!J51 -> 72819.527 | M53: =CPUE!J51 -> 19.705882 | N53: =Effort!L51 -> CLOSED | O53: =Harvest!L51 -> CLOSED | P53: =CPUE!L51 -> CLOSED | Q53: CLOSED | R53: CLOSED | S53: CLOSED | T53: =SUM(E53+H53+K53) -> 10058.136 | U53: =SUM(F53+I53+L53) -> 193752.64
A54: 44534 | B54: Sat | C54: -1.9 | D54: 0.77222222 | E54: =Effort!F52 -> 3286.7403 | F54: =Harvest!F52 -> 62448.066 | G54: =+CPUE!F52 -> 19 | H54: =Effort!H52 -> 2582.5409 | I54: =Harvest!H52 -> 47147.119 | J54: =CPUE!H52 -> 18.256098 | K54: =Effort!J52 -> CLOSED | L54: =Harvest!J52 -> CLOSED | M54: =CPUE!J52 -> CLOSED | N54: =Effort!L52 -> 3731.4285 | O54: =Harvest!L52 -> 71311.745 | P54: =CPUE!L52 -> 19.111111 | Q54: CLOSED | R54: CLOSED | S54: CLOSED | T54: =SUM(E54+H54+N54) -> 9600.7098 | U54: =SUM(F54+I54+O54) -> 180906.93
A55: 44535 | B55: Sun | C55: -2 | D55: 0.80555556 | E55: =Effort!F53 -> 1239.439 | F55: =Harvest!F53 -> 23549.342 | G55: =+CPUE!F53 -> 19 | H55: =Effort!H53 -> 1388.9351 | I55: =Harvest!H53 -> 26520.799 | J55: =CPUE!H53 -> 19.09434 | K55: =Effort!J53 -> 1983.4433 | L55: =Harvest!J53 -> 38393.795 | M55: =CPUE!J53 -> 19.357143 | N55: =Effort!L53 -> CLOSED | O55: =Harvest!L53 -> CLOSED | P55: =CPUE!L53 -> CLOSED | Q55: CLOSED | R55: CLOSED | S55: CLOSED | T55: =SUM(E55+H55+K55) -> 4611.8174 | U55: =SUM(F55+I55+L55) -> 88463.935
A56: 44536 | B56: Mon | C56: -1.7 | D56: 0.83958333 | E56: =Effort!F54 -> 581.12102 | F56: =Harvest!F54 -> 11331.86 | G56: =+CPUE!F54 -> 19.5 | H56: =Effort!H54 -> 352.66541 | I56: =Harvest!H54 -> 6860.9453 | J56: =CPUE!H54 -> 19.454545 | K56: =Effort!J54 -> CLOSED | L56: =Harvest!J54 -> CLOSED | M56: =CPUE!J54 -> CLOSED | N56: =Effort!L54 -> 402.81879 | O56: =Harvest!L54 -> 7877.3452 | P56: =CPUE!L54 -> 19.555556 | Q56: CLOSED | R56: CLOSED | S56: CLOSED | T56: =SUM(E56+H56+N56) -> 1336.6052 | U56: =SUM(F56+I56+O56) -> 26070.15
A57: 44537 | B57: Tue | C57: -1.2 | D57: 0.87430556 | E57: =Effort!F55 -> 327.23499 | F57: =Harvest!F55 -> 6381.0823 | G57: =+CPUE!F55 -> 19.5 | H57: =Effort!H55 -> 285.66872 | I57: =Harvest!H55 -> 5570.54 | J57: =CPUE!H55 -> 19.5 | K57: =Effort!J55 -> 344.37367 | L57: =Harvest!J55 -> 6686.5887 | M57: =CPUE!J55 -> 19.416667 | N57: =Effort!L55 -> CLOSED | O57: =Harvest!L55 -> CLOSED | P57: =CPUE!L55 -> CLOSED | Q57: CLOSED | R57: CLOSED | S57: CLOSED | T57: =SUM(E57+H57+K57) -> 957.27738 | U57: =SUM(F57+I57+L57) -> 18638.211
A58: 44538 | B58: Wed | C58: -0.6 | D58: 0.91041667 | E58: =Effort!F56 -> 214.19153 | F58: =Harvest!F56 -> 3212.873 | G58: =+CPUE!F56 -> 15 | H58: =Effort!H56 -> 168.3 | I58: =Harvest!H56 -> 3289.5 | J58: =CPUE!H56 -> 19.545455 | K58: =Effort!J56 -> CLOSED | L58: =Harvest!J56 -> CLOSED | M58: =CPUE!J56 -> CLOSED | N58: =Effort!L56 -> 105.92389 | O58: =Harvest!L56 -> 1047.4696 | P58: =CPUE!L56 -> 9.8888889 | Q58: CLOSED | R58: CLOSED | S58: CLOSED | T58: =SUM(E58+H58+N58) -> 488.41542 | U58: =SUM(F58+I58+O58) -> 7549.8425
A59: 44539 | B59: Thu | C59: 0.1 | D59: 0.94791667 | E59: =Effort!F57 -> 69.408276 | F59: =Harvest!F57 -> 867.60345 | G59: =+CPUE!F57 -> 12.5 | H59: =Effort!H57 -> 51.149763 | I59: =Harvest!H57 -> 639.37204 | J59: =CPUE!H57 -> 12.5 | K59: =Effort!J57 -> 73.04348 | L59: =Harvest!J57 -> 907.82611 | M59: =CPUE!J57 -> 12.428571 | N59: =Effort!L57 -> CLOSED | O59: =Harvest!L57 -> CLOSED | P59: =CPUE!L57 -> CLOSED | Q59: CLOSED | R59: CLOSED | S59: CLOSED | T59: =SUM(E59+H59+K59) -> 193.60152 | U59: =SUM(F59+I59+L59) -> 2414.8016
A60: Tide Series Totals | E60: =SUM(E51:E59) -> 12777.414 | F60: =SUM(F51:F59) -> 244241.97 | G60: =+F60/E60 -> 19.115134 | H60: =SUM(H51:H59) -> 9863.6748 | I60: =SUM(I51:I59) -> 186229.78 | J60: =+I60/H60 -> 18.880365 | K60: =SUM(K51:K59) -> 7383.2437 | L60: =SUM(L51:L59) -> 143655.22 | M60: =+L60/K60 -> 19.456925 | N60: =SUM(N51:N59) -> 5851.7047 | O60: =SUM(O51:O59) -> 111987.61 | P60: =+O60/N60 -> 19.137604 | T60: =SUM(T51:T59) -> 35876.037 | U60: =SUM(U51:U59) -> 686114.58 | W60: =SUM(H60,K60,N60,Q60,E60) -> 35876.037 | X60: =SUM(R60,O60,L60,I60,F60) -> 686114.58
A61: 44545 | B61: Wed | C61: 0.6 | D61: 0.68611111 | E61: =Effort!F59 -> 196.51348 | F61: =Harvest!F59 -> 2456.4185 | G61: =+CPUE!F59 -> 12.5 | H61: =Effort!H59 -> 193.29367 | I61: =Harvest!H59 -> 2416.1708 | J61: =CPUE!H59 -> 12.5 | K61: =Effort!J59 -> CLOSED | L61: =Harvest!J59 -> CLOSED | M61: =CPUE!J59 -> CLOSED | N61: =Effort!L59 -> 371.68653 | O61: =Harvest!L59 -> 4625.4324 | P61: =CPUE!L59 -> 12.444444 | Q61: CLOSED | R61: CLOSED | S61: CLOSED | T61: =SUM(E61+H61+N61) -> 761.49368 | U61: =SUM(F61+I61+O61) -> 9498.0217
A62: 44546 | B62: Thu | C62: 0.1 | D62: 0.72013889 | E62: =Effort!F60 -> 882.01019 | F62: =Harvest!F60 -> 15435.178 | G62: =+CPUE!F60 -> 17.5 | H62: =Effort!H60 -> 838.04035 | I62: =Harvest!H60 -> 14446.219 | J62: =CPUE!H60 -> 17.238095 | K62: =Effort!J60 -> 1041.3949 | L62: =Harvest!J60 -> 20553.846 | M62: =CPUE!J60 -> 19.736842 | N62: =Effort!L60 -> CLOSED | O62: =Harvest!L60 -> CLOSED | P62: =CPUE!L60 -> CLOSED | Q62: CLOSED | R62: CLOSED | S62: CLOSED | T62: =SUM(E62+H62+K62) -> 2761.4454 | U62: =SUM(F62+I62+L62) -> 50435.244
A63: 44547 | B63: Fri | C63: -0.2 | D63: 0.73819444 | E63: =Effort!F61 -> 1291.752 | F63: =Harvest!F61 -> 25189.164 | G63: =+CPUE!F61 -> 19.5 | H63: =Effort!H61 -> 851.77663 | I63: =Harvest!H61 -> 16808.392 | J63: =CPUE!H61 -> 19.733333 | K63: =Effort!J61 -> CLOSED | L63: =Harvest!J61 -> CLOSED | M63: =CPUE!J61 -> CLOSED | N63: =Effort!L61 -> 628.72971 | O63: =Harvest!L61 -> 8872.0747 | P63: =CPUE!L61 -> 14.111111 | Q63: CLOSED | R63: CLOSED | S63: CLOSED | T63: =SUM(E63+H63+N63) -> 2772.2583 | U63: =SUM(F63+I63+O63) -> 50869.631
A64: 44548 | B64: Sat | C64: -0.3 | D64: 0.7625 | E64: =Effort!F62 -> 1050.3172 | F64: =Harvest!F62 -> 20481.185 | G64: =+CPUE!F62 -> 19.5 | H64: =Effort!H62 -> 689.32808 | I64: =Harvest!H62 -> 11465.824 | J64: =CPUE!H62 -> 16.633333 | K64: =Effort!J62 -> 1240.116 | L64: =Harvest!J62 -> 24137.972 | M64: =CPUE!J62 -> 19.464286 | N64: =Effort!L62 -> CLOSED | O64: =Harvest!L62 -> CLOSED | P64: =CPUE!L62 -> CLOSED | Q64: CLOSED | R64: CLOSED | S64: CLOSED | T64: =SUM(E64+H64+K64) -> 2979.7612 | U64: =SUM(F64+I64+L64) -> 56084.98
A65: 44549 | B65: Sun | C65: -0.4 | D65: 0.78611111 | E65: =Effort!F63 -> 827.64064 | F65: =Harvest!F63 -> 16138.992 | G65: =+CPUE!F63 -> 19.5 | H65: =Effort!H63 -> 814.08 | I65: =Harvest!H63 -> 12103.68 | J65: =CPUE!H63 -> 14.867925 | K65: =Effort!J63 -> CLOSED | L65: =Harvest!J63 -> CLOSED | M65: =CPUE!J63 -> CLOSED | N65: =Effort!L63 -> 788.8 | O65: =Harvest!L63 -> 14934.613 | P65: =CPUE!L63 -> 18.933333 | Q65: CLOSED | R65: CLOSED | S65: CLOSED | T65: =SUM(E65+H65+N65) -> 2430.5206 | U65: =SUM(F65+I65+O65) -> 43177.286
A66: 44550 | B66: Mon | C66: -0.3 | D66: 0.81041667 | E66: =Effort!F64 -> 272.59711 | F66: =Harvest!F64 -> 3543.7625 | G66: =+CPUE!F64 -> 13 | H66: =Effort!H64 -> 259.00764 | I66: =Harvest!H64 -> 3367.0993 | J66: =CPUE!H64 -> 13 | K66: =Effort!J64 -> 321.85709 | L66: =Harvest!J64 -> 4269.3397 | M66: =CPUE!J64 -> 13.264706 | N66: =Effort!L64 -> CLOSED | O66: =Harvest!L64 -> CLOSED | P66: =CPUE!L64 -> CLOSED | Q66: CLOSED | R66: CLOSED | S66: CLOSED | T66: =SUM(E66+H66+K66) -> 853.46185 | U66: =SUM(F66+I66+L66) -> 11180.201
A67: 44551 | B67: Tue | C67: -0.2 | D67: 0.83472222 | E67: =Effort!F65 -> 154.44815 | F67: =Harvest!F65 -> 2007.826 | G67: =+CPUE!F65 -> 13 | H67: =Effort!H65 -> 179.2 | I67: =Harvest!H65 -> 2468.9778 | J67: =CPUE!H65 -> 13.777778 | K67: =Effort!J65 -> CLOSED | L67: =Harvest!J65 -> CLOSED | M67: =CPUE!J65 -> CLOSED | N67: =Effort!L65 -> 147.2 | O67: =Harvest!L65 -> 1095.8222 | P67: =CPUE!L65 -> 7.4444444 | Q67: CLOSED | R67: CLOSED | S67: CLOSED | T67: =SUM(E67+H67+N67) -> 480.84815 | U67: =SUM(F67+I67+O67) -> 5572.626
A68: 44552 | B68: Wed | C68: -0.1 | D68: 0.85972222 | E68: =Effort!F66 -> 101.98698 | F68: =Harvest!F66 -> 509.93492 | G68: =+CPUE!F66 -> 5 | H68: =Effort!H66 -> 96.902744 | I68: =Harvest!H66 -> 484.51372 | J68: =CPUE!H66 -> 5 | K68: =Effort!J66 -> 120.41666 | L68: =Harvest!J66 -> 488.74998 | M68: =CPUE!J66 -> 4.0588235 | N68: =Effort!L66 -> CLOSED | O68: =Harvest!L66 -> CLOSED | P68: =CPUE!L66 -> CLOSED | Q68: CLOSED | R68: CLOSED | S68: CLOSED | T68: =SUM(E68+H68+K68) -> 319.30639 | U68: =SUM(F68+I68+L68) -> 1483.1986
A69: 44553 | B69: Thu | C69: 0.2 | D69: 0.88611111 | E69: =Effort!F67 -> 106.53824 | F69: =Harvest!F67 -> 532.69118 | G69: =+CPUE!F67 -> 5 | H69: =Effort!H67 -> 104.79264 | I69: =Harvest!H67 -> 523.9632 | J69: =CPUE!H67 -> 5 | K69: =Effort!J67 -> CLOSED | L69: =Harvest!J67 -> CLOSED | M69: =CPUE!J67 -> CLOSED | N69: =Effort!L67 -> 101.53847 | O69: =Harvest!L67 -> 507.69233 | P69: =CPUE!L67 -> 5 | Q69: CLOSED | R69: CLOSED | S69: CLOSED | T69: =SUM(E69+H69+N69) -> 312.86934 | U69: =SUM(F69+I69+O69) -> 1564.3467
A70: Tide Series Totals | E70: =SUM(E61:E69) -> 4883.804 | F70: =SUM(F61:F69) -> 86295.153 | G70: =+F70/E70 -> 17.669659 | H70: =SUM(H61:H69) -> 4026.4217 | I70: =SUM(I61:I69) -> 64084.84 | J70: =+I70/H70 -> 15.916077 | K70: =SUM(K61:K69) -> 2723.7846 | L70: =SUM(L61:L69) -> 49449.907 | M70: =+L70/K70 -> 18.154852 | N70: =SUM(N61:N69) -> 2037.9547 | O70: =SUM(O61:O69) -> 30035.635 | P70: =+O70/N70 -> 14.738127 | T70: =SUM(T61:T69) -> 13671.965 | U70: =SUM(U61:U69) -> 229865.54 | W70: =SUM(H70,K70,N70,Q70,E70) -> 13671.965 | X70: =SUM(R70,O70,L70,I70,F70) -> 229865.54
A71: 44560 | B71: Thu | C71: -0.1 | D71: 0.65902778 | E71: =Effort!F69 -> 1607.6494 | F71: =Harvest!F69 -> 23310.916 | G71: =+CPUE!F69 -> 14.5 | H71: =Effort!H69 -> 1490.9432 | I71: =Harvest!H69 -> 21618.676 | J71: =CPUE!H69 -> 14.5 | K71: =Effort!J69 -> CLOSED | L71: =Harvest!J69 -> CLOSED | M71: =CPUE!J69 -> CLOSED | N71: =Effort!L69 -> 1467.865 | O71: =Harvest!L69 -> 20855.915 | P71: =CPUE!L69 -> 14.208333 | Q71: CLOSED | R71: CLOSED | S71: CLOSED | T71: =SUM(E71+H71+N71) -> 4566.4576 | U71: =SUM(F71+I71+O71) -> 65785.508
A72: 44561 | B72: Fri | C72: -0.9 | D72: 0.69583333 | E72: =Effort!F70 -> 3102.6653 | F72: =Harvest!F70 -> 44988.646 | G72: =+CPUE!F70 -> 14.5 | H72: =Effort!H70 -> 1886.0455 | I72: =Harvest!H70 -> 27843.146 | J72: =CPUE!H70 -> 14.762712 | K72: =Effort!J70 -> 2995.5827 | L72: =Harvest!J70 -> 44364.959 | M72: =CPUE!J70 -> 14.810127 | N72: =Effort!L70 -> CLOSED | O72: =Harvest!L70 -> CLOSED | P72: =CPUE!L70 -> CLOSED | Q72: CLOSED | R72: CLOSED | S72: CLOSED | T72: =SUM(E72+H72+K72) -> 7984.2934 | U72: =SUM(F72+I72+L72) -> 117196.75
A73: 44562 | B73: Sat | C73: -1.5 | D73: 0.73055556 | E73: =Effort!F71 -> 3551.3182 | F73: =Harvest!F71 -> 51494.114 | G73: =+CPUE!F71 -> 14.5 | H73: =Effort!H71 -> 2022.8772 | I73: =Harvest!H71 -> 30025.277 | J73: =CPUE!H71 -> 14.842857 | K73: =Effort!J71 -> CLOSED | L73: =Harvest!J71 -> CLOSED | M73: =CPUE!J71 -> CLOSED | N73: =Effort!L71 -> 1991.5653 | O73: =Harvest!L71 -> 28106.315 | P73: =CPUE!L71 -> 14.112676 | Q73: CLOSED | R73: CLOSED | S73: CLOSED | T73: =SUM(E73+H73+N73) -> 7565.7606 | U73: =SUM(F73+I73+O73) -> 109625.71
A74: 44563 | B74: Sun | C74: -1.8 | D74: 0.76458333 | E74: =Effort!F72 -> 249.94256 | F74: =Harvest!F72 -> 749.82769 | G74: =+CPUE!F72 -> 3 | H74: =Effort!H72 -> 151.93487 | I74: =Harvest!H72 -> 455.8046 | J74: =CPUE!H72 -> 3 | K74: =Effort!J72 -> 241.31627 | L74: =Harvest!J72 -> 643.51007 | M74: =CPUE!J72 -> 2.6666667 | N74: =Effort!L72 -> CLOSED | O74: =Harvest!L72 -> CLOSED | P74: =CPUE!L72 -> CLOSED | Q74: CLOSED | R74: CLOSED | S74: CLOSED | T74: =SUM(E74+H74+K74) -> 643.19371 | U74: =SUM(F74+I74+L74) -> 1849.1424
A75: 44564 | B75: Mon | C75: -1.9 | D75: 0.79722222 | E75: =Effort!F73 -> 239.28945 | F75: =Harvest!F73 -> 1196.4472 | G75: =+CPUE!F73 -> 5 | H75: =Effort!H73 -> 125.01198 | I75: =Harvest!H73 -> 625.05988 | J75: =CPUE!H73 -> 5 | K75: =Effort!J73 -> CLOSED | L75: =Harvest!J73 -> CLOSED | M75: =CPUE!J73 -> CLOSED | N75: =Effort!L73 -> 123.07693 | O75: =Harvest!L73 -> 728.99411 | P75: =CPUE!L73 -> 5.9230769 | Q75: CLOSED | R75: CLOSED | S75: CLOSED | T75: =SUM(E75+H75+N75) -> 487.37835 | U75: =SUM(F75+I75+O75) -> 2550.5012
A76: 44565 | B76: Tue | C76: -1.6 | D76: 0.82916667 | E76: =Effort!F74 -> 193.60499 | F76: =Harvest!F74 -> 2420.0624 | G76: =+CPUE!F74 -> 12.5 | H76: =Effort!H74 -> 137.3077 | I76: =Harvest!H74 -> 1726.1539 | J76: =CPUE!H74 -> 12.571429 | K76: =Effort!J74 -> 186.92308 | L76: =Harvest!J74 -> 2336.5385 | M76: =CPUE!J74 -> 12.5 | N76: =Effort!L74 -> CLOSED | O76: =Harvest!L74 -> CLOSED | P76: =CPUE!L74 -> CLOSED | Q76: CLOSED | R76: CLOSED | S76: CLOSED | T76: =SUM(E76+H76+K76) -> 517.83577 | U76: =SUM(F76+I76+L76) -> 6482.7548
A77: 44566 | B77: Wed | C77: -1.1 | D77: 0.86111111 | E77: =Effort!F75 -> 190 | F77: =Harvest!F75 -> 2375 | G77: =+CPUE!F75 -> 12.5 | H77: =Effort!H75 -> CLOSED | I77: =Harvest!H75 -> CLOSED | J77: =CPUE!H75 -> CLOSED | K77: =Effort!J75 -> CLOSED | L77: =Harvest!J75 -> CLOSED | M77: =CPUE!J75 -> CLOSED | N77: =Effort!L75 -> CLOSED | O77: =Harvest!L75 -> CLOSED | P77: =CPUE!L75 -> CLOSED | Q77: CLOSED | R77: CLOSED | S77: CLOSED | T77: =SUM(E77) -> 190 | U77: =SUM(F77) -> 2375
A78: Tide Series Totals | E78: =SUM(E71:E77) -> 9134.4698 | F78: =SUM(F71:F77) -> 126535.01 | G78: =+F78/E78 -> 13.852475 | H78: =SUM(H71:H77) -> 5814.1204 | I78: =SUM(I71:I77) -> 82294.117 | J78: =+I78/H78 -> 14.154182 | K78: =SUM(K71:K77) -> 3423.8221 | L78: =SUM(L71:L77) -> 47345.008 | M78: =+L78/K78 -> 13.828116 | N78: =SUM(N71:N77) -> 3582.5072 | O78: =SUM(O71:O77) -> 49691.225 | P78: =+O78/N78 -> 13.870516 | T78: =SUM(T71:T77) -> 21954.919 | U78: =SUM(U71:U77) -> 305865.36 | W78: =SUM(H78,K78,N78,Q78,E78) -> 21954.919 | X78: =SUM(R78,O78,L78,I78,F78) -> 305865.36
A79: 44210 | B79: Fri | C79: 0.4 | D79: 0.69652778 | E79: =Effort!F77 -> 1519.2659 | F79: =Harvest!F77 -> 22788.988 | G79: =+CPUE!F77 -> 15 | H79: =Effort!H77 -> CLOSED | I79: =Harvest!H77 -> CLOSED | J79: =CPUE!H77 -> CLOSED | K79: =Effort!J77 -> CLOSED | L79: =Harvest!J77 -> CLOSED | M79: =CPUE!J77 -> CLOSED | N79: =Effort!L77 -> CLOSED | O79: =Harvest!L77 -> CLOSED | P79: =CPUE!L77 -> CLOSED | Q79: CLOSED | R79: CLOSED | S79: CLOSED | T79: =SUM(E79) -> 1519.2659 | U79: =SUM(F79) -> 22788.988
A80: 44211 | B80: Sat | C80: 0.4 | D80: 0.72361111 | E80: =Effort!F78 -> 3589.2072 | F80: =Harvest!F78 -> 43070.487 | G80: =+CPUE!F78 -> 12 | H80: =Effort!H78 -> 2245.0149 | I80: =Harvest!H78 -> 26940.179 | J80: =CPUE!H78 -> 12 | K80: =Effort!J78 -> 2308.1745 | L80: =Harvest!J78 -> 32250.327 | M80: =CPUE!J78 -> 13.972222 | N80: =Effort!L78 -> CLOSED | O80: =Harvest!L78 -> CLOSED | P80: =CPUE!L78 -> CLOSED | Q80: CLOSED | R80: CLOSED | S80: CLOSED | T80: =SUM(E80+H80+K80) -> 8142.3967 | U80: =SUM(F80+I80+L80) -> 102260.99
A81: 44212 | B81: Sun | C81: -0.2 | D81: 0.74930556 | E81: =Effort!F79 -> 2925.8657 | F81: =Harvest!F79 -> 40962.12 | G81: =+CPUE!F79 -> 14 | H81: =Effort!H79 -> 2100 | I81: =Harvest!H79 -> 29400 | J81: =CPUE!H79 -> 14 | K81: =Effort!J79 -> CLOSED | L81: =Harvest!J79 -> CLOSED | M81: =CPUE!J79 -> CLOSED | N81: =Effort!L79 -> 3004.3101 | O81: =Harvest!L79 -> 41711.003 | P81: =CPUE!L79 -> 13.883721 | Q81: CLOSED | R81: CLOSED | S81: CLOSED | T81: =SUM(E81+H81+N81) -> 8030.1758 | U81: =SUM(F81+I81+O81) -> 112073.12
A82: 44213 | B82: Mon | C82: -0.3 | D82: 0.77361111 | E82: =Effort!F80 -> 740.26172 | F82: =Harvest!F80 -> 9623.4024 | G82: =+CPUE!F80 -> 13 | H82: =Effort!H80 -> 693.23673 | I82: =Harvest!H80 -> 8734.7828 | J82: =CPUE!H80 -> 12.6 | K82: =Effort!J80 -> 712.73973 | L82: =Harvest!J80 -> 9676.8124 | M82: =CPUE!J80 -> 13.576923 | N82: =Effort!L80 -> CLOSED | O82: =Harvest!L80 -> CLOSED | P82: =CPUE!L80 -> CLOSED | Q82: CLOSED | R82: CLOSED | S82: CLOSED | T82: =SUM(E82+H82+K82) -> 2146.2382 | U82: =SUM(F82+I82+L82) -> 28034.998
A83: 44214 | B83: Tue | C83: -0.4 | D83: 0.79722222 | E83: =Effort!F81 -> 606.24424 | F83: =Harvest!F81 -> 8487.4194 | G83: =+CPUE!F81 -> 14 | H83: =Effort!H81 -> 379.2 | I83: =Harvest!H81 -> 5368.6737 | J83: =CPUE!H81 -> 14.157895 | K83: =Effort!J81 -> CLOSED | L83: =Harvest!J81 -> CLOSED | M83: =CPUE!J81 -> CLOSED | N83: =Effort!L81 -> CLOSED | O83: =Harvest!L81 -> CLOSED | P83: =CPUE!L81 -> CLOSED | Q83: CLOSED | R83: CLOSED | S83: CLOSED | T83: =SUM(E83+H83) -> 985.44424 | U83: =SUM(F83+I83) -> 13856.093
A84: 44215 | B84: Wed | C84: -0.4 | D84: 0.82013889 | E84: =Effort!F82 -> 167.90932 | F84: =Harvest!F82 -> 2518.6398 | G84: =+CPUE!F82 -> 15 | H84: =Effort!H82 -> CLOSED | I84: =Harvest!H82 -> CLOSED | J84: =CPUE!H82 -> CLOSED | K84: =Effort!J82 -> 161.66666 | L84: =Harvest!J82 -> 2288.205 | M84: =CPUE!J82 -> 14.153846 | N84: =Effort!L82 -> CLOSED | O84: =Harvest!L82 -> CLOSED | P84: =CPUE!L82 -> CLOSED | Q84: CLOSED | R84: CLOSED | S84: CLOSED | T84: =SUM(E84+K84) -> 329.57598 | U84: =SUM(F84+L84) -> 4806.8448
A85: 44216 | B85: Thu | C85: -0.2 | D85: 0.84305556 | E85: =Effort!F83 -> 46.82438 | F85: =Harvest!F83 -> 608.71695 | G85: =+CPUE!F83 -> 13 | H85: =Effort!H83 -> CLOSED | I85: =Harvest!H83 -> CLOSED | J85: =CPUE!H83 -> CLOSED | K85: =Effort!J83 -> CLOSED | L85: =Harvest!J83 -> CLOSED | M85: =CPUE!J83 -> CLOSED | N85: =Effort!L83 -> CLOSED | O85: =Harvest!L83 -> CLOSED | P85: =CPUE!L83 -> CLOSED | Q85: CLOSED | R85: CLOSED | S85: CLOSED | T85: =SUM(E85) -> 46.82438 | U85: =SUM(F85) -> 608.71695
A86: Tide Series Totals | E86: =SUM(E79:E85) -> 9595.5785 | F86: =SUM(F79:F85) -> 128059.77 | G86: =+F86/E86 -> 13.345706 | H86: =SUM(H79:H85) -> 5417.4517 | I86: =SUM(I79:I85) -> 70443.636 | J86: =+I86/H86 -> 13.003094 | K86: =SUM(K79:K85) -> 3182.5809 | L86: =SUM(L79:L85) -> 44215.344 | M86: =+L86/K86 -> 13.892921 | N86: =SUM(N79:N85) -> 3004.3101 | O86: =SUM(O79:O85) -> 41711.003 | P86: =+O86/N86 -> 13.883721 | T86: =SUM(T79:T85) -> 21199.921 | U86: =SUM(U79:U85) -> 284429.76 | W86: =SUM(H86,K86,N86,Q86,E86) -> 21199.921 | X86: =SUM(R86,O86,L86,I86,F86) -> 284429.76
A87: 44590 | B87: Sat | C87: -0.7 | D87: 0.6875 | E87: =Effort!F85 -> 8593.6758 | F87: =Harvest!F85 -> 124608.3 | G87: =+CPUE!F85 -> 14.5 | H87: =Effort!H85 -> 6499.7116 | I87: =Harvest!H85 -> 94560.321 | J87: =CPUE!H85 -> 14.548387 | K87: =Effort!J85 -> CLOSED | L87: =Harvest!J85 -> CLOSED | M87: =CPUE!J85 -> CLOSED | N87: =Effort!L85 -> 6202.1833 | O87: =Harvest!L85 -> 84429.721 | P87: =CPUE!L85 -> 13.612903 | Q87: CLOSED | R87: CLOSED | S87: CLOSED | T87: =SUM(E87+H87+N87) -> 21295.571 | U87: =SUM(F87+I87+O87) -> 303598.34
A88: 44591 | B88: Sun | C88: -1.2 | D88: 0.72291667 | E88: =Effort!F86 -> 2141.8287 | F88: =Harvest!F86 -> 25917.927 | G88: =+CPUE!F86 -> 12.10084 | H88: =Effort!H86 -> CLOSED | I88: =Harvest!H86 -> CLOSED | J88: =CPUE!H86 -> CLOSED | K88: =Effort!J86 -> 2066.0385 | L88: =Harvest!J86 -> 28499.179 | M88: =CPUE!J86 -> 13.794118 | N88: =Effort!L86 -> CLOSED | O88: =Harvest!L86 -> CLOSED | P88: =CPUE!L86 -> CLOSED | Q88: CLOSED | R88: CLOSED | S88: CLOSED | T88: =SUM(E88+K88) -> 4207.8672 | U88: =SUM(F88+L88) -> 54417.106
A89: 44592 | B89: Mon | C89: -1.5 | D89: 0.75555556 | E89: =Effort!F87 -> 1563.4668 | F89: =Harvest!F87 -> 22670.269 | G89: =+CPUE!F87 -> 14.5 | H89: =Effort!H87 -> CLOSED | I89: =Harvest!H87 -> CLOSED | J89: =CPUE!H87 -> CLOSED | K89: =Effort!J87 -> CLOSED | L89: =Harvest!J87 -> CLOSED | M89: =CPUE!J87 -> CLOSED | N89: =Effort!L87 -> CLOSED | O89: =Harvest!L87 -> CLOSED | P89: =CPUE!L87 -> CLOSED | Q89: CLOSED | R89: CLOSED | S89: CLOSED | T89: =SUM(E89) -> 1563.4668 | U89: =SUM(F89) -> 22670.269
A90: 44593 | B90: Tue | C90: -1.5 | D90: 0.78611111 | E90: =Effort!F88 -> 1010.7164 | F90: =Harvest!F88 -> 14655.387 | G90: =+CPUE!F88 -> 14.5 | H90: =Effort!H88 -> 649.0909 | I90: =Harvest!H88 -> 9411.818 | J90: =CPUE!H88 -> 14.5 | K90: =Effort!J88 -> 974.95145 | L90: =Harvest!J88 -> 14488.232 | M90: =CPUE!J88 -> 14.860465 | N90: =Effort!L88 -> CLOSED | O90: =Harvest!L88 -> CLOSED | P90: =CPUE!L88 -> CLOSED | Q90: CLOSED | R90: CLOSED | S90: CLOSED | T90: =SUM(E90+H90+K90) -> 2634.7587 | U90: =SUM(F90+I90+L90) -> 38555.437
A91: 44594 | B91: Wed | C91: -1.2 | D91: 0.81527778 | E91: =Effort!F89 -> 431.35031 | F91: =Harvest!F89 -> 6254.5795 | G91: =+CPUE!F89 -> 14.5 | H91: =Effort!H89 -> 306.78082 | I91: =Harvest!H89 -> 4601.7123 | J91: =CPUE!H89 -> 15 | K91: =Effort!J89 -> CLOSED | L91: =Harvest!J89 -> CLOSED | M91: =CPUE!J89 -> CLOSED | N91: =Effort!L89 -> 457.35027 | O91: =Harvest!L89 -> 5030.853 | P91: =CPUE!L89 -> 11 | Q91: CLOSED | R91: CLOSED | S91: CLOSED | T91: =SUM(E91+H91+N91) -> 1195.4814 | U91: =SUM(F91+I91+O91) -> 15887.145
A92: 44595 | B92: Thu | C92: -0.7 | D92: 0.84236111 | E92: =Effort!F90 -> CLOSED | F92: =Harvest!F90 -> CLOSED | G92: =+CPUE!F90 -> CLOSED | H92: =Effort!H90 -> CLOSED | I92: =Harvest!H90 -> CLOSED | J92: =CPUE!H90 -> CLOSED | K92: =Effort!J90 -> 399.54107 | L92: =Harvest!J90 -> 5251.1112 | M92: =CPUE!J90 -> 13.142857 | N92: =Effort!L90 -> CLOSED | O92: =Harvest!L90 -> CLOSED | P92: =CPUE!L90 -> CLOSED | Q92: CLOSED | R92: CLOSED | S92: CLOSED | T92: =SUM(K92) -> 399.54107 | U92: =SUM(L92) -> 5251.1112
A93: Tide Series Totals | E93: =SUM(E87:E92) -> 13741.038 | F93: =SUM(F87:F92) -> 194106.46 | G93: =+F93/E93 -> 14.126041 | H93: =SUM(H87:H92) -> 7455.5833 | I93: =SUM(I87:I92) -> 108573.85 | J93: =+I93/H93 -> 14.562757 | K93: =SUM(K87:K92) -> 3440.5311 | L93: =SUM(L87:L92) -> 48238.522 | M93: =+L93/K93 -> 14.020662 | N93: =SUM(N87:N92) -> 6659.5336 | O93: =SUM(O87:O92) -> 89460.574 | P93: =+O93/N93 -> 13.433459 | T93: =SUM(T87:T92) -> 31296.686 | U93: =SUM(U87:U92) -> 440379.41 | W93: =SUM(H93,K93,N93,Q93,E93) -> 31296.686 | X93: =SUM(R93,O93,L93,I93,F93) -> 440379.41
A94: 44606 | B94: Mon | C94: 0 | D94: 0.73263889 | E94: =Effort!F92 -> 1108.3143 | F94: =Harvest!F92 -> 16577.401 | G94: =+CPUE!F92 -> 14.95731 | H94: =Effort!H92 -> CLOSED | I94: =Harvest!H92 -> CLOSED | J94: =CPUE!H92 -> CLOSED | K94: =Effort!J92 -> CLOSED | L94: =Harvest!J92 -> CLOSED | M94: =CPUE!J92 -> CLOSED | N94: =Effort!L92 -> CLOSED | O94: =Harvest!L92 -> CLOSED | P94: =CPUE!L92 -> CLOSED | Q94: CLOSED | R94: CLOSED | S94: CLOSED | T94: =SUM(E94) -> 1108.3143 | U94: =SUM(F94) -> 16577.401
A95: 44607 | B95: Tue | C95: -0.3 | D95: 0.75625 | E95: =Effort!F93 -> 1562.3602 | F95: =Harvest!F93 -> 22654.223 | G95: =+CPUE!F93 -> 14.5 | H95: =Effort!H93 -> CLOSED | I95: =Harvest!H93 -> CLOSED | J95: =CPUE!H93 -> CLOSED | K95: =Effort!J93 -> CLOSED | L95: =Harvest!J93 -> CLOSED | M95: =CPUE!J93 -> CLOSED | N95: =Effort!L93 -> 1300.3996 | O95: =Harvest!L93 -> 19505.994 | P95: =CPUE!L93 -> 15 | Q95: CLOSED | R95: CLOSED | S95: CLOSED | T95: =SUM(E95+N95) -> 2862.7598 | U95: =SUM(F95+O95) -> 42160.217
A96: 44608 | B96: Wed | C96: -0.4 | D96: 0.77916667 | E96: =Effort!F94 -> 1479.0608 | F96: =Harvest!F94 -> 21446.382 | G96: =+CPUE!F94 -> 14.5 | H96: =Effort!H94 -> CLOSED | I96: =Harvest!H94 -> CLOSED | J96: =CPUE!H94 -> CLOSED | K96: =Effort!J94 -> 1903.8172 | L96: =Harvest!J94 -> 28557.259 | M96: =CPUE!J94 -> 15 | N96: =Effort!L94 -> CLOSED | O96: =Harvest!L94 -> CLOSED | P96: =CPUE!L94 -> CLOSED | Q96: CLOSED | R96: CLOSED | S96: CLOSED | T96: =SUM(E96+K96) -> 3382.8781 | U96: =SUM(F96+L96) -> 50003.641
A97: 44609 | B97: Thu | C97: -0.3 | D97: 0.80138889 | E97: =Effort!F95 -> 1083.7927 | F97: =Harvest!F95 -> 15714.994 | G97: =+CPUE!F95 -> 14.5 | H97: =Effort!H95 -> 1088.4956 | I97: =Harvest!H95 -> 11465.487 | J97: =CPUE!H95 -> 10.533333 | K97: =Effort!J95 -> CLOSED | L97: =Harvest!J95 -> CLOSED | M97: =CPUE!J95 -> CLOSED | N97: =Effort!L95 -> CLOSED | O97: =Harvest!L95 -> CLOSED | P97: =CPUE!L95 -> CLOSED | Q97: CLOSED | R97: CLOSED | S97: CLOSED | T97: =SUM(E97+H97) -> 2172.2883 | U97: =SUM(F97+I97) -> 27180.481
A98: 44610 | B98: Fri | C98: -0.1 | D98: 0.82291667 | E98: =Effort!F96 -> 1243.4412 | F98: =Harvest!F96 -> 18029.897 | G98: =+CPUE!F96 -> 14.5 | H98: =Effort!H96 -> 1248.8368 | I98: =Harvest!H96 -> 18543.334 | J98: =CPUE!H96 -> 14.848485 | K98: =Effort!J96 -> 1600.5324 | L98: =Harvest!J96 -> 23367.773 | M98: =CPUE!J96 -> 14.6 | N98: =Effort!L96 -> CLOSED | O98: =Harvest!L96 -> CLOSED | P98: =CPUE!L96 -> CLOSED | Q98: CLOSED | R98: CLOSED | S98: CLOSED | T98: =SUM(E98+H98+K98) -> 4092.8103 | U98: =SUM(F98+I98+L98) -> 59941.004
A99: Tide Series Totals | E99: =SUM(E94:E98) -> 6476.9693 | F99: =SUM(F94:F98) -> 94422.898 | G99: =+F99/E99 -> 14.578253 | H99: =SUM(H94:H98) -> 2337.3324 | I99: =SUM(I94:I98) -> 30008.821 | J99: =+I99/H99 -> 12.838919 | K99: =SUM(K94:K98) -> 3504.3496 | L99: =SUM(L94:L98) -> 51925.031 | M99: =+L99/K99 -> 14.817309 | N99: =SUM(N94:N98) -> 1300.3996 | O99: =SUM(O94:O98) -> 19505.994 | P99: =+O99/N99 -> 15 | T99: =SUM(T94:T98) -> 13619.051 | U99: =SUM(U94:U98) -> 195862.74 | W99: =SUM(H99,K99,N99,Q99,E99) -> 13619.051 | X99: =SUM(R99,O99,L99,I99,F99) -> 195862.74
A100: 44618 | B100: Sat | C100: 0 | D100: 0.6375 | E100: =Effort!F98 -> 4185.3247 | F100: =Harvest!F98 -> 41853.247 | G100: =+CPUE!F98 -> 10 | H100: =Effort!H98 -> 2089.9921 | I100: =Harvest!H98 -> 21801.487 | J100: =CPUE!H98 -> 10.431373 | K100: =Effort!J98 -> 4656.74 | L100: =Harvest!J98 -> 62185.39 | M100: =CPUE!J98 -> 13.353846 | N100: =Effort!L98 -> CLOSED | O100: =Harvest!L98 -> CLOSED | P100: =CPUE!L98 -> CLOSED | Q100: CLOSED | R100: CLOSED | S100: CLOSED | T100: =SUM(E100+H100+K100) -> 10932.057 | U100: =SUM(F100+I100+L100) -> 125840.12
...

Sheet Summary Table Public
A1: 2021-2022 State (non-Tribal) Recreational Razor Clam Effort, Harvest and CPUE totals.
E2: LONG BEACH | H2: TWIN HARBORS | K2: COPALIS | N2: MOCROCKS | Q2: KALALOCH | T2: DAILY TOTALS | W2: CROSS | X2: CHECK
A3: DATE | B3: DAY | C3: TIDE | D3: TIME | E3: Effort | F3: Harvest | G3: CPUE | H3: Effort | I3: Harvest | J3: CPUE | K3: Effort | L3: Harvest | M3: CPUE | N3: Effort | O3: Harvest | P3: CPUE | Q3: Effort | R3: Harvest | S3: CPUE | T3: Effort | U3: Harvest
A4: 44456 | B4: Fri | C4: -0.4 | D4: 0.1875 | E4: =Effort!F2 -> 629.6976 | F4: =Harvest!F2 -> 12593.952 | G4: =+CPUE!F2 -> 20 | H4: =Effort!H2 -> 303.77096 | I4: =Harvest!H2 -> 6075.4191 | J4: =CPUE!H2 -> 20 | K4: =Effort!J2 -> CLOSED | L4: =Harvest!J2 -> CLOSED | M4: =CPUE!J2 -> CLOSED | N4: =Effort!L2 -> 486.38839 | O4: =Harvest!L2 -> 9619.6814 | P4: =CPUE!L2 -> 19.777778 | Q4: CLOSED | R4: CLOSED | S4: CLOSED | T4: =SUM(E4+H4+N4) -> 1419.8569 | U4: =SUM(F4+I4+O4) -> 28289.052
A5: 44457 | B5: Sat | C5: -0.5 | D5: 0.22361111 | E5: =Effort!F3 -> 1341.6417 | F5: =Harvest!F3 -> 25491.192 | G5: =+CPUE!F3 -> 19 | H5: =Effort!H3 -> 999.37121 | I5: =Harvest!H3 -> 19987.424 | J5: =CPUE!H3 -> 20 | K5: =Effort!J3 -> 1358.205 | L5: =Harvest!J3 -> 26711.365 | M5: =CPUE!J3 -> 19.666667 | N5: =Effort!L3 -> CLOSED | O5: =Harvest!L3 -> CLOSED | P5: =CPUE!L3 -> CLOSED | Q5: CLOSED | R5: CLOSED | S5: CLOSED | T5: =SUM(E5+H5+K5) -> 3699.2179 | U5: =SUM(F5+I5+L5) -> 72189.982
A6: 44458 | B6: Sun | C6: -0.6 | D6: 0.25416667 | E6: =Effort!F4 -> 5552.988 | F6: =Harvest!F4 -> 111059.76 | G6: =+CPUE!F4 -> 20 | H6: =Effort!H4 -> 2499.709 | I6: =Harvest!H4 -> 47195.999 | J6: =CPUE!H4 -> 18.880597 | K6: =Effort!J4 -> CLOSED | L6: =Harvest!J4 -> CLOSED | M6: =CPUE!J4 -> CLOSED | N6: =Effort!L4 -> 4289.2158 | O6: =Harvest!L4 -> 69378.065 | P6: =CPUE!L4 -> 16.175 | Q6: CLOSED | R6: CLOSED | S6: CLOSED | T6: =SUM(E6+H6+N6) -> 12341.913 | U6: =SUM(F6+I6+O6) -> 227633.82
A7: 44459 | B7: Mon | C7: -0.5 | D7: 0.28125 | E7: =Effort!F5 -> 2048.2747 | F7: =Harvest!F5 -> 40965.493 | G7: =+CPUE!F5 -> 20 | H7: =Effort!H5 -> 1523.4637 | I7: =Harvest!H5 -> 29905.028 | J7: =CPUE!H5 -> 19.62963 | K7: =Effort!J5 -> 2070.4779 | L7: =Harvest!J5 -> 41409.558 | M7: =CPUE!J5 -> 20 | N7: =Effort!L5 -> CLOSED | O7: =Harvest!L5 -> CLOSED | P7: =CPUE!L5 -> CLOSED | Q7: CLOSED | R7: CLOSED | S7: CLOSED | T7: =SUM(E7+H7+K7) -> 5642.2163 | U7: =SUM(F7+I7+L7) -> 112280.08
A8: 44460 | B8: Tue | C8: -0.2 | D8: 0.30625 | E8: =Effort!F6 -> 2709.6775 | F8: =Harvest!F6 -> 54193.55 | G8: =+CPUE!F6 -> 20 | H8: =Effort!H6 -> 1307.1692 | I8: =Harvest!H6 -> 24836.215 | J8: =CPUE!H6 -> 19 | K8: =Effort!J6 -> CLOSED | L8: =Harvest!J6 -> CLOSED | M8: =CPUE!J6 -> CLOSED | N8: =Effort!L6 -> 2092.9978 | O8: =Harvest!L6 -> 41859.955 | P8: =CPUE!L6 -> 20 | Q8: CLOSED | R8: CLOSED | S8: CLOSED | T8: =SUM(E8+H8+N8) -> 6109.8445 | U8: =SUM(F8+I8+O8) -> 120889.72
A9: 44461 | B9: Wed | C9: 0.3 | D9: 0.32916667 | E9: =Effort!F7 -> 2938.408 | F9: =Harvest!F7 -> 57115.306 | G9: =+CPUE!F7 -> 19.4375 | H9: =Effort!H7 -> 1560.3865 | I9: =Harvest!H7 -> 29693.237 | J9: =CPUE!H7 -> 19.029412 | K9: =Effort!J7 -> 2970.2603 | L9: =Harvest!J7 -> 52765.8 | M9: =CPUE!J7 -> 17.764706 | N9: =Effort!L7 -> CLOSED | O9: =Harvest!L7 -> CLOSED | P9: =CPUE!L7 -> CLOSED | Q9: CLOSED | R9: CLOSED | S9: CLOSED | T9: =SUM(E9+H9+K9) -> 7469.0548 | U9: =SUM(F9+I9+L9) -> 139574.34
A10: 44462 | B10: Thu | C10: 0.3 | D10: 0.87361111 | E10: =Effort!F8 -> 1635.9814 | F10: =Harvest!F8 -> 30265.655 | G10: =+CPUE!F8 -> 18.5 | H10: =Effort!H8 -> 1534.5886 | I10: =Harvest!H8 -> 28236.43 | J10: =CPUE!H8 -> 18.4 | K10: =Effort!J8 -> CLOSED | L10: =Harvest!J8 -> CLOSED | M10: =CPUE!J8 -> CLOSED | N10: =Effort!L8 -> 1263.6579 | O10: =Harvest!L8 -> 21116.388 | P10: =CPUE!L8 -> 16.710526 | Q10: CLOSED | R10: CLOSED | S10: CLOSED | T10: =SUM(E10+H10+N10) -> 4434.2278 | U10: =SUM(F10+I10+O10) -> 79618.474
A11: 44463 | B11: Fri | C11: 0.4 | D11: 0.9 | E11: =Effort!F9 -> 2161.7359 | F11: =Harvest!F9 -> 39992.114 | G11: =+CPUE!F9 -> 18.5 | H11: =Effort!H9 -> 1607.8537 | I11: =Harvest!H9 -> 29745.294 | J11: =CPUE!H9 -> 18.5 | K11: =Effort!J9 -> 2185.169 | L11: =Harvest!J9 -> 40269.544 | M11: =CPUE!J9 -> 18.428571 | N11: =Effort!L9 -> CLOSED | O11: =Harvest!L9 -> CLOSED | P11: =CPUE!L9 -> CLOSED | Q11: CLOSED | R11: CLOSED | S11: CLOSED | T11: =SUM(E11+H11+K11) -> 5954.7587 | U11: =SUM(F11+I11+L11) -> 110006.95
A12: 44464 | B12: Sat | C12: 0.5 | D12: 0.92708333 | E12: =Effort!F10 -> 3025.612 | F12: =Harvest!F10 -> 57184.066 | G12: =+CPUE!F10 -> 18.9 | H12: =Effort!H10 -> 2889.6192 | I12: =Harvest!H10 -> 47702.402 | J12: =CPUE!H10 -> 16.508197 | K12: =Effort!J10 -> 1608.5394 | L12: =Harvest!J10 -> 32170.787 | M12: =CPUE!J10 -> 20 | N12: =Effort!L10 -> 1124.0876 | O12: =Harvest!L10 -> 18922.142 | P12: =CPUE!L10 -> 16.833333 | Q12: CLOSED | R12: CLOSED | S12: CLOSED | T12: =SUM(E12+H12+N12+K12) -> 8647.8582 | U12: =SUM(F12+I12+O12+L12) -> 155979.4
A13: Tide Series Totals | E13: =SUM(E4:E12) -> 22044.017 | F13: =SUM(F4:F12) -> 428861.09 | G13: =+F13/E13 -> 19.454762 | H13: =SUM(H4:H12) -> 14225.932 | I13: =SUM(I4:I12) -> 263377.45 | J13: =+I13/H13 -> 18.513897 | K13: =SUM(K4:K12) -> 10192.652 | L13: =SUM(L4:L12) -> 193327.06 | M13: =+L13/K13 -> 18.967297 | N13: =SUM(N4:N12) -> 9256.3474 | O13: =SUM(O4:O12) -> 160896.23 | P13: =+O13/N13 -> 17.382259 | T13: =SUM(T4:T12) -> 55718.948 | U13: =SUM(U4:U12) -> 1046461.8 | W13: =SUM(H13,K13,N13,Q13,E13) -> 55718.948 | X13: =SUM(R13,O13,L13,I13,F13) -> 1046461.8
A14: 44472 | B14: Sun | C14: 0.2 | D14: 0.20277778 | E14: =Effort!F12 -> 1307.6099 | F14: =Harvest!F12 -> 18306.539 | G14: =+CPUE!F12 -> 14 | H14: =Effort!H12 -> 939.82647 | I14: =Harvest!H12 -> 13157.571 | J14: =CPUE!H12 -> 14 | K14: =Effort!J12 -> 964.6377 | L14: =Harvest!J12 -> 13628.599 | M14: =CPUE!J12 -> 14.128205 | N14: =Effort!L12 -> CLOSED | O14: =Harvest!L12 -> CLOSED | P14: =CPUE!L12 -> CLOSED | Q14: CLOSED | R14: CLOSED | S14: CLOSED | T14: =SUM(E14+H14+K14) -> 3212.0741 | U14: =SUM(F14+I14+L14) -> 45092.709
A15: 44473 | B15: Mon | C15: 0 | D15: 0.23125 | E15: =Effort!F13 -> 609.67824 | F15: =Harvest!F13 -> 7925.8171 | G15: =+CPUE!F13 -> 13 | H15: =Effort!H13 -> 365.4596 | I15: =Harvest!H13 -> 4750.9748 | J15: =CPUE!H13 -> 13 | K15: =Effort!J13 -> CLOSED | L15: =Harvest!J13 -> CLOSED | M15: =CPUE!J13 -> CLOSED | N15: =Effort!L13 -> 459.00352 | O15: =Harvest!L13 -> 5923.3311 | P15: =CPUE!L13 -> 12.904762 | Q15: CLOSED | R15: CLOSED | S15: CLOSED | T15: =SUM(E15+H15+N15) -> 1434.1414 | U15: =SUM(F15+I15+O15) -> 18600.123
A16: 44474 | B16: Tue | C16: -0.1 | D16: 0.25833333 | E16: =Effort!F14 -> 585.84064 | F16: =Harvest!F14 -> 5682.6542 | G16: =+CPUE!F14 -> 9.7 | H16: =Effort!H14 -> 421.06482 | I16: =Harvest!H14 -> 6365.5094 | J16: =CPUE!H14 -> 15.117647 | K16: =Effort!J14 -> 432.18085 | L16: =Harvest!J14 -> 5618.3511 | M16: =CPUE!J14 -> 13 | N16: =Effort!L14 -> CLOSED | O16: =Harvest!L14 -> CLOSED | P16: =CPUE!L14 -> CLOSED | Q16: CLOSED | R16: CLOSED | S16: CLOSED | T16: =SUM(E16+H16+K16) -> 1439.0863 | U16: =SUM(F16+I16+L16) -> 17666.515
A17: 44475 | B17: Wed | C17: -0.3 | D17: 0.80555556 | E17: =Effort!F15 -> 4061.9161 | F17: =Harvest!F15 -> 77176.407 | G17: =+CPUE!F15 -> 19 | H17: =Effort!H15 -> 2434.8355 | I17: =Harvest!H15 -> 44090.265 | J17: =CPUE!H15 -> 18.108108 | K17: =Effort!J15 -> CLOSED | L17: =Harvest!J15 -> CLOSED | M17: =CPUE!J15 -> CLOSED | N17: =Effort!L15 -> 3058.0619 | O17: =Harvest!L15 -> 60261.808 | P17: =CPUE!L15 -> 19.705882 | Q17: CLOSED | R17: CLOSED | S17: CLOSED | T17: =SUM(E17+H17+N17) -> 9554.8135 | U17: =SUM(F17+I17+O17) -> 181528.48
A18: 44476 | B18: Thu | C18: -0.8 | D18: 0.83611111 | E18: =Effort!F16 -> 3038.1089 | F18: =Harvest!F16 -> 60762.177 | G18: =+CPUE!F16 -> 20 | H18: =Effort!H16 -> 2380.183 | I18: =Harvest!H16 -> 46960.367 | J18: =CPUE!H16 -> 19.72973 | K18: =Effort!J16 -> 2197.3689 | L18: =Harvest!J16 -> 43947.379 | M18: =CPUE!J16 -> 20 | N18: =Effort!L16 -> CLOSED | O18: =Harvest!L16 -> CLOSED | P18: =CPUE!L16 -> CLOSED | Q18: CLOSED | R18: CLOSED | S18: CLOSED | T18: =SUM(E18+H18+K18) -> 7615.6608 | U18: =SUM(F18+I18+L18) -> 151669.92
A19: 44477 | B19: Fri | C19: -1.1 | D19: 0.86805556 | E19: =Effort!F17 -> 5808.8236 | F19: =Harvest!F17 -> 113854.9 | G19: =+CPUE!F17 -> 19.600338 | H19: =Effort!H17 -> 3703.6259 | I19: =Harvest!H17 -> 73352.368 | J19: =CPUE!H17 -> 19.805556 | K19: =Effort!J17 -> CLOSED | L19: =Harvest!J17 -> CLOSED | M19: =CPUE!J17 -> CLOSED | N19: =Effort!L17 -> 4373.242 | O19: =Harvest!L17 -> 82315.7 | P19: =CPUE!L17 -> 18.822581 | Q19: CLOSED | R19: CLOSED | S19: CLOSED | T19: =SUM(E19+H19+N19) -> 13885.691 | U19: =SUM(F19+I19+O19) -> 269522.97
A20: 44478 | B20: Sat | C20: -1.1 | D20: 0.90138889 | E20: =Effort!F18 -> 3158.1864 | F20: =Harvest!F18 -> 48636.07 | G20: =+CPUE!F18 -> 15.4 | H20: =Effort!H18 -> 3311.0506 | I20: =Harvest!H18 -> 49665.759 | J20: =CPUE!H18 -> 15 | K20: =Effort!J18 -> 3398.4617 | L20: =Harvest!J18 -> 46151.109 | M20: =CPUE!J18 -> 13.58 | N20: =Effort!L18 -> CLOSED | O20: =Harvest!L18 -> CLOSED | P20: =CPUE!L18 -> CLOSED | Q20: CLOSED | R20: CLOSED | S20: CLOSED | T20: =SUM(E20+H20+K20) -> 9867.6986 | U20: =SUM(F20+I20+L20) -> 144452.94
A21: 44479 | B21: Sun | C21: -0.8 | D21: 0.93888889 | E21: =Effort!F19 -> 501.34609 | F21: =Harvest!F19 -> 10026.922 | G21: =+CPUE!F19 -> 20 | H21: =Effort!H19 -> 897.81192 | I21: =Harvest!H19 -> 17719.972 | J21: =CPUE!H19 -> 19.736842 | K21: =Effort!J19 -> CLOSED | L21: =Harvest!J19 -> CLOSED | M21: =CPUE!J19 -> CLOSED | N21: =Effort!L19 -> 859.04416 | O21: =Harvest!L19 -> 16536.6 | P21: =CPUE!L19 -> 19.25 | Q21: CLOSED | R21: CLOSED | S21: CLOSED | T21: =SUM(E21+H21+N21) -> 2258.2022 | U21: =SUM(F21+I21+O21) -> 44283.494
A22: 44480 | B22: Mon | C22: -0.4 | D22: 0.98055556 | E22: =Effort!F20 -> 440.0028 | F22: =Harvest!F20 -> 8800.0559 | G22: =+CPUE!F20 -> 20 | H22: =Effort!H20 -> 461.30004 | I22: =Harvest!H20 -> 9226.0008 | J22: =CPUE!H20 -> 20 | K22: =Effort!J20 -> 473.47827 | L22: =Harvest!J20 -> 9469.5654 | M22: =CPUE!J20 -> 20 | N22: =Effort!L20 -> CLOSED | O22: =Harvest!L20 -> CLOSED | P22: =CPUE!L20 -> CLOSED | Q22: CLOSED | R22: CLOSED | S22: CLOSED | T22: =SUM(E22+H22+K22) -> 1374.7811 | U22: =SUM(F22+I22+L22) -> 27495.622
A23: Tide Series Totals | E23: =SUM(E14:E22) -> 19511.513 | F23: =SUM(F14:F22) -> 351171.55 | G23: =+F23/E23 -> 17.998171 | H23: =SUM(H14:H22) -> 14915.158 | I23: =SUM(I14:I22) -> 265288.79 | J23: =+I23/H23 -> 17.786522 | K23: =SUM(K14:K22) -> 7466.1274 | L23: =SUM(L14:L22) -> 118815 | M23: =+L23/K23 -> 15.913873 | N23: =SUM(N14:N22) -> 8749.3515 | O23: =SUM(O14:O22) -> 165037.44 | P23: =+O23/N23 -> 18.862819 | T23: =SUM(T14:T22) -> 50642.149 | U23: =SUM(U14:U22) -> 900312.77 | W23: =SUM(H23,K23,N23,Q23,E23) -> 50642.149 | X23: =SUM(R23,O23,L23,I23,F23) -> 900312.77
A24: 44488 | B24: Tue | C24: 0.3 | D24: 0.78263889 | E24: =Effort!F22 -> 2799.5254 | F24: =Harvest!F22 -> 47342.834 | G24: =+CPUE!F22 -> 16.911021 | H24: =Effort!H22 -> 2333.5404 | I24: =Harvest!H22 -> 41285.715 | J24: =CPUE!H22 -> 17.692308 | K24: =Effort!J22 -> 2476.1742 | L24: =Harvest!J22 -> 31412.039 | M24: =CPUE!J22 -> 12.685714 | N24: =Effort!L22 -> CLOSED | O24: =Harvest!L22 -> CLOSED | P24: =CPUE!L22 -> CLOSED | Q24: CLOSED | R24: CLOSED | S24: CLOSED | T24: =SUM(E24+H24+K24) -> 7609.24 | U24: =SUM(F24+I24+L24) -> 120040.59
A25: 44489 | B25: Wed | C25: 0 | D25: 0.80763889 | E25: =Effort!F23 -> 907.07414 | F25: =Harvest!F23 -> 16327.335 | G25: =+CPUE!F23 -> 18 | H25: =Effort!H23 -> 1084.6211 | I25: =Harvest!H23 -> 15822.708 | J25: =CPUE!H23 -> 14.588235 | K25: =Effort!J23 -> CLOSED | L25: =Harvest!J23 -> CLOSED | M25: =CPUE!J23 -> CLOSED | N25: =Effort!L23 -> 823.09239 | O25: =Harvest!L23 -> 14729.022 | P25: =CPUE!L23 -> 17.894737 | Q25: CLOSED | R25: CLOSED | S25: CLOSED | T25: =SUM(E25+H25+N25) -> 2814.7877 | U25: =SUM(F25+I25+O25) -> 46879.065
A26: 44490 | B26: Thu | C26: -0.1 | D26: 0.83194444 | E26: =Effort!F24 -> 561.50249 | F26: =Harvest!F24 -> 7861.0349 | G26: =+CPUE!F24 -> 14 | H26: =Effort!H24 -> 359.28053 | I26: =Harvest!H24 -> 4067.0556 | J26: =CPUE!H24 -> 11.32 | K26: =Effort!J24 -> 655.9474 | L26: =Harvest!J24 -> 9307.3618 | M26: =CPUE!J24 -> 14.189189 | N26: =Effort!L24 -> CLOSED | O26: =Harvest!L24 -> CLOSED | P26: =CPUE!L24 -> CLOSED | Q26: CLOSED | R26: CLOSED | S26: CLOSED | T26: =SUM(E26+H26+K26) -> 1576.7304 | U26: =SUM(F26+I26+L26) -> 21235.452
A27: 44491 | B27: Fri | C27: -0.1 | D27: 0.85555556 | E27: =Effort!F25 -> 1414.4384 | F27: =Harvest!F25 -> 12447.058 | G27: =+CPUE!F25 -> 8.8 | H27: =Effort!H25 -> 743.55241 | I27: =Harvest!H25 -> 5961.9384 | J27: =CPUE!H25 -> 8.0181818 | K27: =Effort!J25 -> CLOSED | L27: =Harvest!J25 -> CLOSED | M27: =CPUE!J25 -> CLOSED | N27: =Effort!L25 -> 1283.4821 | O27: =Harvest!L25 -> 15071.747 | P27: =CPUE!L25 -> 11.742857 | Q27: CLOSED | R27: CLOSED | S27: CLOSED | T27: =SUM(E27+H27+N27) -> 3441.4729 | U27: =SUM(F27+I27+O27) -> 33480.744
A28: 44492 | B28: Sat | C28: 0 | D28: 0.87986111 | E28: =Effort!F26 -> 1498.9583 | F28: =Harvest!F26 -> 23983.333 | G28: =+CPUE!F26 -> 16 | H28: =Effort!H26 -> 1195.3813 | I28: =Harvest!H26 -> 19474.753 | J28: =CPUE!H26 -> 16.291667 | K28: =Effort!J26 -> 1751.0836 | L28: =Harvest!J26 -> 27757.918 | M28: =CPUE!J26 -> 15.851852 | N28: =Effort!L26 -> CLOSED | O28: =Harvest!L26 -> CLOSED | P28: =CPUE!L26 -> CLOSED | Q28: CLOSED | R28: CLOSED | S28: CLOSED | T28: =SUM(E28+H28+K28) -> 4445.4232 | U28: =SUM(F28+I28+L28) -> 71216.005
A29: 44493 | B29: Sun | C29: 0.2 | D29: 0.90486111 | E29: =Effort!F27 -> 0 | F29: =Harvest!F27 -> 0 | G29: =+CPUE!F27 -> 0 | H29: =Effort!H27 -> 0 | I29: =Harvest!H27 -> 0 | J29: =CPUE!H27 -> 0 | K29: =Effort!J27 -> CLOSED | L29: =Harvest!J27 -> CLOSED | M29: =CPUE!J27 -> CLOSED | N29: =Effort!L27 -> 0 | O29: =Harvest!L27 -> 0 | P29: =CPUE!L27 -> 0 | Q29: CLOSED | R29: CLOSED | S29: CLOSED | T29: =SUM(E29+H29+N29) -> 0 | U29: =SUM(F29+I29+O29) -> 0
A30: 44494 | B30: Mon | C30: 0.5 | D30: 0.93402778 | E30: =Effort!F28 -> 10.797211 | F30: =Harvest!F28 -> 86 | G30: =+CPUE!F28 -> 8 | H30: =Effort!H28 -> 9 | I30: =Harvest!H28 -> 72 | J30: =CPUE!H28 -> 8 | K30: =Effort!J28 -> 9.5501101 | L30: =Harvest!J28 -> 200 | M30: =CPUE!J28 -> 11 | N30: =Effort!L28 -> CLOSED | O30: =Harvest!L28 -> CLOSED | P30: =CPUE!L28 -> CLOSED | Q30: CLOSED | R30: CLOSED | S30: CLOSED | T30: =SUM(E30+H30+K30) -> 29.347321 | U30: =SUM(F30+I30+L30) -> 358
A31: Tide Series Totals | E31: =SUM(E24:E30) -> 7192.296 | F31: =SUM(F24:F30) -> 108047.59 | G31: =+F31/E31 -> 15.022685 | H31: =SUM(H24:H30) -> 5725.3758 | I31: =SUM(I24:I30) -> 86684.171 | J31: =+I31/H31 -> 15.140346 | K31: =SUM(K24:K30) -> 4892.7554 | L31: =SUM(L24:L30) -> 68677.319 | M31: =+L31/K31 -> 14.036532 | N31: =SUM(N24:N30) -> 2106.5745 | O31: =SUM(O24:O30) -> 29800.769 | P31: =+O31/N31 -> 14.146553 | T31: =SUM(T24:T30) -> 19917.002 | U31: =SUM(U24:U30) -> 293209.85 | W31: =SUM(H31,K31,N31,Q31,E31) -> 19917.002 | X31: =SUM(R31,O31,L31,I31,F31) -> 293209.85
A32: 44503 | B32: Wed | C32: -0.3 | D32: 0.76111111 | E32: =Effort!F30 -> 2373.3707 | F32: =Harvest!F30 -> 42918.485 | G32: =+CPUE!F30 -> 18.083346 | H32: =Effort!H30 -> 1239.9509 | I32: =Harvest!H30 -> 23559.068 | J32: =CPUE!H30 -> 19 | K32: =Effort!J30 -> CLOSED | L32: =Harvest!J30 -> CLOSED | M32: =CPUE!J30 -> CLOSED | N32: =Effort!L30 -> 1290.5324 | O32: =Harvest!L30 -> 25530.097 | P32: =CPUE!L30 -> 19.782609 | Q32: CLOSED | R32: CLOSED | S32: CLOSED | T32: =SUM(E32+H32+N32) -> 4903.854 | U32: =SUM(F32+I32+O32) -> 92007.65
A33: 44504 | B33: Thu | C33: -1.1 | D33: 0.79236111 | E33: =Effort!F31 -> 1990.1762 | F33: =Harvest!F31 -> 35823.172 | G33: =+CPUE!F31 -> 18 | H33: =Effort!H31 -> 1162.844 | I33: =Harvest!H31 -> 20879.51 | J33: =CPUE!H31 -> 17.955556 | K33: =Effort!J31 -> 1998.155 | L33: =Harvest!J31 -> 35700.369 | M33: =CPUE!J31 -> 17.866667 | N33: =Effort!L31 -> CLOSED | O33: =Harvest!L31 -> CLOSED | P33: =CPUE!L31 -> CLOSED | Q33: CLOSED | R33: CLOSED | S33: CLOSED | T33: =SUM(E33+H33+K33) -> 5151.1752 | U33: =SUM(F33+I33+L33) -> 92403.052
A34: 44505 | B34: Fri | C34: -1.6 | D34: 0.82361111 | E34: =Effort!F32 -> 3361.1059 | F34: =Harvest!F32 -> 60836.017 | G34: =+CPUE!F32 -> 18.1 | H34: =Effort!H32 -> 1528.9666 | I34: =Harvest!H32 -> 29574.582 | J34: =CPUE!H32 -> 19.342857 | K34: =Effort!J32 -> CLOSED | L34: =Harvest!J32 -> CLOSED | M34: =CPUE!J32 -> CLOSED | N34: =Effort!L32 -> 2365.3621 | O34: =Harvest!L32 -> 38528.11 | P34: =CPUE!L32 -> 16.288462 | Q34: CLOSED | R34: CLOSED | S34: CLOSED | T34: =SUM(E34+H34+N34) -> 7255.4346 | U34: =SUM(F34+I34+O34) -> 128938.71
A35: 44506 | B35: Sat | C35: -1.8 | D35: 0.85625 | E35: =Effort!F33 -> 3066.4567 | F35: =Harvest!F33 -> 58875.968 | G35: =+CPUE!F33 -> 19.2 | H35: =Effort!H33 -> 2199.132 | I35: =Harvest!H33 -> 40526.861 | J35: =CPUE!H33 -> 18.428571 | K35: =Effort!J33 -> 3078.7503 | L35: =Harvest!J33 -> 52338.756 | M35: =CPUE!J33 -> 17 | N35: =Effort!L33 -> CLOSED | O35: =Harvest!L33 -> CLOSED | P35: =CPUE!L33 -> CLOSED | Q35: CLOSED | R35: CLOSED | S35: CLOSED | T35: =SUM(E35+H35+K35) -> 8344.339 | U35: =SUM(F35+I35+L35) -> 151741.58
A36: 44507 | B36: Sun | C36: -1.6 | D36: 0.84930556 | E36: =Effort!F34 -> 1180.5347 | F36: =Harvest!F34 -> 21249.624 | G36: =+CPUE!F34 -> 18 | H36: =Effort!H34 -> 798.23319 | I36: =Harvest!H34 -> 14604.711 | J36: =CPUE!H34 -> 18.296296 | K36: =Effort!J34 -> CLOSED | L36: =Harvest!J34 -> CLOSED | M36: =CPUE!J34 -> CLOSED | N36: =Effort!L34 -> 830.79559 | O36: =Harvest!L34 -> 14303.156 | P36: =CPUE!L34 -> 17.216216 | Q36: CLOSED | R36: CLOSED | S36: CLOSED | T36: =SUM(E36+H36+N36) -> 2809.5634 | U36: =SUM(F36+I36+O36) -> 50157.491
A37: 44508 | B37: Mon | C37: -1.2 | D37: 0.88611111 | E37: =Effort!F35 -> 513.33385 | F37: =Harvest!F35 -> 9753.3431 | G37: =+CPUE!F35 -> 19 | H37: =Effort!H35 -> 574.32224 | I37: =Harvest!H35 -> 11486.445 | J37: =CPUE!H35 -> 20 | K37: =Effort!J35 -> 783.14526 | L37: =Harvest!J35 -> 15299.302 | M37: =CPUE!J35 -> 19.535714 | N37: =Effort!L35 -> CLOSED | O37: =Harvest!L35 -> CLOSED | P37: =CPUE!L35 -> CLOSED | Q37: CLOSED | R37: CLOSED | S37: CLOSED | T37: =SUM(E37+H37+K37) -> 1870.8013 | U37: =SUM(F37+I37+L37) -> 36539.09
A38: 44509 | B38: Tue | C38: -0.6 | D38: 0.92569444 | E38: =Effort!F36 -> 118.04973 | F38: =Harvest!F36 -> 1770.7459 | G38: =+CPUE!F36 -> 15 | H38: =Effort!H36 -> 79.82079 | I38: =Harvest!H36 -> 1197.3118 | J38: =CPUE!H36 -> 15 | K38: =Effort!J36 -> CLOSED | L38: =Harvest!J36 -> CLOSED | M38: =CPUE!J36 -> CLOSED | N38: =Effort!L36 -> 83.076926 | O38: =Harvest!L36 -> 1246.1539 | P38: =CPUE!L36 -> 15 | Q38: CLOSED | R38: CLOSED | S38: CLOSED | T38: =SUM(E38+H38+N38) -> 280.94744 | U38: =SUM(F38+I38+O38) -> 4214.2116
A39: 44510 | B39: Wed | C39: 0 | D39: 0.96944444 | E39: =Effort!F37 -> 63.737983 | F39: =Harvest!F37 -> 828.59378 | G39: =+CPUE!F37 -> 13 | H39: =Effort!H37 -> 61.333333 | I39: =Harvest!H37 -> 797.33333 | J39: =CPUE!H37 -> 13 | K39: =Effort!J37 -> 97.239057 | L39: =Harvest!J37 -> 1269.2256 | M39: =CPUE!J37 -> 13.052632 | N39: =Effort!L37 -> CLOSED | O39: =Harvest!L37 -> CLOSED | P39: =CPUE!L37 -> CLOSED | Q39: CLOSED | R39: CLOSED | S39: CLOSED | T39: =SUM(E39+H39+K39) -> 222.31037 | U39: =SUM(F39+I39+L39) -> 2895.1527
A40: Tide Series Totals | E40: =SUM(E32:E39) -> 12666.766 | F40: =SUM(F32:F39) -> 232055.95 | G40: =+F40/E40 -> 18.320063 | H40: =SUM(H32:H39) -> 7644.6031 | I40: =SUM(I32:I39) -> 142625.82 | J40: =+I40/H40 -> 18.657061 | K40: =SUM(K32:K39) -> 5957.2896 | L40: =SUM(L32:L39) -> 104607.65 | M40: =+L40/K40 -> 17.559605 | N40: =SUM(N32:N39) -> 4569.767 | O40: =SUM(O32:O39) -> 79607.517 | P40: =+O40/N40 -> 17.420476 | T40: =SUM(T32:T39) -> 30838.425 | U40: =SUM(U32:U39) -> 558896.94 | W40: =SUM(H40,K40,N40,Q40,E40) -> 30838.425 | X40: =SUM(R40,O40,L40,I40,F40) -> 558896.94
A41: 44516 | B41: Tue | C41: 0.5 | D41: 0.70138889 | E41: =Effort!F39 -> 1559.9922 | F41: =Harvest!F39 -> 30419.848 | G41: =+CPUE!F39 -> 19.5 | H41: =Effort!H39 -> 1299.0173 | I41: =Harvest!H39 -> 24996.243 | J41: =CPUE!H39 -> 19.242424 | K41: =Effort!J39 -> 1466.0893 | L41: =Harvest!J39 -> 28810.359 | M41: =CPUE!J39 -> 19.651163 | N41: =Effort!L39 -> CLOSED | O41: =Harvest!L39 -> CLOSED | P41: =CPUE!L39 -> CLOSED | Q41: CLOSED | R41: CLOSED | S41: CLOSED | T41: =SUM(E41+H41+K41) -> 4325.0988 | U41: =SUM(F41+I41+L41) -> 84226.449
A42: 44517 | B42: Wed | C42: 0.1 | D42: 0.72777778 | E42: =Effort!F40 -> 1103.4228 | F42: =Harvest!F40 -> 21620.146 | G42: =+CPUE!F40 -> 19.593709 | H42: =Effort!H40 -> 784.30016 | I42: =Harvest!H40 -> 15293.853 | J42: =CPUE!H40 -> 19.5 | K42: =Effort!J40 -> CLOSED | L42: =Harvest!J40 -> CLOSED | M42: =CPUE!J40 -> CLOSED | N42: =Effort!L40 -> 846.46098 | O42: =Harvest!L40 -> 16467.514 | P42: =CPUE!L40 -> 19.454545 | Q42: CLOSED | R42: CLOSED | S42: CLOSED | T42: =SUM(E42+H42+N42) -> 2734.184 | U42: =SUM(F42+I42+O42) -> 53381.513
A43: 44518 | B43: Thu | C43: -0.2 | D43: 0.75208333 | E43: =Effort!F41 -> 598.56616 | F43: =Harvest!F41 -> 11672.04 | G43: =+CPUE!F41 -> 19.5 | H43: =Effort!H41 -> 498.43058 | I43: =Harvest!H41 -> 9719.3963 | J43: =CPUE!H41 -> 19.5 | K43: =Effort!J41 -> 844.17122 | L43: =Harvest!J41 -> 16672.382 | M43: =CPUE!J41 -> 19.75 | N43: =Effort!L41 -> CLOSED | O43: =Harvest!L41 -> CLOSED | P43: =CPUE!L41 -> CLOSED | Q43: CLOSED | R43: CLOSED | S43: CLOSED | T43: =SUM(E43+H43+K43) -> 1941.168 | U43: =SUM(F43+I43+L43) -> 38063.818
A44: 44519 | B44: Fri | C44: -0.3 | D44: 0.77569444 | E44: =Effort!F42 -> 1500.3022 | F44: =Harvest!F42 -> 27005.439 | G44: =+CPUE!F42 -> 18 | H44: =Effort!H42 -> 1066.3974 | I44: =Harvest!H42 -> 18661.955 | J44: =CPUE!H42 -> 17.5 | K44: =Effort!J42 -> CLOSED | L44: =Harvest!J42 -> CLOSED | M44: =CPUE!J42 -> CLOSED | N44: =Effort!L42 -> 1368.0575 | O44: =Harvest!L42 -> 19836.834 | P44: =CPUE!L42 -> 14.5 | Q44: CLOSED | R44: CLOSED | S44: CLOSED | T44: =SUM(E44+H44+N44) -> 3934.7571 | U44: =SUM(F44+I44+O44) -> 65504.228
A45: 44520 | B45: Sat | C45: -0.3 | D45: 0.79861111 | E45: =Effort!F43 -> 1965.5822 | F45: =Harvest!F43 -> 38902.628 | G45: =+CPUE!F43 -> 19.791911 | H45: =Effort!H43 -> 1636.7552 | I45: =Harvest!H43 -> 32371.381 | J45: =CPUE!H43 -> 19.777778 | K45: =Effort!J43 -> 2772.1045 | L45: =Harvest!J43 -> 51165.129 | M45: =CPUE!J43 -> 18.457143 | N45: =Effort!L43 -> CLOSED | O45: =Harvest!L43 -> CLOSED | P45: =CPUE!L43 -> CLOSED | Q45: CLOSED | R45: CLOSED | S45: CLOSED | T45: =SUM(E45+H45+K45) -> 6374.4419 | U45: =SUM(F45+I45+L45) -> 122439.14
A46: 44521 | B46: Sun | C46: -0.2 | D46: 0.82222222 | E46: =Effort!F44 -> 420.44745 | F46: =Harvest!F44 -> 7988.5015 | G46: =+CPUE!F44 -> 19 | H46: =Effort!H44 -> 595.52796 | I46: =Harvest!H44 -> 10982.236 | J46: =CPUE!H44 -> 18.441176 | K46: =Effort!J44 -> CLOSED | L46: =Harvest!J44 -> CLOSED | M46: =CPUE!J44 -> CLOSED | N46: =Effort!L44 -> 726.48021 | O46: =Harvest!L44 -> 13294.588 | P46: =CPUE!L44 -> 18.3 | Q46: CLOSED | R46: CLOSED | S46: CLOSED | T46: =SUM(E46+H46+N46) -> 1742.4556 | U46: =SUM(F46+I46+O46) -> 32265.326
A47: 44522 | B47: Mon | C47: 0 | D47: 0.84791667 | E47: =Effort!F45 -> 240.89056 | F47: =Harvest!F45 -> 3613.3584 | G47: =+CPUE!F45 -> 15 | H47: =Effort!H45 -> 200.5914 | I47: =Harvest!H45 -> 3008.8709 | J47: =CPUE!H45 -> 15 | K47: =Effort!J45 -> 339.73333 | L47: =Harvest!J45 -> 5120.2667 | M47: =CPUE!J45 -> 15.071429 | N47: =Effort!L45 -> CLOSED | O47: =Harvest!L45 -> CLOSED | P47: =CPUE!L45 -> CLOSED | Q47: CLOSED | R47: CLOSED | S47: CLOSED | T47: =SUM(E47+H47+K47) -> 781.21529 | U47: =SUM(F47+I47+L47) -> 11742.496
A48: 44523 | B48: Tue | C48: 0.2 | D48: 0.875 | E48: =Effort!F46 -> 152.2869 | F48: =Harvest!F46 -> 2436.5903 | G48: =+CPUE!F46 -> 16 | H48: =Effort!H46 -> 108.24376 | I48: =Harvest!H46 -> 1731.9002 | J48: =CPUE!H46 -> 16 | K48: =Effort!J46 -> CLOSED | L48: =Harvest!J46 -> CLOSED | M48: =CPUE!J46 -> CLOSED | N48: =Effort!L46 -> 138.86352 | O48: =Harvest!L46 -> 2211.8974 | P48: =CPUE!L46 -> 15.928571 | Q48: CLOSED | R48: CLOSED | S48: CLOSED | T48: =SUM(E48+H48+N48) -> 399.39418 | U48: =SUM(F48+I48+O48) -> 6380.388
A49: 44524 | B49: Wed | C49: 0.5 | D49: 0.90486111 | E49: =Effort!F47 -> 331.09261 | F49: =Harvest!F47 -> 4966.3892 | G49: =+CPUE!F47 -> 15 | H49: =Effort!H47 -> 275.70333 | I49: =Harvest!H47 -> 3899.2328 | J49: =CPUE!H47 -> 14.142857 | K49: =Effort!J47 -> 466.9473 | L49: =Harvest!J47 -> 7004.2096 | M49: =CPUE!J47 -> 15 | N49: =Effort!L47 -> CLOSED | O49: =Harvest!L47 -> CLOSED | P49: =CPUE!L47 -> CLOSED | Q49: CLOSED | R49: CLOSED | S49: CLOSED | T49: =SUM(E49+H49+K49) -> 1073.7432 | U49: =SUM(F49+I49+L49) -> 15869.832
A50: Tide Series Totals | E50: =SUM(E41:E49) -> 7872.5831 | F50: =SUM(F41:F49) -> 148624.94 | G50: =+F50/E50 -> 18.878802 | H50: =SUM(H41:H49) -> 6464.9672 | I50: =SUM(I41:I49) -> 120665.07 | J50: =+I50/H50 -> 18.664452 | K50: =SUM(K41:K49) -> 5889.0456 | L50: =SUM(L41:L49) -> 108772.35 | M50: =+L50/K50 -> 18.470284 | N50: =SUM(N41:N49) -> 3079.8622 | O50: =SUM(O41:O49) -> 51810.833 | P50: =+O50/N50 -> 16.822452 | T50: =SUM(T41:T49) -> 23306.458 | U50: =SUM(U41:U49) -> 429873.19 | W50: =SUM(H50,K50,N50,Q50,E50) -> 23306.458 | X50: =SUM(R50,O50,L50,I50,F50) -> 429873.19
A51: 44531 | B51: Wed | C51: 0.1 | D51: 0.67291667 | E51: =Effort!F49 -> 1223.0099 | F51: =Harvest!F49 -> 23237.187 | G51: =+CPUE!F49 -> 19 | H51: =Effort!H49 -> 1067.6598 | I51: =Harvest!H49 -> 20235.878 | J51: =CPUE!H49 -> 18.953488 | K51: =Effort!J49 -> 1287.064 | L51: =Harvest!J49 -> 24847.486 | M51: =CPUE!J49 -> 19.305556 | N51: =Effort!L49 -> CLOSED | O51: =Harvest!L49 -> CLOSED | P51: =CPUE!L49 -> CLOSED | Q51: CLOSED | R51: CLOSED | S51: CLOSED | T51: =SUM(E51+H51+K51) -> 3577.7337 | U51: =SUM(F51+I51+L51) -> 68320.552
A52: 44532 | B52: Thu | C52: -0.8 | D52: 0.70694444 | E52: =Effort!F50 -> 2324.8568 | F52: =Harvest!F50 -> 46497.136 | G52: =+CPUE!F50 -> 20 | H52: =Effort!H50 -> 1115.3507 | I52: =Harvest!H50 -> 21749.338 | J52: =CPUE!H50 -> 19.5 | K52: =Effort!J50 -> CLOSED | L52: =Harvest!J50 -> CLOSED | M52: =CPUE!J50 -> CLOSED | N52: =Effort!L50 -> 1611.5335 | O52: =Harvest!L50 -> 31751.047 | P52: =CPUE!L50 -> 19.702381 | Q52: CLOSED | R52: CLOSED | S52: CLOSED | T52: =SUM(E52+H52+N52) -> 5051.741 | U52: =SUM(F52+I52+O52) -> 99997.521
A53: 44533 | B53: Fri | C53: -1.5 | D53: 0.73958333 | E53: =Effort!F51 -> 3511.4119 | F53: =Harvest!F51 -> 66716.825 | G53: =+CPUE!F51 -> 19 | H53: =Effort!H51 -> 2851.4044 | I53: =Harvest!H51 -> 54216.286 | J53: =CPUE!H51 -> 19.013889 | K53: =Effort!J51 -> 3695.3193 | L53: =Harvest!J51 -> 72819.527 | M53: =CPUE!J51 -> 19.705882 | N53: =Effort!L51 -> CLOSED | O53: =Harvest!L51 -> CLOSED | P53: =CPUE!L51 -> CLOSED | Q53: CLOSED | R53: CLOSED | S53: CLOSED | T53: =SUM(E53+H53+K53) -> 10058.136 | U53: =SUM(F53+I53+L53) -> 193752.64
A54: 44534 | B54: Sat | C54: -1.9 | D54: 0.77222222 | E54: =Effort!F52 -> 3286.7403 | F54: =Harvest!F52 -> 62448.066 | G54: =+CPUE!F52 -> 19 | H54: =Effort!H52 -> 2582.5409 | I54: =Harvest!H52 -> 47147.119 | J54: =CPUE!H52 -> 18.256098 | K54: =Effort!J52 -> CLOSED | L54: =Harvest!J52 -> CLOSED | M54: =CPUE!J52 -> CLOSED | N54: =Effort!L52 -> 3731.4285 | O54: =Harvest!L52 -> 71311.745 | P54: =CPUE!L52 -> 19.111111 | Q54: CLOSED | R54: CLOSED | S54: CLOSED | T54: =SUM(E54+H54+N54) -> 9600.7098 | U54: =SUM(F54+I54+O54) -> 180906.93
A55: 44535 | B55: Sun | C55: -2 | D55: 0.80555556 | E55: =Effort!F53 -> 1239.439 | F55: =Harvest!F53 -> 23549.342 | G55: =+CPUE!F53 -> 19 | H55: =Effort!H53 -> 1388.9351 | I55: =Harvest!H53 -> 26520.799 | J55: =CPUE!H53 -> 19.09434 | K55: =Effort!J53 -> 1983.4433 | L55: =Harvest!J53 -> 38393.795 | M55: =CPUE!J53 -> 19.357143 | N55: =Effort!L53 -> CLOSED | O55: =Harvest!L53 -> CLOSED | P55: =CPUE!L53 -> CLOSED | Q55: CLOSED | R55: CLOSED | S55: CLOSED | T55: =SUM(E55+H55+K55) -> 4611.8174 | U55: =SUM(F55+I55+L55) -> 88463.935
A56: 44536 | B56: Mon | C56: -1.7 | D56: 0.83958333 | E56: =Effort!F54 -> 581.12102 | F56: =Harvest!F54 -> 11331.86 | G56: =+CPUE!F54 -> 19.5 | H56: =Effort!H54 -> 352.66541 | I56: =Harvest!H54 -> 6860.9453 | J56: =CPUE!H54 -> 19.454545 | K56: =Effort!J54 -> CLOSED | L56: =Harvest!J54 -> CLOSED | M56: =CPUE!J54 -> CLOSED | N56: =Effort!L54 -> 402.81879 | O56: =Harvest!L54 -> 7877.3452 | P56: =CPUE!L54 -> 19.555556 | Q56: CLOSED | R56: CLOSED | S56: CLOSED | T56: =SUM(E56+H56+N56) -> 1336.6052 | U56: =SUM(F56+I56+O56) -> 26070.15
A57: 44537 | B57: Tue | C57: -1.2 | D57: 0.87430556 | E57: =Effort!F55 -> 327.23499 | F57: =Harvest!F55 -> 6381.0823 | G57: =+CPUE!F55 -> 19.5 | H57: =Effort!H55 -> 285.66872 | I57: =Harvest!H55 -> 5570.54 | J57: =CPUE!H55 -> 19.5 | K57: =Effort!J55 -> 344.37367 | L57: =Harvest!J55 -> 6686.5887 | M57: =CPUE!J55 -> 19.416667 | N57: =Effort!L55 -> CLOSED | O57: =Harvest!L55 -> CLOSED | P57: =CPUE!L55 -> CLOSED | Q57: CLOSED | R57: CLOSED | S57: CLOSED | T57: =SUM(E57+H57+K57) -> 957.27738 | U57: =SUM(F57+I57+L57) -> 18638.211
A58: 44538 | B58: Wed | C58: -0.6 | D58: 0.91041667 | E58: =Effort!F56 -> 214.19153 | F58: =Harvest!F56 -> 3212.873 | G58: =+CPUE!F56 -> 15 | H58: =Effort!H56 -> 168.3 | I58: =Harvest!H56 -> 3289.5 | J58: =CPUE!H56 -> 19.545455 | K58: =Effort!J56 -> CLOSED | L58: =Harvest!J56 -> CLOSED | M58: =CPUE!J56 -> CLOSED | N58: =Effort!L56 -> 105.92389 | O58: =Harvest!L56 -> 1047.4696 | P58: =CPUE!L56 -> 9.8888889 | Q58: CLOSED | R58: CLOSED | S58: CLOSED | T58: =SUM(E58+H58+N58) -> 488.41542 | U58: =SUM(F58+I58+O58) -> 7549.8425
A59: 44539 | B59: Thu | C59: 0.1 | D59: 0.94791667 | E59: =Effort!F57 -> 69.408276 | F59: =Harvest!F57 -> 867.60345 | G59: =+CPUE!F57 -> 12.5 | H59: =Effort!H57 -> 51.149763 | I59: =Harvest!H57 -> 639.37204 | J59: =CPUE!H57 -> 12.5 | K59: =Effort!J57 -> 73.04348 | L59: =Harvest!J57 -> 907.82611 | M59: =CPUE!J57 -> 12.428571 | N59: =Effort!L57 -> CLOSED | O59: =Harvest!L57 -> CLOSED | P59: =CPUE!L57 -> CLOSED | Q59: CLOSED | R59: CLOSED | S59: CLOSED | T59: =SUM(E59+H59+K59) -> 193.60152 | U59: =SUM(F59+I59+L59) -> 2414.8016
A60: Tide Series Totals | E60: =SUM(E51:E59) -> 12777.414 | F60: =SUM(F51:F59) -> 244241.97 | G60: =+F60/E60 -> 19.115134 | H60: =SUM(H51:H59) -> 9863.6748 | I60: =SUM(I51:I59) -> 186229.78 | J60: =+I60/H60 -> 18.880365 | K60: =SUM(K51:K59) -> 7383.2437 | L60: =SUM(L51:L59) -> 143655.22 | M60: =+L60/K60 -> 19.456925 | N60: =SUM(N51:N59) -> 5851.7047 | O60: =SUM(O51:O59) -> 111987.61 | P60: =+O60/N60 -> 19.137604 | T60: =SUM(T51:T59) -> 35876.037 | U60: =SUM(U51:U59) -> 686114.58 | W60: =SUM(H60,K60,N60,Q60,E60) -> 35876.037 | X60: =SUM(R60,O60,L60,I60,F60) -> 686114.58
A61: 44545 | B61: Wed | C61: 0.6 | D61: 0.68611111 | E61: =Effort!F59 -> 196.51348 | F61: =Harvest!F59 -> 2456.4185 | G61: =+CPUE!F59 -> 12.5 | H61: =Effort!H59 -> 193.29367 | I61: =Harvest!H59 -> 2416.1708 | J61: =CPUE!H59 -> 12.5 | K61: =Effort!J59 -> CLOSED | L61: =Harvest!J59 -> CLOSED | M61: =CPUE!J59 -> CLOSED | N61: =Effort!L59 -> 371.68653 | O61: =Harvest!L59 -> 4625.4324 | P61: =CPUE!L59 -> 12.444444 | Q61: CLOSED | R61: CLOSED | S61: CLOSED | T61: =SUM(E61+H61+N61) -> 761.49368 | U61: =SUM(F61+I61+O61) -> 9498.0217
A62: 44546 | B62: Thu | C62: 0.1 | D62: 0.72013889 | E62: =Effort!F60 -> 882.01019 | F62: =Harvest!F60 -> 15435.178 | G62: =+CPUE!F60 -> 17.5 | H62: =Effort!H60 -> 838.04035 | I62: =Harvest!H60 -> 14446.219 | J62: =CPUE!H60 -> 17.238095 | K62: =Effort!J60 -> 1041.3949 | L62: =Harvest!J60 -> 20553.846 | M62: =CPUE!J60 -> 19.736842 | N62: =Effort!L60 -> CLOSED | O62: =Harvest!L60 -> CLOSED | P62: =CPUE!L60 -> CLOSED | Q62: CLOSED | R62: CLOSED | S62: CLOSED | T62: =SUM(E62+H62+K62) -> 2761.4454 | U62: =SUM(F62+I62+L62) -> 50435.244
A63: 44547 | B63: Fri | C63: -0.2 | D63: 0.73819444 | E63: =Effort!F61 -> 1291.752 | F63: =Harvest!F61 -> 25189.164 | G63: =+CPUE!F61 -> 19.5 | H63: =Effort!H61 -> 851.77663 | I63: =Harvest!H61 -> 16808.392 | J63: =CPUE!H61 -> 19.733333 | K63: =Effort!J61 -> CLOSED | L63: =Harvest!J61 -> CLOSED | M63: =CPUE!J61 -> CLOSED | N63: =Effort!L61 -> 628.72971 | O63: =Harvest!L61 -> 8872.0747 | P63: =CPUE!L61 -> 14.111111 | Q63: CLOSED | R63: CLOSED | S63: CLOSED | T63: =SUM(E63+H63+N63) -> 2772.2583 | U63: =SUM(F63+I63+O63) -> 50869.631
A64: 44548 | B64: Sat | C64: -0.3 | D64: 0.7625 | E64: =Effort!F62 -> 1050.3172 | F64: =Harvest!F62 -> 20481.185 | G64: =+CPUE!F62 -> 19.5 | H64: =Effort!H62 -> 689.32808 | I64: =Harvest!H62 -> 11465.824 | J64: =CPUE!H62 -> 16.633333 | K64: =Effort!J62 -> 1240.116 | L64: =Harvest!J62 -> 24137.972 | M64: =CPUE!J62 -> 19.464286 | N64: =Effort!L62 -> CLOSED | O64: =Harvest!L62 -> CLOSED | P64: =CPUE!L62 -> CLOSED | Q64: CLOSED | R64: CLOSED | S64: CLOSED | T64: =SUM(E64+H64+K64) -> 2979.7612 | U64: =SUM(F64+I64+L64) -> 56084.98
A65: 44549 | B65: Sun | C65: -0.4 | D65: 0.78611111 | E65: =Effort!F63 -> 827.64064 | F65: =Harvest!F63 -> 16138.992 | G65: =+CPUE!F63 -> 19.5 | H65: =Effort!H63 -> 814.08 | I65: =Harvest!H63 -> 12103.68 | J65: =CPUE!H63 -> 14.867925 | K65: =Effort!J63 -> CLOSED | L65: =Harvest!J63 -> CLOSED | M65: =CPUE!J63 -> CLOSED | N65: =Effort!L63 -> 788.8 | O65: =Harvest!L63 -> 14934.613 | P65: =CPUE!L63 -> 18.933333 | Q65: CLOSED | R65: CLOSED | S65: CLOSED | T65: =SUM(E65+H65+N65) -> 2430.5206 | U65: =SUM(F65+I65+O65) -> 43177.286
A66: 44550 | B66: Mon | C66: -0.3 | D66: 0.81041667 | E66: =Effort!F64 -> 272.59711 | F66: =Harvest!F64 -> 3543.7625 | G66: =+CPUE!F64 -> 13 | H66: =Effort!H64 -> 259.00764 | I66: =Harvest!H64 -> 3367.0993 | J66: =CPUE!H64 -> 13 | K66: =Effort!J64 -> 321.85709 | L66: =Harvest!J64 -> 4269.3397 | M66: =CPUE!J64 -> 13.264706 | N66: =Effort!L64 -> CLOSED | O66: =Harvest!L64 -> CLOSED | P66: =CPUE!L64 -> CLOSED | Q66: CLOSED | R66: CLOSED | S66: CLOSED | T66: =SUM(E66+H66+K66) -> 853.46185 | U66: =SUM(F66+I66+L66) -> 11180.201
A67: 44551 | B67: Tue | C67: -0.2 | D67: 0.83472222 | E67: =Effort!F65 -> 154.44815 | F67: =Harvest!F65 -> 2007.826 | G67: =+CPUE!F65 -> 13 | H67: =Effort!H65 -> 179.2 | I67: =Harvest!H65 -> 2468.9778 | J67: =CPUE!H65 -> 13.777778 | K67: =Effort!J65 -> CLOSED | L67: =Harvest!J65 -> CLOSED | M67: =CPUE!J65 -> CLOSED | N67: =Effort!L65 -> 147.2 | O67: =Harvest!L65 -> 1095.8222 | P67: =CPUE!L65 -> 7.4444444 | Q67: CLOSED | R67: CLOSED | S67: CLOSED | T67: =SUM(E67+H67+N67) -> 480.84815 | U67: =SUM(F67+I67+O67) -> 5572.626
A68: 44552 | B68: Wed | C68: -0.1 | D68: 0.85972222 | E68: =Effort!F66 -> 101.98698 | F68: =Harvest!F66 -> 509.93492 | G68: =+CPUE!F66 -> 5 | H68: =Effort!H66 -> 96.902744 | I68: =Harvest!H66 -> 484.51372 | J68: =CPUE!H66 -> 5 | K68: =Effort!J66 -> 120.41666 | L68: =Harvest!J66 -> 488.74998 | M68: =CPUE!J66 -> 4.0588235 | N68: =Effort!L66 -> CLOSED | O68: =Harvest!L66 -> CLOSED | P68: =CPUE!L66 -> CLOSED | Q68: CLOSED | R68: CLOSED | S68: CLOSED | T68: =SUM(E68+H68+K68) -> 319.30639 | U68: =SUM(F68+I68+L68) -> 1483.1986
A69: 44553 | B69: Thu | C69: 0.2 | D69: 0.88611111 | E69: =Effort!F67 -> 106.53824 | F69: =Harvest!F67 -> 532.69118 | G69: =+CPUE!F67 -> 5 | H69: =Effort!H67 -> 104.79264 | I69: =Harvest!H67 -> 523.9632 | J69: =CPUE!H67 -> 5 | K69: =Effort!J67 -> CLOSED | L69: =Harvest!J67 -> CLOSED | M69: =CPUE!J67 -> CLOSED | N69: =Effort!L67 -> 101.53847 | O69: =Harvest!L67 -> 507.69233 | P69: =CPUE!L67 -> 5 | Q69: CLOSED | R69: CLOSED | S69: CLOSED | T69: =SUM(E69+H69+N69) -> 312.86934 | U69: =SUM(F69+I69+O69) -> 1564.3467
A70: Tide Series Totals | E70: =SUM(E61:E69) -> 4883.804 | F70: =SUM(F61:F69) -> 86295.153 | G70: =+F70/E70 -> 17.669659 | H70: =SUM(H61:H69) -> 4026.4217 | I70: =SUM(I61:I69) -> 64084.84 | J70: =+I70/H70 -> 15.916077 | K70: =SUM(K61:K69) -> 2723.7846 | L70: =SUM(L61:L69) -> 49449.907 | M70: =+L70/K70 -> 18.154852 | N70: =SUM(N61:N69) -> 2037.9547 | O70: =SUM(O61:O69) -> 30035.635 | P70: =+O70/N70 -> 14.738127 | T70: =SUM(T61:T69) -> 13671.965 | U70: =SUM(U61:U69) -> 229865.54 | W70: =SUM(H70,K70,N70,Q70,E70) -> 13671.965 | X70: =SUM(R70,O70,L70,I70,F70) -> 229865.54
A71: 44560 | B71: Thu | C71: -0.1 | D71: 0.65902778 | E71: =Effort!F69 -> 1607.6494 | F71: =Harvest!F69 -> 23310.916 | G71: =+CPUE!F69 -> 14.5 | H71: =Effort!H69 -> 1490.9432 | I71: =Harvest!H69 -> 21618.676 | J71: =CPUE!H69 -> 14.5 | K71: =Effort!J69 -> CLOSED | L71: =Harvest!J69 -> CLOSED | M71: =CPUE!J69 -> CLOSED | N71: =Effort!L69 -> 1467.865 | O71: =Harvest!L69 -> 20855.915 | P71: =CPUE!L69 -> 14.208333 | Q71: CLOSED | R71: CLOSED | S71: CLOSED | T71: =SUM(E71+H71+N71) -> 4566.4576 | U71: =SUM(F71+I71+O71) -> 65785.508
A72: 44561 | B72: Fri | C72: -0.9 | D72: 0.69583333 | E72: =Effort!F70 -> 3102.6653 | F72: =Harvest!F70 -> 44988.646 | G72: =+CPUE!F70 -> 14.5 | H72: =Effort!H70 -> 1886.0455 | I72: =Harvest!H70 -> 27843.146 | J72: =CPUE!H70 -> 14.762712 | K72: =Effort!J70 -> 2995.5827 | L72: =Harvest!J70 -> 44364.959 | M72: =CPUE!J70 -> 14.810127 | N72: =Effort!L70 -> CLOSED | O72: =Harvest!L70 -> CLOSED | P72: =CPUE!L70 -> CLOSED | Q72: CLOSED | R72: CLOSED | S72: CLOSED | T72: =SUM(E72+H72+K72) -> 7984.2934 | U72: =SUM(F72+I72+L72) -> 117196.75
A73: 44562 | B73: Sat | C73: -1.5 | D73: 0.73055556 | E73: =Effort!F71 -> 3551.3182 | F73: =Harvest!F71 -> 51494.114 | G73: =+CPUE!F71 -> 14.5 | H73: =Effort!H71 -> 2022.8772 | I73: =Harvest!H71 -> 30025.277 | J73: =CPUE!H71 -> 14.842857 | K73: =Effort!J71 -> CLOSED | L73: =Harvest!J71 -> CLOSED | M73: =CPUE!J71 -> CLOSED | N73: =Effort!L71 -> 1991.5653 | O73: =Harvest!L71 -> 28106.315 | P73: =CPUE!L71 -> 14.112676 | Q73: CLOSED | R73: CLOSED | S73: CLOSED | T73: =SUM(E73+H73+N73) -> 7565.7606 | U73: =SUM(F73+I73+O73) -> 109625.71
A74: 44563 | B74: Sun | C74: -1.8 | D74: 0.76458333 | E74: =Effort!F72 -> 249.94256 | F74: =Harvest!F72 -> 749.82769 | G74: =+CPUE!F72 -> 3 | H74: =Effort!H72 -> 151.93487 | I74: =Harvest!H72 -> 455.8046 | J74: =CPUE!H72 -> 3 | K74: =Effort!J72 -> 241.31627 | L74: =Harvest!J72 -> 643.51007 | M74: =CPUE!J72 -> 2.6666667 | N74: =Effort!L72 -> CLOSED | O74: =Harvest!L72 -> CLOSED | P74: =CPUE!L72 -> CLOSED | Q74: CLOSED | R74: CLOSED | S74: CLOSED | T74: =SUM(E74+H74+K74) -> 643.19371 | U74: =SUM(F74+I74+L74) -> 1849.1424
A75: 44564 | B75: Mon | C75: -1.9 | D75: 0.79722222 | E75: =Effort!F73 -> 239.28945 | F75: =Harvest!F73 -> 1196.4472 | G75: =+CPUE!F73 -> 5 | H75: =Effort!H73 -> 125.01198 | I75: =Harvest!H73 -> 625.05988 | J75: =CPUE!H73 -> 5 | K75: =Effort!J73 -> CLOSED | L75: =Harvest!J73 -> CLOSED | M75: =CPUE!J73 -> CLOSED | N75: =Effort!L73 -> 123.07693 | O75: =Harvest!L73 -> 728.99411 | P75: =CPUE!L73 -> 5.9230769 | Q75: CLOSED | R75: CLOSED | S75: CLOSED | T75: =SUM(E75+H75+N75) -> 487.37835 | U75: =SUM(F75+I75+O75) -> 2550.5012
A76: 44565 | B76: Tue | C76: -1.6 | D76: 0.82916667 | E76: =Effort!F74 -> 193.60499 | F76: =Harvest!F74 -> 2420.0624 | G76: =+CPUE!F74 -> 12.5 | H76: =Effort!H74 -> 137.3077 | I76: =Harvest!H74 -> 1726.1539 | J76: =CPUE!H74 -> 12.571429 | K76: =Effort!J74 -> 186.92308 | L76: =Harvest!J74 -> 2336.5385 | M76: =CPUE!J74 -> 12.5 | N76: =Effort!L74 -> CLOSED | O76: =Harvest!L74 -> CLOSED | P76: =CPUE!L74 -> CLOSED | Q76: CLOSED | R76: CLOSED | S76: CLOSED | T76: =SUM(E76+H76+K76) -> 517.83577 | U76: =SUM(F76+I76+L76) -> 6482.7548
A77: 44566 | B77: Wed | C77: -1.1 | D77: 0.86111111 | E77: =Effort!F75 -> 190 | F77: =Harvest!F75 -> 2375 | G77: =+CPUE!F75 -> 12.5 | H77: =Effort!H75 -> CLOSED | I77: =Harvest!H75 -> CLOSED | J77: =CPUE!H75 -> CLOSED | K77: =Effort!J75 -> CLOSED | L77: =Harvest!J75 -> CLOSED | M77: =CPUE!J75 -> CLOSED | N77: =Effort!L75 -> CLOSED | O77: =Harvest!L75 -> CLOSED | P77: =CPUE!L75 -> CLOSED | Q77: CLOSED | R77: CLOSED | S77: CLOSED | T77: =SUM(E77) -> 190 | U77: =SUM(F77) -> 2375
A78: Tide Series Totals | E78: =SUM(E71:E77) -> 9134.4698 | F78: =SUM(F71:F77) -> 126535.01 | G78: =+F78/E78 -> 13.852475 | H78: =SUM(H71:H77) -> 5814.1204 | I78: =SUM(I71:I77) -> 82294.117 | J78: =+I78/H78 -> 14.154182 | K78: =SUM(K71:K77) -> 3423.8221 | L78: =SUM(L71:L77) -> 47345.008 | M78: =+L78/K78 -> 13.828116 | N78: =SUM(N71:N77) -> 3582.5072 | O78: =SUM(O71:O77) -> 49691.225 | P78: =+O78/N78 -> 13.870516 | T78: =SUM(T71:T77) -> 21954.919 | U78: =SUM(U71:U77) -> 305865.36 | W78: =SUM(H78,K78,N78,Q78,E78) -> 21954.919 | X78: =SUM(R78,O78,L78,I78,F78) -> 305865.36
A79: 44210 | B79: Fri | C79: 0.4 | D79: 0.69652778 | E79: =Effort!F77 -> 1519.2659 | F79: =Harvest!F77 -> 22788.988 | G79: =+CPUE!F77 -> 15 | H79: =Effort!H77 -> CLOSED | I79: =Harvest!H77 -> CLOSED | J79: =CPUE!H77 -> CLOSED | K79: =Effort!J77 -> CLOSED | L79: =Harvest!J77 -> CLOSED | M79: =CPUE!J77 -> CLOSED | N79: =Effort!L77 -> CLOSED | O79: =Harvest!L77 -> CLOSED | P79: =CPUE!L77 -> CLOSED | Q79: CLOSED | R79: CLOSED | S79: CLOSED | T79: =SUM(E79) -> 1519.2659 | U79: =SUM(F79) -> 22788.988
A80: 44211 | B80: Sat | C80: 0.4 | D80: 0.72361111 | E80: =Effort!F78 -> 3589.2072 | F80: =Harvest!F78 -> 43070.487 | G80: =+CPUE!F78 -> 12 | H80: =Effort!H78 -> 2245.0149 | I80: =Harvest!H78 -> 26940.179 | J80: =CPUE!H78 -> 12 | K80: =Effort!J78 -> 2308.1745 | L80: =Harvest!J78 -> 32250.327 | M80: =CPUE!J78 -> 13.972222 | N80: =Effort!L78 -> CLOSED | O80: =Harvest!L78 -> CLOSED | P80: =CPUE!L78 -> CLOSED | Q80: CLOSED | R80: CLOSED | S80: CLOSED | T80: =SUM(E80+H80+K80) -> 8142.3967 | U80: =SUM(F80+I80+L80) -> 102260.99
A81: 44212 | B81: Sun | C81: -0.2 | D81: 0.74930556 | E81: =Effort!F79 -> 2925.8657 | F81: =Harvest!F79 -> 40962.12 | G81: =+CPUE!F79 -> 14 | H81: =Effort!H79 -> 2100 | I81: =Harvest!H79 -> 29400 | J81: =CPUE!H79 -> 14 | K81: =Effort!J79 -> CLOSED | L81: =Harvest!J79 -> CLOSED | M81: =CPUE!J79 -> CLOSED | N81: =Effort!L79 -> 3004.3101 | O81: =Harvest!L79 -> 41711.003 | P81: =CPUE!L79 -> 13.883721 | Q81: CLOSED | R81: CLOSED | S81: CLOSED | T81: =SUM(E81+H81+N81) -> 8030.1758 | U81: =SUM(F81+I81+O81) -> 112073.12
A82: 44213 | B82: Mon | C82: -0.3 | D82: 0.77361111 | E82: =Effort!F80 -> 740.26172 | F82: =Harvest!F80 -> 9623.4024 | G82: =+CPUE!F80 -> 13 | H82: =Effort!H80 -> 693.23673 | I82: =Harvest!H80 -> 8734.7828 | J82: =CPUE!H80 -> 12.6 | K82: =Effort!J80 -> 712.73973 | L82: =Harvest!J80 -> 9676.8124 | M82: =CPUE!J80 -> 13.576923 | N82: =Effort!L80 -> CLOSED | O82: =Harvest!L80 -> CLOSED | P82: =CPUE!L80 -> CLOSED | Q82: CLOSED | R82: CLOSED | S82: CLOSED | T82: =SUM(E82+H82+K82) -> 2146.2382 | U82: =SUM(F82+I82+L82) -> 28034.998
A83: 44214 | B83: Tue | C83: -0.4 | D83: 0.79722222 | E83: =Effort!F81 -> 606.24424 | F83: =Harvest!F81 -> 8487.4194 | G83: =+CPUE!F81 -> 14 | H83: =Effort!H81 -> 379.2 | I83: =Harvest!H81 -> 5368.6737 | J83: =CPUE!H81 -> 14.157895 | K83: =Effort!J81 -> CLOSED | L83: =Harvest!J81 -> CLOSED | M83: =CPUE!J81 -> CLOSED | N83: =Effort!L81 -> CLOSED | O83: =Harvest!L81 -> CLOSED | P83: =CPUE!L81 -> CLOSED | Q83: CLOSED | R83: CLOSED | S83: CLOSED | T83: =SUM(E83+H83) -> 985.44424 | U83: =SUM(F83+I83) -> 13856.093
A84: 44215 | B84: Wed | C84: -0.4 | D84: 0.82013889 | E84: =Effort!F82 -> 167.90932 | F84: =Harvest!F82 -> 2518.6398 | G84: =+CPUE!F82 -> 15 | H84: =Effort!H82 -> CLOSED | I84: =Harvest!H82 -> CLOSED | J84: =CPUE!H82 -> CLOSED | K84: =Effort!J82 -> 161.66666 | L84: =Harvest!J82 -> 2288.205 | M84: =CPUE!J82 -> 14.153846 | N84: =Effort!L82 -> CLOSED | O84: =Harvest!L82 -> CLOSED | P84: =CPUE!L82 -> CLOSED | Q84: CLOSED | R84: CLOSED | S84: CLOSED | T84: =SUM(E84+K84) -> 329.57598 | U84: =SUM(F84+L84) -> 4806.8448
A85: 44216 | B85: Thu | C85: -0.2 | D85: 0.84305556 | E85: =Effort!F83 -> 46.82438 | F85: =Harvest!F83 -> 608.71695 | G85: =+CPUE!F83 -> 13 | H85: =Effort!H83 -> CLOSED | I85: =Harvest!H83 -> CLOSED | J85: =CPUE!H83 -> CLOSED | K85: =Effort!J83 -> CLOSED | L85: =Harvest!J83 -> CLOSED | M85: =CPUE!J83 -> CLOSED | N85: =Effort!L83 -> CLOSED | O85: =Harvest!L83 -> CLOSED | P85: =CPUE!L83 -> CLOSED | Q85: CLOSED | R85: CLOSED | S85: CLOSED | T85: =SUM(E85) -> 46.82438 | U85: =SUM(F85) -> 608.71695
A86: Tide Series Totals | E86: =SUM(E79:E85) -> 9595.5785 | F86: =SUM(F79:F85) -> 128059.77 | G86: =+F86/E86 -> 13.345706 | H86: =SUM(H79:H85) -> 5417.4517 | I86: =SUM(I79:I85) -> 70443.636 | J86: =+I86/H86 -> 13.003094 | K86: =SUM(K79:K85) -> 3182.5809 | L86: =SUM(L79:L85) -> 44215.344 | M86: =+L86/K86 -> 13.892921 | N86: =SUM(N79:N85) -> 3004.3101 | O86: =SUM(O79:O85) -> 41711.003 | P86: =+O86/N86 -> 13.883721 | T86: =SUM(T79:T85) -> 21199.921 | U86: =SUM(U79:U85) -> 284429.76 | W86: =SUM(H86,K86,N86,Q86,E86) -> 21199.921 | X86: =SUM(R86,O86,L86,I86,F86) -> 284429.76
A87: 44590 | B87: Sat | C87: -0.7 | D87: 0.6875 | E87: =Effort!F85 -> 8593.6758 | F87: =Harvest!F85 -> 124608.3 | G87: =+CPUE!F85 -> 14.5 | H87: =Effort!H85 -> 6499.7116 | I87: =Harvest!H85 -> 94560.321 | J87: =CPUE!H85 -> 14.548387 | K87: =Effort!J85 -> CLOSED | L87: =Harvest!J85 -> CLOSED | M87: =CPUE!J85 -> CLOSED | N87: =Effort!L85 -> 6202.1833 | O87: =Harvest!L85 -> 84429.721 | P87: =CPUE!L85 -> 13.612903 | Q87: CLOSED | R87: CLOSED | S87: CLOSED | T87: =SUM(E87+H87+N87) -> 21295.571 | U87: =SUM(F87+I87+O87) -> 303598.34
A88: 44591 | B88: Sun | C88: -1.2 | D88: 0.72291667 | E88: =Effort!F86 -> 2141.8287 | F88: =Harvest!F86 -> 25917.927 | G88: =+CPUE!F86 -> 12.10084 | H88: =Effort!H86 -> CLOSED | I88: =Harvest!H86 -> CLOSED | J88: =CPUE!H86 -> CLOSED | K88: =Effort!J86 -> 2066.0385 | L88: =Harvest!J86 -> 28499.179 | M88: =CPUE!J86 -> 13.794118 | N88: =Effort!L86 -> CLOSED | O88: =Harvest!L86 -> CLOSED | P88: =CPUE!L86 -> CLOSED | Q88: CLOSED | R88: CLOSED | S88: CLOSED | T88: =SUM(E88+K88) -> 4207.8672 | U88: =SUM(F88+L88) -> 54417.106
A89: 44592 | B89: Mon | C89: -1.5 | D89: 0.75555556 | E89: =Effort!F87 -> 1563.4668 | F89: =Harvest!F87 -> 22670.269 | G89: =+CPUE!F87 -> 14.5 | H89: =Effort!H87 -> CLOSED | I89: =Harvest!H87 -> CLOSED | J89: =CPUE!H87 -> CLOSED | K89: =Effort!J87 -> CLOSED | L89: =Harvest!J87 -> CLOSED | M89: =CPUE!J87 -> CLOSED | N89: =Effort!L87 -> CLOSED | O89: =Harvest!L87 -> CLOSED | P89: =CPUE!L87 -> CLOSED | Q89: CLOSED | R89: CLOSED | S89: CLOSED | T89: =SUM(E89) -> 1563.4668 | U89: =SUM(F89) -> 22670.269
A90: 44593 | B90: Tue | C90: -1.5 | D90: 0.78611111 | E90: =Effort!F88 -> 1010.7164 | F90: =Harvest!F88 -> 14655.387 | G90: =+CPUE!F88 -> 14.5 | H90: =Effort!H88 -> 649.0909 | I90: =Harvest!H88 -> 9411.818 | J90: =CPUE!H88 -> 14.5 | K90: =Effort!J88 -> 974.95145 | L90: =Harvest!J88 -> 14488.232 | M90: =CPUE!J88 -> 14.860465 | N90: =Effort!L88 -> CLOSED | O90: =Harvest!L88 -> CLOSED | P90: =CPUE!L88 -> CLOSED | Q90: CLOSED | R90: CLOSED | S90: CLOSED | T90: =SUM(E90+H90+K90) -> 2634.7587 | U90: =SUM(F90+I90+L90) -> 38555.437
A91: 44594 | B91: Wed | C91: -1.2 | D91: 0.81527778 | E91: =Effort!F89 -> 431.35031 | F91: =Harvest!F89 -> 6254.5795 | G91: =+CPUE!F89 -> 14.5 | H91: =Effort!H89 -> 306.78082 | I91: =Harvest!H89 -> 4601.7123 | J91: =CPUE!H89 -> 15 | K91: =Effort!J89 -> CLOSED | L91: =Harvest!J89 -> CLOSED | M91: =CPUE!J89 -> CLOSED | N91: =Effort!L89 -> 457.35027 | O91: =Harvest!L89 -> 5030.853 | P91: =CPUE!L89 -> 11 | Q91: CLOSED | R91: CLOSED | S91: CLOSED | T91: =SUM(E91+H91+N91) -> 1195.4814 | U91: =SUM(F91+I91+O91) -> 15887.145
A92: 44595 | B92: Thu | C92: -0.7 | D92: 0.84236111 | E92: =Effort!F90 -> CLOSED | F92: =Harvest!F90 -> CLOSED | G92: =+CPUE!F90 -> CLOSED | H92: =Effort!H90 -> CLOSED | I92: =Harvest!H90 -> CLOSED | J92: =CPUE!H90 -> CLOSED | K92: =Effort!J90 -> 399.54107 | L92: =Harvest!J90 -> 5251.1112 | M92: =CPUE!J90 -> 13.142857 | N92: =Effort!L90 -> CLOSED | O92: =Harvest!L90 -> CLOSED | P92: =CPUE!L90 -> CLOSED | Q92: CLOSED | R92: CLOSED | S92: CLOSED | T92: =SUM(K92) -> 399.54107 | U92: =SUM(L92) -> 5251.1112
A93: Tide Series Totals | E93: =SUM(E87:E92) -> 13741.038 | F93: =SUM(F87:F92) -> 194106.46 | G93: =+F93/E93 -> 14.126041 | H93: =SUM(H87:H92) -> 7455.5833 | I93: =SUM(I87:I92) -> 108573.85 | J93: =+I93/H93 -> 14.562757 | K93: =SUM(K87:K92) -> 3440.5311 | L93: =SUM(L87:L92) -> 48238.522 | M93: =+L93/K93 -> 14.020662 | N93: =SUM(N87:N92) -> 6659.5336 | O93: =SUM(O87:O92) -> 89460.574 | P93: =+O93/N93 -> 13.433459 | T93: =SUM(T87:T92) -> 31296.686 | U93: =SUM(U87:U92) -> 440379.41 | W93: =SUM(H93,K93,N93,Q93,E93) -> 31296.686 | X93: =SUM(R93,O93,L93,I93,F93) -> 440379.41
A94: 44606 | B94: Mon | C94: 0 | D94: 0.73263889 | E94: =Effort!F92 -> 1108.3143 | F94: =Harvest!F92 -> 16577.401 | G94: =+CPUE!F92 -> 14.95731 | H94: =Effort!H92 -> CLOSED | I94: =Harvest!H92 -> CLOSED | J94: =CPUE!H92 -> CLOSED | K94: =Effort!J92 -> CLOSED | L94: =Harvest!J92 -> CLOSED | M94: =CPUE!J92 -> CLOSED | N94: =Effort!L92 -> CLOSED | O94: =Harvest!L92 -> CLOSED | P94: =CPUE!L92 -> CLOSED | Q94: CLOSED | R94: CLOSED | S94: CLOSED | T94: =SUM(E94) -> 1108.3143 | U94: =SUM(F94) -> 16577.401
A95: 44607 | B95: Tue | C95: -0.3 | D95: 0.75625 | E95: =Effort!F93 -> 1562.3602 | F95: =Harvest!F93 -> 22654.223 | G95: =+CPUE!F93 -> 14.5 | H95: =Effort!H93 -> CLOSED | I95: =Harvest!H93 -> CLOSED | J95: =CPUE!H93 -> CLOSED | K95: =Effort!J93 -> CLOSED | L95: =Harvest!J93 -> CLOSED | M95: =CPUE!J93 -> CLOSED | N95: =Effort!L93 -> 1300.3996 | O95: =Harvest!L93 -> 19505.994 | P95: =CPUE!L93 -> 15 | Q95: CLOSED | R95: CLOSED | S95: CLOSED | T95: =SUM(E95+N95) -> 2862.7598 | U95: =SUM(F95+O95) -> 42160.217
A96: 44608 | B96: Wed | C96: -0.4 | D96: 0.77916667 | E96: =Effort!F94 -> 1479.0608 | F96: =Harvest!F94 -> 21446.382 | G96: =+CPUE!F94 -> 14.5 | H96: =Effort!H94 -> CLOSED | I96: =Harvest!H94 -> CLOSED | J96: =CPUE!H94 -> CLOSED | K96: =Effort!J94 -> 1903.8172 | L96: =Harvest!J94 -> 28557.259 | M96: =CPUE!J94 -> 15 | N96: =Effort!L94 -> CLOSED | O96: =Harvest!L94 -> CLOSED | P96: =CPUE!L94 -> CLOSED | Q96: CLOSED | R96: CLOSED | S96: CLOSED | T96: =SUM(E96+K96) -> 3382.8781 | U96: =SUM(F96+L96) -> 50003.641
A97: 44609 | B97: Thu | C97: -0.3 | D97: 0.80138889 | E97: =Effort!F95 -> 1083.7927 | F97: =Harvest!F95 -> 15714.994 | G97: =+CPUE!F95 -> 14.5 | H97: =Effort!H95 -> 1088.4956 | I97: =Harvest!H95 -> 11465.487 | J97: =CPUE!H95 -> 10.533333 | K97: =Effort!J95 -> CLOSED | L97: =Harvest!J95 -> CLOSED | M97: =CPUE!J95 -> CLOSED | N97: =Effort!L95 -> CLOSED | O97: =Harvest!L95 -> CLOSED | P97: =CPUE!L95 -> CLOSED | Q97: CLOSED | R97: CLOSED | S97: CLOSED | T97: =SUM(E97+H97) -> 2172.2883 | U97: =SUM(F97+I97) -> 27180.481
A98: 44610 | B98: Fri | C98: -0.1 | D98: 0.82291667 | E98: =Effort!F96 -> 1243.4412 | F98: =Harvest!F96 -> 18029.897 | G98: =+CPUE!F96 -> 14.5 | H98: =Effort!H96 -> 1248.8368 | I98: =Harvest!H96 -> 18543.334 | J98: =CPUE!H96 -> 14.848485 | K98: =Effort!J96 -> 1600.5324 | L98: =Harvest!J96 -> 23367.773 | M98: =CPUE!J96 -> 14.6 | N98: =Effort!L96 -> CLOSED | O98: =Harvest!L96 -> CLOSED | P98: =CPUE!L96 -> CLOSED | Q98: CLOSED | R98: CLOSED | S98: CLOSED | T98: =SUM(E98+H98+K98) -> 4092.8103 | U98: =SUM(F98+I98+L98) -> 59941.004
A99: Tide Series Totals | E99: =SUM(E94:E98) -> 6476.9693 | F99: =SUM(F94:F98) -> 94422.898 | G99: =+F99/E99 -> 14.578253 | H99: =SUM(H94:H98) -> 2337.3324 | I99: =SUM(I94:I98) -> 30008.821 | J99: =+I99/H99 -> 12.838919 | K99: =SUM(K94:K98) -> 3504.3496 | L99: =SUM(L94:L98) -> 51925.031 | M99: =+L99/K99 -> 14.817309 | N99: =SUM(N94:N98) -> 1300.3996 | O99: =SUM(O94:O98) -> 19505.994 | P99: =+O99/N99 -> 15 | T99: =SUM(T94:T98) -> 13619.051 | U99: =SUM(U94:U98) -> 195862.74 | W99: =SUM(H99,K99,N99,Q99,E99) -> 13619.051 | X99: =SUM(R99,O99,L99,I99,F99) -> 195862.74
A100: 44618 | B100: Sat | C100: 0 | D100: 0.6375 | E100: =Effort!F98 -> 4185.3247 | F100: =Harvest!F98 -> 41853.247 | G100: =+CPUE!F98 -> 10 | H100: =Effort!H98 -> 2089.9921 | I100: =Harvest!H98 -> 21801.487 | J100: =CPUE!H98 -> 10.431373 | K100: =Effort!J98 -> 4656.74 | L100: =Harvest!J98 -> 62185.39 | M100: =CPUE!J98 -> 13.353846 | N100: =Effort!L98 -> CLOSED | O100: =Harvest!L98 -> CLOSED | P100: =CPUE!L98 -> CLOSED | Q100: CLOSED | R100: CLOSED | S100: CLOSED | T100: =SUM(E100+H100+K100) -> 10932.057 | U100: =SUM(F100+I100+L100) -> 125840.12
...

Sheet Tribal Update
A1: 2021-2022 State (non-Tribal) Recreational Razor Clam Effort, Harvest and CPUE totals.
E2: COPALIS | I2: MOCROCKS | M2: KALALOCH | Q2: DAILY TOTALS
A3: DATE | B3: DAY | C3: TIDE | D3: TIME | E3: Effort | F3: Harvest | G3: CPUE | H3: Size (mm) | I3: Effort | J3: Harvest | K3: CPUE | L3: Size (mm) | M3: Effort | N3: Harvest | O3: CPUE | P3: Size (mm) | Q3: Effort | R3: Harvest | T3: CROSS | U3: CHECK
A4: 44456 | B4: Fri | C4: -0.4 | D4: 0.1875 | E4: =Effort!J2 -> CLOSED | F4: =Harvest!J2 -> CLOSED | G4: =CPUE!J2 -> CLOSED | I4: =Effort!L2 -> 486.38839 | J4: =Harvest!L2 -> 9619.6814 | K4: =CPUE!L2 -> 19.777778 | M4: CLOSED | N4: CLOSED | O4: CLOSED | Q4: =SUM(E4,I4) -> 486.38839 | R4: =SUM(F4,J4) -> 9619.6814
A5: 44457 | B5: Sat | C5: -0.5 | D5: 0.22361111 | E5: =Effort!J3 -> 1358.205 | F5: =Harvest!J3 -> 26711.365 | G5: =CPUE!J3 -> 19.666667 | I5: =Effort!L3 -> CLOSED | J5: =Harvest!L3 -> CLOSED | K5: =CPUE!L3 -> CLOSED | M5: CLOSED | N5: CLOSED | O5: CLOSED | Q5: =SUM(E5,I5) -> 1358.205 | R5: =SUM(F5,J5) -> 26711.365
A6: 44458 | B6: Sun | C6: -0.6 | D6: 0.25416667 | E6: =Effort!J4 -> CLOSED | F6: =Harvest!J4 -> CLOSED | G6: =CPUE!J4 -> CLOSED | I6: =Effort!L4 -> 4289.2158 | J6: =Harvest!L4 -> 69378.065 | K6: =CPUE!L4 -> 16.175 | M6: CLOSED | N6: CLOSED | O6: CLOSED | Q6: =SUM(E6,I6) -> 4289.2158 | R6: =SUM(F6,J6) -> 69378.065
A7: 44459 | B7: Mon | C7: -0.5 | D7: 0.28125 | E7: =Effort!J5 -> 2070.4779 | F7: =Harvest!J5 -> 41409.558 | G7: =CPUE!J5 -> 20 | I7: =Effort!L5 -> CLOSED | J7: =Harvest!L5 -> CLOSED | K7: =CPUE!L5 -> CLOSED | M7: CLOSED | N7: CLOSED | O7: CLOSED | Q7: =SUM(E7,I7) -> 2070.4779 | R7: =SUM(F7,J7) -> 41409.558
A8: 44460 | B8: Tue | C8: -0.2 | D8: 0.30625 | E8: =Effort!J6 -> CLOSED | F8: =Harvest!J6 -> CLOSED | G8: =CPUE!J6 -> CLOSED | I8: =Effort!L6 -> 2092.9978 | J8: =Harvest!L6 -> 41859.955 | K8: =CPUE!L6 -> 20 | M8: CLOSED | N8: CLOSED | O8: CLOSED | Q8: =SUM(E8,I8) -> 2092.9978 | R8: =SUM(F8,J8) -> 41859.955
A9: 44461 | B9: Wed | C9: 0.3 | D9: 0.32916667 | E9: =Effort!J7 -> 2970.2603 | F9: =Harvest!J7 -> 52765.8 | G9: =CPUE!J7 -> 17.764706 | I9: =Effort!L7 -> CLOSED | J9: =Harvest!L7 -> CLOSED | K9: =CPUE!L7 -> CLOSED | M9: CLOSED | N9: CLOSED | O9: CLOSED | Q9: =SUM(E9,I9) -> 2970.2603 | R9: =SUM(F9,J9) -> 52765.8
A10: 44462 | B10: Thu | C10: 0.3 | D10: 0.87361111 | E10: =Effort!J8 -> CLOSED | F10: =Harvest!J8 -> CLOSED | G10: =CPUE!J8 -> CLOSED | I10: =Effort!L8 -> 1263.6579 | J10: =Harvest!L8 -> 21116.388 | K10: =CPUE!L8 -> 16.710526 | M10: CLOSED | N10: CLOSED | O10: CLOSED | Q10: =SUM(E10,I10) -> 1263.6579 | R10: =SUM(F10,J10) -> 21116.388
A11: 44463 | B11: Fri | C11: 0.4 | D11: 0.9 | E11: =Effort!J9 -> 2185.169 | F11: =Harvest!J9 -> 40269.544 | G11: =CPUE!J9 -> 18.428571 | I11: =Effort!L9 -> CLOSED | J11: =Harvest!L9 -> CLOSED | K11: =CPUE!L9 -> CLOSED | M11: CLOSED | N11: CLOSED | O11: CLOSED | Q11: =SUM(E11,I11) -> 2185.169 | R11: =SUM(F11,J11) -> 40269.544
A12: 44464 | B12: Sat | C12: 0.5 | D12: 0.92708333 | E12: =Effort!J10 -> 1608.5394 | F12: =Harvest!J10 -> 32170.787 | G12: =CPUE!J10 -> 20 | I12: =Effort!L10 -> 1124.0876 | J12: =Harvest!L10 -> 18922.142 | K12: =CPUE!L10 -> 16.833333 | M12: CLOSED | N12: CLOSED | O12: CLOSED | Q12: =SUM(E12,I12) -> 2732.627 | R12: =SUM(F12,J12) -> 51092.929
A13: Tide Series Totals | E13: =SUM(E4:E12) -> 10192.652 | F13: =SUM(F4:F12) -> 193327.06 | G13: =+F13/E13 -> 18.967297 | H13: 129.65 | I13: =SUM(I4:I12) -> 9256.3474 | J13: =SUM(J4:J12) -> 160896.23 | K13: =+J13/I13 -> 17.382259 | L13: 113.5 | Q13: =SUM(Q4:Q12) -> 19448.999 | R13: =SUM(R4:R12) -> 354223.29 | T13: =SUM(E13,I13) -> 19448.999 | U13: =SUM(F13,J13) -> 354223.29
A14: 44472 | B14: Sun | C14: 0.2 | D14: 0.20277778 | E14: =Effort!J12 -> 964.6377 | F14: =Harvest!J12 -> 13628.599 | G14: =CPUE!J12 -> 14.128205 | I14: =Effort!L12 -> CLOSED | J14: =Harvest!L12 -> CLOSED | K14: =CPUE!L12 -> CLOSED | M14: CLOSED | N14: CLOSED | O14: CLOSED | Q14: =SUM(E14,I14) -> 964.6377 | R14: =SUM(F14,J14) -> 13628.599
A15: 44473 | B15: Mon | C15: 0 | D15: 0.23125 | E15: =Effort!J13 -> CLOSED | F15: =Harvest!J13 -> CLOSED | G15: =CPUE!J13 -> CLOSED | I15: =Effort!L13 -> 459.00352 | J15: =Harvest!L13 -> 5923.3311 | K15: =CPUE!L13 -> 12.904762 | M15: CLOSED | N15: CLOSED | O15: CLOSED | Q15: =SUM(E15,I15) -> 459.00352 | R15: =SUM(F15,J15) -> 5923.3311
A16: 44474 | B16: Tue | C16: -0.1 | D16: 0.25833333 | E16: =Effort!J14 -> 432.18085 | F16: =Harvest!J14 -> 5618.3511 | G16: =CPUE!J14 -> 13 | I16: =Effort!L14 -> CLOSED | J16: =Harvest!L14 -> CLOSED | K16: =CPUE!L14 -> CLOSED | M16: CLOSED | N16: CLOSED | O16: CLOSED | Q16: =SUM(E16,I16) -> 432.18085 | R16: =SUM(F16,J16) -> 5618.3511
A17: 44475 | B17: Wed | C17: -0.3 | D17: 0.80555556 | E17: =Effort!J15 -> CLOSED | F17: =Harvest!J15 -> CLOSED | G17: =CPUE!J15 -> CLOSED | I17: =Effort!L15 -> 3058.0619 | J17: =Harvest!L15 -> 60261.808 | K17: =CPUE!L15 -> 19.705882 | M17: CLOSED | N17: CLOSED | O17: CLOSED | Q17: =SUM(E17,I17) -> 3058.0619 | R17: =SUM(F17,J17) -> 60261.808
A18: 44476 | B18: Thu | C18: -0.8 | D18: 0.83611111 | E18: =Effort!J16 -> 2197.3689 | F18: =Harvest!J16 -> 43947.379 | G18: =CPUE!J16 -> 20 | I18: =Effort!L16 -> CLOSED | J18: =Harvest!L16 -> CLOSED | K18: =CPUE!L16 -> CLOSED | M18: CLOSED | N18: CLOSED | O18: CLOSED | Q18: =SUM(E18,I18) -> 2197.3689 | R18: =SUM(F18,J18) -> 43947.379
A19: 44477 | B19: Fri | C19: -1.1 | D19: 0.86805556 | E19: =Effort!J17 -> CLOSED | F19: =Harvest!J17 -> CLOSED | G19: =CPUE!J17 -> CLOSED | I19: =Effort!L17 -> 4373.242 | J19: =Harvest!L17 -> 82315.7 | K19: =CPUE!L17 -> 18.822581 | M19: CLOSED | N19: CLOSED | O19: CLOSED | Q19: =SUM(E19,I19) -> 4373.242 | R19: =SUM(F19,J19) -> 82315.7
A20: 44478 | B20: Sat | C20: -1.1 | D20: 0.90138889 | E20: =Effort!J18 -> 3398.4617 | F20: =Harvest!J18 -> 46151.109 | G20: =CPUE!J18 -> 13.58 | I20: =Effort!L18 -> CLOSED | J20: =Harvest!L18 -> CLOSED | K20: =CPUE!L18 -> CLOSED | M20: CLOSED | N20: CLOSED | O20: CLOSED | Q20: =SUM(E20,I20) -> 3398.4617 | R20: =SUM(F20,J20) -> 46151.109
A21: 44479 | B21: Sun | C21: -0.8 | D21: 0.93888889 | E21: =Effort!J19 -> CLOSED | F21: =Harvest!J19 -> CLOSED | G21: =CPUE!J19 -> CLOSED | I21: =Effort!L19 -> 859.04416 | J21: =Harvest!L19 -> 16536.6 | K21: =CPUE!L19 -> 19.25 | M21: CLOSED | N21: CLOSED | O21: CLOSED | Q21: =SUM(E21,I21) -> 859.04416 | R21: =SUM(F21,J21) -> 16536.6
A22: 44480 | B22: Mon | C22: -0.4 | D22: 0.98055556 | E22: =Effort!J20 -> 473.47827 | F22: =Harvest!J20 -> 9469.5654 | G22: =CPUE!J20 -> 20 | I22: =Effort!L20 -> CLOSED | J22: =Harvest!L20 -> CLOSED | K22: =CPUE!L20 -> CLOSED | M22: CLOSED | N22: CLOSED | O22: CLOSED | Q22: =SUM(E22,I22) -> 473.47827 | R22: =SUM(F22,J22) -> 9469.5654
A23: Tide Series Totals | E23: =SUM(E14:E22) -> 7466.1274 | F23: =SUM(F14:F22) -> 118815 | G23: =+F23/E23 -> 15.913873 | H23: 115.28205 | I23: =SUM(I14:I22) -> 8749.3515 | J23: =SUM(J14:J22) -> 165037.44 | K23: =+J23/I23 -> 18.862819 | L23: 118.47368 | Q23: =SUM(Q14:Q22) -> 16215.479 | R23: =SUM(R14:R22) -> 283852.44 | T23: =SUM(E23,I23) -> 16215.479 | U23: =SUM(F23,J23) -> 283852.44
A24: 44488 | B24: Tue | C24: 0.3 | D24: 0.78263889 | E24: =Effort!J22 -> 2476.1742 | F24: =Harvest!J22 -> 31412.039 | G24: =CPUE!J22 -> 12.685714 | I24: =Effort!L22 -> CLOSED | J24: =Harvest!L22 -> CLOSED | K24: =CPUE!L22 -> CLOSED | M24: CLOSED | N24: CLOSED | O24: CLOSED | Q24: =SUM(E24,I24) -> 2476.1742 | R24: =SUM(F24,J24) -> 31412.039
A25: 44489 | B25: Wed | C25: 0 | D25: 0.80763889 | E25: =Effort!J23 -> CLOSED | F25: =Harvest!J23 -> CLOSED | G25: =CPUE!J23 -> CLOSED | I25: =Effort!L23 -> 823.09239 | J25: =Harvest!L23 -> 14729.022 | K25: =CPUE!L23 -> 17.894737 | M25: CLOSED | N25: CLOSED | O25: CLOSED | Q25: =SUM(E25,I25) -> 823.09239 | R25: =SUM(F25,J25) -> 14729.022
A26: 44490 | B26: Thu | C26: -0.1 | D26: 0.83194444 | E26: =Effort!J24 -> 655.9474 | F26: =Harvest!J24 -> 9307.3618 | G26: =CPUE!J24 -> 14.189189 | I26: =Effort!L24 -> CLOSED | J26: =Harvest!L24 -> CLOSED | K26: =CPUE!L24 -> CLOSED | M26: CLOSED | N26: CLOSED | O26: CLOSED | Q26: =SUM(E26,I26) -> 655.9474 | R26: =SUM(F26,J26) -> 9307.3618
A27: 44491 | B27: Fri | C27: -0.1 | D27: 0.85555556 | E27: =Effort!J25 -> CLOSED | F27: =Harvest!J25 -> CLOSED | G27: =CPUE!J25 -> CLOSED | I27: =Effort!L25 -> 1283.4821 | J27: =Harvest!L25 -> 15071.747 | K27: =CPUE!L25 -> 11.742857 | M27: CLOSED | N27: CLOSED | O27: CLOSED | Q27: =SUM(E27,I27) -> 1283.4821 | R27: =SUM(F27,J27) -> 15071.747
A28: 44492 | B28: Sat | C28: 0 | D28: 0.87986111 | E28: =Effort!J26 -> 1751.0836 | F28: =Harvest!J26 -> 27757.918 | G28: =CPUE!J26 -> 15.851852 | I28: =Effort!L26 -> CLOSED | J28: =Harvest!L26 -> CLOSED | K28: =CPUE!L26 -> CLOSED | M28: CLOSED | N28: CLOSED | O28: CLOSED | Q28: =SUM(E28,I28) -> 1751.0836 | R28: =SUM(F28,J28) -> 27757.918
A29: 44493 | B29: Sun | C29: 0.2 | D29: 0.90486111 | E29: =Effort!J27 -> CLOSED | F29: =Harvest!J27 -> CLOSED | G29: =CPUE!J27 -> CLOSED | I29: =Effort!L27 -> 0 | J29: =Harvest!L27 -> 0 | K29: =CPUE!L27 -> 0 | M29: CLOSED | N29: CLOSED | O29: CLOSED | Q29: =SUM(E29,I29) -> 0 | R29: =SUM(F29,J29) -> 0
A30: 44494 | B30: Mon | C30: 0.5 | D30: 0.93402778 | E30: =Effort!J28 -> 9.5501101 | F30: =Harvest!J28 -> 200 | G30: =CPUE!J28 -> 11 | I30: =Effort!L28 -> CLOSED | J30: =Harvest!L28 -> CLOSED | K30: =CPUE!L28 -> CLOSED | M30: CLOSED | N30: CLOSED | O30: CLOSED | Q30: =SUM(E30,I30) -> 9.5501101 | R30: =SUM(F30,J30) -> 200
A31: Tide Series Totals | E31: =SUM(E24:E30) -> 4892.7554 | F31: =SUM(F24:F30) -> 68677.319 | G31: =+F31/E31 -> 14.036532 | H31: 108.5 | I31: =SUM(I24:I30) -> 2106.5745 | J31: =SUM(J24:J30) -> 29800.769 | K31: =+J31/I31 -> 14.146553 | L31: 110.7 | Q31: =SUM(Q24:Q30) -> 6999.3299 | R31: =SUM(R24:R30) -> 98478.088 | T31: =SUM(E31,I31) -> 6999.3299 | U31: =SUM(F31,J31) -> 98478.088
A32: 44503 | B32: Wed | C32: -0.3 | D32: 0.76111111 | E32: =Effort!J30 -> CLOSED | F32: =Harvest!J30 -> CLOSED | G32: =CPUE!J30 -> CLOSED | I32: =Effort!L30 -> 1290.5324 | J32: =Harvest!L30 -> 25530.097 | K32: =CPUE!L30 -> 19.782609 | M32: CLOSED | N32: CLOSED | O32: CLOSED | Q32: =SUM(E32,I32) -> 1290.5324 | R32: =SUM(F32,J32) -> 25530.097
A33: 44504 | B33: Thu | C33: -1.1 | D33: 0.79236111 | E33: =Effort!J31 -> 1998.155 | F33: =Harvest!J31 -> 35700.369 | G33: =CPUE!J31 -> 17.866667 | I33: =Effort!L31 -> CLOSED | J33: =Harvest!L31 -> CLOSED | K33: =CPUE!L31 -> CLOSED | M33: CLOSED | N33: CLOSED | O33: CLOSED | Q33: =SUM(E33,I33) -> 1998.155 | R33: =SUM(F33,J33) -> 35700.369
A34: 44505 | B34: Fri | C34: -1.6 | D34: 0.82361111 | E34: =Effort!J32 -> CLOSED | F34: =Harvest!J32 -> CLOSED | G34: =CPUE!J32 -> CLOSED | I34: =Effort!L32 -> 2365.3621 | J34: =Harvest!L32 -> 38528.11 | K34: =CPUE!L32 -> 16.288462 | M34: CLOSED | N34: CLOSED | O34: CLOSED | Q34: =SUM(E34,I34) -> 2365.3621 | R34: =SUM(F34,J34) -> 38528.11
A35: 44506 | B35: Sat | C35: -1.8 | D35: 0.85625 | E35: =Effort!J33 -> 3078.7503 | F35: =Harvest!J33 -> 52338.756 | G35: =CPUE!J33 -> 17 | I35: =Effort!L33 -> CLOSED | J35: =Harvest!L33 -> CLOSED | K35: =CPUE!L33 -> CLOSED | M35: CLOSED | N35: CLOSED | O35: CLOSED | Q35: =SUM(E35,I35) -> 3078.7503 | R35: =SUM(F35,J35) -> 52338.756
A36: 44507 | B36: Sun | C36: -1.6 | D36: 0.84930556 | E36: =Effort!J34 -> CLOSED | F36: =Harvest!J34 -> CLOSED | G36: =CPUE!J34 -> CLOSED | I36: =Effort!L34 -> 830.79559 | J36: =Harvest!L34 -> 14303.156 | K36: =CPUE!L34 -> 17.216216 | M36: CLOSED | N36: CLOSED | O36: CLOSED | Q36: =SUM(E36,I36) -> 830.79559 | R36: =SUM(F36,J36) -> 14303.156
A37: 44508 | B37: Mon | C37: -1.2 | D37: 0.88611111 | E37: =Effort!J35 -> 783.14526 | F37: =Harvest!J35 -> 15299.302 | G37: =CPUE!J35 -> 19.535714 | I37: =Effort!L35 -> CLOSED | J37: =Harvest!L35 -> CLOSED | K37: =CPUE!L35 -> CLOSED | M37: CLOSED | N37: CLOSED | O37: CLOSED | Q37: =SUM(E37,I37) -> 783.14526 | R37: =SUM(F37,J37) -> 15299.302
A38: 44509 | B38: Tue | C38: -0.6 | D38: 0.92569444 | E38: =Effort!J36 -> CLOSED | F38: =Harvest!J36 -> CLOSED | G38: =CPUE!J36 -> CLOSED | I38: =Effort!L36 -> 83.076926 | J38: =Harvest!L36 -> 1246.1539 | K38: =CPUE!L36 -> 15 | M38: CLOSED | N38: CLOSED | O38: CLOSED | Q38: =SUM(E38,I38) -> 83.076926 | R38: =SUM(F38,J38) -> 1246.1539
A39: 44510 | B39: Wed | C39: 0 | D39: 0.96944444 | E39: =Effort!J37 -> 97.239057 | F39: =Harvest!J37 -> 1269.2256 | G39: =CPUE!J37 -> 13.052632 | I39: =Effort!L37 -> CLOSED | J39: =Harvest!L37 -> CLOSED | K39: =CPUE!L37 -> CLOSED | M39: CLOSED | N39: CLOSED | O39: CLOSED | Q39: =SUM(E39,I39) -> 97.239057 | R39: =SUM(F39,J39) -> 1269.2256
A40: Tide Series Totals | E40: =SUM(E32:E39) -> 5957.2896 | F40: =SUM(F32:F39) -> 104607.65 | G40: =+F40/E40 -> 17.559605 | I40: =SUM(I32:I39) -> 4569.767 | J40: =SUM(J32:J39) -> 79607.517 | K40: =+J40/I40 -> 17.420476 | Q40: =SUM(Q32:Q39) -> 10527.057 | R40: =SUM(R32:R39) -> 184215.17 | T40: =SUM(E40,I40) -> 10527.057 | U40: =SUM(F40,J40) -> 184215.17
A41: 44516 | B41: Tue | C41: 0.5 | D41: 0.70138889 | E41: =Effort!J39 -> 1466.0893 | F41: =Harvest!J39 -> 28810.359 | G41: =CPUE!J39 -> 19.651163 | I41: =Effort!L39 -> CLOSED | J41: =Harvest!L39 -> CLOSED | K41: =CPUE!L39 -> CLOSED | M41: CLOSED | N41: CLOSED | O41: CLOSED | Q41: =SUM(E41,I41) -> 1466.0893 | R41: =SUM(F41,J41) -> 28810.359
A42: 44517 | B42: Wed | C42: 0.1 | D42: 0.72777778 | E42: =Effort!J40 -> CLOSED | F42: =Harvest!J40 -> CLOSED | G42: =CPUE!J40 -> CLOSED | I42: =Effort!L40 -> 846.46098 | J42: =Harvest!L40 -> 16467.514 | K42: =CPUE!L40 -> 19.454545 | M42: CLOSED | N42: CLOSED | O42: CLOSED | Q42: =SUM(E42,I42) -> 846.46098 | R42: =SUM(F42,J42) -> 16467.514
A43: 44518 | B43: Thu | C43: -0.2 | D43: 0.75208333 | E43: =Effort!J41 -> 844.17122 | F43: =Harvest!J41 -> 16672.382 | G43: =CPUE!J41 -> 19.75 | I43: =Effort!L41 -> CLOSED | J43: =Harvest!L41 -> CLOSED | K43: =CPUE!L41 -> CLOSED | M43: CLOSED | N43: CLOSED | O43: CLOSED | Q43: =SUM(E43,I43) -> 844.17122 | R43: =SUM(F43,J43) -> 16672.382
A44: 44519 | B44: Fri | C44: -0.3 | D44: 0.77569444 | E44: =Effort!J42 -> CLOSED | F44: =Harvest!J42 -> CLOSED | G44: =CPUE!J42 -> CLOSED | I44: =Effort!L42 -> 1368.0575 | J44: =Harvest!L42 -> 19836.834 | K44: =CPUE!L42 -> 14.5 | M44: CLOSED | N44: CLOSED | O44: CLOSED | Q44: =SUM(E44,I44) -> 1368.0575 | R44: =SUM(F44,J44) -> 19836.834
A45: 44520 | B45: Sat | C45: -0.3 | D45: 0.79861111 | E45: =Effort!J43 -> 2772.1045 | F45: =Harvest!J43 -> 51165.129 | G45: =CPUE!J43 -> 18.457143 | I45: =Effort!L43 -> CLOSED | J45: =Harvest!L43 -> CLOSED | K45: =CPUE!L43 -> CLOSED | M45: CLOSED | N45: CLOSED | O45: CLOSED | Q45: =SUM(E45,I45) -> 2772.1045 | R45: =SUM(F45,J45) -> 51165.129
A46: 44521 | B46: Sun | C46: -0.2 | D46: 0.82222222 | E46: =Effort!J44 -> CLOSED | F46: =Harvest!J44 -> CLOSED | G46: =CPUE!J44 -> CLOSED | I46: =Effort!L44 -> 726.48021 | J46: =Harvest!L44 -> 13294.588 | K46: =CPUE!L44 -> 18.3 | M46: CLOSED | N46: CLOSED | O46: CLOSED | Q46: =SUM(E46,I46) -> 726.48021 | R46: =SUM(F46,J46) -> 13294.588
A47: 44522 | B47: Mon | C47: 0 | D47: 0.84791667 | E47: =Effort!J45 -> 339.73333 | F47: =Harvest!J45 -> 5120.2667 | G47: =CPUE!J45 -> 15.071429 | I47: =Effort!L45 -> CLOSED | J47: =Harvest!L45 -> CLOSED | K47: =CPUE!L45 -> CLOSED | M47: CLOSED | N47: CLOSED | O47: CLOSED | Q47: =SUM(E47,I47) -> 339.73333 | R47: =SUM(F47,J47) -> 5120.2667
A48: 44523 | B48: Tue | C48: 0.2 | D48: 0.875 | E48: =Effort!J46 -> CLOSED | F48: =Harvest!J46 -> CLOSED | G48: =CPUE!J46 -> CLOSED | I48: =Effort!L46 -> 138.86352 | J48: =Harvest!L46 -> 2211.8974 | K48: =CPUE!L46 -> 15.928571 | M48: CLOSED | N48: CLOSED | O48: CLOSED | Q48: =SUM(E48,I48) -> 138.86352 | R48: =SUM(F48,J48) -> 2211.8974
A49: 44524 | B49: Wed | C49: 0.5 | D49: 0.90486111 | E49: =Effort!J47 -> 466.9473 | F49: =Harvest!J47 -> 7004.2096 | G49: =CPUE!J47 -> 15 | I49: =Effort!L47 -> CLOSED | J49: =Harvest!L47 -> CLOSED | K49: =CPUE!L47 -> CLOSED | M49: CLOSED | N49: CLOSED | O49: CLOSED | Q49: =SUM(E49,I49) -> 466.9473 | R49: =SUM(F49,J49) -> 7004.2096
A50: Tide Series Totals | E50: =SUM(E41:E49) -> 5889.0456 | F50: =SUM(F41:F49) -> 108772.35 | G50: =+F50/E50 -> 18.470284 | I50: =SUM(I41:I49) -> 3079.8622 | J50: =SUM(J41:J49) -> 51810.833 | K50: =+J50/I50 -> 16.822452 | Q50: =SUM(Q41:Q49) -> 8968.9079 | R50: =SUM(R41:R49) -> 160583.18 | T50: =SUM(E50,I50) -> 8968.9079 | U50: =SUM(F50,J50) -> 160583.18
A51: 44531 | B51: Wed | C51: 0.1 | D51: 0.67291667 | E51: =Effort!J49 -> 1287.064 | F51: =Harvest!J49 -> 24847.486 | G51: =CPUE!J49 -> 19.305556 | I51: =Effort!L49 -> CLOSED | J51: =Harvest!L49 -> CLOSED | K51: =CPUE!L49 -> CLOSED | M51: CLOSED | N51: CLOSED | O51: CLOSED | Q51: =SUM(E51,I51) -> 1287.064 | R51: =SUM(F51,J51) -> 24847.486
A52: 44532 | B52: Thu | C52: -0.8 | D52: 0.70694444 | E52: =Effort!J50 -> CLOSED | F52: =Harvest!J50 -> CLOSED | G52: =CPUE!J50 -> CLOSED | I52: =Effort!L50 -> 1611.5335 | J52: =Harvest!L50 -> 31751.047 | K52: =CPUE!L50 -> 19.702381 | M52: CLOSED | N52: CLOSED | O52: CLOSED | Q52: =SUM(E52,I52) -> 1611.5335 | R52: =SUM(F52,J52) -> 31751.047
A53: 44533 | B53: Fri | C53: -1.5 | D53: 0.73958333 | E53: =Effort!J51 -> 3695.3193 | F53: =Harvest!J51 -> 72819.527 | G53: =CPUE!J51 -> 19.705882 | I53: =Effort!L51 -> CLOSED | J53: =Harvest!L51 -> CLOSED | K53: =CPUE!L51 -> CLOSED | M53: CLOSED | N53: CLOSED | O53: CLOSED | Q53: =SUM(E53,I53) -> 3695.3193 | R53: =SUM(F53,J53) -> 72819.527
A54: 44534 | B54: Sat | C54: -1.9 | D54: 0.77222222 | E54: =Effort!J52 -> CLOSED | F54: =Harvest!J52 -> CLOSED | G54: =CPUE!J52 -> CLOSED | I54: =Effort!L52 -> 3731.4285 | J54: =Harvest!L52 -> 71311.745 | K54: =CPUE!L52 -> 19.111111 | M54: CLOSED | N54: CLOSED | O54: CLOSED | Q54: =SUM(E54,I54) -> 3731.4285 | R54: =SUM(F54,J54) -> 71311.745
A55: 44535 | B55: Sun | C55: -2 | D55: 0.80555556 | E55: =Effort!J53 -> 1983.4433 | F55: =Harvest!J53 -> 38393.795 | G55: =CPUE!J53 -> 19.357143 | I55: =Effort!L53 -> CLOSED | J55: =Harvest!L53 -> CLOSED | K55: =CPUE!L53 -> CLOSED | M55: CLOSED | N55: CLOSED | O55: CLOSED | Q55: =SUM(E55,I55) -> 1983.4433 | R55: =SUM(F55,J55) -> 38393.795
A56: 44536 | B56: Mon | C56: -1.7 | D56: 0.83958333 | E56: =Effort!J54 -> CLOSED | F56: =Harvest!J54 -> CLOSED | G56: =CPUE!J54 -> CLOSED | I56: =Effort!L54 -> 402.81879 | J56: =Harvest!L54 -> 7877.3452 | K56: =CPUE!L54 -> 19.555556 | M56: CLOSED | N56: CLOSED | O56: CLOSED | Q56: =SUM(E56,I56) -> 402.81879 | R56: =SUM(F56,J56) -> 7877.3452
A57: 44537 | B57: Tue | C57: -1.2 | D57: 0.87430556 | E57: =Effort!J55 -> 344.37367 | F57: =Harvest!J55 -> 6686.5887 | G57: =CPUE!J55 -> 19.416667 | I57: =Effort!L55 -> CLOSED | J57: =Harvest!L55 -> CLOSED | K57: =CPUE!L55 -> CLOSED | M57: CLOSED | N57: CLOSED | O57: CLOSED | Q57: =SUM(E57,I57) -> 344.37367 | R57: =SUM(F57,J57) -> 6686.5887
A58: 44538 | B58: Wed | C58: -0.6 | D58: 0.91041667 | E58: =Effort!J56 -> CLOSED | F58: =Harvest!J56 -> CLOSED | G58: =CPUE!J56 -> CLOSED | I58: =Effort!L56 -> 105.92389 | J58: =Harvest!L56 -> 1047.4696 | K58: =CPUE!L56 -> 9.8888889 | M58: CLOSED | N58: CLOSED | O58: CLOSED | Q58: =SUM(E58,I58) -> 105.92389 | R58: =SUM(F58,J58) -> 1047.4696
A59: 44539 | B59: Thu | C59: 0.1 | D59: 0.94791667 | E59: =Effort!J57 -> 73.04348 | F59: =Harvest!J57 -> 907.82611 | G59: =CPUE!J57 -> 12.428571 | I59: =Effort!L57 -> CLOSED | J59: =Harvest!L57 -> CLOSED | K59: =CPUE!L57 -> CLOSED | M59: CLOSED | N59: CLOSED | O59: CLOSED | Q59: =SUM(E59,I59) -> 73.04348 | R59: =SUM(F59,J59) -> 907.82611
A60: Tide Series Totals | E60: =SUM(E51:E59) -> 7383.2437 | F60: =SUM(F51:F59) -> 143655.22 | G60: =+F60/E60 -> 19.456925 | I60: =SUM(I51:I59) -> 5851.7047 | J60: =SUM(J51:J59) -> 111987.61 | K60: =+J60/I60 -> 19.137604 | Q60: =SUM(Q51:Q59) -> 13234.948 | R60: =SUM(R51:R59) -> 255642.83 | T60: =SUM(E60,I60) -> 13234.948 | U60: =SUM(F60,J60) -> 255642.83
A61: 44545 | B61: Wed | C61: 0.6 | D61: 0.68611111 | E61: =Effort!J59 -> CLOSED | F61: =Harvest!J59 -> CLOSED | G61: =CPUE!J59 -> CLOSED | I61: =Effort!L59 -> 371.68653 | J61: =Harvest!L59 -> 4625.4324 | K61: =CPUE!L59 -> 12.444444 | M61: CLOSED | N61: CLOSED | O61: CLOSED | Q61: =SUM(E61,I61) -> 371.68653 | R61: =SUM(F61,J61) -> 4625.4324
A62: 44546 | B62: Thu | C62: 0.1 | D62: 0.72013889 | E62: =Effort!J60 -> 1041.3949 | F62: =Harvest!J60 -> 20553.846 | G62: =CPUE!J60 -> 19.736842 | I62: =Effort!L60 -> CLOSED | J62: =Harvest!L60 -> CLOSED | K62: =CPUE!L60 -> CLOSED | M62: CLOSED | N62: CLOSED | O62: CLOSED | Q62: =SUM(E62,I62) -> 1041.3949 | R62: =SUM(F62,J62) -> 20553.846
A63: 44547 | B63: Fri | C63: -0.2 | D63: 0.73819444 | E63: =Effort!J61 -> CLOSED | F63: =Harvest!J61 -> CLOSED | G63: =CPUE!J61 -> CLOSED | I63: =Effort!L61 -> 628.72971 | J63: =Harvest!L61 -> 8872.0747 | K63: =CPUE!L61 -> 14.111111 | M63: CLOSED | N63: CLOSED | O63: CLOSED | Q63: =SUM(E63,I63) -> 628.72971 | R63: =SUM(F63,J63) -> 8872.0747
A64: 44548 | B64: Sat | C64: -0.3 | D64: 0.7625 | E64: =Effort!J62 -> 1240.116 | F64: =Harvest!J62 -> 24137.972 | G64: =CPUE!J62 -> 19.464286 | I64: =Effort!L62 -> CLOSED | J64: =Harvest!L62 -> CLOSED | K64: =CPUE!L62 -> CLOSED | M64: CLOSED | N64: CLOSED | O64: CLOSED | Q64: =SUM(E64,I64) -> 1240.116 | R64: =SUM(F64,J64) -> 24137.972
A65: 44549 | B65: Sun | C65: -0.4 | D65: 0.78611111 | E65: =Effort!J63 -> CLOSED | F65: =Harvest!J63 -> CLOSED | G65: =CPUE!J63 -> CLOSED | I65: =Effort!L63 -> 788.8 | J65: =Harvest!L63 -> 14934.613 | K65: =CPUE!L63 -> 18.933333 | M65: CLOSED | N65: CLOSED | O65: CLOSED | Q65: =SUM(E65,I65) -> 788.8 | R65: =SUM(F65,J65) -> 14934.613
A66: 44550 | B66: Mon | C66: -0.3 | D66: 0.81041667 | E66: =Effort!J64 -> 321.85709 | F66: =Harvest!J64 -> 4269.3397 | G66: =CPUE!J64 -> 13.264706 | I66: =Effort!L64 -> CLOSED | J66: =Harvest!L64 -> CLOSED | K66: =CPUE!L64 -> CLOSED | M66: CLOSED | N66: CLOSED | O66: CLOSED | Q66: =SUM(E66,I66) -> 321.85709 | R66: =SUM(F66,J66) -> 4269.3397
A67: 44551 | B67: Tue | C67: -0.2 | D67: 0.83472222 | E67: =Effort!J65 -> CLOSED | F67: =Harvest!J65 -> CLOSED | G67: =CPUE!J65 -> CLOSED | I67: =Effort!L65 -> 147.2 | J67: =Harvest!L65 -> 1095.8222 | K67: =CPUE!L65 -> 7.4444444 | M67: CLOSED | N67: CLOSED | O67: CLOSED | Q67: =SUM(E67,I67) -> 147.2 | R67: =SUM(F67,J67) -> 1095.8222
A68: 44552 | B68: Wed | C68: -0.1 | D68: 0.85972222 | E68: =Effort!J66 -> 120.41666 | F68: =Harvest!J66 -> 488.74998 | G68: =CPUE!J66 -> 4.0588235 | I68: =Effort!L66 -> CLOSED | J68: =Harvest!L66 -> CLOSED | K68: =CPUE!L66 -> CLOSED | M68: CLOSED | N68: CLOSED | O68: CLOSED | Q68: =SUM(E68,I68) -> 120.41666 | R68: =SUM(F68,J68) -> 488.74998
A69: 44553 | B69: Thu | C69: 0.2 | D69: 0.88611111 | E69: =Effort!J67 -> CLOSED | F69: =Harvest!J67 -> CLOSED | G69: =CPUE!J67 -> CLOSED | I69: =Effort!L67 -> 101.53847 | J69: =Harvest!L67 -> 507.69233 | K69: =CPUE!L67 -> 5 | M69: CLOSED | N69: CLOSED | O69: CLOSED | Q69: =SUM(E69,I69) -> 101.53847 | R69: =SUM(F69,J69) -> 507.69233
A70: Tide Series Totals | E70: =SUM(E61:E69) -> 2723.7846 | F70: =SUM(F61:F69) -> 49449.907 | G70: =+F70/E70 -> 18.154852 | I70: =SUM(I61:I69) -> 2037.9547 | J70: =SUM(J61:J69) -> 30035.635 | K70: =+J70/I70 -> 14.738127 | Q70: =SUM(Q61:Q69) -> 4761.7393 | R70: =SUM(R61:R69) -> 79485.542 | T70: =SUM(E70,I70) -> 4761.7393 | U70: =SUM(F70,J70) -> 79485.542
A71: 44560 | B71: Thu | C71: -0.1 | D71: 0.65902778 | E71: =Effort!J69 -> CLOSED | F71: =Harvest!J69 -> CLOSED | G71: =CPUE!J69 -> CLOSED | I71: =Effort!L69 -> 1467.865 | J71: =Harvest!L69 -> 20855.915 | K71: =CPUE!L69 -> 14.208333 | M71: CLOSED | N71: CLOSED | O71: CLOSED | Q71: =SUM(E71,I71) -> 1467.865 | R71: =SUM(F71,J71) -> 20855.915
A72: 44561 | B72: Fri | C72: -0.9 | D72: 0.69583333 | E72: =Effort!J70 -> 2995.5827 | F72: =Harvest!J70 -> 44364.959 | G72: =CPUE!J70 -> 14.810127 | I72: =Effort!L70 -> CLOSED | J72: =Harvest!L70 -> CLOSED | K72: =CPUE!L70 -> CLOSED | M72: CLOSED | N72: CLOSED | O72: CLOSED | Q72: =SUM(E72,I72) -> 2995.5827 | R72: =SUM(F72,J72) -> 44364.959
A73: 44562 | B73: Sat | C73: -1.5 | D73: 0.73055556 | E73: =Effort!J71 -> CLOSED | F73: =Harvest!J71 -> CLOSED | G73: =CPUE!J71 -> CLOSED | I73: =Effort!L71 -> 1991.5653 | J73: =Harvest!L71 -> 28106.315 | K73: =CPUE!L71 -> 14.112676 | M73: CLOSED | N73: CLOSED | O73: CLOSED | Q73: =SUM(E73,I73) -> 1991.5653 | R73: =SUM(F73,J73) -> 28106.315
A74: 44563 | B74: Sun | C74: -1.8 | D74: 0.76458333 | E74: =Effort!J72 -> 241.31627 | F74: =Harvest!J72 -> 643.51007 | G74: =CPUE!J72 -> 2.6666667 | I74: =Effort!L72 -> CLOSED | J74: =Harvest!L72 -> CLOSED | K74: =CPUE!L72 -> CLOSED | M74: CLOSED | N74: CLOSED | O74: CLOSED | Q74: =SUM(E74,I74) -> 241.31627 | R74: =SUM(F74,J74) -> 643.51007
A75: 44564 | B75: Mon | C75: -1.9 | D75: 0.79722222 | E75: =Effort!J73 -> CLOSED | F75: =Harvest!J73 -> CLOSED | G75: =CPUE!J73 -> CLOSED | I75: =Effort!L73 -> 123.07693 | J75: =Harvest!L73 -> 728.99411 | K75: =CPUE!L73 -> 5.9230769 | M75: CLOSED | N75: CLOSED | O75: CLOSED | Q75: =SUM(E75,I75) -> 123.07693 | R75: =SUM(F75,J75) -> 728.99411
A76: 44565 | B76: Tue | C76: -1.6 | D76: 0.82916667 | E76: =Effort!J74 -> 186.92308 | F76: =Harvest!J74 -> 2336.5385 | G76: =CPUE!J74 -> 12.5 | I76: =Effort!L74 -> CLOSED | J76: =Harvest!L74 -> CLOSED | K76: =CPUE!L74 -> CLOSED | M76: CLOSED | N76: CLOSED | O76: CLOSED | Q76: =SUM(E76,I76) -> 186.92308 | R76: =SUM(F76,J76) -> 2336.5385
A77: 44566 | B77: Wed | C77: -1.1 | D77: 0.86111111 | E77: =Effort!J75 -> CLOSED | F77: =Harvest!J75 -> CLOSED | G77: =CPUE!J75 -> CLOSED | I77: =Effort!L75 -> CLOSED | J77: =Harvest!L75 -> CLOSED | K77: =CPUE!L75 -> CLOSED | M77: CLOSED | N77: CLOSED | O77: CLOSED | Q77: =SUM(E77,I77) -> 0 | R77: =SUM(F77,J77) -> 0
A78: Tide Series Totals | E78: =SUM(E71:E77) -> 3423.8221 | F78: =SUM(F71:F77) -> 47345.008 | G78: =+F78/E78 -> 13.828116 | I78: =SUM(I71:I77) -> 3582.5072 | J78: =SUM(J71:J77) -> 49691.225 | K78: =+J78/I78 -> 13.870516 | Q78: =SUM(Q71:Q77) -> 7006.3293 | R78: =SUM(R71:R77) -> 97036.232 | T78: =SUM(E78,I78) -> 7006.3293 | U78: =SUM(F78,J78) -> 97036.232
A79: 44210 | B79: Fri | C79: 0.4 | D79: 0.69652778 | E79: =Effort!J77 -> CLOSED | F79: =Harvest!J77 -> CLOSED | G79: =CPUE!J77 -> CLOSED | I79: =Effort!L77 -> CLOSED | J79: =Harvest!L77 -> CLOSED | K79: =CPUE!L77 -> CLOSED | M79: CLOSED | N79: CLOSED | O79: CLOSED | Q79: =SUM(E79,I79) -> 0 | R79: =SUM(F79,J79) -> 0
A80: 44211 | B80: Sat | C80: 0.4 | D80: 0.72361111 | E80: =Effort!J78 -> 2308.1745 | F80: =Harvest!J78 -> 32250.327 | G80: =CPUE!J78 -> 13.972222 | I80: =Effort!L78 -> CLOSED | J80: =Harvest!L78 -> CLOSED | K80: =CPUE!L78 -> CLOSED | M80: CLOSED | N80: CLOSED | O80: CLOSED | Q80: =SUM(E80,I80) -> 2308.1745 | R80: =SUM(F80,J80) -> 32250.327
A81: 44212 | B81: Sun | C81: -0.2 | D81: 0.74930556 | E81: =Effort!J79 -> CLOSED | F81: =Harvest!J79 -> CLOSED | G81: =CPUE!J79 -> CLOSED | I81: =Effort!L79 -> 3004.3101 | J81: =Harvest!L79 -> 41711.003 | K81: =CPUE!L79 -> 13.883721 | M81: CLOSED | N81: CLOSED | O81: CLOSED | Q81: =SUM(E81,I81) -> 3004.3101 | R81: =SUM(F81,J81) -> 41711.003
A82: 44213 | B82: Mon | C82: -0.3 | D82: 0.77361111 | E82: =Effort!J80 -> 712.73973 | F82: =Harvest!J80 -> 9676.8124 | G82: =CPUE!J80 -> 13.576923 | I82: =Effort!L80 -> CLOSED | J82: =Harvest!L80 -> CLOSED | K82: =CPUE!L80 -> CLOSED | M82: CLOSED | N82: CLOSED | O82: CLOSED | Q82: =SUM(E82,I82) -> 712.73973 | R82: =SUM(F82,J82) -> 9676.8124
A83: 44214 | B83: Tue | C83: -0.4 | D83: 0.79722222 | E83: =Effort!J81 -> CLOSED | F83: =Harvest!J81 -> CLOSED | G83: =CPUE!J81 -> CLOSED | I83: =Effort!L81 -> CLOSED | J83: =Harvest!L81 -> CLOSED | K83: =CPUE!L81 -> CLOSED | M83: CLOSED | N83: CLOSED | O83: CLOSED | Q83: =SUM(E83,I83) -> 0 | R83: =SUM(F83,J83) -> 0
A84: 44215 | B84: Wed | C84: -0.4 | D84: 0.82013889 | E84: =Effort!J82 -> 161.66666 | F84: =Harvest!J82 -> 2288.205 | G84: =CPUE!J82 -> 14.153846 | I84: =Effort!L82 -> CLOSED | J84: =Harvest!L82 -> CLOSED | K84: =CPUE!L82 -> CLOSED | M84: CLOSED | N84: CLOSED | O84: CLOSED | Q84: =SUM(E84,I84) -> 161.66666 | R84: =SUM(F84,J84) -> 2288.205
A85: 44216 | B85: Thu | C85: -0.2 | D85: 0.84305556 | E85: =Effort!J83 -> CLOSED | F85: =Harvest!J137 -> 0 | G85: =CPUE!J83 -> CLOSED | I85: =Effort!L83 -> CLOSED | J85: =Harvest!L83 -> CLOSED | K85: =CPUE!L83 -> CLOSED | M85: CLOSED | N85: CLOSED | O85: CLOSED | Q85: =SUM(E85,I85) -> 0 | R85: =SUM(F85,J85) -> 0
A86: Tide Series Totals | E86: =SUM(E79:E85) -> 3182.5809 | F86: =SUM(F79:F85) -> 44215.344 | G86: =+F86/E86 -> 13.892921 | I86: =SUM(I79:I85) -> 3004.3101 | J86: =SUM(J79:J85) -> 41711.003 | K86: =+J86/I86 -> 13.883721 | Q86: =SUM(Q79:Q85) -> 6186.891 | R86: =SUM(R79:R85) -> 85926.347 | T86: =SUM(E86,I86) -> 6186.891 | U86: =SUM(F86,J86) -> 85926.347
A87: 44590 | B87: Sat | C87: -0.7 | D87: 0.6875 | E87: =Effort!J85 -> CLOSED | F87: =Harvest!J85 -> CLOSED | G87: =CPUE!J85 -> CLOSED | I87: =Effort!L85 -> 6202.1833 | J87: =Harvest!L85 -> 84429.721 | K87: =CPUE!L85 -> 13.612903 | M87: CLOSED | N87: CLOSED | O87: CLOSED | Q87: =SUM(E87,I87) -> 6202.1833 | R87: =SUM(F87,J87) -> 84429.721
A88: 44591 | B88: Sun | C88: -1.2 | D88: 0.72291667 | E88: =Effort!J86 -> 2066.0385 | F88: =Harvest!J86 -> 28499.179 | G88: =CPUE!J86 -> 13.794118 | I88: =Effort!L86 -> CLOSED | J88: =Harvest!L86 -> CLOSED | K88: =CPUE!L86 -> CLOSED | M88: CLOSED | N88: CLOSED | O88: CLOSED | Q88: =SUM(E88,I88) -> 2066.0385 | R88: =SUM(F88,J88) -> 28499.179
A89: 44592 | B89: Mon | C89: -1.5 | D89: 0.75555556 | E89: =Effort!J87 -> CLOSED | F89: =Harvest!J87 -> CLOSED | G89: =CPUE!J87 -> CLOSED | I89: =Effort!L87 -> CLOSED | J89: =Harvest!L87 -> CLOSED | K89: =CPUE!L87 -> CLOSED | M89: CLOSED | N89: CLOSED | O89: CLOSED | Q89: =SUM(E89,I89) -> 0 | R89: =SUM(F89,J89) -> 0
A90: 44593 | B90: Tue | C90: -1.5 | D90: 0.78611111 | E90: =Effort!J88 -> 974.95145 | F90: =Harvest!J88 -> 14488.232 | G90: =CPUE!J88 -> 14.860465 | I90: =Effort!L88 -> CLOSED | J90: =Harvest!L88 -> CLOSED | K90: =CPUE!L88 -> CLOSED | M90: CLOSED | N90: CLOSED | O90: CLOSED | Q90: =SUM(E90,I90) -> 974.95145 | R90: =SUM(F90,J90) -> 14488.232
A91: 44594 | B91: Wed | C91: -1.2 | D91: 0.81527778 | E91: =Effort!J89 -> CLOSED | F91: =Harvest!J89 -> CLOSED | G91: =CPUE!J89 -> CLOSED | I91: =Effort!L89 -> 457.35027 | J91: =Harvest!L89 -> 5030.853 | K91: =CPUE!L89 -> 11 | M91: CLOSED | N91: CLOSED | O91: CLOSED | Q91: =SUM(E91,I91) -> 457.35027 | R91: =SUM(F91,J91) -> 5030.853
A92: 44595 | B92: Thu | C92: -0.7 | D92: 0.84236111 | E92: =Effort!J90 -> 399.54107 | F92: =Harvest!J90 -> 5251.1112 | G92: =CPUE!J90 -> 13.142857 | I92: =Effort!L90 -> CLOSED | J92: =Harvest!L90 -> CLOSED | K92: =CPUE!L90 -> CLOSED | M92: CLOSED | N92: CLOSED | O92: CLOSED | Q92: =SUM(E92,I92) -> 399.54107 | R92: =SUM(F92,J92) -> 5251.1112
A93: Tide Series Totals | E93: =SUM(E87:E92) -> 3440.5311 | F93: =SUM(F87:F92) -> 48238.522 | G93: =+F93/E93 -> 14.020662 | I93: =SUM(I87:I92) -> 6659.5336 | J93: =SUM(J87:J92) -> 89460.574 | K93: =+J93/I93 -> 13.433459 | Q93: =SUM(Q87:Q92) -> 10100.065 | R93: =SUM(R87:R92) -> 137699.1 | T93: =SUM(E93,I93) -> 10100.065 | U93: =SUM(F93,J93) -> 137699.1
A94: 44606 | B94: Mon | C94: 0 | D94: 0.73263889 | E94: =Effort!J92 -> CLOSED | F94: =Harvest!J92 -> CLOSED | G94: =CPUE!J92 -> CLOSED | I94: =Effort!L92 -> CLOSED | J94: =Harvest!L92 -> CLOSED | K94: =CPUE!L92 -> CLOSED | M94: CLOSED | N94: CLOSED | O94: CLOSED | Q94: =SUM(E94,I94) -> 0 | R94: =SUM(F94,J94) -> 0
A95: 44607 | B95: Tue | C95: -0.3 | D95: 0.75625 | E95: =Effort!J93 -> CLOSED | F95: =Harvest!J93 -> CLOSED | G95: =CPUE!J93 -> CLOSED | I95: =Effort!L93 -> 1300.3996 | J95: =Harvest!L93 -> 19505.994 | K95: =CPUE!L93 -> 15 | M95: CLOSED | N95: CLOSED | O95: CLOSED | Q95: =SUM(E95,I95) -> 1300.3996 | R95: =SUM(F95,J95) -> 19505.994
A96: 44608 | B96: Wed | C96: -0.4 | D96: 0.77916667 | E96: =Effort!J94 -> 1903.8172 | F96: =Harvest!J94 -> 28557.259 | G96: =CPUE!J94 -> 15 | I96: =Effort!L94 -> CLOSED | J96: =Harvest!L94 -> CLOSED | K96: =CPUE!L94 -> CLOSED | M96: CLOSED | N96: CLOSED | O96: CLOSED | Q96: =SUM(E96,I96) -> 1903.8172 | R96: =SUM(F96,J96) -> 28557.259
A97: 44609 | B97: Thu | C97: -0.3 | D97: 0.80138889 | E97: =Effort!J95 -> CLOSED | F97: =Harvest!J95 -> CLOSED | G97: =CPUE!J95 -> CLOSED | I97: =Effort!L95 -> CLOSED | J97: =Harvest!L95 -> CLOSED | K97: =CPUE!L95 -> CLOSED | M97: CLOSED | N97: CLOSED | O97: CLOSED | Q97: =SUM(E97,I97) -> 0 | R97: =SUM(F97,J97) -> 0
A98: 44610 | B98: Fri | C98: -0.1 | D98: 0.82291667 | E98: =Effort!J96 -> 1600.5324 | F98: =Harvest!J96 -> 23367.773 | G98: =CPUE!J96 -> 14.6 | I98: =Effort!L96 -> CLOSED | J98: =Harvest!L96 -> CLOSED | K98: =CPUE!L96 -> CLOSED | M98: CLOSED | N98: CLOSED | O98: CLOSED | Q98: =SUM(E98,I98) -> 1600.5324 | R98: =SUM(F98,J98) -> 23367.773
A99: Tide Series Totals | E99: =SUM(E94:E98) -> 3504.3496 | F99: =SUM(F94:F98) -> 51925.031 | G99: =+F99/E99 -> 14.817309 | I99: =SUM(I94:I98) -> 1300.3996 | J99: =SUM(J94:J98) -> 19505.994 | K99: =+J99/I99 -> 15 | Q99: =SUM(Q94:Q98) -> 4804.7492 | R99: =SUM(R94:R98) -> 71431.025 | T99: =SUM(E99,I99) -> 4804.7492 | U99: =SUM(F99,J99) -> 71431.025
A100: 44618 | B100: Sat | C100: 0 | D100: 0.6375 | E100: =Effort!J98 -> 4656.74 | F100: =Harvest!J98 -> 62185.39 | G100: =CPUE!J98 -> 13.353846 | I100: =Effort!L98 -> CLOSED | J100: =Harvest!L98 -> CLOSED | K100: =CPUE!L98 -> CLOSED | M100: CLOSED | N100: CLOSED | O100: CLOSED | Q100: =SUM(E100,I100) -> 4656.74 | R100: =SUM(F100,J100) -> 62185.39
...

Sheet TAC
A1: NON-TRIBAL TOTAL ALLOWABLE CATCH (TAC)
