Workbook

Sheet Harvest
A1: Date | B1: Day | C1: Tide | D1: Time | E1: Longbeach | G1: Twin Harbors | I1: Copalis | K1: Mocrocks | M1: Kalaloch | O1: Daily Totals
A2: 44826 | B2: Thu | C2: 0.4 | D2: 0.21041667 | F2: CLOSED | H2: CLOSED | J2: CLOSED | L2: CLOSED | N2: CLOSED | O2: =SUM(F2:N2) -> 0 | Q2: =SUM(O2:O26) -> 557405.82
A3: 44827 | B3: Fri | C3: 0.1 | D3: 0.23680556 | F3: CLOSED | H3: CLOSED | J3: CLOSED | L3: CLOSED | N3: CLOSED | O3: =SUM(F3:N3) -> 0
A4: 44828 | B4: Sat | C4: 0 | D4: 0.26041667 | F4: CLOSED | H4: CLOSED | J4: CLOSED | L4: CLOSED | N4: CLOSED | O4: =SUM(F4:N4) -> 0
A5: 44829 | B5: Sun | C5: 0.1 | D5: 0.28333333 | F5: CLOSED | H5: CLOSED | J5: CLOSED | L5: CLOSED | N5: CLOSED | O5: =SUM(F5:N5) -> 0
A6: 44830 | B6: Mon | C6: 0.3 | D6: 0.30486111 | F6: CLOSED | H6: CLOSED | J6: CLOSED | L6: CLOSED | N6: CLOSED | O6: =SUM(F6:N6) -> 0
A7: 44831 | B7: Tue | C7: -0.1 | D7: 0.85 | F7: CLOSED | H7: CLOSED | J7: CLOSED | L7: CLOSED | N7: CLOSED | O7: =SUM(F7:N7) -> 0
A8: 44832 | B8: Wed | C8: -0.3 | D8: 0.87916667 | F8: =CPUE!F8*Effort!F8 -> 996.9056 | G8: * | H8: =CPUE!H8*Effort!H8 -> 1558.6676 | J8: 1767.6191 | L8: CLOSED | N8: CLOSED | O8: =SUM(F8:N8) -> 4323.1923
A9: 44833 | B9: Thu | C9: -0.4 | D9: 0.91041667 | F9: =CPUE!F9*Effort!F9 -> 3915.393 | H9: 3826.087 | J9: CLOSED | L9: CLOSED | N9: CLOSED | O9: =SUM(F9:N9) -> 7741.4801
A10: 44834 | B10: Fri | C10: -0.2 | D10: 0.94652778 | E10: * | F10: =CPUE!F10*Effort!F10 -> 8603.1261 | H10: 5535 | J10: 8299.6075 | L10: CLOSED | N10: CLOSED | O10: =SUM(F10:N10) -> 22437.734
A12: 44842 | B12: Sat | C12: 0.5 | D12: 0.76458333 | F12: =CPUE!F12*Effort!F12 -> 77650.792 | H12: 69057.748 | J12: CLOSED | L12: CLOSED | N12: CLOSED | O12: =SUM(F12:N12) -> 146708.54
A13: 44843 | B13: Sun | C13: -0.1 | D13: 0.79513889 | E13: * | F13: =CPUE!F13*Effort!F13 -> 37179.628 | H13: 32809.273 | J13: 49687.845 | L13: CLOSED | N13: CLOSED | O13: =SUM(F13:N13) -> 119676.75
A14: 44844 | B14: Mon | C14: -0.5 | D14: 0.82361111 | F14: =CPUE!F14*Effort!F14 -> 18662.155 | G14: * | H14: =CPUE!H14*Effort!H14 -> 16596.951 | J14: CLOSED | L14: CLOSED | N14: CLOSED | O14: =SUM(F14:N14) -> 35259.106
A15: 44845 | B15: Tue | C15: -0.6 | D15: 0.85138889 | F15: =CPUE!F15*Effort!F15 -> 11273.973 | G15: * | H15: =CPUE!H15*Effort!H15 -> 9159.1934 | J15: 14071.326 | L15: CLOSED | N15: CLOSED | O15: =SUM(F15:N15) -> 34504.493
A16: 44846 | B16: Wed | C16: -0.4 | D16: 0.87916667 | E16: * | F16: =CPUE!F16*Effort!F16 -> 5509.1939 | H16: 4812.0402 | J16: CLOSED | L16: CLOSED | N16: CLOSED | O16: =SUM(F16:N16) -> 10321.234
A17: 44847 | B17: Thu | C17: -0.2 | D17: 0.90694444 | F17: =CPUE!F17*Effort!F17 -> 4738.6041 | G17: * | H17: =CPUE!H17*Effort!H17 -> 3933.2697 | J17: 6922.6667 | L17: CLOSED | N17: CLOSED | O17: =SUM(F17:N17) -> 15594.541
A18: 44848 | B18: Fri | C18: 0.3 | D18: 0.93680556 | E18: * | F18: =CPUE!F18*Effort!F18 -> 7737.1677 | H18: 6880.9521 | J18: CLOSED | L18: CLOSED | N18: CLOSED | O18: =SUM(F18:N18) -> 14618.12
A20: 44858 | B20: Mon | C20: 0 | D20: 0.78055556 | F20: =CPUE!F20*Effort!F20 -> 13759.097 | H20: 11335.032 | J20: 17932.356 | L20: CLOSED | N20: CLOSED | O20: =SUM(F20:N20) -> 43026.486
A21: 44859 | B21: Tue | C21: -0.6 | D21: 0.80833333 | F21: =CPUE!F21*Effort!F21 -> 3178.7692 | H21: 5415.1712 | J21: CLOSED | L21: CLOSED | N21: CLOSED | O21: =SUM(F21:N21) -> 8593.9404
A22: 44860 | B22: Wed | C22: -1 | D22: 0.83680556 | F22: =4021.49690744578+6189.89090622317 -> 10211.388 | G22: * | H22: =CPUE!H22*Effort!H22 -> 7474.2518 | J22: 7341.4864 | L22: CLOSED | N22: CLOSED | O22: =SUM(F22:N22) -> 25027.126
A23: 44861 | B23: Thu | C23: -1.1 | D23: 0.86666667 | E23: * | F23: =CPUE!F23*Effort!F23 -> 4884.6479 | H23: 4772.0199 | J23: CLOSED | L23: CLOSED | N23: CLOSED | O23: =SUM(F23:N23) -> 9656.6678
A24: 44862 | B24: Fri | C24: -1 | D24: 0.89930556 | F24: =CPUE!F24*Effort!F24 -> 5233.4364 | G24: * | H24: =CPUE!H24*Effort!H24 -> 8256.3586 | J24: 14229.044 | L24: CLOSED | N24: CLOSED | O24: =SUM(F24:N24) -> 27718.838
A25: 44863 | B25: Sat | C25: -0.7 | D25: 0.93611111 | E25: * | F25: =CPUE!F25*Effort!F25 -> 15968.622 | H25: 15817.892 | J25: CLOSED | L25: CLOSED | N25: CLOSED | O25: =SUM(F25:N25) -> 31786.513
A26: 44864 | B26: Sun | C26: -0.3 | D26: 0.97708333 | E26: * | F26: =CPUE!F26*Effort!F26 -> 146.97852 | G26: * | H26: =CPUE!H26*Effort!H26 -> 114.08908 | J26: 149.99999 | L26: CLOSED | N26: CLOSED | O26: =SUM(F26:N26) -> 411.0676
A28: 44871 | B28: Sun | C28: 0 | D28: 0.71388889 | F28: CLOSED | H28: CLOSED | J28: CLOSED | L28: CLOSED | N28: CLOSED | O28: =SUM(F28:N28) -> 0
A29: 44872 | B29: Mon | C29: -0.5 | D29: 0.74236111 | F29: CLOSED | H29: CLOSED | J29: CLOSED | L29: CLOSED | N29: CLOSED | O29: =SUM(F29:N29) -> 0
A30: 44873 | B30: Tue | C30: -0.7 | D30: 0.76944444 | F30: CLOSED | H30: CLOSED | J30: CLOSED | L30: CLOSED | N30: CLOSED | O30: =SUM(F30:N30) -> 0
A31: 44874 | B31: Wed | C31: -0.7 | D31: 0.79513889 | F31: CLOSED | H31: CLOSED | J31: CLOSED | L31: CLOSED | N31: CLOSED | O31: =SUM(F31:N31) -> 0
A32: 44875 | B32: Thu | C32: -0.6 | D32: 0.82083333 | F32: CLOSED | H32: CLOSED | J32: CLOSED | L32: CLOSED | N32: CLOSED | O32: =SUM(F32:N32) -> 0
A33: 44876 | B33: Fri | C33: -0.2 | D33: 0.84652778 | F33: CLOSED | H33: CLOSED | J33: CLOSED | L33: CLOSED | N33: CLOSED | O33: =SUM(F33:N33) -> 0
A34: 44877 | B34: Sat | C34: 0.1 | D34: 0.87430556 | F34: CLOSED | H34: CLOSED | J34: CLOSED | L34: CLOSED | N34: CLOSED | O34: =SUM(F34:N34) -> 0
A35: 44878 | B35: Sun | C35: 0.5 | D35: 0.90486111 | F35: CLOSED | H35: CLOSED | J35: CLOSED | L35: CLOSED | N35: CLOSED | O35: =SUM(F35:N35) -> 0
A37: 44887 | B37: Tue | C37: -0.6 | D37: 0.72361111 | F37: CLOSED | H37: CLOSED | J37: CLOSED | L37: CLOSED | N37: CLOSED | O37: =SUM(F37:N37) -> 0
A38: 44888 | B38: Wed | C38: -1.2 | D38: 0.75277778 | F38: CLOSED | H38: CLOSED | J38: CLOSED | L38: CLOSED | N38: CLOSED | O38: =SUM(F38:N38) -> 0
A39: 44889 | B39: Thu | C39: -1.6 | D39: 0.78333333 | F39: CLOSED | H39: CLOSED | J39: CLOSED | L39: CLOSED | N39: CLOSED | O39: =SUM(F39:N39) -> 0
A40: 44890 | B40: Fri | C40: -1.6 | D40: 0.81597222 | F40: CLOSED | H40: CLOSED | J40: CLOSED | L40: CLOSED | N40: CLOSED | O40: =SUM(F40:N40) -> 0
... A76: 44946 | B76: Fri | C76: -1.5 | D76: 0.73263889 | F76: CLOSED | H76: CLOSED | J76: CLOSED | L76: CLOSED | N76: CLOSED | O76: =SUM(F76:N76) -> 0
A77: 44947 | B77: Sat | C77: -1.8 | D77: 0.76597222 | F77: CLOSED | H77: CLOSED | J77: 13608.567 | L77: CLOSED | N77: CLOSED | O77: =SUM(F77:N77) -> 13608.567
A78: 44948 | B78: Sun | C78: -1.8 | D78: 0.79722222 | F78: CLOSED | H78: CLOSED | J78: CLOSED | L78: CLOSED | N78: CLOSED | O78: =SUM(F78:N78) -> 0
A79: 44949 | B79: Mon | C79: -1.6 | D79: 0.82916667 | F79: CLOSED | H79: CLOSED | J79: 27755.45 | L79: CLOSED | N79: CLOSED | O79: =SUM(F79:N79) -> 27755.45
A80: 44950 | B80: Tue | C80: -1 | D80: 0.85694444 | F80: CLOSED | H80: CLOSED | J80: CLOSED | L80: CLOSED | N80: CLOSED | O80: =SUM(F80:N80) -> 0
A81: 44951 | B81: Wed | C81: -0.2 | D81: 0.88611111 | F81: CLOSED | H81: CLOSED | J81: 16343.892 | L81: CLOSED | N81: CLOSED | O81: =SUM(F81:N81) -> 16343.892
A83: 44960 | B83: Fri | C83: 0.1 | D83: 0.73402778 | F83: CLOSED | H83: CLOSED | J83: 6237.4236 | L83: CLOSED | N83: CLOSED | O83: =SUM(F83:N83) -> 6237.4236
A84: 44961 | B84: Sat | C84: -0.1 | D84: 0.75763889 | F84: CLOSED | H84: CLOSED | J84: CLOSED | L84: 23112.268 | N84: CLOSED | O84: =SUM(F84:N84) -> 23112.268
A85: 44962 | B85: Sun | C85: -0.2 | D85: 0.77986111 | F85: CLOSED | H85: CLOSED | J85: 29758.694 | L85: CLOSED | N85: CLOSED | O85: =SUM(F85:N85) -> 29758.694
A86: 44963 | B86: Mon | C86: -0.1 | D86: 0.80069444 | F86: CLOSED | H86: CLOSED | J86: CLOSED | L86: 4742.3079 | N86: CLOSED | O86: =SUM(F86:N86) -> 4742.3079
A87: 44964 | B87: Tue | C87: 0.1 | D87: 0.82083333 | F87: CLOSED | H87: CLOSED | J87: 5868.72 | L87: CLOSED | N87: CLOSED | O87: =SUM(F87:N87) -> 5868.72
A88: 44965 | B88: Wed | C88: 0.4 | D88: 0.84097222 | F88: CLOSED | H88: CLOSED | J88: CLOSED | L88: 3624.9244 | N88: CLOSED | O88: =SUM(F88:N88) -> 3624.9244
A90: 44974 | B90: Fri | C90: -0.7 | D90: 0.68680556 | F90: CLOSED | H90: CLOSED | J90: CLOSED | L90: 21000 | N90: CLOSED | O90: =SUM(F90:N90) -> 21000
A91: 44975 | B91: Sat | C91: -1.2 | D91: 0.72152778 | F91: CLOSED | H91: CLOSED | J91: 84103.079 | L91: CLOSED | N91: CLOSED | O91: =SUM(F91:N91) -> 84103.079
A92: 44976 | B92: Sun | C92: -1.5 | D92: 0.75277778 | F92: CLOSED | H92: CLOSED | J92: CLOSED | L92: 73598.105 | N92: CLOSED | O92: =SUM(F92:N92) -> 73598.105
A93: 44977 | B93: Mon | C93: -1.4 | D93: 0.78194444 | F93: CLOSED | H93: CLOSED | J93: 17933.516 | L93: CLOSED | N93: CLOSED | O93: =SUM(F93:N93) -> 17933.516
A94: 44978 | B94: Tue | C94: -1 | D94: 0.80972222 | F94: CLOSED | H94: CLOSED | J94: CLOSED | L94: 548.75283 | N94: CLOSED | O94: =SUM(F94:N94) -> 548.75283
A95: 44979 | B95: Wed | C95: -0.3 | D95: 0.83680556 | F95: CLOSED | H95: CLOSED | J95: 1782.7624 | L95: CLOSED | N95: CLOSED | O95: =SUM(F95:N95) -> 1782.7624
A97: 44988 | B97: Fri | C97: 0.6 | D97: 0.68819444 | F97: CLOSED | H97: CLOSED | J97: CLOSED | L97: 11690.726 | N97: CLOSED | O97: =SUM(F97:N97) -> 11690.726
A98: 44989 | B98: Sat | C98: 0.4 | D98: 0.71458333 | F98: CLOSED | H98: CLOSED | J98: 14090.034 | L98: CLOSED | N98: CLOSED | O98: =SUM(F98:N98) -> 14090.034
A99: 44990 | B99: Sun | C99: 0.2 | D99: 0.7375 | F99: CLOSED | H99: CLOSED | J99: CLOSED | L99: 25884.193 | N99: CLOSED | O99: =SUM(F99:N99) -> 25884.193
A100: 44991 | B100: Mon | C100: 0.1 | D100: 0.75902778 | F100: CLOSED | H100: CLOSED | J100: 10711.676 | L100: CLOSED | N100: CLOSED | O100: =SUM(F100:N100) -> 10711.676
A101: 44992 | B101: Tue | C101: 0.3 | D101: 0.77847222 | F101: CLOSED | H101: CLOSED | J101: CLOSED | L101: 9274.9996 | N101: CLOSED | O101: =SUM(F101:N101) -> 9274.9996
A102: 44993 | B102: Wed | C102: 0.5 | D102: 0.79791667 | F102: CLOSED | H102: CLOSED | J102: 9291.8517 | L102: CLOSED | N102: CLOSED | O102: =SUM(F102:N102) -> 9291.8517
A104: 45002 | B104: Fri | C104: 0 | D104: 0.67361111 | F104: CLOSED | G104: * | H104: =CPUE!H104*Effort!H104 -> 36531.61 | J104: 53808 | L104: CLOSED | N104: CLOSED | O104: =SUM(F104:N104) -> 90339.61
A105: 45003 | B105: Sat | C105: -0.5 | D105: 0.7125 | F105: CLOSED | H105: 84980.053 | J105: CLOSED | L105: 114437.95 | N105: CLOSED | O105: =SUM(F105:N105) -> 199418
A106: 45004 | B106: Sun | C106: -0.7 | D106: 0.74583333 | F106: CLOSED | H106: 48011.777 | J106: 68621.995 | L106: CLOSED | N106: CLOSED | O106: =SUM(F106:N106) -> 116633.77
A107: 45005 | B107: Mon | C107: -0.7 | D107: 0.77638889 | F107: CLOSED | G107: * | H107: =CPUE!H107*Effort!H107 -> 17514.516 | J107: CLOSED | L107: 23406.223 | N107: CLOSED | O107: =SUM(F107:N107) -> 40920.739
A108: 45006 | B108: Tue | C108: -0.5 | D108: 0.80416667 | F108: CLOSED | G108: * | H108: =CPUE!H108*Effort!H108 -> 15304.657 | J108: 22542.477 | L108: CLOSED | N108: CLOSED | O108: =SUM(F108:N108) -> 37847.134
A109: 45007 | B109: Wed | C109: 0 | D109: 0.83055556 | F109: CLOSED | G109: * | H109: =CPUE!H109*Effort!H109 -> 13661.125 | J109: CLOSED | L109: 18102.696 | N109: CLOSED | O109: =SUM(F109:N109) -> 31763.821
A110: 45008 | B110: Thu | C110: -0.3 | D110: 0.35347222 | F110: =CPUE!F110*Effort!F110 -> 6279.3887 | G110: * | H110: =CPUE!H110*Effort!H110 -> 6819.4502 | J110: 12797.738 | L110: CLOSED | N110: CLOSED | O110: =SUM(F110:N110) -> 25896.576
A111: 45009 | B111: Fri | C111: -0.4 | D111: 0.38402778 | E111: * | F111: =CPUE!F111*Effort!F111 -> 11352.074 | H111: 8219.8011 | J111: CLOSED | L111: 14150.919 | N111: CLOSED | O111: =SUM(F111:N111) -> 33722.794
A112: 45010 | B112: Sat | C112: -0.2 | D112: 0.41458333 | E112: * | F112: =CPUE!F112*Effort!F112 -> 47496.982 | H112: 39197.504 | J112: 76745.553 | L112: CLOSED | N112: CLOSED | O112: =SUM(F112:N112) -> 163440.04
A113: 45011 | B113: Sun | C113: 0.2 | D113: 0.44722222 | F113: =CPUE!F113*Effort!F113 -> 40001.512 | G113: * | H113: =CPUE!H113*Effort!H113 -> 29213.955 | J113: CLOSED | L113: 47523.072 | N113: CLOSED | O113: =SUM(F113:N113) -> 116738.54
A115: 45022 | B115: Thu | C115: 0.3 | D115: 0.31527778 | E115: * | F115: =CPUE!F115*Effort!F115 -> 19253.724 | G115: * | H115: =CPUE!H115*Effort!H115 -> 11841.784 | J115: CLOSED | L115: 12603.462 | N115: CLOSED | O115: =SUM(F115:N115) -> 43698.969
A116: 45023 | B116: Fri | C116: -0.1 | D116: 0.34027778 | F116: =CPUE!F116*Effort!F116 -> 48734.383 | H116: 24440.447 | J116: 46057.715 | L116: CLOSED | N116: CLOSED | O116: =SUM(F116:N116) -> 119232.55
A117: 45024 | B117: Sat | C117: -0.3 | D117: 0.36666667 | F117: =18558.9647797744+43043.4765504755 -> 61602.441 | G117: * | H117: =CPUE!H117*Effort!H117 -> 46035.639 | J117: CLOSED | L117: 54395.831 | N117: CLOSED | O117: =SUM(F117:N117) -> 162033.91
A118: 45025 | B118: Sun | C118: -0.4 | D118: 0.39513889 | E118: * | F118: =CPUE!F118*Effort!F118 -> 21091.018 | H118: 8091.6663 | J118: 19729.629 | L118: CLOSED | N118: CLOSED | O118: =SUM(F118:N118) -> 48912.314
A119: 45026 | B119: Mon | C119: -0.4 | D119: 0.42708333 | E119: * | F119: =CPUE!F119*Effort!F119 -> 28923.17 | H119: 17566.505 | J119: CLOSED | L119: 18583.019 | N119: CLOSED | O119: =SUM(F119:N119) -> 65072.694
A120: 45027 | B120: Tue | C120: -0.2 | D120: 0.46458333 | F120: =CPUE!F120*Effort!F120 -> 22887.138 | G120: * | H120: =CPUE!H120*Effort!H120 -> 15964.967 | J120: 26461.218 | L120: CLOSED | N120: CLOSED | O120: =SUM(F120:N120) -> 65313.323
A121: 45028 | B121: Wed | C121: 0.1 | D121: 0.50833333 | E121: * | F121: =CPUE!F121*Effort!F121 -> 43398.707 | G121: * | H121: =CPUE!H121*Effort!H121 -> 26691.881 | J121: CLOSED | L121: 28467.36 | N121: CLOSED | O121: =SUM(F121:N121) -> 98557.949
A123: 45035 | B123: Wed | C123: -0.4 | D123: 0.28055556 | E123: * | F123: =CPUE!F123*Effort!F123 -> 4319.1521 | G123: * | H123: =CPUE!H123*Effort!H123 -> 2761.2147 | J123: CLOSED | L123: 3433.5334 | N123: CLOSED | O123: =SUM(F123:N123) -> 10513.9
A124: 45036 | B124: Thu | C124: -0.9 | D124: 0.31111111 | E124: * | F124: =CPUE!F124*Effort!F124 -> 28934.708 | G124: * | H124: =CPUE!H124*Effort!H124 -> 16219.565 | J124: 22825.216 | L124: CLOSED | N124: CLOSED | O124: =SUM(F124:N124) -> 67979.488
A125: 45037 | B125: Fri | C125: -1.2 | D125: 0.33958333 | E125: * | F125: =CPUE!F125*Effort!F125 -> 56457.889 | H125: 45183.082 | J125: CLOSED | L125: 52476.43 | N125: CLOSED | O125: =SUM(F125:N125) -> 154117.4
A126: 45038 | B126: Sat | C126: -1.1 | D126: 0.36805556 | F126: =CPUE!F126*Effort!F126 -> 164452.98 | H126: 93725.847 | J126: 128900.64 | L126: CLOSED | N126: CLOSED | O126: =SUM(F126:N126) -> 387079.47
A127: 45039 | B127: Sun | C127: -0.8 | D127: 0.39652778 | F127: =CPUE!F127*Effort!F127 -> 106953.6 | H127: 58365.339 | J127: CLOSED | L127: 95538.014 | N127: CLOSED | O127: =SUM(F127:N127) -> 260856.95
A128: 45040 | B128: Mon | C128: -0.4 | D128: 0.42638889 | F128: =CPUE!F128*Effort!F128 -> 34669.898 | G128: * | H128: =CPUE!H128*Effort!H128 -> 20644.991 | J128: 35206.733 | L128: CLOSED | N128: CLOSED | O128: =SUM(F128:N128) -> 90521.622
A129: 45041 | B129: Tue | C129: 0.1 | D129: 0.45902778 | E129: * | F129: =CPUE!F129*Effort!F129 -> 28971.979 | H129: 18511.104 | J129: CLOSED | L129: 14065.18 | N129: CLOSED | O129: =SUM(F129:N129) -> 61548.263
A131: FALL 2022 - SPRING 2023 SEASON TOTALS: | F131: =SUM(F2:F130) -> 1005430.6 | H131: =SUM(H2:H130) -> 912852.48 | J131: =SUM(J2:J130) -> 871584.54 | L131: =SUM(L2:L130) -> 670659.96 | N131: =SUM(N2:N54) -> 0 | O131: =SUM(O2:O130) -> 3460527.6 | P131: =SUM(F131,H131,J131,L131,N131) -> 3460527.6
A132: ESTIMATED WASTAGE RATE: | F132: =+'LB Wastage'!F100 -> 0.07 | H132: =+'TH Wastage'!F100 -> 0.01 | J132: =+'Cop Wastage'!F100 -> 0.02 | L132: =+'Moc Wastage'!F100 -> 0.02 | N132: =+'Kal Wastage'!F100 -> 0
A133: ESTIMATED TOTAL WASTAGE: | F133: =+F131*F132 -> 70380.143 | H133: =+H131*H132 -> 9128.5248 | J133: =+J131*J132 -> 17431.691 | L133: =+L131*L132 -> 13413.199 | N133: =+N131*N132 -> 0 | O133: =F133+H133+J133+L133+N133 -> 110353.56
A134: SEASON TOTAL INCLUDING WASTAGE: | F134: =F131+F133 -> 1075810.8 | H134: =H131+H133 -> 921981 | J134: =J131+J133 -> 889016.23 | L134: =L131+L133 -> 684073.16 | N134: =N131+N133 -> 0 | O134: =O131+O133 -> 3570881.1
A135: Fall 2022 / Spring 2023 Harvest Rate (clams/day):
A136: % of TAC Harvested: | F136: =F134/TAC!C4 -> 0.12423869 | H136: =H134/TAC!C5 -> 0.27023477 | J136: =+J134/TAC!C6 -> 0.2690872 | L136: =L134/TAC!C7 -> 0.34743762 | N136: =N134/TAC!C8 -> 0 | O136: =O134/TAC!C9 -> 0.20468911
A137: clams left in TAC : | F137: =+TAC!B4-Harvest!F134 -> 4789679.2 | H137: =TAC!B5-Harvest!H134 -> 1336672 | J137: =+TAC!B6-Harvest!J134 -> 1984926.8 | L137: =TAC!B7-L134 -> 1280658.8 | N137: =TAC!B8-N134 -> 152683 | O137: =TAC!C9-Harvest!O134 -> 13874508
A139: *- estimate based on comparison of other beaches. + - no harvest due to very heavy surf and storm warnings.
A140: ** - No beach count. Used data from another day with similar conditions to estimate count.

Sheet Effort
A1: Date | B1: Day | C1: Tide | D1: Time | E1: Longbeach | G1: Twin Harbors | I1: Copalis | K1: Mocrocks | M1: Kalaloch | O1: Daily Totals
A2: 44826 | B2: Thu | C2: 0.4 | D2: 0.21041667 | F2: CLOSED | H2: CLOSED | J2: CLOSED | L2: CLOSED | N2: CLOSED | O2: =SUM(F2:N2) -> 0 | Q2: =SUM(O2:O26) -> 40883.329
A3: 44827 | B3: Fri | C3: 0.1 | D3: 0.23680556 | F3: CLOSED | H3: CLOSED | J3: CLOSED | L3: CLOSED | N3: CLOSED | O3: =SUM(F3:N3) -> 0
A4: 44828 | B4: Sat | C4: 0 | D4: 0.26041667 | F4: CLOSED | H4: CLOSED | J4: CLOSED | L4: CLOSED | N4: CLOSED | O4: =SUM(F4:N4) -> 0
A5: 44829 | B5: Sun | C5: 0.1 | D5: 0.28333333 | F5: CLOSED | H5: CLOSED | J5: CLOSED | L5: CLOSED | N5: CLOSED | O5: =SUM(F5:N5) -> 0
A6: 44830 | B6: Mon | C6: 0.3 | D6: 0.30486111 | F6: CLOSED | H6: CLOSED | J6: CLOSED | L6: CLOSED | N6: CLOSED | O6: =SUM(F6:N6) -> 0
A7: 44831 | B7: Tue | C7: -0.1 | D7: 0.85 | F7: CLOSED | H7: CLOSED | J7: CLOSED | L7: CLOSED | N7: CLOSED | O7: =SUM(F7:N7) -> 0
A8: 44832 | B8: Wed | C8: -0.3 | D8: 0.87916667 | F8: =(1965.57669210003/1431.52098212702*84.0182660750021)+84.0182660750021 -> 199.38112 | G8: * | H8: =H9/F9*F8 -> 194.83345 | J8: 200.86581 | L8: CLOSED | N8: CLOSED | O8: =SUM(F8:N8) -> 595.08038
A9: 44833 | B9: Thu | C9: -0.4 | D9: 0.91041667 | F9: =(1965.57669210003/1431.52098212702*109.99521338519)+109.99521338519 -> 261.0262 | H9: 255.07247 | J9: CLOSED | L9: CLOSED | N9: CLOSED | O9: =SUM(F9:N9) -> 516.09867
A10: 44834 | B10: Fri | C10: -0.2 | D10: 0.94652778 | E10: * | F10: =F8/J8*J10 -> 614.50901 | H10: 378 | J10: 619.08494 | L10: CLOSED | N10: CLOSED | O10: =SUM(F10:N10) -> 1611.5939
A12: 44842 | B12: Sat | C12: 0.5 | D12: 0.76458333 | F12: =(1965.57669210003/1431.52098212702*2256.66747529896)+2256.66747529896 -> 5355.227 | H12: 4762.6033 | J12: CLOSED | L12: CLOSED | N12: CLOSED | O12: =SUM(F12:N12) -> 10117.83
A13: 44843 | B13: Sun | C13: -0.1 | D13: 0.79513889 | E13: * | F13: =F12/H12*H13 -> 2564.1123 | H13: 2280.3608 | J13: 3429.6324 | L13: CLOSED | N13: CLOSED | O13: =SUM(F13:N13) -> 8274.1055
A14: 44844 | B14: Mon | C14: -0.5 | D14: 0.82361111 | F14: =(1965.57669210003/1431.52098212702*524.276282140161)+524.276282140161 -> 1244.1436 | G14: * | H14: =H12/F12*F14 -> 1106.4634 | J14: CLOSED | L14: CLOSED | N14: CLOSED | O14: =SUM(F14:N14) -> 2350.607
A15: 44845 | B15: Tue | C15: -0.6 | D15: 0.85138889 | F15: =(1965.57669210003/1431.52098212702*327.641329647419)+327.641329647419 -> 777.51539 | G15: * | H15: =H13/J13*J15 -> 631.66851 | J15: 950.02105 | L15: CLOSED | N15: CLOSED | O15: =SUM(F15:N15) -> 2359.205
A16: 44846 | B16: Wed | C16: -0.4 | D16: 0.87916667 | E16: * | F16: =F12/H12*H16 -> 393.51385 | H16: 349.96656 | J16: CLOSED | L16: CLOSED | N16: CLOSED | O16: =SUM(F16:N16) -> 743.48042
A17: 44847 | B17: Thu | C17: -0.2 | D17: 0.90694444 | F17: =(1965.57669210003/1431.52098212702*133.121699167157)+133.121699167157 -> 315.90694 | G17: * | H17: =H12/F12*F17 -> 280.94784 | J17: 492.8 | L17: CLOSED | N17: CLOSED | O17: =SUM(F17:N17) -> 1089.6548
A18: 44848 | B18: Fri | C18: 0.3 | D18: 0.93680556 | E18: * | F18: =F12/H12*H18 -> 515.81118 | H18: 458.73014 | J18: CLOSED | L18: CLOSED | N18: CLOSED | O18: =SUM(F18:N18) -> 974.54132
A20: 44858 | B20: Mon | C20: 0 | D20: 0.78055556 | F20: =(480.102341756922/290.211117032169*471.24181687276)+471.24181687276 -> 1250.827 | H20: 970.92904 | J20: 1276.5406 | L20: CLOSED | N20: CLOSED | O20: =SUM(F20:N20) -> 3498.2967
A21: 44859 | B21: Tue | C21: -0.6 | D21: 0.80833333 | F21: =(290.211117032169/480.102341756922*247.648295758035)+247.648295758035 -> 397.34615 | H21: 388.18431 | J21: CLOSED | L21: CLOSED | N21: CLOSED | O21: =SUM(F21:N21) -> 785.53046
A22: 44860 | B22: Wed | C22: -1 | D22: 0.83680556 | F22: =480.102341756922+290.211117032169 -> 770.31346 | G22: * | H22: =H20/F20*F22 -> 597.94015 | J22: 597.74106 | L22: CLOSED | N22: CLOSED | O22: =SUM(F22:N22) -> 1965.9947
A23: 44861 | B23: Thu | C23: -1.1 | D23: 0.86666667 | E23: * | F23: =F21/H21*H23 -> 514.17347 | H23: 502.31788 | J23: CLOSED | L23: CLOSED | N23: CLOSED | O23: =SUM(F23:N23) -> 1016.4914
A24: 44862 | B24: Fri | C24: -1 | D24: 0.89930556 | F24: =(480.102341756922/290.211117032169*303.333341368923)+303.333341368923 -> 805.14405 | G24: * | H24: =H20/J20*J24 -> 825.63586 | J24: 1085.5147 | L24: CLOSED | N24: CLOSED | O24: =SUM(F24:N24) -> 2716.2946
A25: 44863 | B25: Sat | C25: -0.7 | D25: 0.93611111 | E25: * | F25: =F21/H21*H25 -> 1101.2843 | H25: 1075.8913 | J25: CLOSED | L25: CLOSED | N25: CLOSED | O25: =SUM(F25:N25) -> 2177.1756
A26: 44864 | B26: Sun | C26: -0.3 | D26: 0.97708333 | E26: * | F26: =F20/J20*J26 -> 32.661893 | G26: * | H26: =H20/J20*J26 -> 25.35313 | J26: 33.333332 | L26: CLOSED | N26: CLOSED | O26: =SUM(F26:N26) -> 91.348355
A28: 44871 | B28: Sun | C28: 0 | D28: 0.71388889 | F28: CLOSED | H28: CLOSED | J28: CLOSED | L28: CLOSED | N28: CLOSED | O28: =SUM(F28:N28) -> 0
A29: 44872 | B29: Mon | C29: -0.5 | D29: 0.74236111 | F29: CLOSED | H29: CLOSED | J29: CLOSED | L29: CLOSED | N29: CLOSED | O29: =SUM(F29:N29) -> 0
A30: 44873 | B30: Tue | C30: -0.7 | D30: 0.76944444 | F30: CLOSED | H30: CLOSED | J30: CLOSED | L30: CLOSED | N30: CLOSED | O30: =SUM(F30:N30) -> 0
A31: 44874 | B31: Wed | C31: -0.7 | D31: 0.79513889 | F31: CLOSED | H31: CLOSED | J31: CLOSED | L31: CLOSED | N31: CLOSED | O31: =SUM(F31:N31) -> 0
A32: 44875 | B32: Thu | C32: -0.6 | D32: 0.82083333 | F32: CLOSED | H32: CLOSED | J32: CLOSED | L32: CLOSED | N32: CLOSED | O32: =SUM(F32:N32) -> 0
A33: 44876 | B33: Fri | C33: -0.2 | D33: 0.84652778 | F33: CLOSED | H33: CLOSED | J33: CLOSED | L33: CLOSED | N33: CLOSED | O33: =SUM(F33:N33) -> 0
A34: 44877 | B34: Sat | C34: 0.1 | D34: 0.87430556 | F34: CLOSED | H34: CLOSED | J34: CLOSED | L34: CLOSED | N34: CLOSED | O34: =SUM(F34:N34) -> 0
A35: 44878 | B35: Sun | C35: 0.5 | D35: 0.90486111 | F35: CLOSED | H35: CLOSED | J35: CLOSED | L35: CLOSED | N35: CLOSED | O35: =SUM(F35:N35) -> 0
A37: 44887 | B37: Tue | C37: -0.6 | D37: 0.72361111 | F37: CLOSED | H37: CLOSED | J37: CLOSED | L37: CLOSED | N37: CLOSED | O37: =SUM(F37:N37) -> 0
A38: 44888 | B38: Wed | C38: -1.2 | D38: 0.75277778 | F38: CLOSED | H38: CLOSED | J38: CLOSED | L38: CLOSED | N38: CLOSED | O38: =SUM(F38:N38) -> 0
A39: 44889 | B39: Thu | C39: -1.6 | D39: 0.78333333 | F39: CLOSED | H39: CLOSED | J39: CLOSED | L39: CLOSED | N39: CLOSED | O39: =SUM(F39:N39) -> 0
A40: 44890 | B40: Fri | C40: -1.6 | D40: 0.81597222 | F40: CLOSED | H40: CLOSED | J40: CLOSED | L40: CLOSED | N40: CLOSED | O40: =SUM(F40:N40) -> 0
... A76: 44946 | B76: Fri | C76: -1.5 | D76: 0.73263889 | F76: CLOSED | H76: CLOSED | J76: CLOSED | L76: CLOSED | N76: CLOSED | O76: =SUM(F76:N76) -> 0
A77: 44947 | B77: Sat | C77: -1.8 | D77: 0.76597222 | F77: CLOSED | H77: CLOSED | J77: 1999.8252 | L77: CLOSED | N77: CLOSED | O77: =SUM(F77:N77) -> 1999.8252
A78: 44948 | B78: Sun | C78: -1.8 | D78: 0.79722222 | F78: CLOSED | H78: CLOSED | J78: CLOSED | L78: CLOSED | N78: CLOSED | O78: =SUM(F78:N78) -> 0
A79: 44949 | B79: Mon | C79: -1.6 | D79: 0.82916667 | F79: CLOSED | H79: CLOSED | J79: 1930.2351 | L79: CLOSED | N79: CLOSED | O79: =SUM(F79:N79) -> 1930.2351
A80: 44950 | B80: Tue | C80: -1 | D80: 0.85694444 | F80: CLOSED | H80: CLOSED | J80: CLOSED | L80: CLOSED | N80: CLOSED | O80: =SUM(F80:N80) -> 0
A81: 44951 | B81: Wed | C81: -0.2 | D81: 0.88611111 | F81: CLOSED | H81: CLOSED | J81: 1089.5928 | L81: CLOSED | N81: CLOSED | O81: =SUM(F81:N81) -> 1089.5928
A83: 44960 | B83: Fri | C83: 0.1 | D83: 0.73402778 | F83: CLOSED | H83: CLOSED | J83: 979.13046 | L83: CLOSED | N83: CLOSED | O83: =SUM(F83:N83) -> 979.13046
A84: 44961 | B84: Sat | C84: -0.1 | D84: 0.75763889 | F84: CLOSED | H84: CLOSED | J84: CLOSED | L84: 1703.0092 | N84: CLOSED | O84: =SUM(F84:N84) -> 1703.0092
A85: 44962 | B85: Sun | C85: -0.2 | D85: 0.77986111 | F85: CLOSED | H85: CLOSED | J85: 2424.7825 | L85: CLOSED | N85: CLOSED | O85: =SUM(F85:N85) -> 2424.7825
A86: 44963 | B86: Mon | C86: -0.1 | D86: 0.80069444 | F86: CLOSED | H86: CLOSED | J86: CLOSED | L86: 415.38463 | N86: CLOSED | O86: =SUM(F86:N86) -> 415.38463
A87: 44964 | B87: Tue | C87: 0.1 | D87: 0.82083333 | F87: CLOSED | H87: CLOSED | J87: 601.92 | L87: CLOSED | N87: CLOSED | O87: =SUM(F87:N87) -> 601.92
A88: 44965 | B88: Wed | C88: 0.4 | D88: 0.84097222 | F88: CLOSED | H88: CLOSED | J88: CLOSED | L88: 323.65396 | N88: CLOSED | O88: =SUM(F88:N88) -> 323.65396
A90: 44974 | B90: Fri | C90: -0.7 | D90: 0.68680556 | F90: CLOSED | H90: CLOSED | J90: CLOSED | L90: 1400 | N90: CLOSED | O90: =SUM(F90:N90) -> 1400
A91: 44975 | B91: Sat | C91: -1.2 | D91: 0.72152778 | F91: CLOSED | H91: CLOSED | J91: 5652.2717 | L91: CLOSED | N91: CLOSED | O91: =SUM(F91:N91) -> 5652.2717
A92: 44976 | B92: Sun | C92: -1.5 | D92: 0.75277778 | F92: CLOSED | H92: CLOSED | J92: CLOSED | L92: 5569.9246 | N92: CLOSED | O92: =SUM(F92:N92) -> 5569.9246
A93: 44977 | B93: Mon | C93: -1.4 | D93: 0.78194444 | F93: CLOSED | H93: CLOSED | J93: 1436.4224 | L93: CLOSED | N93: CLOSED | O93: =SUM(F93:N93) -> 1436.4224
A94: 44978 | B94: Tue | C94: -1 | D94: 0.80972222 | F94: CLOSED | H94: CLOSED | J94: CLOSED | L94: 342.97052 | N94: CLOSED | O94: =SUM(F94:N94) -> 342.97052
A95: 44979 | B95: Wed | C95: -0.3 | D95: 0.83680556 | F95: CLOSED | H95: CLOSED | J95: 236.26972 | L95: CLOSED | N95: CLOSED | O95: =SUM(F95:N95) -> 236.26972
A97: 44988 | B97: Fri | C97: 0.6 | D97: 0.68819444 | F97: CLOSED | H97: CLOSED | J97: CLOSED | L97: 1332.2765 | N97: CLOSED | O97: =SUM(F97:N97) -> 1332.2765
A98: 44989 | B98: Sat | C98: 0.4 | D98: 0.71458333 | F98: CLOSED | H98: CLOSED | J98: 3456.0462 | L98: CLOSED | N98: CLOSED | O98: =SUM(F98:N98) -> 3456.0462
A99: 44990 | B99: Sun | C99: 0.2 | D99: 0.7375 | F99: CLOSED | H99: CLOSED | J99: CLOSED | L99: 2507.9748 | N99: CLOSED | O99: =SUM(F99:N99) -> 2507.9748
A100: 44991 | B100: Mon | C100: 0.1 | D100: 0.75902778 | F100: CLOSED | H100: CLOSED | J100: 1136.7493 | L100: CLOSED | N100: CLOSED | O100: =SUM(F100:N100) -> 1136.7493
A101: 44992 | B101: Tue | C101: 0.3 | D101: 0.77847222 | F101: CLOSED | H101: CLOSED | J101: CLOSED | L101: 618.33331 | N101: CLOSED | O101: =SUM(F101:N101) -> 618.33331
A102: 44993 | B102: Wed | C102: 0.5 | D102: 0.79791667 | F102: CLOSED | H102: CLOSED | J102: 642.96295 | L102: CLOSED | N102: CLOSED | O102: =SUM(F102:N102) -> 642.96295
A104: 45002 | B104: Fri | C104: 0 | D104: 0.67361111 | F104: CLOSED | G104: * | H104: =H106/J106*J104 -> 2435.4407 | J104: 3587.2 | L104: CLOSED | N104: CLOSED | O104: =SUM(F104:N104) -> 6022.6407
A105: 45003 | B105: Sat | C105: -0.5 | D105: 0.7125 | F105: CLOSED | H105: 5889.7067 | J105: CLOSED | L105: 7699.8372 | N105: CLOSED | O105: =SUM(F105:N105) -> 13589.544
A106: 45004 | B106: Sun | C106: -0.7 | D106: 0.74583333 | F106: CLOSED | H106: 3200.7851 | J106: 4714.4882 | L106: CLOSED | N106: CLOSED | O106: =SUM(F106:N106) -> 7915.2734
A107: 45005 | B107: Mon | C107: -0.7 | D107: 0.77638889 | F107: CLOSED | G107: * | H107: =H105/L105*L107 -> 1207.8977 | J107: CLOSED | L107: 1579.1305 | N107: CLOSED | O107: =SUM(F107:N107) -> 2787.0281
A108: 45006 | B108: Tue | C108: -0.5 | D108: 0.80416667 | F108: CLOSED | G108: * | H108: =H106/J106*J108 -> 1020.3105 | J108: 1502.8318 | L108: CLOSED | N108: CLOSED | O108: =SUM(F108:N108) -> 2523.1423
A109: 45007 | B109: Wed | C109: 0 | D109: 0.83055556 | F109: CLOSED | G109: * | H109: =H105/L105*L109 -> 975.79462 | J109: CLOSED | L109: 1275.6934 | N109: CLOSED | O109: =SUM(F109:N109) -> 2251.488
A110: 45008 | B110: Thu | C110: -0.3 | D110: 0.35347222 | F110: =(1464.50361911464/1735.61730666046*227.045914018216)+227.045914018216 -> 418.62591 | G110: * | H110: =H112/J112*J110 -> 487.10359 | J110: 928.3333 | L110: CLOSED | N110: CLOSED | O110: =SUM(F110:N110) -> 1834.0628
A111: 45009 | B111: Fri | C111: -0.4 | D111: 0.38402778 | E111: * | F111: =F113/L113*L111 -> 1081.15 | H111: 789.5868 | J111: CLOSED | L111: 1297.1676 | N111: CLOSED | O111: =SUM(F111:N111) -> 3167.9043
A112: 45010 | B112: Sat | C112: -0.2 | D112: 0.41458333 | E112: * | F112: =F113/H113*H112 -> 3799.7586 | H112: 2775.0445 | J112: 5288.7441 | L112: CLOSED | N112: CLOSED | O112: =SUM(F112:N112) -> 11863.547
A113: 45011 | B113: Sun | C113: 0.2 | D113: 0.44722222 | F113: =1464.50361911464+1735.61730666046 -> 3200.1209 | G113: * | H113: =H111/L111*L113 -> 2337.1164 | J113: CLOSED | L113: 3839.5165 | N113: CLOSED | O113: =SUM(F113:N113) -> 9376.7538
A115: 45022 | B115: Thu | C115: 0.3 | D115: 0.31527778 | E115: * | F115: =F117/L117*L115 -> 1100.2128 | G115: * | H115: =H119/L119*L115 -> 676.67335 | J115: CLOSED | L115: 723.46156 | N115: CLOSED | O115: =SUM(F115:N115) -> 2500.3477
A116: 45023 | B116: Fri | C116: -0.1 | D116: 0.34027778 | F116: =(2514.99990006288/2474.99990165234*1342.88130257089)+1342.88130257089 -> 2707.4657 | H116: 1382.5373 | J116: 2603.4286 | L116: CLOSED | N116: CLOSED | O116: =SUM(F116:N116) -> 6693.4316
A117: 45024 | B117: Sat | C117: -0.3 | D117: 0.36666667 | F117: =2514.99990006288+2474.99990165234 -> 4989.9998 | G117: * | H117: =H119/L119*L117 -> 3069.0426 | J117: CLOSED | L117: 3281.2499 | N117: CLOSED | O117: =SUM(F117:N117) -> 11340.292
A118: 45025 | B118: Sun | C118: -0.4 | D118: 0.39513889 | E118: * | F118: =F116/H116*H118 -> 2812.1358 | H118: 1435.9859 | J118: 2395.7406 | L118: CLOSED | N118: CLOSED | O118: =SUM(F118:N118) -> 6643.8623
A119: 45026 | B119: Mon | C119: -0.4 | D119: 0.42708333 | E119: * | F119: =F117/L117*L119 -> 1807.6981 | H119: 1111.8041 | J119: CLOSED | L119: 1188.6792 | N119: CLOSED | O119: =SUM(F119:N119) -> 4108.1815
A120: 45027 | B120: Tue | C120: -0.2 | D120: 0.46458333 | F120: =(2514.99990006288/2474.99990165234*667.755115884749)+667.755115884749 -> 1346.3022 | G120: * | H120: =H118/J118*J120 -> 939.11573 | J120: 1566.7826 | L120: CLOSED | N120: CLOSED | O120: =SUM(F120:N120) -> 3852.2006
A121: 45028 | B121: Wed | C121: 0.1 | D121: 0.50833333 | E121: * | F121: =F117/L117*L121 -> 2630.2247 | G121: * | H121: =H119/L119*L121 -> 1617.6898 | J121: CLOSED | L121: 1729.544 | N121: CLOSED | O121: =SUM(F121:N121) -> 5977.4585
A123: 45035 | B123: Wed | C123: -0.4 | D123: 0.28055556 | E123: * | F123: =F127/L127*L123 -> 319.93719 | G123: * | H123: =H127/L127*L123 -> 204.53443 | J123: CLOSED | L123: 254.33581 | N123: CLOSED | O123: =SUM(F123:N123) -> 778.80743
A124: 45036 | B124: Thu | C124: -0.9 | D124: 0.31111111 | E124: * | F124: =F126/J126*J124 -> 1522.8794 | G124: * | H124: =H126/J126*J124 -> 853.66129 | J124: 1204.7859 | L124: CLOSED | N124: CLOSED | O124: =SUM(F124:N124) -> 3581.3265
A125: 45037 | B125: Fri | C125: -1.2 | D125: 0.33958333 | E125: * | F125: =F127/L127*L125 -> 3528.6181 | H125: 2866.7887 | J125: CLOSED | L125: 2805.0941 | N125: CLOSED | O125: =SUM(F125:N125) -> 9200.5008
A126: 45038 | B126: Sat | C126: -1.1 | D126: 0.36805556 | F126: =(2514.99990006288/2474.99990165234*4161.6)+4161.6 -> 8390.4582 | H126: 4703.3334 | J126: 6637.8898 | L126: CLOSED | N126: CLOSED | O126: =SUM(F126:N126) -> 19731.681
A127: 45039 | B127: Sun | C127: -0.8 | D127: 0.39652778 | F127: =(2514.99990006288/2474.99990165234*3254.48626287905)+3254.48626287905 -> 6561.5703 | H127: 4194.7827 | J127: CLOSED | L127: 5216.1559 | N127: CLOSED | O127: =SUM(F127:N127) -> 15972.509
A128: 45040 | B128: Mon | C128: -0.4 | D128: 0.42638889 | F128: =(2514.99990006288/2474.99990165234*1375.67931730008)+1375.67931730008 -> 2773.5918 | G128: * | H128: =H126/J126*J128 -> 1290.3119 | J128: 1821.0379 | L128: CLOSED | N128: CLOSED | O128: =SUM(F128:N128) -> 5884.9417
A129: 45041 | B129: Tue | C129: 0.1 | D129: 0.45902778 | E129: * | F129: =F127/H127*H129 -> 1485.7425 | H129: 949.82858 | J129: CLOSED | L129: 703.259 | N129: CLOSED | O129: =SUM(F129:N129) -> 3138.8301
A131: SEASON TOTALS : | F131: =SUM(F2:F130) -> 67589.389 | H131: =SUM(H2:H130) -> 61499.774 | J131: =SUM(J2:J130) -> 62523.005 | L131: =SUM(L2:L130) -> 45806.652 | N131: =SUM(N2:N10) -> 0 | O131: =SUM(O2:O130) -> 237418.82 | P131: =SUM(F131,H131,J131,L131,N131) -> 237418.82
A132: *- estimate based on comparison of other beaches. + - no harvest due to very heavy surf and storm warnings.
A133: ** - No beach count. Used data from another day with similar conditions to estimate count.
A134: # - Tide is not low enough for decent digging opportunity

Sheet CPUE
A1: Date | B1: Day | C1: Tide | D1: Time | E1: Longbeach | G1: Twin Harbors | I1: Copalis | K1: Mocrocks | M1: Kalaloch | O1: Daily Totals
A2: 44826 | B2: Thu | C2: 0.4 | D2: 0.21041667 | F2: CLOSED | H2: CLOSED | J2: CLOSED | L2: CLOSED | N2: CLOSED | O2: 0 | Q2: =AVERAGE(O2:O26) -> 9.2497806
A3: 44827 | B3: Fri | C3: 0.1 | D3: 0.23680556 | F3: CLOSED | H3: CLOSED | J3: CLOSED | L3: CLOSED | N3: CLOSED | O3: 0
A4: 44828 | B4: Sat | C4: 0 | D4: 0.26041667 | F4: CLOSED | H4: CLOSED | J4: CLOSED | L4: CLOSED | N4: CLOSED | O4: 0
A5: 44829 | B5: Sun | C5: 0.1 | D5: 0.28333333 | F5: CLOSED | H5: CLOSED | J5: CLOSED | L5: CLOSED | N5: CLOSED | O5: 0
A6: 44830 | B6: Mon | C6: 0.3 | D6: 0.30486111 | F6: CLOSED | H6: CLOSED | J6: CLOSED | L6: CLOSED | N6: CLOSED | O6: 0
A7: 44831 | B7: Tue | C7: -0.1 | D7: 0.85 | F7: CLOSED | H7: CLOSED | J7: CLOSED | L7: CLOSED | N7: CLOSED | O7: 0
A8: 44832 | B8: Wed | C8: -0.3 | D8: 0.87916667 | F8: 5 | G8: * | H8: 8 | J8: =+Harvest!J8/Effort!J8 -> 8.8 | L8: CLOSED | N8: CLOSED | O8: =+Harvest!O8/Effort!O8 -> 7.264888
A9: 44833 | B9: Thu | C9: -0.4 | D9: 0.91041667 | F9: 15 | H9: =+Harvest!H9/Effort!H9 -> 15 | J9: CLOSED | L9: CLOSED | N9: CLOSED | O9: =+Harvest!O9/Effort!O9 -> 15
A10: 44834 | B10: Fri | C10: -0.2 | D10: 0.94652778 | E10: * | F10: 14 | H10: =+Harvest!H10/Effort!H10 -> 14.642857 | J10: =+Harvest!J10/Effort!J10 -> 13.40625 | L10: CLOSED | N10: CLOSED | O10: =+Harvest!O10/Effort!O10 -> 13.922697
A12: 44842 | B12: Sat | C12: 0.5 | D12: 0.76458333 | F12: 14.5 | H12: =+Harvest!H12/Effort!H12 -> 14.5 | J12: CLOSED | L12: CLOSED | N12: CLOSED | O12: =+Harvest!O12/Effort!O12 -> 14.5
A13: 44843 | B13: Sun | C13: -0.1 | D13: 0.79513889 | E13: * | F13: 14.5 | H13: =+Harvest!H13/Effort!H13 -> 14.387755 | J13: =+Harvest!J13/Effort!J13 -> 14.487805 | L13: CLOSED | N13: CLOSED | O13: =+Harvest!O13/Effort!O13 -> 14.46401
A14: 44844 | B14: Mon | C14: -0.5 | D14: 0.82361111 | F14: 15 | G14: * | H14: 15 | J14: CLOSED | L14: CLOSED | N14: CLOSED | O14: =+Harvest!O14/Effort!O14 -> 15
A15: 44845 | B15: Tue | C15: -0.6 | D15: 0.85138889 | F15: 14.5 | G15: * | H15: 14.5 | J15: =+Harvest!J15/Effort!J15 -> 14.811594 | L15: CLOSED | N15: CLOSED | O15: =+Harvest!O15/Effort!O15 -> 14.625475
A16: 44846 | B16: Wed | C16: -0.4 | D16: 0.87916667 | E16: * | F16: 14 | H16: =+Harvest!H16/Effort!H16 -> 13.75 | J16: CLOSED | L16: CLOSED | N16: CLOSED | O16: =+Harvest!O16/Effort!O16 -> 13.882322
A17: 44847 | B17: Thu | C17: -0.2 | D17: 0.90694444 | F17: 15 | G17: * | H17: 14 | J17: =+Harvest!J17/Effort!J17 -> 14.047619 | L17: CLOSED | N17: CLOSED | O17: =+Harvest!O17/Effort!O17 -> 14.311451
A18: 44848 | B18: Fri | C18: 0.3 | D18: 0.93680556 | E18: * | F18: 15 | H18: =+Harvest!H18/Effort!H18 -> 15 | J18: CLOSED | L18: CLOSED | N18: CLOSED | O18: =+Harvest!O18/Effort!O18 -> 15
A20: 44858 | B20: Mon | C20: 0 | D20: 0.78055556 | F20: 11 | H20: =+Harvest!H20/Effort!H20 -> 11.674419 | J20: =+Harvest!J20/Effort!J20 -> 14.047619 | L20: CLOSED | N20: CLOSED | O20: =+Harvest!O20/Effort!O20 -> 12.299267
A21: 44859 | B21: Tue | C21: -0.6 | D21: 0.80833333 | F21: 8 | H21: =+Harvest!H21/Effort!H21 -> 13.95 | J21: CLOSED | L21: CLOSED | N21: CLOSED | O21: =+Harvest!O21/Effort!O21 -> 10.940302
A22: 44860 | B22: Wed | C22: -1 | D22: 0.83680556 | F22: =+Harvest!F22/Effort!F22 -> 13.256146 | G22: * | H22: 12.5 | J22: =+Harvest!J22/Effort!J22 -> 12.282051 | L22: CLOSED | N22: CLOSED | O22: =+Harvest!O22/Effort!O22 -> 12.730007
A23: 44861 | B23: Thu | C23: -1.1 | D23: 0.86666667 | E23: * | F23: 9.5 | H23: =+Harvest!H23/Effort!H23 -> 9.5 | J23: CLOSED | L23: CLOSED | N23: CLOSED | O23: =+Harvest!O23/Effort!O23 -> 9.5
A24: 44862 | B24: Fri | C24: -1 | D24: 0.89930556 | F24: 6.5 | G24: * | H24: 10 | J24: =+Harvest!J24/Effort!J24 -> 13.108108 | L24: CLOSED | N24: CLOSED | O24: =+Harvest!O24/Effort!O24 -> 10.204651
A25: 44863 | B25: Sat | C25: -0.7 | D25: 0.93611111 | E25: * | F25: 14.5 | H25: =+Harvest!H25/Effort!H25 -> 14.702128 | J25: CLOSED | L25: CLOSED | N25: CLOSED | O25: =+Harvest!O25/Effort!O25 -> 14.599885
A26: 44864 | B26: Sun | C26: -0.3 | D26: 0.97708333 | E26: * | F26: 4.5 | G26: * | H26: 4.5 | J26: =+Harvest!J26/Effort!J26 -> 4.5 | L26: CLOSED | N26: CLOSED | O26: =+Harvest!O26/Effort!O26 -> 4.5
A28: 44871 | B28: Sun | C28: 0 | D28: 0.71388889 | F28: CLOSED | H28: CLOSED | J28: CLOSED | L28: CLOSED | N28: CLOSED | O28: =SUM(F28:N28) -> 0
A29: 44872 | B29: Mon | C29: -0.5 | D29: 0.74236111 | F29: CLOSED | H29: CLOSED | J29: CLOSED | L29: CLOSED | N29: CLOSED | O29: =SUM(F29:N29) -> 0
A30: 44873 | B30: Tue | C30: -0.7 | D30: 0.76944444 | F30: CLOSED | H30: CLOSED | J30: CLOSED | L30: CLOSED | N30: CLOSED | O30: =SUM(F30:N30) -> 0
A31: 44874 | B31: Wed | C31: -0.7 | D31: 0.79513889 | F31: CLOSED | H31: CLOSED | J31: CLOSED | L31: CLOSED | N31: CLOSED | O31: =SUM(F31:N31) -> 0
A32: 44875 | B32: Thu | C32: -0.6 | D32: 0.82083333 | F32: CLOSED | H32: CLOSED | J32: CLOSED | L32: CLOSED | N32: CLOSED | O32: =SUM(F32:N32) -> 0
A33: 44876 | B33: Fri | C33: -0.2 | D33: 0.84652778 | F33: CLOSED | H33: CLOSED | J33: CLOSED | L33: CLOSED | N33: CLOSED | O33: =SUM(F33:N33) -> 0
A34: 44877 | B34: Sat | C34: 0.1 | D34: 0.87430556 | F34: CLOSED | H34: CLOSED | J34: CLOSED | L34: CLOSED | N34: CLOSED | O34: =SUM(F34:N34) -> 0
A35: 44878 | B35: Sun | C35: 0.5 | D35: 0.90486111 | F35: CLOSED | H35: CLOSED | J35: CLOSED | L35: CLOSED | N35: CLOSED | O35: =SUM(F35:N35) -> 0
A37: 44887 | B37: Tue | C37: -0.6 | D37: 0.72361111 | F37: CLOSED | H37: CLOSED | J37: CLOSED | L37: CLOSED | N37: CLOSED | O37: =SUM(F37:N37) -> 0
A38: 44888 | B38: Wed | C38: -1.2 | D38: 0.75277778 | F38: CLOSED | H38: CLOSED | J38: CLOSED | L38: CLOSED | N38: CLOSED | O38: =SUM(F38:N38) -> 0
A39: 44889 | B39: Thu | C39: -1.6 | D39: 0.78333333 | F39: CLOSED | H39: CLOSED | J39: CLOSED | L39: CLOSED | N39: CLOSED | O39: =SUM(F39:N39) -> 0
A40: 44890 | B40: Fri | C40: -1.6 | D40: 0.81597222 | F40: CLOSED | H40: CLOSED | J40: CLOSED | L40: CLOSED | N40: CLOSED | O40: =SUM(F40:N40) -> 0
... A76: 44946 | B76: Fri | C76: -1.5 | D76: 0.73263889 | F76: CLOSED | H76: CLOSED | J76: CLOSED | L76: CLOSED | N76: CLOSED | O76: =SUM(F76:N76) -> 0
A77: 44947 | B77: Sat | C77: -1.8 | D77: 0.76597222 | F77: CLOSED | H77: CLOSED | J77: =+Harvest!J77/Effort!J77 -> 6.804878 | L77: CLOSED | N77: CLOSED | O77: =+Harvest!O77/Effort!O77 -> 6.804878
A78: 44948 | B78: Sun | C78: -1.8 | D78: 0.79722222 | F78: CLOSED | H78: CLOSED | J78: CLOSED | L78: CLOSED | N78: CLOSED | O78: =SUM(F78:N78) -> 0
A79: 44949 | B79: Mon | C79: -1.6 | D79: 0.82916667 | F79: CLOSED | H79: CLOSED | J79: =+Harvest!J79/Effort!J79 -> 14.37931 | L79: CLOSED | N79: CLOSED | O79: =+Harvest!O79/Effort!O79 -> 14.37931
A80: 44950 | B80: Tue | C80: -1 | D80: 0.85694444 | F80: CLOSED | H80: CLOSED | J80: CLOSED | L80: CLOSED | N80: CLOSED | O80: =SUM(F80:N80) -> 0
A81: 44951 | B81: Wed | C81: -0.2 | D81: 0.88611111 | F81: CLOSED | H81: CLOSED | J81: =+Harvest!J81/Effort!J81 -> 15 | L81: CLOSED | N81: CLOSED | O81: =+Harvest!O81/Effort!O81 -> 15
A83: 44960 | B83: Fri | C83: 0.1 | D83: 0.73402778 | F83: CLOSED | H83: CLOSED | J83: =+Harvest!J83/Effort!J83 -> 6.3703704 | L83: CLOSED | N83: CLOSED | O83: =+Harvest!O83/Effort!O83 -> 6.3703704
A84: 44961 | B84: Sat | C84: -0.1 | D84: 0.75763889 | F84: CLOSED | H84: CLOSED | J84: CLOSED | L84: =+Harvest!L84/Effort!L84 -> 13.571429 | N84: CLOSED | O84: =+Harvest!O84/Effort!O84 -> 13.571429
A85: 44962 | B85: Sun | C85: -0.2 | D85: 0.77986111 | F85: CLOSED | H85: CLOSED | J85: =+Harvest!J85/Effort!J85 -> 12.272727 | L85: CLOSED | N85: CLOSED | O85: =+Harvest!O85/Effort!O85 -> 12.272727
A86: 44963 | B86: Mon | C86: -0.1 | D86: 0.80069444 | F86: CLOSED | H86: CLOSED | J86: CLOSED | L86: =+Harvest!L86/Effort!L86 -> 11.416667 | N86: CLOSED | O86: =+Harvest!O86/Effort!O86 -> 11.416667
A87: 44964 | B87: Tue | C87: 0.1 | D87: 0.82083333 | F87: CLOSED | H87: CLOSED | J87: =+Harvest!J87/Effort!J87 -> 9.75 | L87: CLOSED | N87: CLOSED | O87: =+Harvest!O87/Effort!O87 -> 9.75
A88: 44965 | B88: Wed | C88: 0.4 | D88: 0.84097222 | F88: CLOSED | H88: CLOSED | J88: CLOSED | L88: =+Harvest!L88/Effort!L88 -> 11.2 | N88: CLOSED | O88: =+Harvest!O88/Effort!O88 -> 11.2
A90: 44974 | B90: Fri | C90: -0.7 | D90: 0.68680556 | F90: CLOSED | H90: CLOSED | J90: CLOSED | L90: =+Harvest!L90/Effort!L90 -> 15 | N90: CLOSED | O90: =+Harvest!O90/Effort!O90 -> 15
A91: 44975 | B91: Sat | C91: -1.2 | D91: 0.72152778 | F91: CLOSED | H91: CLOSED | J91: =+Harvest!J91/Effort!J91 -> 14.879518 | L91: CLOSED | N91: CLOSED | O91: =+Harvest!O91/Effort!O91 -> 14.879518
A92: 44976 | B92: Sun | C92: -1.5 | D92: 0.75277778 | F92: CLOSED | H92: CLOSED | J92: CLOSED | L92: =+Harvest!L92/Effort!L92 -> 13.213483 | N92: CLOSED | O92: =+Harvest!O92/Effort!O92 -> 13.213483
A93: 44977 | B93: Mon | C93: -1.4 | D93: 0.78194444 | F93: CLOSED | H93: CLOSED | J93: =+Harvest!J93/Effort!J93 -> 12.484848 | L93: CLOSED | N93: CLOSED | O93: =+Harvest!O93/Effort!O93 -> 12.484848
A94: 44978 | B94: Tue | C94: -1 | D94: 0.80972222 | F94: CLOSED | H94: CLOSED | J94: CLOSED | L94: =+Harvest!L94/Effort!L94 -> 1.6 | N94: CLOSED | O94: =+Harvest!O94/Effort!O94 -> 1.6
A95: 44979 | B95: Wed | C95: -0.3 | D95: 0.83680556 | F95: CLOSED | H95: CLOSED | J95: =+Harvest!J95/Effort!J95 -> 7.5454545 | L95: CLOSED | N95: CLOSED | O95: =+Harvest!O95/Effort!O95 -> 7.5454545
A97: 44988 | B97: Fri | C97: 0.6 | D97: 0.68819444 | F97: CLOSED | H97: CLOSED | J97: CLOSED | L97: =+Harvest!L97/Effort!L97 -> 8.775 | N97: CLOSED | O97: =+Harvest!O97/Effort!O97 -> 8.775
A98: 44989 | B98: Sat | C98: 0.4 | D98: 0.71458333 | F98: CLOSED | H98: CLOSED | J98: =+Harvest!J98/Effort!J98 -> 4.0769231 | L98: CLOSED | N98: CLOSED | O98: =+Harvest!O98/Effort!O98 -> 4.0769231
A99: 44990 | B99: Sun | C99: 0.2 | D99: 0.7375 | F99: CLOSED | H99: CLOSED | J99: CLOSED | L99: =+Harvest!L99/Effort!L99 -> 10.320755 | N99: CLOSED | O99: =+Harvest!O99/Effort!O99 -> 10.320755
A100: 44991 | B100: Mon | C100: 0.1 | D100: 0.75902778 | F100: CLOSED | H100: CLOSED | J100: =+Harvest!J100/Effort!J100 -> 9.4230769 | L100: CLOSED | N100: CLOSED | O100: =+Harvest!O100/Effort!O100 -> 9.4230769
A101: 44992 | B101: Tue | C101: 0.3 | D101: 0.77847222 | F101: CLOSED | H101: CLOSED | J101: CLOSED | L101: =+Harvest!L101/Effort!L101 -> 15 | N101: CLOSED | O101: =+Harvest!O101/Effort!O101 -> 15
A102: 44993 | B102: Wed | C102: 0.5 | D102: 0.79791667 | F102: CLOSED | H102: CLOSED | J102: =+Harvest!J102/Effort!J102 -> 14.451613 | L102: CLOSED | N102: CLOSED | O102: =+Harvest!O102/Effort!O102 -> 14.451613
A104: 45002 | B104: Fri | C104: 0 | D104: 0.67361111 | F104: CLOSED | G104: * | H104: 15 | J104: =+Harvest!J104/Effort!J104 -> 15 | L104: CLOSED | N104: CLOSED | O104: =+Harvest!O104/Effort!O104 -> 15
A105: 45003 | B105: Sat | C105: -0.5 | D105: 0.7125 | F105: CLOSED | H105: =+Harvest!H105/Effort!H105 -> 14.428571 | J105: CLOSED | L105: =+Harvest!L105/Effort!L105 -> 14.862385 | N105: CLOSED | O105: =+Harvest!O105/Effort!O105 -> 14.67437
A106: 45004 | B106: Sun | C106: -0.7 | D106: 0.74583333 | F106: CLOSED | H106: =+Harvest!H106/Effort!H106 -> 15 | J106: =+Harvest!J106/Effort!J106 -> 14.555556 | L106: CLOSED | N106: CLOSED | O106: =+Harvest!O106/Effort!O106 -> 14.73528
A107: 45005 | B107: Mon | C107: -0.7 | D107: 0.77638889 | F107: CLOSED | G107: * | H107: 14.5 | J107: CLOSED | L107: =+Harvest!L107/Effort!L107 -> 14.822222 | N107: CLOSED | O107: =+Harvest!O107/Effort!O107 -> 14.682571
A108: 45006 | B108: Tue | C108: -0.5 | D108: 0.80416667 | F108: CLOSED | G108: * | H108: 15 | J108: =+Harvest!J108/Effort!J108 -> 15 | L108: CLOSED | N108: CLOSED | O108: =+Harvest!O108/Effort!O108 -> 15
A109: 45007 | B109: Wed | C109: 0 | D109: 0.83055556 | F109: CLOSED | G109: * | H109: 14 | J109: CLOSED | L109: =+Harvest!L109/Effort!L109 -> 14.190476 | N109: CLOSED | O109: =+Harvest!O109/Effort!O109 -> 14.107924
A110: 45008 | B110: Thu | C110: -0.3 | D110: 0.35347222 | F110: 15 | G110: * | H110: 14 | J110: =+Harvest!J110/Effort!J110 -> 13.785714 | L110: CLOSED | N110: CLOSED | O110: =+Harvest!O110/Effort!O110 -> 14.119787
A111: 45009 | B111: Fri | C111: -0.4 | D111: 0.38402778 | E111: * | F111: 10.5 | H111: =+Harvest!H111/Effort!H111 -> 10.410256 | J111: CLOSED | L111: =+Harvest!L111/Effort!L111 -> 10.909091 | N111: CLOSED | O111: =+Harvest!O111/Effort!O111 -> 10.645143
A112: 45010 | B112: Sat | C112: -0.2 | D112: 0.41458333 | E112: * | F112: 12.5 | H112: =+Harvest!H112/Effort!H112 -> 14.125 | J112: =+Harvest!J112/Effort!J112 -> 14.511111 | L112: CLOSED | N112: CLOSED | O112: =+Harvest!O112/Effort!O112 -> 13.776659
A113: 45011 | B113: Sun | C113: 0.2 | D113: 0.44722222 | F113: 12.5 | G113: * | H113: 12.5 | J113: CLOSED | L113: =+Harvest!L113/Effort!L113 -> 12.377358 | N113: CLOSED | O113: =+Harvest!O113/Effort!O113 -> 12.449782
A115: 45022 | B115: Thu | C115: 0.3 | D115: 0.31527778 | E115: * | F115: 17.5 | G115: * | H115: 17.5 | J115: CLOSED | L115: =+Harvest!L115/Effort!L115 -> 17.421053 | N115: CLOSED | O115: =+Harvest!O115/Effort!O115 -> 17.477157
A116: 45023 | B116: Fri | C116: -0.1 | D116: 0.34027778 | F116: 18 | H116: =+Harvest!H116/Effort!H116 -> 17.677966 | J116: =+Harvest!J116/Effort!J116 -> 17.691176 | L116: CLOSED | N116: CLOSED | O116: =+Harvest!O116/Effort!O116 -> 17.813366
A117: 45024 | B117: Sat | C117: -0.3 | D117: 0.36666667 | F117: =+Harvest!F117/Effort!F117 -> 12.345179 | G117: * | H117: 15 | J117: CLOSED | L117: =+Harvest!L117/Effort!L117 -> 16.577778 | N117: CLOSED | O117: =+Harvest!O117/Effort!O117 -> 14.288336
A118: 45025 | B118: Sun | C118: -0.4 | D118: 0.39513889 | E118: * | F118: 7.5 | H118: =+Harvest!H118/Effort!H118 -> 5.6349206 | J118: =+Harvest!J118/Effort!J118 -> 8.2352941 | L118: CLOSED | N118: CLOSED | O118: =+Harvest!O118/Effort!O118 -> 7.36203
A119: 45026 | B119: Mon | C119: -0.4 | D119: 0.42708333 | E119: * | F119: 16 | H119: =+Harvest!H119/Effort!H119 -> 15.8 | J119: CLOSED | L119: =+Harvest!L119/Effort!L119 -> 15.633333 | N119: CLOSED | O119: =+Harvest!O119/Effort!O119 -> 15.839781
A120: 45027 | B120: Tue | C120: -0.2 | D120: 0.46458333 | F120: 17 | G120: * | H120: 17 | J120: =+Harvest!J120/Effort!J120 -> 16.888889 | L120: CLOSED | N120: CLOSED | O120: =+Harvest!O120/Effort!O120 -> 16.954808
A121: 45028 | B121: Wed | C121: 0.1 | D121: 0.50833333 | E121: * | F121: 16.5 | G121: * | H121: 16.5 | J121: CLOSED | L121: =+Harvest!L121/Effort!L121 -> 16.459459 | N121: CLOSED | O121: =+Harvest!O121/Effort!O121 -> 16.48827
A123: 45035 | B123: Wed | C123: -0.4 | D123: 0.28055556 | E123: * | F123: 13.5 | G123: * | H123: 13.5 | J123: CLOSED | L123: =+Harvest!L123/Effort!L123 -> 13.5 | N123: CLOSED | O123: =+Harvest!O123/Effort!O123 -> 13.5
A124: 45036 | B124: Thu | C124: -0.9 | D124: 0.31111111 | E124: * | F124: 19 | G124: * | H124: 19 | J124: =+Harvest!J124/Effort!J124 -> 18.945455 | L124: CLOSED | N124: CLOSED | O124: =+Harvest!O124/Effort!O124 -> 18.98165
A125: 45037 | B125: Fri | C125: -1.2 | D125: 0.33958333 | E125: * | F125: 16 | H125: =+Harvest!H125/Effort!H125 -> 15.76087 | J125: CLOSED | L125: =+Harvest!L125/Effort!L125 -> 18.707547 | N125: CLOSED | O125: =+Harvest!O125/Effort!O125 -> 16.75098
A126: 45038 | B126: Sat | C126: -1.1 | D126: 0.36805556 | F126: 19.6 | H126: =+Harvest!H126/Effort!H126 -> 19.927536 | J126: =+Harvest!J126/Effort!J126 -> 19.418919 | L126: CLOSED | N126: CLOSED | O126: =+Harvest!O126/Effort!O126 -> 19.617156
A127: 45039 | B127: Sun | C127: -0.8 | D127: 0.39652778 | F127: 16.3 | H127: =+Harvest!H127/Effort!H127 -> 13.913793 | J127: CLOSED | L127: =+Harvest!L127/Effort!L127 -> 18.315789 | N127: CLOSED | O127: =+Harvest!O127/Effort!O127 -> 16.33162
A128: 45040 | B128: Mon | C128: -0.4 | D128: 0.42638889 | F128: 12.5 | G128: * | H128: 16 | J128: =+Harvest!J128/Effort!J128 -> 19.333333 | L128: CLOSED | N128: CLOSED | O128: =+Harvest!O128/Effort!O128 -> 15.381906
A129: 45041 | B129: Tue | C129: 0.1 | D129: 0.45902778 | E129: * | F129: 19.5 | H129: =+Harvest!H129/Effort!H129 -> 19.488889 | J129: CLOSED | L129: =+Harvest!L129/Effort!L129 -> 20 | N129: CLOSED | O129: =+Harvest!O129/Effort!O129 -> 19.608663
A131: SEASON TOTALS : | F131: =Harvest!F131/Effort!F131 -> 14.875569 | H131: =Harvest!H131/Effort!H131 -> 14.843184 | J131: =Harvest!J131/Effort!J131 -> 13.940221 | L131: =Harvest!L131/Effort!L131 -> 14.641104 | N131: 0 | O131: =+Harvest!O131/Effort!O131 -> 14.575625
A132: *- estimate based on comparison of other beaches. + - no harvest due to very heavy surf and storm warnings.
A133: ** - No beach count. Used data from another day with similar conditions to estimate count.

Sheet Summary Table
A1: 2022-2023 State (non-Tribal) Recreational Razor Clam Effort, Harvest and CPUE totals.
E2: LONG BEACH | H2: TWIN HARBORS | K2: COPALIS | N2: MOCROCKS | Q2: KALALOCH | T2: DAILY TOTALS | W2: CROSS | X2: CHECK
A3: DATE | B3: DAY | C3: TIDE | D3: TIME | E3: Effort | F3: Harvest | G3: CPUE | H3: Effort | I3: Harvest | J3: CPUE | K3: Effort | L3: Harvest | M3: CPUE | N3: Effort | O3: Harvest | P3: CPUE | Q3: Effort | R3: Harvest | S3: CPUE | T3: Effort | U3: Harvest
A4: 44826 | B4: Thu | C4: 0.4 | D4: 0.21041667 | E4: =Effort!F2 -> CLOSED | F4: =Harvest!F2 -> CLOSED | G4: =+CPUE!F2 -> CLOSED | H4: =Effort!H2 -> CLOSED | I4: =Harvest!H2 -> CLOSED | J4: =CPUE!H2 -> CLOSED | K4: =Effort!J2 -> CLOSED | L4: =Harvest!J2 -> CLOSED | M4: =CPUE!J2 -> CLOSED | N4: =Effort!L2 -> CLOSED | O4: =Harvest!L2 -> CLOSED | P4: =CPUE!L2 -> CLOSED | Q4: CLOSED | R4: CLOSED | S4: CLOSED | T4: 0 | U4: 0
A5: 44827 | B5: Fri | C5: 0.1 | D5: 0.23680556 | E5: =Effort!F3 -> CLOSED | F5: =Harvest!F3 -> CLOSED | G5: =+CPUE!F3 -> CLOSED | H5: =Effort!H3 -> CLOSED | I5: =Harvest!H3 -> CLOSED | J5: =CPUE!H3 -> CLOSED | K5: =Effort!J3 -> CLOSED | L5: =Harvest!J3 -> CLOSED | M5: =CPUE!J3 -> CLOSED | N5: =Effort!L3 -> CLOSED | O5: =Harvest!L3 -> CLOSED | P5: =CPUE!L3 -> CLOSED | Q5: CLOSED | R5: CLOSED | S5: CLOSED | T5: 0 | U5: 0
A6: 44828 | B6: Sat | C6: 0 | D6: 0.26041667 | E6: =Effort!F4 -> CLOSED | F6: =Harvest!F4 -> CLOSED | G6: =+CPUE!F4 -> CLOSED | H6: =Effort!H4 -> CLOSED | I6: =Harvest!H4 -> CLOSED | J6: =CPUE!H4 -> CLOSED | K6: =Effort!J4 -> CLOSED | L6: =Harvest!J4 -> CLOSED | M6: =CPUE!J4 -> CLOSED | N6: =Effort!L4 -> CLOSED | O6: =Harvest!L4 -> CLOSED | P6: =CPUE!L4 -> CLOSED | Q6: CLOSED | R6: CLOSED | S6: CLOSED | T6: 0 | U6: 0
A7: 44829 | B7: Sun | C7: 0.1 | D7: 0.28333333 | E7: =Effort!F5 -> CLOSED | F7: =Harvest!F5 -> CLOSED | G7: =+CPUE!F5 -> CLOSED | H7: =Effort!H5 -> CLOSED | I7: =Harvest!H5 -> CLOSED | J7: =CPUE!H5 -> CLOSED | K7: =Effort!J5 -> CLOSED | L7: =Harvest!J5 -> CLOSED | M7: =CPUE!J5 -> CLOSED | N7: =Effort!L5 -> CLOSED | O7: =Harvest!L5 -> CLOSED | P7: =CPUE!L5 -> CLOSED | Q7: CLOSED | R7: CLOSED | S7: CLOSED | T7: 0 | U7: 0
A8: 44830 | B8: Mon | C8: 0.3 | D8: 0.30486111 | E8: =Effort!F6 -> CLOSED | F8: =Harvest!F6 -> CLOSED | G8: =+CPUE!F6 -> CLOSED | H8: =Effort!H6 -> CLOSED | I8: =Harvest!H6 -> CLOSED | J8: =CPUE!H6 -> CLOSED | K8: =Effort!J6 -> CLOSED | L8: =Harvest!J6 -> CLOSED | M8: =CPUE!J6 -> CLOSED | N8: =Effort!L6 -> CLOSED | O8: =Harvest!L6 -> CLOSED | P8: =CPUE!L6 -> CLOSED | Q8: CLOSED | R8: CLOSED | S8: CLOSED | T8: 0 | U8: 0
A9: 44831 | B9: Tue | C9: -0.1 | D9: 0.85 | E9: =Effort!F7 -> CLOSED | F9: =Harvest!F7 -> CLOSED | G9: =+CPUE!F7 -> CLOSED | H9: =Effort!H7 -> CLOSED | I9: =Harvest!H7 -> CLOSED | J9: =CPUE!H7 -> CLOSED | K9: =Effort!J7 -> CLOSED | L9: =Harvest!J7 -> CLOSED | M9: =CPUE!J7 -> CLOSED | N9: =Effort!L7 -> CLOSED | O9: =Harvest!L7 -> CLOSED | P9: =CPUE!L7 -> CLOSED | Q9: CLOSED | R9: CLOSED | S9: CLOSED | T9: 0 | U9: 0
A10: 44832 | B10: Wed | C10: -0.3 | D10: 0.87916667 | E10: =Effort!F8 -> 199.38112 | F10: =Harvest!F8 -> 996.9056 | G10: =+CPUE!F8 -> 5 | H10: =Effort!H8 -> 194.83345 | I10: =Harvest!H8 -> 1558.6676 | J10: =CPUE!H8 -> 8 | K10: =Effort!J8 -> 200.86581 | L10: =Harvest!J8 -> 1767.6191 | M10: =CPUE!J8 -> 8.8 | N10: =Effort!L8 -> CLOSED | O10: =Harvest!L8 -> CLOSED | P10: =CPUE!L8 -> CLOSED | Q10: CLOSED | R10: CLOSED | S10: CLOSED | T10: =SUM(E10+H10+K10) -> 595.08038 | U10: =SUM(F10+I10+L10) -> 4323.1923
A11: 44833 | B11: Thu | C11: -0.4 | D11: 0.91041667 | E11: =Effort!F9 -> 261.0262 | F11: =Harvest!F9 -> 3915.393 | G11: =+CPUE!F9 -> 15 | H11: =Effort!H9 -> 255.07247 | I11: =Harvest!H9 -> 3826.087 | J11: =CPUE!H9 -> 15 | K11: =Effort!J9 -> CLOSED | L11: =Harvest!J9 -> CLOSED | M11: =CPUE!J9 -> CLOSED | N11: =Effort!L9 -> CLOSED | O11: =Harvest!L9 -> CLOSED | P11: =CPUE!L9 -> CLOSED | Q11: CLOSED | R11: CLOSED | S11: CLOSED | T11: =SUM(E11+H11) -> 516.09867 | U11: =SUM(F11+I11) -> 7741.4801
A12: 44834 | B12: Fri | C12: -0.2 | D12: 0.94652778 | E12: =Effort!F10 -> 614.50901 | F12: =Harvest!F10 -> 8603.1261 | G12: =+CPUE!F10 -> 14 | H12: =Effort!H10 -> 378 | I12: =Harvest!H10 -> 5535 | J12: =CPUE!H10 -> 14.642857 | K12: =Effort!J10 -> 619.08494 | L12: =Harvest!J10 -> 8299.6075 | M12: =CPUE!J10 -> 13.40625 | N12: =Effort!L10 -> CLOSED | O12: =Harvest!L10 -> CLOSED | P12: =CPUE!L10 -> CLOSED | Q12: CLOSED | R12: CLOSED | S12: CLOSED | T12: =SUM(E12+H12+K12) -> 1611.5939 | U12: =SUM(F12+I12+L12) -> 22437.734
A13: Tide Series Totals | E13: =SUM(E4:E12) -> 1074.9163 | F13: =SUM(F4:F12) -> 13515.425 | G13: =+F13/E13 -> 12.573467 | H13: =SUM(H4:H12) -> 827.90592 | I13: =SUM(I4:I12) -> 10919.755 | J13: =+I13/H13 -> 13.189608 | K13: =SUM(K4:K12) -> 819.95075 | L13: =SUM(L4:L12) -> 10067.227 | M13: =+L13/K13 -> 12.277843 | N13: =SUM(N4:N12) -> 0 | O13: =SUM(O4:O12) -> 0 | P13: 0 | T13: =SUM(T4:T12) -> 2722.773 | U13: =SUM(U4:U12) -> 34502.406 | W13: =SUM(H13,K13,N13,Q13,E13) -> 2722.773 | X13: =SUM(R13,O13,L13,I13,F13) -> 34502.406
A14: 44842 | B14: Sat | C14: 0.5 | D14: 0.76458333 | E14: =Effort!F12 -> 5355.227 | F14: =Harvest!F12 -> 77650.792 | G14: =+CPUE!F12 -> 14.5 | H14: =Effort!H12 -> 4762.6033 | I14: =Harvest!H12 -> 69057.748 | J14: =CPUE!H12 -> 14.5 | K14: =Effort!J12 -> CLOSED | L14: =Harvest!J12 -> CLOSED | M14: =CPUE!J12 -> CLOSED | N14: =Effort!L12 -> CLOSED | O14: =Harvest!L12 -> CLOSED | P14: =CPUE!L12 -> CLOSED | Q14: CLOSED | R14: CLOSED | S14: CLOSED | T14: =SUM(E14+H14) -> 10117.83 | U14: =SUM(F14+I14) -> 146708.54
A15: 44843 | B15: Sun | C15: -0.1 | D15: 0.79513889 | E15: =Effort!F13 -> 2564.1123 | F15: =Harvest!F13 -> 37179.628 | G15: =+CPUE!F13 -> 14.5 | H15: =Effort!H13 -> 2280.3608 | I15: =Harvest!H13 -> 32809.273 | J15: =CPUE!H13 -> 14.387755 | K15: =Effort!J13 -> 3429.6324 | L15: =Harvest!J13 -> 49687.845 | M15: =CPUE!J13 -> 14.487805 | N15: =Effort!L13 -> CLOSED | O15: =Harvest!L13 -> CLOSED | P15: =CPUE!L13 -> CLOSED | Q15: CLOSED | R15: CLOSED | S15: CLOSED | T15: =SUM(E15+H15+K15) -> 8274.1055 | U15: =SUM(F15+I15+L15) -> 119676.75
A16: 44844 | B16: Mon | C16: -0.5 | D16: 0.82361111 | E16: =Effort!F14 -> 1244.1436 | F16: =Harvest!F14 -> 18662.155 | G16: =+CPUE!F14 -> 15 | H16: =Effort!H14 -> 1106.4634 | I16: =Harvest!H14 -> 16596.951 | J16: =CPUE!H14 -> 15 | K16: =Effort!J14 -> CLOSED | L16: =Harvest!J14 -> CLOSED | M16: =CPUE!J14 -> CLOSED | N16: =Effort!L14 -> CLOSED | O16: =Harvest!L14 -> CLOSED | P16: =CPUE!L14 -> CLOSED | Q16: CLOSED | R16: CLOSED | S16: CLOSED | T16: =SUM(E16+H16) -> 2350.607 | U16: =SUM(F16+I16) -> 35259.106
A17: 44845 | B17: Tue | C17: -0.6 | D17: 0.85138889 | E17: =Effort!F15 -> 777.51539 | F17: =Harvest!F15 -> 11273.973 | G17: =+CPUE!F15 -> 14.5 | H17: =Effort!H15 -> 631.66851 | I17: =Harvest!H15 -> 9159.1934 | J17: =CPUE!H15 -> 14.5 | K17: =Effort!J15 -> 950.02105 | L17: =Harvest!J15 -> 14071.326 | M17: =CPUE!J15 -> 14.811594 | N17: =Effort!L15 -> CLOSED | O17: =Harvest!L15 -> CLOSED | P17: =CPUE!L15 -> CLOSED | Q17: CLOSED | R17: CLOSED | S17: CLOSED | T17: =SUM(E17+H17+K17) -> 2359.205 | U17: =SUM(F17+I17+L17) -> 34504.493
A18: 44846 | B18: Wed | C18: -0.4 | D18: 0.87916667 | E18: =Effort!F16 -> 393.51385 | F18: =Harvest!F16 -> 5509.1939 | G18: =+CPUE!F16 -> 14 | H18: =Effort!H16 -> 349.96656 | I18: =Harvest!H16 -> 4812.0402 | J18: =CPUE!H16 -> 13.75 | K18: =Effort!J16 -> CLOSED | L18: =Harvest!J16 -> CLOSED | M18: =CPUE!J16 -> CLOSED | N18: =Effort!L16 -> CLOSED | O18: =Harvest!L16 -> CLOSED | P18: =CPUE!L16 -> CLOSED | Q18: CLOSED | R18: CLOSED | S18: CLOSED | T18: =SUM(E18+H18) -> 743.48042 | U18: =SUM(F18+I18) -> 10321.234
A19: 44847 | B19: Thu | C19: -0.2 | D19: 0.90694444 | E19: =Effort!F17 -> 315.90694 | F19: =Harvest!F17 -> 4738.6041 | G19: =+CPUE!F17 -> 15 | H19: =Effort!H17 -> 280.94784 | I19: =Harvest!H17 -> 3933.2697 | J19: =CPUE!H17 -> 14 | K19: =Effort!J17 -> 492.8 | L19: =Harvest!J17 -> 6922.6667 | M19: =CPUE!J17 -> 14.047619 | N19: =Effort!L17 -> CLOSED | O19: =Harvest!L17 -> CLOSED | P19: =CPUE!L17 -> CLOSED | Q19: CLOSED | R19: CLOSED | S19: CLOSED | T19: =SUM(E19+H19+K19) -> 1089.6548 | U19: =SUM(F19+I19+L19) -> 15594.541
A20: 44848 | B20: Fri | C20: 0.3 | D20: 0.93680556 | E20: =Effort!F18 -> 515.81118 | F20: =Harvest!F18 -> 7737.1677 | G20: =+CPUE!F18 -> 15 | H20: =Effort!H18 -> 458.73014 | I20: =Harvest!H18 -> 6880.9521 | J20: =CPUE!H18 -> 15 | K20: =Effort!J18 -> CLOSED | L20: =Harvest!J18 -> CLOSED | M20: =CPUE!J18 -> CLOSED | N20: =Effort!L18 -> CLOSED | O20: =Harvest!L18 -> CLOSED | P20: =CPUE!L18 -> CLOSED | Q20: CLOSED | R20: CLOSED | S20: CLOSED | T20: =SUM(E20+H20) -> 974.54132 | U20: =SUM(F20+I20) -> 14618.12
A21: Tide Series Totals | E21: =SUM(E14:E20) -> 11166.23 | F21: =SUM(F14:F20) -> 162751.51 | G21: =+F21/E21 -> 14.575332 | H21: =SUM(H14:H20) -> 9870.7406 | I21: =SUM(I14:I20) -> 143249.43 | J21: =+I21/H21 -> 14.512531 | K21: =SUM(K14:K20) -> 4872.4534 | L21: =SUM(L14:L20) -> 70681.838 | M21: =+L21/K21 -> 14.506416 | N21: =SUM(N12:N20) -> 0 | O21: =SUM(O12:O20) -> 0 | P21: 0 | T21: =SUM(T14:T20) -> 25909.424 | U21: =SUM(U14:U20) -> 376682.78 | W21: =SUM(H21,K21,N21,Q21,E21) -> 25909.424 | X21: =SUM(R21,O21,L21,I21,F21) -> 376682.78
A22: 44858 | B22: Mon | C22: 0 | D22: 0.78055556 | E22: =Effort!F20 -> 1250.827 | F22: =Harvest!F20 -> 13759.097 | G22: =+CPUE!F20 -> 11 | H22: =Effort!H20 -> 970.92904 | I22: =Harvest!H20 -> 11335.032 | J22: =CPUE!H20 -> 11.674419 | K22: =Effort!J20 -> 1276.5406 | L22: =Harvest!J20 -> 17932.356 | M22: =CPUE!J20 -> 14.047619 | N22: =Effort!L20 -> CLOSED | O22: =Harvest!L20 -> CLOSED | P22: =CPUE!L20 -> CLOSED | Q22: CLOSED | R22: CLOSED | S22: CLOSED | T22: =SUM(E22+H22+K22) -> 3498.2967 | U22: =SUM(F22+I22+L22) -> 43026.486
A23: 44859 | B23: Tue | C23: -0.6 | D23: 0.80833333 | E23: =Effort!F21 -> 397.34615 | F23: =Harvest!F21 -> 3178.7692 | G23: =+CPUE!F21 -> 8 | H23: =Effort!H21 -> 388.18431 | I23: =Harvest!H21 -> 5415.1712 | J23: =CPUE!H21 -> 13.95 | K23: =Effort!J21 -> CLOSED | L23: =Harvest!J21 -> CLOSED | M23: =CPUE!J21 -> CLOSED | N23: =Effort!L21 -> CLOSED | O23: =Harvest!L21 -> CLOSED | P23: =CPUE!L21 -> CLOSED | Q23: CLOSED | R23: CLOSED | S23: CLOSED | T23: =SUM(E23+H23) -> 785.53046 | U23: =SUM(F23+I23) -> 8593.9404
A24: 44860 | B24: Wed | C24: -1 | D24: 0.83680556 | E24: =Effort!F22 -> 770.31346 | F24: =Harvest!F22 -> 10211.388 | G24: =+CPUE!F22 -> 13.256146 | H24: =Effort!H22 -> 597.94015 | I24: =Harvest!H22 -> 7474.2518 | J24: =CPUE!H22 -> 12.5 | K24: =Effort!J22 -> 597.74106 | L24: =Harvest!J22 -> 7341.4864 | M24: =CPUE!J22 -> 12.282051 | N24: =Effort!L22 -> CLOSED | O24: =Harvest!L22 -> CLOSED | P24: =CPUE!L22 -> CLOSED | Q24: CLOSED | R24: CLOSED | S24: CLOSED | T24: =SUM(E24+H24+K24) -> 1965.9947 | U24: =SUM(F24+I24+L24) -> 25027.126
A25: 44861 | B25: Thu | C25: -1.1 | D25: 0.86666667 | E25: =Effort!F23 -> 514.17347 | F25: =Harvest!F23 -> 4884.6479 | G25: =+CPUE!F23 -> 9.5 | H25: =Effort!H23 -> 502.31788 | I25: =Harvest!H23 -> 4772.0199 | J25: =CPUE!H23 -> 9.5 | K25: =Effort!J23 -> CLOSED | L25: =Harvest!J23 -> CLOSED | M25: =CPUE!J23 -> CLOSED | N25: =Effort!L23 -> CLOSED | O25: =Harvest!L23 -> CLOSED | P25: =CPUE!L23 -> CLOSED | Q25: CLOSED | R25: CLOSED | S25: CLOSED | T25: =SUM(E25+H25) -> 1016.4914 | U25: =SUM(F25+I25) -> 9656.6678
A26: 44862 | B26: Fri | C26: -1 | D26: 0.89930556 | E26: =Effort!F24 -> 805.14405 | F26: =Harvest!F24 -> 5233.4364 | G26: =+CPUE!F24 -> 6.5 | H26: =Effort!H24 -> 825.63586 | I26: =Harvest!H24 -> 8256.3586 | J26: =CPUE!H24 -> 10 | K26: =Effort!J24 -> 1085.5147 | L26: =Harvest!J24 -> 14229.044 | M26: =CPUE!J24 -> 13.108108 | N26: =Effort!L24 -> CLOSED | O26: =Harvest!L24 -> CLOSED | P26: =CPUE!L24 -> CLOSED | Q26: CLOSED | R26: CLOSED | S26: CLOSED | T26: =SUM(E26+H26+K26) -> 2716.2946 | U26: =SUM(F26+I26+L26) -> 27718.838
A27: 44863 | B27: Sat | C27: -0.7 | D27: 0.93611111 | E27: =Effort!F25 -> 1101.2843 | F27: =Harvest!F25 -> 15968.622 | G27: =+CPUE!F25 -> 14.5 | H27: =Effort!H25 -> 1075.8913 | I27: =Harvest!H25 -> 15817.892 | J27: =CPUE!H25 -> 14.702128 | K27: =Effort!J25 -> CLOSED | L27: =Harvest!J25 -> CLOSED | M27: =CPUE!J25 -> CLOSED | N27: =Effort!L25 -> CLOSED | O27: =Harvest!L25 -> CLOSED | P27: =CPUE!L25 -> CLOSED | Q27: CLOSED | R27: CLOSED | S27: CLOSED | T27: =SUM(E27+H27) -> 2177.1756 | U27: =SUM(F27+I27) -> 31786.513
A28: 44864 | B28: Sun | C28: -0.3 | D28: 0.97708333 | E28: =Effort!F26 -> 32.661893 | F28: =Harvest!F26 -> 146.97852 | G28: =+CPUE!F26 -> 4.5 | H28: =Effort!H26 -> 25.35313 | I28: =Harvest!H26 -> 114.08908 | J28: =CPUE!H26 -> 4.5 | K28: =Effort!J26 -> 33.333332 | L28: =Harvest!J26 -> 149.99999 | M28: =CPUE!J26 -> 4.5 | N28: =Effort!L26 -> CLOSED | O28: =Harvest!L26 -> CLOSED | P28: =CPUE!L26 -> CLOSED | Q28: CLOSED | R28: CLOSED | S28: CLOSED | T28: =SUM(E28+H28+K28) -> 91.348355 | U28: =SUM(F28+I28+L28) -> 411.0676
A29: Tide Series Totals | E29: =SUM(E22:E28) -> 4871.7503 | F29: =SUM(F22:F28) -> 53382.939 | G29: =+F29/E29 -> 10.957651 | H29: =SUM(H22:H28) -> 4386.2517 | I29: =SUM(I22:I28) -> 53184.814 | J29: =+I29/H29 -> 12.125345 | K29: =SUM(K22:K28) -> 2993.1297 | L29: =SUM(L22:L28) -> 39652.886 | M29: =+L29/K29 -> 13.247968 | N29: =SUM(N20:N28) -> 0 | O29: =SUM(O20:O28) -> 0 | P29: 0 | T29: =SUM(T22:T28) -> 12251.132 | U29: =SUM(U22:U28) -> 146220.64 | W29: =SUM(H29,K29,N29,Q29,E29) -> 12251.132 | X29: =SUM(R29,O29,L29,I29,F29) -> 146220.64
A30: 44871 | B30: Sun | C30: 0 | D30: 0.71388889 | E30: =Effort!F28 -> CLOSED | F30: =Harvest!F28 -> CLOSED | G30: =+CPUE!F28 -> CLOSED | H30: =Effort!H28 -> CLOSED | I30: =Harvest!H28 -> CLOSED | J30: =CPUE!H28 -> CLOSED | K30: =Effort!J28 -> CLOSED | L30: =Harvest!J28 -> CLOSED | M30: =CPUE!J28 -> CLOSED | N30: =Effort!L28 -> CLOSED | O30: =Harvest!L28 -> CLOSED | P30: =CPUE!L28 -> CLOSED | Q30: CLOSED | R30: CLOSED | S30: CLOSED | T30: 0 | U30: 0
A31: 44872 | B31: Mon | C31: -0.5 | D31: 0.74236111 | E31: =Effort!F29 -> CLOSED | F31: =Harvest!F29 -> CLOSED | G31: =+CPUE!F29 -> CLOSED | H31: =Effort!H29 -> CLOSED | I31: =Harvest!H29 -> CLOSED | J31: =CPUE!H29 -> CLOSED | K31: =Effort!J29 -> CLOSED | L31: =Harvest!J29 -> CLOSED | M31: =CPUE!J29 -> CLOSED | N31: =Effort!L29 -> CLOSED | O31: =Harvest!L29 -> CLOSED | P31: =CPUE!L29 -> CLOSED | Q31: CLOSED | R31: CLOSED | S31: CLOSED | T31: 0 | U31: 0
A32: 44873 | B32: Tue | C32: -0.7 | D32: 0.76944444 | E32: =Effort!F30 -> CLOSED | F32: =Harvest!F30 -> CLOSED | G32: =+CPUE!F30 -> CLOSED | H32: =Effort!H30 -> CLOSED | I32: =Harvest!H30 -> CLOSED | J32: =CPUE!H30 -> CLOSED | K32: =Effort!J30 -> CLOSED | L32: =Harvest!J30 -> CLOSED | M32: =CPUE!J30 -> CLOSED | N32: =Effort!L30 -> CLOSED | O32: =Harvest!L30 -> CLOSED | P32: =CPUE!L30 -> CLOSED | Q32: CLOSED | R32: CLOSED | S32: CLOSED | T32: 0 | U32: 0
A33: 44874 | B33: Wed | C33: -0.7 | D33: 0.79513889 | E33: =Effort!F31 -> CLOSED | F33: =Harvest!F31 -> CLOSED | G33: =+CPUE!F31 -> CLOSED | H33: =Effort!H31 -> CLOSED | I33: =Harvest!H31 -> CLOSED | J33: =CPUE!H31 -> CLOSED | K33: =Effort!J31 -> CLOSED | L33: =Harvest!J31 -> CLOSED | M33: =CPUE!J31 -> CLOSED | N33: =Effort!L31 -> CLOSED | O33: =Harvest!L31 -> CLOSED | P33: =CPUE!L31 -> CLOSED | Q33: CLOSED | R33: CLOSED | S33: CLOSED | T33: 0 | U33: 0
A34: 44875 | B34: Thu | C34: -0.6 | D34: 0.82083333 | E34: =Effort!F32 -> CLOSED | F34: =Harvest!F32 -> CLOSED | G34: =+CPUE!F32 -> CLOSED | H34: =Effort!H32 -> CLOSED | I34: =Harvest!H32 -> CLOSED | J34: =CPUE!H32 -> CLOSED | K34: =Effort!J32 -> CLOSED | L34: =Harvest!J32 -> CLOSED | M34: =CPUE!J32 -> CLOSED | N34: =Effort!L32 -> CLOSED | O34: =Harvest!L32 -> CLOSED | P34: =CPUE!L32 -> CLOSED | Q34: CLOSED | R34: CLOSED | S34: CLOSED | T34: 0 | U34: 0
A35: 44876 | B35: Fri | C35: -0.2 | D35: 0.84652778 | E35: =Effort!F33 -> CLOSED | F35: =Harvest!F33 -> CLOSED | G35: =+CPUE!F33 -> CLOSED | H35: =Effort!H33 -> CLOSED | I35: =Harvest!H33 -> CLOSED | J35: =CPUE!H33 -> CLOSED | K35: =Effort!J33 -> CLOSED | L35: =Harvest!J33 -> CLOSED | M35: =CPUE!J33 -> CLOSED | N35: =Effort!L33 -> CLOSED | O35: =Harvest!L33 -> CLOSED | P35: =CPUE!L33 -> CLOSED | Q35: CLOSED | R35: CLOSED | S35: CLOSED | T35: 0 | U35: 0
A36: 44877 | B36: Sat | C36: 0.1 | D36: 0.87430556 | E36: =Effort!F34 -> CLOSED | F36: =Harvest!F34 -> CLOSED | G36: =+CPUE!F34 -> CLOSED | H36: =Effort!H34 -> CLOSED | I36: =Harvest!H34 -> CLOSED | J36: =CPUE!H34 -> CLOSED | K36: =Effort!J34 -> CLOSED | L36: =Harvest!J34 -> CLOSED | M36: =CPUE!J34 -> CLOSED | N36: =Effort!L34 -> CLOSED | O36: =Harvest!L34 -> CLOSED | P36: =CPUE!L34 -> CLOSED | Q36: CLOSED | R36: CLOSED | S36: CLOSED | T36: 0 | U36: 0
A37: 44878 | B37: Sun | C37: 0.5 | D37: 0.90486111 | E37: =Effort!F35 -> CLOSED | F37: =Harvest!F35 -> CLOSED | G37: =+CPUE!F35 -> CLOSED | H37: =Effort!H35 -> CLOSED | I37: =Harvest!H35 -> CLOSED | J37: =CPUE!H35 -> CLOSED | K37: =Effort!J35 -> CLOSED | L37: =Harvest!J35 -> CLOSED | M37: =CPUE!J35 -> CLOSED | N37: =Effort!L35 -> CLOSED | O37: =Harvest!L35 -> CLOSED | P37: =CPUE!L35 -> CLOSED | Q37: CLOSED | R37: CLOSED | S37: CLOSED | T37: 0 | U37: 0
A38: Tide Series Totals | E38: =SUM(E30:E37) -> 0 | F38: =SUM(F30:F37) -> 0 | G38: 0 | H38: =SUM(H30:H37) -> 0 | I38: =SUM(I30:I37) -> 0 | J38: 0 | K38: =SUM(K30:K37) -> 0 | L38: =SUM(L30:L37) -> 0 | M38: 0 | N38: =SUM(N29:N37) -> 0 | O38: =SUM(O29:O37) -> 0 | P38: 0 | T38: =SUM(T30:T37) -> 0 | U38: =SUM(U30:U37) -> 0 | W38: =SUM(H38,K38,N38,Q38,E38) -> 0 | X38: =SUM(R38,O38,L38,I38,F38) -> 0
A39: 44887 | B39: Tue | C39: -0.6 | D39: 0.72361111 | E39: =Effort!F37 -> CLOSED | F39: =Harvest!F37 -> CLOSED | G39: =+CPUE!F37 -> CLOSED | H39: =Effort!H37 -> CLOSED | I39: =Harvest!H37 -> CLOSED | J39: =CPUE!H37 -> CLOSED | K39: =Effort!J37 -> CLOSED | L39: =Harvest!J37 -> CLOSED | M39: =CPUE!J37 -> CLOSED | N39: =Effort!L37 -> CLOSED | O39: =Harvest!L37 -> CLOSED | P39: =CPUE!L37 -> CLOSED | Q39: CLOSED | R39: CLOSED | S39: CLOSED | T39: 0 | U39: 0
A40: 44888 | B40: Wed | C40: -1.2 | D40: 0.75277778 | E40: =Effort!F38 -> CLOSED | F40: =Harvest!F38 -> CLOSED | G40: =+CPUE!F38 -> CLOSED | H40: =Effort!H38 -> CLOSED | I40: =Harvest!H38 -> CLOSED | J40: =CPUE!H38 -> CLOSED | K40: =Effort!J38 -> CLOSED | L40: =Harvest!J38 -> CLOSED | M40: =CPUE!J38 -> CLOSED | N40: =Effort!L38 -> CLOSED | O40: =Harvest!L38 -> CLOSED | P40: =CPUE!L38 -> CLOSED | Q40: CLOSED | R40: CLOSED | S40: CLOSED | T40: 0 | U40: 0
A41: 44889 | B41: Thu | C41: -1.6 | D41: 0.78333333 | E41: =Effort!F39 -> CLOSED | F41: =Harvest!F39 -> CLOSED | G41: =+CPUE!F39 -> CLOSED | H41: =Effort!H39 -> CLOSED | I41: =Harvest!H39 -> CLOSED | J41: =CPUE!H39 -> CLOSED | K41: =Effort!J39 -> CLOSED | L41: =Harvest!J39 -> CLOSED | M41: =CPUE!J39 -> CLOSED | N41: =Effort!L39 -> CLOSED | O41: =Harvest!L39 -> CLOSED | P41: =CPUE!L39 -> CLOSED | Q41: CLOSED | R41: CLOSED | S41: CLOSED | T41: 0 | U41: 0
A42: 44890 | B42: Fri | C42: -1.6 | D42: 0.81597222 | E42: =Effort!F40 -> CLOSED | F42: =Harvest!F40 -> CLOSED | G42: =+CPUE!F40 -> CLOSED | H42: =Effort!H40 -> CLOSED | I42: =Harvest!H40 -> CLOSED | J42: =CPUE!H40 -> CLOSED | K42: =Effort!J40 -> CLOSED | L42: =Harvest!J40 -> CLOSED | M42: =CPUE!J40 -> CLOSED | N42: =Effort!L40 -> CLOSED | O42: =Harvest!L40 -> CLOSED | P42: =CPUE!L40 -> CLOSED | Q42: CLOSED | R42: CLOSED | S42: CLOSED | T42: 0 | U42: 0
A43: 44891 | B43: Sat | C43: -1.5 | D43: 0.84930556 | E43: =Effort!F41 -> CLOSED | F43: =Harvest!F41 -> CLOSED | G43: =+CPUE!F41 -> CLOSED | H43: =Effort!H41 -> CLOSED | I43: =Harvest!H41 -> CLOSED | J43: =CPUE!H41 -> CLOSED | K43: =Effort!J41 -> CLOSED | L43: =Harvest!J41 -> CLOSED | M43: =CPUE!J41 -> CLOSED | N43: =Effort!L41 -> CLOSED | O43: =Harvest!L41 -> CLOSED | P43: =CPUE!L41 -> CLOSED | Q43: CLOSED | R43: CLOSED | S43: CLOSED | T43: 0 | U43: 0
A44: 44892 | B44: Sun | C44: -1.1 | D44: 0.88541667 | E44: =Effort!F42 -> CLOSED | F44: =Harvest!F42 -> CLOSED | G44: =+CPUE!F42 -> CLOSED | H44: =Effort!H42 -> CLOSED | I44: =Harvest!H42 -> CLOSED | J44: =CPUE!H42 -> CLOSED | K44: =Effort!J42 -> CLOSED | L44: =Harvest!J42 -> CLOSED | M44: =CPUE!J42 -> CLOSED | N44: =Effort!L42 -> CLOSED | O44: =Harvest!L42 -> CLOSED | P44: =CPUE!L42 -> CLOSED | Q44: CLOSED | R44: CLOSED | S44: CLOSED | T44: 0 | U44: 0
A45: 44893 | B45: Mon | C45: -0.5 | D45: 0.92361111 | E45: =Effort!F43 -> CLOSED | F45: =Harvest!F43 -> CLOSED | G45: =+CPUE!F43 -> CLOSED | H45: =Effort!H43 -> CLOSED | I45: =Harvest!H43 -> CLOSED | J45: =CPUE!H43 -> CLOSED | K45: =Effort!J43 -> CLOSED | L45: =Harvest!J43 -> CLOSED | M45: =CPUE!J43 -> CLOSED | N45: =Effort!L43 -> CLOSED | O45: =Harvest!L43 -> CLOSED | P45: =CPUE!L43 -> CLOSED | Q45: CLOSED | R45: CLOSED | S45: CLOSED | T45: 0 | U45: 0
A46: Tide Series Totals | E46: =SUM(E39:E45) -> 0 | F46: =SUM(F39:F45) -> 0 | G46: 0 | H46: =SUM(H39:H45) -> 0 | I46: =SUM(I39:I45) -> 0 | J46: 0 | K46: =SUM(K39:K45) -> 0 | L46: =SUM(L39:L45) -> 0 | M46: 0 | N46: =SUM(N37:N45) -> 0 | O46: =SUM(O37:O45) -> 0 | P46: 0 | T46: =SUM(T39:T45) -> 0 | U46: =SUM(U39:U45) -> 0 | W46: =SUM(H46,K46,N46,Q46,E46) -> 0 | X46: =SUM(R46,O46,L46,I46,F46) -> 0
A47: 44899 | B47: Sun | C47: 0.4 | D47: 0.67291667 | E47: =Effort!F45 -> CLOSED | F47: =Harvest!F45 -> CLOSED | G47: =+CPUE!F45 -> CLOSED | H47: =Effort!H45 -> CLOSED | I47: =Harvest!H45 -> CLOSED | J47: =CPUE!H45 -> CLOSED | K47: =Effort!J45 -> CLOSED | L47: =Harvest!J45 -> CLOSED | M47: =CPUE!J45 -> CLOSED | N47: =Effort!L45 -> CLOSED | O47: =Harvest!L45 -> CLOSED | P47: =CPUE!L45 -> CLOSED | Q47: CLOSED | R47: CLOSED | S47: CLOSED | T47: 0 | U47: 0
A48: 44900 | B48: Mon | C48: -0.1 | D48: 0.70347222 | E48: =Effort!F46 -> CLOSED | F48: =Harvest!F46 -> CLOSED | G48: =+CPUE!F46 -> CLOSED | H48: =Effort!H46 -> CLOSED | I48: =Harvest!H46 -> CLOSED | J48: =CPUE!H46 -> CLOSED | K48: =Effort!J46 -> CLOSED | L48: =Harvest!J46 -> CLOSED | M48: =CPUE!J46 -> CLOSED | N48: =Effort!L46 -> CLOSED | O48: =Harvest!L46 -> CLOSED | P48: =CPUE!L46 -> CLOSED | Q48: CLOSED | R48: CLOSED | S48: CLOSED | T48: 0 | U48: 0
A49: 44901 | B49: Tue | C49: -0.5 | D49: 0.73125 | E49: =Effort!F47 -> CLOSED | F49: =Harvest!F47 -> CLOSED | G49: =+CPUE!F47 -> CLOSED | H49: =Effort!H47 -> CLOSED | I49: =Harvest!H47 -> CLOSED | J49: =CPUE!H47 -> CLOSED | K49: =Effort!J47 -> CLOSED | L49: =Harvest!J47 -> CLOSED | M49: =CPUE!J47 -> CLOSED | N49: =Effort!L47 -> CLOSED | O49: =Harvest!L47 -> CLOSED | P49: =CPUE!L47 -> CLOSED | Q49: CLOSED | R49: CLOSED | S49: CLOSED | T49: 0 | U49: 0
A50: 44902 | B50: Wed | C50: -0.6 | D50: 0.75763889 | E50: =Effort!F48 -> CLOSED | F50: =Harvest!F48 -> CLOSED | G50: =+CPUE!F48 -> CLOSED | H50: =Effort!H48 -> CLOSED | I50: =Harvest!H48 -> CLOSED | J50: =CPUE!H48 -> CLOSED | K50: =Effort!J48 -> CLOSED | L50: =Harvest!J48 -> CLOSED | M50: =CPUE!J48 -> CLOSED | N50: =Effort!L48 -> CLOSED | O50: =Harvest!L48 -> CLOSED | P50: =CPUE!L48 -> CLOSED | Q50: CLOSED | R50: CLOSED | S50: CLOSED | T50: 0 | U50: 0
A51: 44903 | B51: Thu | C51: -0.6 | D51: 0.78263889 | E51: =Effort!F49 -> CLOSED | F51: =Harvest!F49 -> CLOSED | G51: =+CPUE!F49 -> CLOSED | H51: =Effort!H49 -> CLOSED | I51: =Harvest!H49 -> CLOSED | J51: =CPUE!H49 -> CLOSED | K51: =Effort!J49 -> CLOSED | L51: =Harvest!J49 -> CLOSED | M51: =CPUE!J49 -> CLOSED | N51: =Effort!L49 -> CLOSED | O51: =Harvest!L49 -> CLOSED | P51: =CPUE!L49 -> CLOSED | Q51: CLOSED | R51: CLOSED | S51: CLOSED | T51: 0 | U51: 0
A52: 44904 | B52: Fri | C52: -0.5 | D52: 0.80763889 | E52: =Effort!F50 -> CLOSED | F52: =Harvest!F50 -> CLOSED | G52: =+CPUE!F50 -> CLOSED | H52: =Effort!H50 -> CLOSED | I52: =Harvest!H50 -> CLOSED | J52: =CPUE!H50 -> CLOSED | K52: =Effort!J50 -> CLOSED | L52: =Harvest!J50 -> CLOSED | M52: =CPUE!J50 -> CLOSED | N52: =Effort!L50 -> CLOSED | O52: =Harvest!L50 -> CLOSED | P52: =CPUE!L50 -> CLOSED | Q52: CLOSED | R52: CLOSED | S52: CLOSED | T52: 0 | U52: 0
A53: 44905 | B53: Sat | C53: -0.3 | D53: 0.83263889 | E53: =Effort!F51 -> CLOSED | F53: =Harvest!F51 -> CLOSED | G53: =+CPUE!F51 -> CLOSED | H53: =Effort!H51 -> CLOSED | I53: =Harvest!H51 -> CLOSED | J53: =CPUE!H51 -> CLOSED | K53: =Effort!J51 -> CLOSED | L53: =Harvest!J51 -> CLOSED | M53: =CPUE!J51 -> CLOSED | N53: =Effort!L51 -> CLOSED | O53: =Harvest!L51 -> CLOSED | P53: =CPUE!L51 -> CLOSED | Q53: CLOSED | R53: CLOSED | S53: CLOSED | T53: 0 | U53: 0
A54: 44906 | B54: Sun | C54: 0 | D54: 0.85763889 | E54: =Effort!F52 -> CLOSED | F54: =Harvest!F52 -> CLOSED | G54: =+CPUE!F52 -> CLOSED | H54: =Effort!H52 -> CLOSED | I54: =Harvest!H52 -> CLOSED | J54: =CPUE!H52 -> CLOSED | K54: =Effort!J52 -> CLOSED | L54: =Harvest!J52 -> CLOSED | M54: =CPUE!J52 -> CLOSED | N54: =Effort!L52 -> CLOSED | O54: =Harvest!L52 -> CLOSED | P54: =CPUE!L52 -> CLOSED | Q54: CLOSED | R54: CLOSED | S54: CLOSED | T54: 0 | U54: 0
A55: 44907 | B55: Mon | C55: 0.3 | D55: 0.88402778 | E55: =Effort!F53 -> CLOSED | F55: =Harvest!F53 -> CLOSED | G55: =+CPUE!F53 -> CLOSED | H55: =Effort!H53 -> CLOSED | I55: =Harvest!H53 -> CLOSED | J55: =CPUE!H53 -> CLOSED | K55: =Effort!J53 -> CLOSED | L55: =Harvest!J53 -> CLOSED | M55: =CPUE!J53 -> CLOSED | N55: =Effort!L53 -> CLOSED | O55: =Harvest!L53 -> CLOSED | P55: =CPUE!L53 -> CLOSED | Q55: CLOSED | R55: CLOSED | S55: CLOSED | T55: 0 | U55: 0
A56: Tide Series Totals | E56: =SUM(E47:E55) -> 0 | F56: =SUM(F47:F55) -> 0 | G56: 0 | H56: =SUM(H47:H55) -> 0 | I56: =SUM(I47:I55) -> 0 | J56: 0 | K56: =SUM(K47:K55) -> 0 | L56: =SUM(L47:L55) -> 0 | M56: 0 | N56: =SUM(N47:N55) -> 0 | O56: =SUM(O47:O55) -> 0 | P56: 0 | T56: =SUM(T47:T55) -> 0 | U56: =SUM(U47:U55) -> 0 | W56: =SUM(H56,K56,N56,Q56,E56) -> 0 | X56: =SUM(R56,O56,L56,I56,F56) -> 0
A57: 44915 | B57: Tue | C57: 0 | D57: 0.67638889 | E57: =Effort!F55 -> CLOSED | F57: =Harvest!F55 -> CLOSED | G57: =+CPUE!F55 -> CLOSED | H57: =Effort!H55 -> CLOSED | I57: =Harvest!H55 -> CLOSED | J57: =CPUE!H55 -> CLOSED | K57: =Effort!J55 -> CLOSED | L57: =Harvest!J55 -> CLOSED | M57: =CPUE!J55 -> CLOSED | N57: =Effort!L55 -> CLOSED | O57: =Harvest!L55 -> CLOSED | P57: =CPUE!L55 -> CLOSED | Q57: CLOSED | R57: CLOSED | S57: CLOSED | T57: 0 | U57: 0
A58: 44916 | B58: Wed | C58: -0.8 | D58: 0.70972222 | E58: =Effort!F56 -> CLOSED | F58: =Harvest!F56 -> CLOSED | G58: =+CPUE!F56 -> CLOSED | H58: =Effort!H56 -> CLOSED | I58: =Harvest!H56 -> CLOSED | J58: =CPUE!H56 -> CLOSED | K58: =Effort!J56 -> CLOSED | L58: =Harvest!J56 -> CLOSED | M58: =CPUE!J56 -> CLOSED | N58: =Effort!L56 -> CLOSED | O58: =Harvest!L56 -> CLOSED | P58: =CPUE!L56 -> CLOSED | Q58: CLOSED | R58: CLOSED | S58: CLOSED | T58: 0 | U58: 0
A59: 44917 | B59: Thu | C59: -1.4 | D59: 0.74166667 | E59: =Effort!F57 -> CLOSED | F59: =Harvest!F57 -> CLOSED | G59: =+CPUE!F57 -> CLOSED | H59: =Effort!H57 -> CLOSED | I59: =Harvest!H57 -> CLOSED | J59: =CPUE!H57 -> CLOSED | K59: =Effort!J57 -> CLOSED | L59: =Harvest!J57 -> CLOSED | M59: =CPUE!J57 -> CLOSED | N59: =Effort!L57 -> CLOSED | O59: =Harvest!L57 -> CLOSED | P59: =CPUE!L57 -> CLOSED | Q59: CLOSED | R59: CLOSED | S59: CLOSED | T59: 0 | U59: 0
A60: 44918 | B60: Fri | C60: -1.8 | D60: 0.77430556 | E60: =Effort!F58 -> CLOSED | F60: =Harvest!F58 -> CLOSED | G60: =+CPUE!F58 -> CLOSED | H60: =Effort!H58 -> CLOSED | I60: =Harvest!H58 -> CLOSED | J60: =CPUE!H58 -> CLOSED | K60: =Effort!J58 -> CLOSED | L60: =Harvest!J58 -> CLOSED | M60: =CPUE!J58 -> CLOSED | N60: =Effort!L58 -> CLOSED | O60: =Harvest!L58 -> CLOSED | P60: =CPUE!L58 -> CLOSED | Q60: CLOSED | R60: CLOSED | S60: CLOSED | T60: 0 | U60: 0
A61: 44919 | B61: Sat | C61: -1.9 | D61: 0.80763889 | E61: =Effort!F59 -> CLOSED | F61: =Harvest!F59 -> CLOSED | G61: =+CPUE!F59 -> CLOSED | H61: =Effort!H59 -> CLOSED | I61: =Harvest!H59 -> CLOSED | J61: =CPUE!H59 -> CLOSED | K61: =Effort!J59 -> CLOSED | L61: =Harvest!J59 -> CLOSED | M61: =CPUE!J59 -> CLOSED | N61: =Effort!L59 -> CLOSED | O61: =Harvest!L59 -> CLOSED | P61: =CPUE!L59 -> CLOSED | Q61: CLOSED | R61: CLOSED | S61: CLOSED | T61: 0 | U61: 0
A62: 44920 | B62: Sun | C62: -1.6 | D62: 0.84027778 | E62: =Effort!F60 -> CLOSED | F62: =Harvest!F60 -> CLOSED | G62: =+CPUE!F60 -> CLOSED | H62: =Effort!H60 -> CLOSED | I62: =Harvest!H60 -> CLOSED | J62: =CPUE!H60 -> CLOSED | K62: =Effort!J60 -> CLOSED | L62: =Harvest!J60 -> CLOSED | M62: =CPUE!J60 -> CLOSED | N62: =Effort!L60 -> CLOSED | O62: =Harvest!L60 -> CLOSED | P62: =CPUE!L60 -> CLOSED | Q62: CLOSED | R62: CLOSED | S62: CLOSED | T62: 0 | U62: 0
A63: 44921 | B63: Mon | C63: -1.2 | D63: 0.87361111 | E63: =Effort!F61 -> CLOSED | F63: =Harvest!F61 -> CLOSED | G63: =+CPUE!F61 -> CLOSED | H63: =Effort!H61 -> CLOSED | I63: =Harvest!H61 -> CLOSED | J63: =CPUE!H61 -> CLOSED | K63: =Effort!J61 -> CLOSED | L63: =Harvest!J61 -> CLOSED | M63: =CPUE!J61 -> CLOSED | N63: =Effort!L61 -> CLOSED | O63: =Harvest!L61 -> CLOSED | P63: =CPUE!L61 -> CLOSED | Q63: CLOSED | R63: CLOSED | S63: CLOSED | T63: 0 | U63: 0
A64: 44922 | B64: Tue | C64: -0.5 | D64: 0.90763889 | E64: =Effort!F62 -> CLOSED | F64: =Harvest!F62 -> CLOSED | G64: =+CPUE!F62 -> CLOSED | H64: =Effort!H62 -> CLOSED | I64: =Harvest!H62 -> CLOSED | J64: =CPUE!H62 -> CLOSED | K64: =Effort!J62 -> CLOSED | L64: =Harvest!J62 -> CLOSED | M64: =CPUE!J62 -> CLOSED | N64: =Effort!L62 -> CLOSED | O64: =Harvest!L62 -> CLOSED | P64: =CPUE!L62 -> CLOSED | Q64: CLOSED | R64: CLOSED | S64: CLOSED | T64: 0 | U64: 0
A65: 44923 | B65: Wed | C65: 0.3 | D65: 0.94236111 | E65: =Effort!F63 -> CLOSED | F65: =Harvest!F63 -> CLOSED | G65: =+CPUE!F63 -> CLOSED | H65: =Effort!H63 -> CLOSED | I65: =Harvest!H63 -> CLOSED | J65: =CPUE!H63 -> CLOSED | K65: =Effort!J63 -> CLOSED | L65: =Harvest!J63 -> CLOSED | M65: =CPUE!J63 -> CLOSED | N65: =Effort!L63 -> CLOSED | O65: =Harvest!L63 -> CLOSED | P65: =CPUE!L63 -> CLOSED | Q65: CLOSED | R65: CLOSED | S65: CLOSED | T65: 0 | U65: 0
A66: Tide Series Totals | E66: =SUM(E57:E65) -> 0 | F66: =SUM(F57:F65) -> 0 | G66: 0 | H66: =SUM(H57:H65) -> 0 | I66: =SUM(I57:I65) -> 0 | J66: 0 | K66: =SUM(K57:K65) -> 0 | L66: =SUM(L57:L65) -> 0 | M66: 0 | N66: =SUM(N57:N65) -> 0 | O66: =SUM(O57:O65) -> 0 | P66: 0 | T66: =SUM(T57:T65) -> 0 | U66: =SUM(U57:U65) -> 0 | W66: =SUM(H66,K66,N66,Q66,E66) -> 0 | X66: =SUM(R66,O66,L66,I66,F66) -> 0
A67: 44928 | B67: Mon | C67: 0.5 | D67: 0.65763889 | E67: =Effort!F65 -> CLOSED | F67: =Harvest!F65 -> CLOSED | G67: =+CPUE!F65 -> CLOSED | H67: =Effort!H65 -> CLOSED | I67: =Harvest!H65 -> CLOSED | J67: =CPUE!H65 -> CLOSED | K67: =Effort!J65 -> CLOSED | L67: =Harvest!J65 -> CLOSED | M67: =CPUE!J65 -> CLOSED | N67: =Effort!L65 -> CLOSED | O67: =Harvest!L65 -> CLOSED | P67: =CPUE!L65 -> CLOSED | Q67: CLOSED | R67: CLOSED | S67: CLOSED | T67: 0 | U67: 0
A68: 44929 | B68: Tue | C68: 0.1 | D68: 0.69027778 | E68: =Effort!F66 -> CLOSED | F68: =Harvest!F66 -> CLOSED | G68: =+CPUE!F66 -> CLOSED | H68: =Effort!H66 -> CLOSED | I68: =Harvest!H66 -> CLOSED | J68: =CPUE!H66 -> CLOSED | K68: =Effort!J66 -> CLOSED | L68: =Harvest!J66 -> CLOSED | M68: =CPUE!J66 -> CLOSED | N68: =Effort!L66 -> CLOSED | O68: =Harvest!L66 -> CLOSED | P68: =CPUE!L66 -> CLOSED | Q68: CLOSED | R68: CLOSED | S68: CLOSED | T68: 0 | U68: 0
A69: 44930 | B69: Wed | C69: -0.1 | D69: 0.71944444 | E69: =Effort!F67 -> CLOSED | F69: =Harvest!F67 -> CLOSED | G69: =+CPUE!F67 -> CLOSED | H69: =Effort!H67 -> CLOSED | I69: =Harvest!H67 -> CLOSED | J69: =CPUE!H67 -> CLOSED | K69: =Effort!J67 -> CLOSED | L69: =Harvest!J67 -> CLOSED | M69: =CPUE!J67 -> CLOSED | N69: =Effort!L67 -> CLOSED | O69: =Harvest!L67 -> CLOSED | P69: =CPUE!L67 -> CLOSED | Q69: CLOSED | R69: CLOSED | S69: CLOSED | T69: 0 | U69: 0
A70: 44931 | B70: Thu | C70: -0.3 | D70: 0.74583333 | E70: =Effort!F68 -> CLOSED | F70: =Harvest!F68 -> CLOSED | G70: =+CPUE!F68 -> CLOSED | H70: =Effort!H68 -> CLOSED | I70: =Harvest!H68 -> CLOSED | J70: =CPUE!H68 -> CLOSED | K70: =Effort!J68 -> CLOSED | L70: =Harvest!J68 -> CLOSED | M70: =CPUE!J68 -> CLOSED | N70: =Effort!L68 -> CLOSED | O70: =Harvest!L68 -> CLOSED | P70: =CPUE!L68 -> CLOSED | Q70: CLOSED | R70: CLOSED | S70: CLOSED | T70: 0 | U70: 0
A71: 44932 | B71: Fri | C71: -0.3 | D71: 0.77083333 | E71: =Effort!F69 -> CLOSED | F71: =Harvest!F69 -> CLOSED | G71: =+CPUE!F69 -> CLOSED | H71: =Effort!H69 -> CLOSED | I71: =Harvest!H69 -> CLOSED | J71: =CPUE!H69 -> CLOSED | K71: =Effort!J69 -> CLOSED | L71: =Harvest!J69 -> CLOSED | M71: =CPUE!J69 -> CLOSED | N71: =Effort!L69 -> CLOSED | O71: =Harvest!L69 -> CLOSED | P71: =CPUE!L69 -> CLOSED | Q71: CLOSED | R71: CLOSED | S71: CLOSED | T71: 0 | U71: 0
A72: 44933 | B72: Sat | C72: -0.3 | D72: 0.79513889 | E72: =Effort!F70 -> CLOSED | F72: =Harvest!F70 -> CLOSED | G72: =+CPUE!F70 -> CLOSED | H72: =Effort!H70 -> CLOSED | I72: =Harvest!H70 -> CLOSED | J72: =CPUE!H70 -> CLOSED | K72: =Effort!J70 -> CLOSED | L72: =Harvest!J70 -> CLOSED | M72: =CPUE!J70 -> CLOSED | N72: =Effort!L70 -> CLOSED | O72: =Harvest!L70 -> CLOSED | P72: =CPUE!L70 -> CLOSED | Q72: CLOSED | R72: CLOSED | S72: CLOSED | T72: 0 | U72: 0
A73: 44934 | B73: Sun | C73: -0.2 | D73: 0.81805556 | E73: =Effort!F71 -> CLOSED | F73: =Harvest!F71 -> CLOSED | G73: =+CPUE!F71 -> CLOSED | H73: =Effort!H71 -> CLOSED | I73: =Harvest!H71 -> CLOSED | J73: =CPUE!H71 -> CLOSED | K73: =Effort!J71 -> CLOSED | L73: =Harvest!J71 -> CLOSED | M73: =CPUE!J71 -> CLOSED | N73: =Effort!L71 -> CLOSED | O73: =Harvest!L71 -> CLOSED | P73: =CPUE!L71 -> CLOSED | Q73: CLOSED | R73: CLOSED | S73: CLOSED | T73: 0 | U73: 0
A74: 44935 | B74: Mon | C74: 0 | D74: 0.84097222 | E74: =Effort!F72 -> CLOSED | F74: =Harvest!F72 -> CLOSED | G74: =+CPUE!F72 -> CLOSED | H74: =Effort!H72 -> CLOSED | I74: =Harvest!H72 -> CLOSED | J74: =CPUE!H72 -> CLOSED | K74: =Effort!J72 -> CLOSED | L74: =Harvest!J72 -> CLOSED | M74: =CPUE!J72 -> CLOSED | N74: =Effort!L72 -> CLOSED | O74: =Harvest!L72 -> CLOSED | P74: =CPUE!L72 -> CLOSED | Q74: CLOSED | R74: CLOSED | S74: CLOSED | T74: 0 | U74: 0
A75: Tide Series Totals | E75: =SUM(E67:E74) -> 0 | F75: =SUM(F67:F74) -> 0 | G75: 0 | H75: =SUM(H67:H74) -> 0 | I75: =SUM(I67:I74) -> 0 | J75: 0 | K75: =SUM(K67:K74) -> 0 | L75: =SUM(L67:L74) -> 0 | M75: 0 | N75: =SUM(N66:N74) -> 0 | O75: =SUM(O66:O74) -> 0 | P75: 0 | T75: =SUM(T67:T74) -> 0 | U75: =SUM(U67:U74) -> 0 | W75: =SUM(H75,K75,N75,Q75,E75) -> 0 | X75: =SUM(R75,O75,L75,I75,F75) -> 0
A76: 44944 | B76: Wed | C76: -0.1 | D76: 0.66180556 | E76: =Effort!F74 -> CLOSED | F76: =Harvest!F74 -> CLOSED | G76: =+CPUE!F74 -> CLOSED | H76: =Effort!H74 -> CLOSED | I76: =Harvest!H74 -> CLOSED | J76: =CPUE!H74 -> CLOSED | K76: =Effort!J74 -> CLOSED | L76: =Harvest!J74 -> CLOSED | M76: =CPUE!J74 -> CLOSED | N76: =Effort!L74 -> CLOSED | O76: =Harvest!L74 -> CLOSED | P76: =CPUE!L74 -> CLOSED | Q76: CLOSED | R76: CLOSED | S76: CLOSED | T76: 0 | U76: 0
A77: 44945 | B77: Thu | C77: -0.9 | D77: 0.69861111 | E77: =Effort!F75 -> CLOSED | F77: =Harvest!F75 -> CLOSED | G77: =+CPUE!F75 -> CLOSED | H77: =Effort!H75 -> CLOSED | I77: =Harvest!H75 -> CLOSED | J77: =CPUE!H75 -> CLOSED | K77: =Effort!J75 -> CLOSED | L77: =Harvest!J75 -> CLOSED | M77: =CPUE!J75 -> CLOSED | N77: =Effort!L75 -> CLOSED | O77: =Harvest!L75 -> CLOSED | P77: =CPUE!L75 -> CLOSED | Q77: CLOSED | R77: CLOSED | S77: CLOSED | T77: 0 | U77: 0
A78: 44946 | B78: Fri | C78: -1.5 | D78: 0.73263889 | E78: =Effort!F76 -> CLOSED | F78: =Harvest!F76 -> CLOSED | G78: =+CPUE!F76 -> CLOSED | H78: =Effort!H76 -> CLOSED | I78: =Harvest!H76 -> CLOSED | J78: =CPUE!H76 -> CLOSED | K78: =Effort!J76 -> CLOSED | L78: =Harvest!J76 -> CLOSED | M78: =CPUE!J76 -> CLOSED | N78: =Effort!L76 -> CLOSED | O78: =Harvest!L76 -> CLOSED | P78: =CPUE!L76 -> CLOSED | Q78: CLOSED | R78: CLOSED | S78: CLOSED | T78: 0 | U78: 0
A79: 44947 | B79: Sat | C79: -1.8 | D79: 0.76597222 | E79: =Effort!F77 -> CLOSED | F79: =Harvest!F77 -> CLOSED | G79: =+CPUE!F77 -> CLOSED | H79: =Effort!H77 -> CLOSED | I79: =Harvest!H77 -> CLOSED | J79: =CPUE!H77 -> CLOSED | K79: =Effort!J77 -> 1999.8252 | L79: =Harvest!J77 -> 13608.567 | M79: =CPUE!J77 -> 6.804878 | N79: =Effort!L77 -> CLOSED | O79: =Harvest!L77 -> CLOSED | P79: =CPUE!L77 -> CLOSED | Q79: CLOSED | R79: CLOSED | S79: CLOSED | T79: =SUM(K79) -> 1999.8252 | U79: =SUM(L79) -> 13608.567
A80: 44948 | B80: Sun | C80: -1.8 | D80: 0.79722222 | E80: =Effort!F78 -> CLOSED | F80: =Harvest!F78 -> CLOSED | G80: =+CPUE!F78 -> CLOSED | H80: =Effort!H78 -> CLOSED | I80: =Harvest!H78 -> CLOSED | J80: =CPUE!H78 -> CLOSED | K80: =Effort!J78 -> CLOSED | L80: =Harvest!J78 -> CLOSED | M80: =CPUE!J78 -> CLOSED | N80: =Effort!L78 -> CLOSED | O80: =Harvest!L78 -> CLOSED | P80: =CPUE!L78 -> CLOSED | Q80: CLOSED | R80: CLOSED | S80: CLOSED | T80: 0 | U80: 0
A81: 44949 | B81: Mon | C81: -1.6 | D81: 0.82916667 | E81: =Effort!F79 -> CLOSED | F81: =Harvest!F79 -> CLOSED | G81: =+CPUE!F79 -> CLOSED | H81: =Effort!H79 -> CLOSED | I81: =Harvest!H79 -> CLOSED | J81: =CPUE!H79 -> CLOSED | K81: =Effort!J79 -> 1930.2351 | L81: =Harvest!J79 -> 27755.45 | M81: =CPUE!J79 -> 14.37931 | N81: =Effort!L79 -> CLOSED | O81: =Harvest!L79 -> CLOSED | P81: =CPUE!L79 -> CLOSED | Q81: CLOSED | R81: CLOSED | S81: CLOSED | T81: =SUM(K81) -> 1930.2351 | U81: =SUM(L81) -> 27755.45
A82: 44950 | B82: Tue | C82: -1 | D82: 0.85694444 | E82: =Effort!F80 -> CLOSED | F82: =Harvest!F80 -> CLOSED | G82: =+CPUE!F80 -> CLOSED | H82: =Effort!H80 -> CLOSED | I82: =Harvest!H80 -> CLOSED | J82: =CPUE!H80 -> CLOSED | K82: =Effort!J80 -> CLOSED | L82: =Harvest!J80 -> CLOSED | M82: =CPUE!J80 -> CLOSED | N82: =Effort!L80 -> CLOSED | O82: =Harvest!L80 -> CLOSED | P82: =CPUE!L80 -> CLOSED | Q82: CLOSED | R82: CLOSED | S82: CLOSED | T82: 0 | U82: 0
A83: 44951 | B83: Wed | C83: -0.2 | D83: 0.88611111 | E83: =Effort!F81 -> CLOSED | F83: =Harvest!F81 -> CLOSED | G83: =+CPUE!F81 -> CLOSED | H83: =Effort!H81 -> CLOSED | I83: =Harvest!H81 -> CLOSED | J83: =CPUE!H81 -> CLOSED | K83: =Effort!J81 -> 1089.5928 | L83: =Harvest!J81 -> 16343.892 | M83: =CPUE!J81 -> 15 | N83: =Effort!L81 -> CLOSED | O83: =Harvest!L81 -> CLOSED | P83: =CPUE!L81 -> CLOSED | Q83: CLOSED | R83: CLOSED | S83: CLOSED | T83: =SUM(K83) -> 1089.5928 | U83: =SUM(L83) -> 16343.892
A84: Tide Series Totals | E84: =SUM(E76:E83) -> 0 | F84: =SUM(F76:F83) -> 0 | G84: 0 | H84: =SUM(H76:H83) -> 0 | I84: =SUM(I76:I83) -> 0 | J84: 0 | K84: =SUM(K76:K83) -> 5019.6532 | L84: =SUM(L76:L83) -> 57707.909 | M84: =+L84/K84 -> 11.496394 | N84: =SUM(N75:N83) -> 0 | O84: =SUM(O75:O83) -> 0 | P84: 0 | T84: =SUM(T76:T83) -> 5019.6532 | U84: =SUM(U76:U83) -> 57707.909 | W84: =SUM(H84,K84,N84,Q84,E84) -> 5019.6532 | X84: =SUM(R84,O84,L84,I84,F84) -> 57707.909
A85: 44960 | B85: Fri | C85: 0.1 | D85: 0.73402778 | E85: =Effort!F83 -> CLOSED | F85: =Harvest!F83 -> CLOSED | G85: =+CPUE!F83 -> CLOSED | H85: =Effort!H83 -> CLOSED | I85: =Harvest!H83 -> CLOSED | J85: =CPUE!H83 -> CLOSED | K85: =Effort!J83 -> 979.13046 | L85: =Harvest!J83 -> 6237.4236 | M85: =CPUE!J83 -> 6.3703704 | N85: =Effort!L83 -> CLOSED | O85: =Harvest!L83 -> CLOSED | P85: =CPUE!L83 -> CLOSED | Q85: CLOSED | R85: CLOSED | S85: CLOSED | T85: =SUM(K85) -> 979.13046 | U85: =SUM(L85) -> 6237.4236
A86: 44961 | B86: Sat | C86: -0.1 | D86: 0.75763889 | E86: =Effort!F84 -> CLOSED | F86: =Harvest!F84 -> CLOSED | G86: =+CPUE!F84 -> CLOSED | H86: =Effort!H84 -> CLOSED | I86: =Harvest!H84 -> CLOSED | J86: =CPUE!H84 -> CLOSED | K86: =Effort!J84 -> CLOSED | L86: =Harvest!J84 -> CLOSED | M86: =CPUE!J84 -> CLOSED | N86: =Effort!L84 -> 1703.0092 | O86: =Harvest!L84 -> 23112.268 | P86: =CPUE!L84 -> 13.571429 | Q86: CLOSED | R86: CLOSED | S86: CLOSED | T86: =SUM(N86) -> 1703.0092 | U86: =SUM(O86) -> 23112.268
A87: 44962 | B87: Sun | C87: -0.2 | D87: 0.77986111 | E87: =Effort!F85 -> CLOSED | F87: =Harvest!F85 -> CLOSED | G87: =+CPUE!F85 -> CLOSED | H87: =Effort!H85 -> CLOSED | I87: =Harvest!H85 -> CLOSED | J87: =CPUE!H85 -> CLOSED | K87: =Effort!J85 -> 2424.7825 | L87: =Harvest!J85 -> 29758.694 | M87: =CPUE!J85 -> 12.272727 | N87: =Effort!L85 -> CLOSED | O87: =Harvest!L85 -> CLOSED | P87: =CPUE!L85 -> CLOSED | Q87: CLOSED | R87: CLOSED | S87: CLOSED | T87: =SUM(K87) -> 2424.7825 | U87: =SUM(L87) -> 29758.694
A88: 44963 | B88: Mon | C88: -0.1 | D88: 0.80069444 | E88: =Effort!F86 -> CLOSED | F88: =Harvest!F86 -> CLOSED | G88: =+CPUE!F86 -> CLOSED | H88: =Effort!H86 -> CLOSED | I88: =Harvest!H86 -> CLOSED | J88: =CPUE!H86 -> CLOSED | K88: =Effort!J86 -> CLOSED | L88: =Harvest!J86 -> CLOSED | M88: =CPUE!J86 -> CLOSED | N88: =Effort!L86 -> 415.38463 | O88: =Harvest!L86 -> 4742.3079 | P88: =CPUE!L86 -> 11.416667 | Q88: CLOSED | R88: CLOSED | S88: CLOSED | T88: =SUM(N88) -> 415.38463 | U88: =SUM(O88) -> 4742.3079
A89: 44964 | B89: Tue | C89: 0.1 | D89: 0.82083333 | E89: =Effort!F87 -> CLOSED | F89: =Harvest!F87 -> CLOSED | G89: =+CPUE!F87 -> CLOSED | H89: =Effort!H87 -> CLOSED | I89: =Harvest!H87 -> CLOSED | J89: =CPUE!H87 -> CLOSED | K89: =Effort!J87 -> 601.92 | L89: =Harvest!J87 -> 5868.72 | M89: =CPUE!J87 -> 9.75 | N89: =Effort!L87 -> CLOSED | O89: =Harvest!L87 -> CLOSED | P89: =CPUE!L87 -> CLOSED | Q89: CLOSED | R89: CLOSED | S89: CLOSED | T89: =SUM(K89) -> 601.92 | U89: =SUM(L89) -> 5868.72
A90: 44965 | B90: Wed | C90: 0.4 | D90: 0.84097222 | E90: =Effort!F88 -> CLOSED | F90: =Harvest!F88 -> CLOSED | G90: =+CPUE!F88 -> CLOSED | H90: =Effort!H88 -> CLOSED | I90: =Harvest!H88 -> CLOSED | J90: =CPUE!H88 -> CLOSED | K90: =Effort!J88 -> CLOSED | L90: =Harvest!J88 -> CLOSED | M90: =CPUE!J88 -> CLOSED | N90: =Effort!L88 -> 323.65396 | O90: =Harvest!L88 -> 3624.9244 | P90: =CPUE!L88 -> 11.2 | Q90: CLOSED | R90: CLOSED | S90: CLOSED | T90: =SUM(N90) -> 323.65396 | U90: =SUM(O90) -> 3624.9244
A91: Tide Series Totals | E91: =SUM(E85:E90) -> 0 | F91: =SUM(F85:F90) -> 0 | G91: 0 | H91: =SUM(H85:H90) -> 0 | I91: =SUM(I85:I90) -> 0 | J91: 0 | K91: =SUM(K85:K90) -> 4005.833 | L91: =SUM(L85:L90) -> 41864.838 | M91: =+L91/K91 -> 10.450969 | N91: =SUM(N85:N90) -> 2442.0478 | O91: =SUM(O85:O90) -> 31479.5 | P91: =+O91/N91 -> 12.890616 | T91: =SUM(T85:T90) -> 6447.8808 | U91: =SUM(U85:U90) -> 73344.338 | W91: =SUM(H91,K91,N91,Q91,E91) -> 6447.8808 | X91: =SUM(R91,O91,L91,I91,F91) -> 73344.338
A92: 44974 | B92: Fri | C92: -0.7 | D92: 0.68680556 | E92: =Effort!F90 -> CLOSED | F92: =Harvest!F90 -> CLOSED | G92: =+CPUE!F90 -> CLOSED | H92: =Effort!H90 -> CLOSED | I92: =Harvest!H90 -> CLOSED | J92: =CPUE!H90 -> CLOSED | K92: =Effort!J90 -> CLOSED | L92: =Harvest!J90 -> CLOSED | M92: =CPUE!J90 -> CLOSED | N92: =Effort!L90 -> 1400 | O92: =Harvest!L90 -> 21000 | P92: =CPUE!L90 -> 15 | Q92: CLOSED | R92: CLOSED | S92: CLOSED | T92: =SUM(N92) -> 1400 | U92: =SUM(O92) -> 21000
A93: 44975 | B93: Sat | C93: -1.2 | D93: 0.72152778 | E93: =Effort!F91 -> CLOSED | F93: =Harvest!F91 -> CLOSED | G93: =+CPUE!F91 -> CLOSED | H93: =Effort!H91 -> CLOSED | I93: =Harvest!H91 -> CLOSED | J93: =CPUE!H91 -> CLOSED | K93: =Effort!J91 -> 5652.2717 | L93: =Harvest!J91 -> 84103.079 | M93: =CPUE!J91 -> 14.879518 | N93: =Effort!L91 -> CLOSED | O93: =Harvest!L91 -> CLOSED | P93: =CPUE!L91 -> CLOSED | Q93: CLOSED | R93: CLOSED | S93: CLOSED | T93: =SUM(K93) -> 5652.2717 | U93: =SUM(L93) -> 84103.079
A94: 44976 | B94: Sun | C94: -1.5 | D94: 0.75277778 | E94: =Effort!F92 -> CLOSED | F94: =Harvest!F92 -> CLOSED | G94: =+CPUE!F92 -> CLOSED | H94: =Effort!H92 -> CLOSED | I94: =Harvest!H92 -> CLOSED | J94: =CPUE!H92 -> CLOSED | K94: =Effort!J92 -> CLOSED | L94: =Harvest!J92 -> CLOSED | M94: =CPUE!J92 -> CLOSED | N94: =Effort!L92 -> 5569.9246 | O94: =Harvest!L92 -> 73598.105 | P94: =CPUE!L92 -> 13.213483 | Q94: CLOSED | R94: CLOSED | S94: CLOSED | T94: =SUM(N94) -> 5569.9246 | U94: =SUM(O94) -> 73598.105
A95: 44977 | B95: Mon | C95: -1.4 | D95: 0.78194444 | E95: =Effort!F93 -> CLOSED | F95: =Harvest!F93 -> CLOSED | G95: =+CPUE!F93 -> CLOSED | H95: =Effort!H93 -> CLOSED | I95: =Harvest!H93 -> CLOSED | J95: =CPUE!H93 -> CLOSED | K95: =Effort!J93 -> 1436.4224 | L95: =Harvest!J93 -> 17933.516 | M95: =CPUE!J93 -> 12.484848 | N95: =Effort!L93 -> CLOSED | O95: =Harvest!L93 -> CLOSED | P95: =CPUE!L93 -> CLOSED | Q95: CLOSED | R95: CLOSED | S95: CLOSED | T95: =SUM(K95) -> 1436.4224 | U95: =SUM(L95) -> 17933.516
A96: 44978 | B96: Tue | C96: -1 | D96: 0.80972222 | E96: =Effort!F94 -> CLOSED | F96: =Harvest!F94 -> CLOSED | G96: =+CPUE!F94 -> CLOSED | H96: =Effort!H94 -> CLOSED | I96: =Harvest!H94 -> CLOSED | J96: =CPUE!H94 -> CLOSED | K96: =Effort!J94 -> CLOSED | L96: =Harvest!J94 -> CLOSED | M96: =CPUE!J94 -> CLOSED | N96: =Effort!L94 -> 342.97052 | O96: =Harvest!L94 -> 548.75283 | P96: =CPUE!L94 -> 1.6 | Q96: CLOSED | R96: CLOSED | S96: CLOSED | T96: =SUM(N96) -> 342.97052 | U96: =SUM(O96) -> 548.75283
A97: 44979 | B97: Wed | C97: -0.3 | D97: 0.83680556 | E97: =Effort!F95 -> CLOSED | F97: =Harvest!F95 -> CLOSED | G97: =+CPUE!F95 -> CLOSED | H97: =Effort!H95 -> CLOSED | I97: =Harvest!H95 -> CLOSED | J97: =CPUE!H95 -> CLOSED | K97: =Effort!J95 -> 236.26972 | L97: =Harvest!J95 -> 1782.7624 | M97: =CPUE!J95 -> 7.5454545 | N97: =Effort!L95 -> CLOSED | O97: =Harvest!L95 -> CLOSED | P97: =CPUE!L95 -> CLOSED | Q97: CLOSED | R97: CLOSED | S97: CLOSED | T97: =SUM(K97) -> 236.26972 | U97: =SUM(L97) -> 1782.7624
A98: Tide Series Totals | E98: =SUM(E92:E97) -> 0 | F98: =SUM(F92:F97) -> 0 | G98: 0 | H98: =SUM(H92:H97) -> 0 | I98: =SUM(I92:I97) -> 0 | J98: 0 | K98: =SUM(K92:K97) -> 7324.9638 | L98: =SUM(L92:L97) -> 103819.36 | M98: =+L98/K98 -> 14.173361 | N98: =SUM(N92:N97) -> 7312.8951 | O98: =SUM(O92:O97) -> 95146.858 | P98: =+O98/N98 -> 13.010833 | T98: =SUM(T92:T97) -> 14637.859 | U98: =SUM(U92:U97) -> 198966.22 | W98: =SUM(H98,K98,N98,Q98,E98) -> 14637.859 | X98: =SUM(R98,O98,L98,I98,F98) -> 198966.22
A99: 44988 | B99: Fri | C99: 0.6 | D99: 0.68819444 | E99: =Effort!F97 -> CLOSED | F99: =Harvest!F97 -> CLOSED | G99: =+CPUE!F97 -> CLOSED | H99: =Effort!H97 -> CLOSED | I99: =Harvest!H97 -> CLOSED | J99: =CPUE!H97 -> CLOSED | K99: =Effort!J97 -> CLOSED | L99: =Harvest!J97 -> CLOSED | M99: =CPUE!J97 -> CLOSED | N99: =Effort!L97 -> 1332.2765 | O99: =Harvest!L97 -> 11690.726 | P99: =CPUE!L97 -> 8.775 | Q99: CLOSED | R99: CLOSED | S99: CLOSED | T99: =SUM(N99) -> 1332.2765 | U99: =SUM(O99) -> 11690.726
A100: 44989 | B100: Sat | C100: 0.4 | D100: 0.71458333 | E100: =Effort!F98 -> CLOSED | F100: =Harvest!F98 -> CLOSED | G100: =+CPUE!F98 -> CLOSED | H100: =Effort!H98 -> CLOSED | I100: =Harvest!H98 -> CLOSED | J100: =CPUE!H98 -> CLOSED | K100: =Effort!J98 -> 3456.0462 | L100: =Harvest!J98 -> 14090.034 | M100: =CPUE!J98 -> 4.0769231 | N100: =Effort!L98 -> CLOSED | O100: =Harvest!L98 -> CLOSED | P100: =CPUE!L98 -> CLOSED | Q100: CLOSED | R100: CLOSED | S100: CLOSED | T100: =SUM(K100) -> 3456.0462 | U100: =SUM(L100) -> 14090.034
...

Sheet Summary Table Public
A1: 2022-2023 State (non-Tribal) Recreational Razor Clam Effort, Harvest and CPUE totals.
E2: LONG BEACH | H2: TWIN HARBORS | K2: COPALIS | N2: MOCROCKS | Q2: KALALOCH | T2: DAILY TOTALS | W2: CROSS | X2: CHECK
A3: DATE | B3: DAY | C3: TIDE | D3: TIME | E3: Effort | F3: Harvest | G3: CPUE | H3: Effort | I3: Harvest | J3: CPUE | K3: Effort | L3: Harvest | M3: CPUE | N3: Effort | O3: Harvest | P3: CPUE | Q3: Effort | R3: Harvest | S3: CPUE | T3: Effort | U3: Harvest
A4: 44826 | B4: Thu | C4: 0.4 | D4: 0.21041667 | E4: =Effort!F2 -> CLOSED | F4: =Harvest!F2 -> CLOSED | G4: =+CPUE!F2 -> CLOSED | H4: =Effort!H2 -> CLOSED | I4: =Harvest!H2 -> CLOSED | J4: =CPUE!H2 -> CLOSED | K4: =Effort!J2 -> CLOSED | L4: =Harvest!J2 -> CLOSED | M4: =CPUE!J2 -> CLOSED | N4: =Effort!L2 -> CLOSED | O4: =Harvest!L2 -> CLOSED | P4: =CPUE!L2 -> CLOSED | Q4: CLOSED | R4: CLOSED | S4: CLOSED | T4: 0 | U4: 0
A5: 44827 | B5: Fri | C5: 0.1 | D5: 0.23680556 | E5: =Effort!F3 -> CLOSED | F5: =Harvest!F3 -> CLOSED | G5: =+CPUE!F3 -> CLOSED | H5: =Effort!H3 -> CLOSED | I5: =Harvest!H3 -> CLOSED | J5: =CPUE!H3 -> CLOSED | K5: =Effort!J3 -> CLOSED | L5: =Harvest!J3 -> CLOSED | M5: =CPUE!J3 -> CLOSED | N5: =Effort!L3 -> CLOSED | O5: =Harvest!L3 -> CLOSED | P5: =CPUE!L3 -> CLOSED | Q5: CLOSED | R5: CLOSED | S5: CLOSED | T5: 0 | U5: 0
A6: 44828 | B6: Sat | C6: 0 | D6: 0.26041667 | E6: =Effort!F4 -> CLOSED | F6: =Harvest!F4 -> CLOSED | G6: =+CPUE!F4 -> CLOSED | H6: =Effort!H4 -> CLOSED | I6: =Harvest!H4 -> CLOSED | J6: =CPUE!H4 -> CLOSED | K6: =Effort!J4 -> CLOSED | L6: =Harvest!J4 -> CLOSED | M6: =CPUE!J4 -> CLOSED | N6: =Effort!L4 -> CLOSED | O6: =Harvest!L4 -> CLOSED | P6: =CPUE!L4 -> CLOSED | Q6: CLOSED | R6: CLOSED | S6: CLOSED | T6: 0 | U6: 0
A7: 44829 | B7: Sun | C7: 0.1 | D7: 0.28333333 | E7: =Effort!F5 -> CLOSED | F7: =Harvest!F5 -> CLOSED | G7: =+CPUE!F5 -> CLOSED | H7: =Effort!H5 -> CLOSED | I7: =Harvest!H5 -> CLOSED | J7: =CPUE!H5 -> CLOSED | K7: =Effort!J5 -> CLOSED | L7: =Harvest!J5 -> CLOSED | M7: =CPUE!J5 -> CLOSED | N7: =Effort!L5 -> CLOSED | O7: =Harvest!L5 -> CLOSED | P7: =CPUE!L5 -> CLOSED | Q7: CLOSED | R7: CLOSED | S7: CLOSED | T7: 0 | U7: 0
A8: 44830 | B8: Mon | C8: 0.3 | D8: 0.30486111 | E8: =Effort!F6 -> CLOSED | F8: =Harvest!F6 -> CLOSED | G8: =+CPUE!F6 -> CLOSED | H8: =Effort!H6 -> CLOSED | I8: =Harvest!H6 -> CLOSED | J8: =CPUE!H6 -> CLOSED | K8: =Effort!J6 -> CLOSED | L8: =Harvest!J6 -> CLOSED | M8: =CPUE!J6 -> CLOSED | N8: =Effort!L6 -> CLOSED | O8: =Harvest!L6 -> CLOSED | P8: =CPUE!L6 -> CLOSED | Q8: CLOSED | R8: CLOSED | S8: CLOSED | T8: 0 | U8: 0
A9: 44831 | B9: Tue | C9: -0.1 | D9: 0.85 | E9: =Effort!F7 -> CLOSED | F9: =Harvest!F7 -> CLOSED | G9: =+CPUE!F7 -> CLOSED | H9: =Effort!H7 -> CLOSED | I9: =Harvest!H7 -> CLOSED | J9: =CPUE!H7 -> CLOSED | K9: =Effort!J7 -> CLOSED | L9: =Harvest!J7 -> CLOSED | M9: =CPUE!J7 -> CLOSED | N9: =Effort!L7 -> CLOSED | O9: =Harvest!L7 -> CLOSED | P9: =CPUE!L7 -> CLOSED | Q9: CLOSED | R9: CLOSED | S9: CLOSED | T9: 0 | U9: 0
A10: 44832 | B10: Wed | C10: -0.3 | D10: 0.87916667 | E10: =Effort!F8 -> 199.38112 | F10: =Harvest!F8 -> 996.9056 | G10: =+CPUE!F8 -> 5 | H10: =Effort!H8 -> 194.83345 | I10: =Harvest!H8 -> 1558.6676 | J10: =CPUE!H8 -> 8 | K10: =Effort!J8 -> 200.86581 | L10: =Harvest!J8 -> 1767.6191 | M10: =CPUE!J8 -> 8.8 | N10: =Effort!L8 -> CLOSED | O10: =Harvest!L8 -> CLOSED | P10: =CPUE!L8 -> CLOSED | Q10: CLOSED | R10: CLOSED | S10: CLOSED | T10: =SUM(E10+H10+K10) -> 595.08038 | U10: =SUM(F10+I10+L10) -> 4323.1923
A11: 44833 | B11: Thu | C11: -0.4 | D11: 0.91041667 | E11: =Effort!F9 -> 261.0262 | F11: =Harvest!F9 -> 3915.393 | G11: =+CPUE!F9 -> 15 | H11: =Effort!H9 -> 255.07247 | I11: =Harvest!H9 -> 3826.087 | J11: =CPUE!H9 -> 15 | K11: =Effort!J9 -> CLOSED | L11: =Harvest!J9 -> CLOSED | M11: =CPUE!J9 -> CLOSED | N11: =Effort!L9 -> CLOSED | O11: =Harvest!L9 -> CLOSED | P11: =CPUE!L9 -> CLOSED | Q11: CLOSED | R11: CLOSED | S11: CLOSED | T11: =SUM(E11+H11) -> 516.09867 | U11: =SUM(F11+I11) -> 7741.4801
A12: 44834 | B12: Fri | C12: -0.2 | D12: 0.94652778 | E12: =Effort!F10 -> 614.50901 | F12: =Harvest!F10 -> 8603.1261 | G12: =+CPUE!F10 -> 14 | H12: =Effort!H10 -> 378 | I12: =Harvest!H10 -> 5535 | J12: =CPUE!H10 -> 14.642857 | K12: =Effort!J10 -> 619.08494 | L12: =Harvest!J10 -> 8299.6075 | M12: =CPUE!J10 -> 13.40625 | N12: =Effort!L10 -> CLOSED | O12: =Harvest!L10 -> CLOSED | P12: =CPUE!L10 -> CLOSED | Q12: CLOSED | R12: CLOSED | S12: CLOSED | T12: =SUM(E12+H12+K12) -> 1611.5939 | U12: =SUM(F12+I12+L12) -> 22437.734
A13: Tide Series Totals | E13: =SUM(E4:E12) -> 1074.9163 | F13: =SUM(F4:F12) -> 13515.425 | G13: =+F13/E13 -> 12.573467 | H13: =SUM(H4:H12) -> 827.90592 | I13: =SUM(I4:I12) -> 10919.755 | J13: =+I13/H13 -> 13.189608 | K13: =SUM(K4:K12) -> 819.95075 | L13: =SUM(L4:L12) -> 10067.227 | M13: =+L13/K13 -> 12.277843 | N13: =SUM(N4:N12) -> 0 | O13: =SUM(O4:O12) -> 0 | P13: 0 | T13: =SUM(T4:T12) -> 2722.773 | U13: =SUM(U4:U12) -> 34502.406 | W13: =SUM(H13,K13,N13,Q13,E13) -> 2722.773 | X13: =SUM(R13,O13,L13,I13,F13) -> 34502.406
A14: 44842 | B14: Sat | C14: 0.5 | D14: 0.76458333 | E14: =Effort!F12 -> 5355.227 | F14: =Harvest!F12 -> 77650.792 | G14: =+CPUE!F12 -> 14.5 | H14: =Effort!H12 -> 4762.6033 | I14: =Harvest!H12 -> 69057.748 | J14: =CPUE!H12 -> 14.5 | K14: =Effort!J12 -> CLOSED | L14: =Harvest!J12 -> CLOSED | M14: =CPUE!J12 -> CLOSED | N14: =Effort!L12 -> CLOSED | O14: =Harvest!L12 -> CLOSED | P14: =CPUE!L12 -> CLOSED | Q14: CLOSED | R14: CLOSED | S14: CLOSED | T14: =SUM(E14+H14) -> 10117.83 | U14: =SUM(F14+I14) -> 146708.54
A15: 44843 | B15: Sun | C15: -0.1 | D15: 0.79513889 | E15: =Effort!F13 -> 2564.1123 | F15: =Harvest!F13 -> 37179.628 | G15: =+CPUE!F13 -> 14.5 | H15: =Effort!H13 -> 2280.3608 | I15: =Harvest!H13 -> 32809.273 | J15: =CPUE!H13 -> 14.387755 | K15: =Effort!J13 -> 3429.6324 | L15: =Harvest!J13 -> 49687.845 | M15: =CPUE!J13 -> 14.487805 | N15: =Effort!L13 -> CLOSED | O15: =Harvest!L13 -> CLOSED | P15: =CPUE!L13 -> CLOSED | Q15: CLOSED | R15: CLOSED | S15: CLOSED | T15: =SUM(E15+H15+K15) -> 8274.1055 | U15: =SUM(F15+I15+L15) -> 119676.75
A16: 44844 | B16: Mon | C16: -0.5 | D16: 0.82361111 | E16: =Effort!F14 -> 1244.1436 | F16: =Harvest!F14 -> 18662.155 | G16: =+CPUE!F14 -> 15 | H16: =Effort!H14 -> 1106.4634 | I16: =Harvest!H14 -> 16596.951 | J16: =CPUE!H14 -> 15 | K16: =Effort!J14 -> CLOSED | L16: =Harvest!J14 -> CLOSED | M16: =CPUE!J14 -> CLOSED | N16: =Effort!L14 -> CLOSED | O16: =Harvest!L14 -> CLOSED | P16: =CPUE!L14 -> CLOSED | Q16: CLOSED | R16: CLOSED | S16: CLOSED | T16: =SUM(E16+H16) -> 2350.607 | U16: =SUM(F16+I16) -> 35259.106
A17: 44845 | B17: Tue | C17: -0.6 | D17: 0.85138889 | E17: =Effort!F15 -> 777.51539 | F17: =Harvest!F15 -> 11273.973 | G17: =+CPUE!F15 -> 14.5 | H17: =Effort!H15 -> 631.66851 | I17: =Harvest!H15 -> 9159.1934 | J17: =CPUE!H15 -> 14.5 | K17: =Effort!J15 -> 950.02105 | L17: =Harvest!J15 -> 14071.326 | M17: =CPUE!J15 -> 14.811594 | N17: =Effort!L15 -> CLOSED | O17: =Harvest!L15 -> CLOSED | P17: =CPUE!L15 -> CLOSED | Q17: CLOSED | R17: CLOSED | S17: CLOSED | T17: =SUM(E17+H17+K17) -> 2359.205 | U17: =SUM(F17+I17+L17) -> 34504.493
A18: 44846 | B18: Wed | C18: -0.4 | D18: 0.87916667 | E18: =Effort!F16 -> 393.51385 | F18: =Harvest!F16 -> 5509.1939 | G18: =+CPUE!F16 -> 14 | H18: =Effort!H16 -> 349.96656 | I18: =Harvest!H16 -> 4812.0402 | J18: =CPUE!H16 -> 13.75 | K18: =Effort!J16 -> CLOSED | L18: =Harvest!J16 -> CLOSED | M18: =CPUE!J16 -> CLOSED | N18: =Effort!L16 -> CLOSED | O18: =Harvest!L16 -> CLOSED | P18: =CPUE!L16 -> CLOSED | Q18: CLOSED | R18: CLOSED | S18: CLOSED | T18: =SUM(E18+H18) -> 743.48042 | U18: =SUM(F18+I18) -> 10321.234
A19: 44847 | B19: Thu | C19: -0.2 | D19: 0.90694444 | E19: =Effort!F17 -> 315.90694 | F19: =Harvest!F17 -> 4738.6041 | G19: =+CPUE!F17 -> 15 | H19: =Effort!H17 -> 280.94784 | I19: =Harvest!H17 -> 3933.2697 | J19: =CPUE!H17 -> 14 | K19: =Effort!J17 -> 492.8 | L19: =Harvest!J17 -> 6922.6667 | M19: =CPUE!J17 -> 14.047619 | N19: =Effort!L17 -> CLOSED | O19: =Harvest!L17 -> CLOSED | P19: =CPUE!L17 -> CLOSED | Q19: CLOSED | R19: CLOSED | S19: CLOSED | T19: =SUM(E19+H19+K19) -> 1089.6548 | U19: =SUM(F19+I19+L19) -> 15594.541
A20: 44848 | B20: Fri | C20: 0.3 | D20: 0.93680556 | E20: =Effort!F18 -> 515.81118 | F20: =Harvest!F18 -> 7737.1677 | G20: =+CPUE!F18 -> 15 | H20: =Effort!H18 -> 458.73014 | I20: =Harvest!H18 -> 6880.9521 | J20: =CPUE!H18 -> 15 | K20: =Effort!J18 -> CLOSED | L20: =Harvest!J18 -> CLOSED | M20: =CPUE!J18 -> CLOSED | N20: =Effort!L18 -> CLOSED | O20: =Harvest!L18 -> CLOSED | P20: =CPUE!L18 -> CLOSED | Q20: CLOSED | R20: CLOSED | S20: CLOSED | T20: =SUM(E20+H20) -> 974.54132 | U20: =SUM(F20+I20) -> 14618.12
A21: Tide Series Totals | E21: =SUM(E14:E20) -> 11166.23 | F21: =SUM(F14:F20) -> 162751.51 | G21: =+F21/E21 -> 14.575332 | H21: =SUM(H14:H20) -> 9870.7406 | I21: =SUM(I14:I20) -> 143249.43 | J21: =+I21/H21 -> 14.512531 | K21: =SUM(K14:K20) -> 4872.4534 | L21: =SUM(L14:L20) -> 70681.838 | M21: =+L21/K21 -> 14.506416 | N21: =SUM(N12:N20) -> 0 | O21: =SUM(O12:O20) -> 0 | P21: 0 | T21: =SUM(T14:T20) -> 25909.424 | U21: =SUM(U14:U20) -> 376682.78 | W21: =SUM(H21,K21,N21,Q21,E21) -> 25909.424 | X21: =SUM(R21,O21,L21,I21,F21) -> 376682.78
A22: 44858 | B22: Mon | C22: 0 | D22: 0.78055556 | E22: =Effort!F20 -> 1250.827 | F22: =Harvest!F20 -> 13759.097 | G22: =+CPUE!F20 -> 11 | H22: =Effort!H20 -> 970.92904 | I22: =Harvest!H20 -> 11335.032 | J22: =CPUE!H20 -> 11.674419 | K22: =Effort!J20 -> 1276.5406 | L22: =Harvest!J20 -> 17932.356 | M22: =CPUE!J20 -> 14.047619 | N22: =Effort!L20 -> CLOSED | O22: =Harvest!L20 -> CLOSED | P22: =CPUE!L20 -> CLOSED | Q22: CLOSED | R22: CLOSED | S22: CLOSED | T22: =SUM(E22+H22+K22) -> 3498.2967 | U22: =SUM(F22+I22+L22) -> 43026.486
A23: 44859 | B23: Tue | C23: -0.6 | D23: 0.80833333 | E23: =Effort!F21 -> 397.34615 | F23: =Harvest!F21 -> 3178.7692 | G23: =+CPUE!F21 -> 8 | H23: =Effort!H21 -> 388.18431 | I23: =Harvest!H21 -> 5415.1712 | J23: =CPUE!H21 -> 13.95 | K23: =Effort!J21 -> CLOSED | L23: =Harvest!J21 -> CLOSED | M23: =CPUE!J21 -> CLOSED | N23: =Effort!L21 -> CLOSED | O23: =Harvest!L21 -> CLOSED | P23: =CPUE!L21 -> CLOSED | Q23: CLOSED | R23: CLOSED | S23: CLOSED | T23: =SUM(E23+H23) -> 785.53046 | U23: =SUM(F23+I23) -> 8593.9404
A24: 44860 | B24: Wed | C24: -1 | D24: 0.83680556 | E24: =Effort!F22 -> 770.31346 | F24: =Harvest!F22 -> 10211.388 | G24: =+CPUE!F22 -> 13.256146 | H24: =Effort!H22 -> 597.94015 | I24: =Harvest!H22 -> 7474.2518 | J24: =CPUE!H22 -> 12.5 | K24: =Effort!J22 -> 597.74106 | L24: =Harvest!J22 -> 7341.4864 | M24: =CPUE!J22 -> 12.282051 | N24: =Effort!L22 -> CLOSED | O24: =Harvest!L22 -> CLOSED | P24: =CPUE!L22 -> CLOSED | Q24: CLOSED | R24: CLOSED | S24: CLOSED | T24: =SUM(E24+H24+K24) -> 1965.9947 | U24: =SUM(F24+I24+L24) -> 25027.126
A25: 44861 | B25: Thu | C25: -1.1 | D25: 0.86666667 | E25: =Effort!F23 -> 514.17347 | F25: =Harvest!F23 -> 4884.6479 | G25: =+CPUE!F23 -> 9.5 | H25: =Effort!H23 -> 502.31788 | I25: =Harvest!H23 -> 4772.0199 | J25: =CPUE!H23 -> 9.5 | K25: =Effort!J23 -> CLOSED | L25: =Harvest!J23 -> CLOSED | M25: =CPUE!J23 -> CLOSED | N25: =Effort!L23 -> CLOSED | O25: =Harvest!L23 -> CLOSED | P25: =CPUE!L23 -> CLOSED | Q25: CLOSED | R25: CLOSED | S25: CLOSED | T25: =SUM(E25+H25) -> 1016.4914 | U25: =SUM(F25+I25) -> 9656.6678
A26: 44862 | B26: Fri | C26: -1 | D26: 0.89930556 | E26: =Effort!F24 -> 805.14405 | F26: =Harvest!F24 -> 5233.4364 | G26: =+CPUE!F24 -> 6.5 | H26: =Effort!H24 -> 825.63586 | I26: =Harvest!H24 -> 8256.3586 | J26: =CPUE!H24 -> 10 | K26: =Effort!J24 -> 1085.5147 | L26: =Harvest!J24 -> 14229.044 | M26: =CPUE!J24 -> 13.108108 | N26: =Effort!L24 -> CLOSED | O26: =Harvest!L24 -> CLOSED | P26: =CPUE!L24 -> CLOSED | Q26: CLOSED | R26: CLOSED | S26: CLOSED | T26: =SUM(E26+H26+K26) -> 2716.2946 | U26: =SUM(F26+I26+L26) -> 27718.838
A27: 44863 | B27: Sat | C27: -0.7 | D27: 0.93611111 | E27: =Effort!F25 -> 1101.2843 | F27: =Harvest!F25 -> 15968.622 | G27: =+CPUE!F25 -> 14.5 | H27: =Effort!H25 -> 1075.8913 | I27: =Harvest!H25 -> 15817.892 | J27: =CPUE!H25 -> 14.702128 | K27: =Effort!J25 -> CLOSED | L27: =Harvest!J25 -> CLOSED | M27: =CPUE!J25 -> CLOSED | N27: =Effort!L25 -> CLOSED | O27: =Harvest!L25 -> CLOSED | P27: =CPUE!L25 -> CLOSED | Q27: CLOSED | R27: CLOSED | S27: CLOSED | T27: =SUM(E27+H27) -> 2177.1756 | U27: =SUM(F27+I27) -> 31786.513
A28: 44864 | B28: Sun | C28: -0.3 | D28: 0.97708333 | E28: =Effort!F26 -> 32.661893 | F28: =Harvest!F26 -> 146.97852 | G28: =+CPUE!F26 -> 4.5 | H28: =Effort!H26 -> 25.35313 | I28: =Harvest!H26 -> 114.08908 | J28: =CPUE!H26 -> 4.5 | K28: =Effort!J26 -> 33.333332 | L28: =Harvest!J26 -> 149.99999 | M28: =CPUE!J26 -> 4.5 | N28: =Effort!L26 -> CLOSED | O28: =Harvest!L26 -> CLOSED | P28: =CPUE!L26 -> CLOSED | Q28: CLOSED | R28: CLOSED | S28: CLOSED | T28: =SUM(E28+H28+K28) -> 91.348355 | U28: =SUM(F28+I28+L28) -> 411.0676
A29: Tide Series Totals | E29: =SUM(E22:E28) -> 4871.7503 | F29: =SUM(F22:F28) -> 53382.939 | G29: =+F29/E29 -> 10.957651 | H29: =SUM(H22:H28) -> 4386.2517 | I29: =SUM(I22:I28) -> 53184.814 | J29: =+I29/H29 -> 12.125345 | K29: =SUM(K22:K28) -> 2993.1297 | L29: =SUM(L22:L28) -> 39652.886 | M29: =+L29/K29 -> 13.247968 | N29: =SUM(N20:N28) -> 0 | O29: =SUM(O20:O28) -> 0 | P29: 0 | T29: =SUM(T22:T28) -> 12251.132 | U29: =SUM(U22:U28) -> 146220.64 | W29: =SUM(H29,K29,N29,Q29,E29) -> 12251.132 | X29: =SUM(R29,O29,L29,I29,F29) -> 146220.64
A30: 44871 | B30: Sun | C30: 0 | D30: 0.71388889 | E30: =Effort!F28 -> CLOSED | F30: =Harvest!F28 -> CLOSED | G30: =+CPUE!F28 -> CLOSED | H30: =Effort!H28 -> CLOSED | I30: =Harvest!H28 -> CLOSED | J30: =CPUE!H28 -> CLOSED | K30: =Effort!J28 -> CLOSED | L30: =Harvest!J28 -> CLOSED | M30: =CPUE!J28 -> CLOSED | N30: =Effort!L28 -> CLOSED | O30: =Harvest!L28 -> CLOSED | P30: =CPUE!L28 -> CLOSED | Q30: CLOSED | R30: CLOSED | S30: CLOSED | T30: 0 | U30: 0
A31: 44872 | B31: Mon | C31: -0.5 | D31: 0.74236111 | E31: =Effort!F29 -> CLOSED | F31: =Harvest!F29 -> CLOSED | G31: =+CPUE!F29 -> CLOSED | H31: =Effort!H29 -> CLOSED | I31: =Harvest!H29 -> CLOSED | J31: =CPUE!H29 -> CLOSED | K31: =Effort!J29 -> CLOSED | L31: =Harvest!J29 -> CLOSED | M31: =CPUE!J29 -> CLOSED | N31: =Effort!L29 -> CLOSED | O31: =Harvest!L29 -> CLOSED | P31: =CPUE!L29 -> CLOSED | Q31: CLOSED | R31: CLOSED | S31: CLOSED | T31: 0 | U31: 0
A32: 44873 | B32: Tue | C32: -0.7 | D32: 0.76944444 | E32: =Effort!F30 -> CLOSED | F32: =Harvest!F30 -> CLOSED | G32: =+CPUE!F30 -> CLOSED | H32: =Effort!H30 -> CLOSED | I32: =Harvest!H30 -> CLOSED | J32: =CPUE!H30 -> CLOSED | K32: =Effort!J30 -> CLOSED | L32: =Harvest!J30 -> CLOSED | M32: =CPUE!J30 -> CLOSED | N32: =Effort!L30 -> CLOSED | O32: =Harvest!L30 -> CLOSED | P32: =CPUE!L30 -> CLOSED | Q32: CLOSED | R32: CLOSED | S32: CLOSED | T32: 0 | U32: 0
A33: 44874 | B33: Wed | C33: -0.7 | D33: 0.79513889 | E33: =Effort!F31 -> CLOSED | F33: =Harvest!F31 -> CLOSED | G33: =+CPUE!F31 -> CLOSED | H33: =Effort!H31 -> CLOSED | I33: =Harvest!H31 -> CLOSED | J33: =CPUE!H31 -> CLOSED | K33: =Effort!J31 -> CLOSED | L33: =Harvest!J31 -> CLOSED | M33: =CPUE!J31 -> CLOSED | N33: =Effort!L31 -> CLOSED | O33: =Harvest!L31 -> CLOSED | P33: =CPUE!L31 -> CLOSED | Q33: CLOSED | R33: CLOSED | S33: CLOSED | T33: 0 | U33: 0
A34: 44875 | B34: Thu | C34: -0.6 | D34: 0.82083333 | E34: =Effort!F32 -> CLOSED | F34: =Harvest!F32 -> CLOSED | G34: =+CPUE!F32 -> CLOSED | H34: =Effort!H32 -> CLOSED | I34: =Harvest!H32 -> CLOSED | J34: =CPUE!H32 -> CLOSED | K34: =Effort!J32 -> CLOSED | L34: =Harvest!J32 -> CLOSED | M34: =CPUE!J32 -> CLOSED | N34: =Effort!L32 -> CLOSED | O34: =Harvest!L32 -> CLOSED | P34: =CPUE!L32 -> CLOSED | Q34: CLOSED | R34: CLOSED | S34: CLOSED | T34: 0 | U34: 0
A35: 44876 | B35: Fri | C35: -0.2 | D35: 0.84652778 | E35: =Effort!F33 -> CLOSED | F35: =Harvest!F33 -> CLOSED | G35: =+CPUE!F33 -> CLOSED | H35: =Effort!H33 -> CLOSED | I35: =Harvest!H33 -> CLOSED | J35: =CPUE!H33 -> CLOSED | K35: =Effort!J33 -> CLOSED | L35: =Harvest!J33 -> CLOSED | M35: =CPUE!J33 -> CLOSED | N35: =Effort!L33 -> CLOSED | O35: =Harvest!L33 -> CLOSED | P35: =CPUE!L33 -> CLOSED | Q35: CLOSED | R35: CLOSED | S35: CLOSED | T35: 0 | U35: 0
A36: 44877 | B36: Sat | C36: 0.1 | D36: 0.87430556 | E36: =Effort!F34 -> CLOSED | F36: =Harvest!F34 -> CLOSED | G36: =+CPUE!F34 -> CLOSED | H36: =Effort!H34 -> CLOSED | I36: =Harvest!H34 -> CLOSED | J36: =CPUE!H34 -> CLOSED | K36: =Effort!J34 -> CLOSED | L36: =Harvest!J34 -> CLOSED | M36: =CPUE!J34 -> CLOSED | N36: =Effort!L34 -> CLOSED | O36: =Harvest!L34 -> CLOSED | P36: =CPUE!L34 -> CLOSED | Q36: CLOSED | R36: CLOSED | S36: CLOSED | T36: 0 | U36: 0
A37: 44878 | B37: Sun | C37: 0.5 | D37: 0.90486111 | E37: =Effort!F35 -> CLOSED | F37: =Harvest!F35 -> CLOSED | G37: =+CPUE!F35 -> CLOSED | H37: =Effort!H35 -> CLOSED | I37: =Harvest!H35 -> CLOSED | J37: =CPUE!H35 -> CLOSED | K37: =Effort!J35 -> CLOSED | L37: =Harvest!J35 -> CLOSED | M37: =CPUE!J35 -> CLOSED | N37: =Effort!L35 -> CLOSED | O37: =Harvest!L35 -> CLOSED | P37: =CPUE!L35 -> CLOSED | Q37: CLOSED | R37: CLOSED | S37: CLOSED | T37: 0 | U37: 0
A38: Tide Series Totals | E38: =SUM(E30:E37) -> 0 | F38: =SUM(F30:F37) -> 0 | G38: 0 | H38: =SUM(H30:H37) -> 0 | I38: =SUM(I30:I37) -> 0 | J38: 0 | K38: =SUM(K30:K37) -> 0 | L38: =SUM(L30:L37) -> 0 | M38: 0 | N38: =SUM(N29:N37) -> 0 | O38: =SUM(O29:O37) -> 0 | P38: 0 | T38: =SUM(T30:T37) -> 0 | U38: =SUM(U30:U37) -> 0 | W38: =SUM(H38,K38,N38,Q38,E38) -> 0 | X38: =SUM(R38,O38,L38,I38,F38) -> 0
A39: 44887 | B39: Tue | C39: -0.6 | D39: 0.72361111 | E39: =Effort!F37 -> CLOSED | F39: =Harvest!F37 -> CLOSED | G39: =+CPUE!F37 -> CLOSED | H39: =Effort!H37 -> CLOSED | I39: =Harvest!H37 -> CLOSED | J39: =CPUE!H37 -> CLOSED | K39: =Effort!J37 -> CLOSED | L39: =Harvest!J37 -> CLOSED | M39: =CPUE!J37 -> CLOSED | N39: =Effort!L37 -> CLOSED | O39: =Harvest!L37 -> CLOSED | P39: =CPUE!L37 -> CLOSED | Q39: CLOSED | R39: CLOSED | S39: CLOSED | T39: 0 | U39: 0
A40: 44888 | B40: Wed | C40: -1.2 | D40: 0.75277778 | E40: =Effort!F38 -> CLOSED | F40: =Harvest!F38 -> CLOSED | G40: =+CPUE!F38 -> CLOSED | H40: =Effort!H38 -> CLOSED | I40: =Harvest!H38 -> CLOSED | J40: =CPUE!H38 -> CLOSED | K40: =Effort!J38 -> CLOSED | L40: =Harvest!J38 -> CLOSED | M40: =CPUE!J38 -> CLOSED | N40: =Effort!L38 -> CLOSED | O40: =Harvest!L38 -> CLOSED | P40: =CPUE!L38 -> CLOSED | Q40: CLOSED | R40: CLOSED | S40: CLOSED | T40: 0 | U40: 0
A41: 44889 | B41: Thu | C41: -1.6 | D41: 0.78333333 | E41: =Effort!F39 -> CLOSED | F41: =Harvest!F39 -> CLOSED | G41: =+CPUE!F39 -> CLOSED | H41: =Effort!H39 -> CLOSED | I41: =Harvest!H39 -> CLOSED | J41: =CPUE!H39 -> CLOSED | K41: =Effort!J39 -> CLOSED | L41: =Harvest!J39 -> CLOSED | M41: =CPUE!J39 -> CLOSED | N41: =Effort!L39 -> CLOSED | O41: =Harvest!L39 -> CLOSED | P41: =CPUE!L39 -> CLOSED | Q41: CLOSED | R41: CLOSED | S41: CLOSED | T41: 0 | U41: 0
A42: 44890 | B42: Fri | C42: -1.6 | D42: 0.81597222 | E42: =Effort!F40 -> CLOSED | F42: =Harvest!F40 -> CLOSED | G42: =+CPUE!F40 -> CLOSED | H42: =Effort!H40 -> CLOSED | I42: =Harvest!H40 -> CLOSED | J42: =CPUE!H40 -> CLOSED | K42: =Effort!J40 -> CLOSED | L42: =Harvest!J40 -> CLOSED | M42: =CPUE!J40 -> CLOSED | N42: =Effort!L40 -> CLOSED | O42: =Harvest!L40 -> CLOSED | P42: =CPUE!L40 -> CLOSED | Q42: CLOSED | R42: CLOSED | S42: CLOSED | T42: 0 | U42: 0
A43: 44891 | B43: Sat | C43: -1.5 | D43: 0.84930556 | E43: =Effort!F41 -> CLOSED | F43: =Harvest!F41 -> CLOSED | G43: =+CPUE!F41 -> CLOSED | H43: =Effort!H41 -> CLOSED | I43: =Harvest!H41 -> CLOSED | J43: =CPUE!H41 -> CLOSED | K43: =Effort!J41 -> CLOSED | L43: =Harvest!J41 -> CLOSED | M43: =CPUE!J41 -> CLOSED | N43: =Effort!L41 -> CLOSED | O43: =Harvest!L41 -> CLOSED | P43: =CPUE!L41 -> CLOSED | Q43: CLOSED | R43: CLOSED | S43: CLOSED | T43: 0 | U43: 0
A44: 44892 | B44: Sun | C44: -1.1 | D44: 0.88541667 | E44: =Effort!F42 -> CLOSED | F44: =Harvest!F42 -> CLOSED | G44: =+CPUE!F42 -> CLOSED | H44: =Effort!H42 -> CLOSED | I44: =Harvest!H42 -> CLOSED | J44: =CPUE!H42 -> CLOSED | K44: =Effort!J42 -> CLOSED | L44: =Harvest!J42 -> CLOSED | M44: =CPUE!J42 -> CLOSED | N44: =Effort!L42 -> CLOSED | O44: =Harvest!L42 -> CLOSED | P44: =CPUE!L42 -> CLOSED | Q44: CLOSED | R44: CLOSED | S44: CLOSED | T44: 0 | U44: 0
A45: 44893 | B45: Mon | C45: -0.5 | D45: 0.92361111 | E45: =Effort!F43 -> CLOSED | F45: =Harvest!F43 -> CLOSED | G45: =+CPUE!F43 -> CLOSED | H45: =Effort!H43 -> CLOSED | I45: =Harvest!H43 -> CLOSED | J45: =CPUE!H43 -> CLOSED | K45: =Effort!J43 -> CLOSED | L45: =Harvest!J43 -> CLOSED | M45: =CPUE!J43 -> CLOSED | N45: =Effort!L43 -> CLOSED | O45: =Harvest!L43 -> CLOSED | P45: =CPUE!L43 -> CLOSED | Q45: CLOSED | R45: CLOSED | S45: CLOSED | T45: 0 | U45: 0
A46: Tide Series Totals | E46: =SUM(E39:E45) -> 0 | F46: =SUM(F39:F45) -> 0 | G46: 0 | H46: =SUM(H39:H45) -> 0 | I46: =SUM(I39:I45) -> 0 | J46: 0 | K46: =SUM(K39:K45) -> 0 | L46: =SUM(L39:L45) -> 0 | M46: 0 | N46: =SUM(N37:N45) -> 0 | O46: =SUM(O37:O45) -> 0 | P46: 0 | T46: =SUM(T39:T45) -> 0 | U46: =SUM(U39:U45) -> 0 | W46: =SUM(H46,K46,N46,Q46,E46) -> 0 | X46: =SUM(R46,O46,L46,I46,F46) -> 0
A47: 44899 | B47: Sun | C47: 0.4 | D47: 0.67291667 | E47: =Effort!F45 -> CLOSED | F47: =Harvest!F45 -> CLOSED | G47: =+CPUE!F45 -> CLOSED | H47: =Effort!H45 -> CLOSED | I47: =Harvest!H45 -> CLOSED | J47: =CPUE!H45 -> CLOSED | K47: =Effort!J45 -> CLOSED | L47: =Harvest!J45 -> CLOSED | M47: =CPUE!J45 -> CLOSED | N47: =Effort!L45 -> CLOSED | O47: =Harvest!L45 -> CLOSED | P47: =CPUE!L45 -> CLOSED | Q47: CLOSED | R47: CLOSED | S47: CLOSED | T47: 0 | U47: 0
A48: 44900 | B48: Mon | C48: -0.1 | D48: 0.70347222 | E48: =Effort!F46 -> CLOSED | F48: =Harvest!F46 -> CLOSED | G48: =+CPUE!F46 -> CLOSED | H48: =Effort!H46 -> CLOSED | I48: =Harvest!H46 -> CLOSED | J48: =CPUE!H46 -> CLOSED | K48: =Effort!J46 -> CLOSED | L48: =Harvest!J46 -> CLOSED | M48: =CPUE!J46 -> CLOSED | N48: =Effort!L46 -> CLOSED | O48: =Harvest!L46 -> CLOSED | P48: =CPUE!L46 -> CLOSED | Q48: CLOSED | R48: CLOSED | S48: CLOSED | T48: 0 | U48: 0
A49: 44901 | B49: Tue | C49: -0.5 | D49: 0.73125 | E49: =Effort!F47 -> CLOSED | F49: =Harvest!F47 -> CLOSED | G49: =+CPUE!F47 -> CLOSED | H49: =Effort!H47 -> CLOSED | I49: =Harvest!H47 -> CLOSED | J49: =CPUE!H47 -> CLOSED | K49: =Effort!J47 -> CLOSED | L49: =Harvest!J47 -> CLOSED | M49: =CPUE!J47 -> CLOSED | N49: =Effort!L47 -> CLOSED | O49: =Harvest!L47 -> CLOSED | P49: =CPUE!L47 -> CLOSED | Q49: CLOSED | R49: CLOSED | S49: CLOSED | T49: 0 | U49: 0
A50: 44902 | B50: Wed | C50: -0.6 | D50: 0.75763889 | E50: =Effort!F48 -> CLOSED | F50: =Harvest!F48 -> CLOSED | G50: =+CPUE!F48 -> CLOSED | H50: =Effort!H48 -> CLOSED | I50: =Harvest!H48 -> CLOSED | J50: =CPUE!H48 -> CLOSED | K50: =Effort!J48 -> CLOSED | L50: =Harvest!J48 -> CLOSED | M50: =CPUE!J48 -> CLOSED | N50: =Effort!L48 -> CLOSED | O50: =Harvest!L48 -> CLOSED | P50: =CPUE!L48 -> CLOSED | Q50: CLOSED | R50: CLOSED | S50: CLOSED | T50: 0 | U50: 0
A51: 44903 | B51: Thu | C51: -0.6 | D51: 0.78263889 | E51: =Effort!F49 -> CLOSED | F51: =Harvest!F49 -> CLOSED | G51: =+CPUE!F49 -> CLOSED | H51: =Effort!H49 -> CLOSED | I51: =Harvest!H49 -> CLOSED | J51: =CPUE!H49 -> CLOSED | K51: =Effort!J49 -> CLOSED | L51: =Harvest!J49 -> CLOSED | M51: =CPUE!J49 -> CLOSED | N51: =Effort!L49 -> CLOSED | O51: =Harvest!L49 -> CLOSED | P51: =CPUE!L49 -> CLOSED | Q51: CLOSED | R51: CLOSED | S51: CLOSED | T51: 0 | U51: 0
A52: 44904 | B52: Fri | C52: -0.5 | D52: 0.80763889 | E52: =Effort!F50 -> CLOSED | F52: =Harvest!F50 -> CLOSED | G52: =+CPUE!F50 -> CLOSED | H52: =Effort!H50 -> CLOSED | I52: =Harvest!H50 -> CLOSED | J52: =CPUE!H50 -> CLOSED | K52: =Effort!J50 -> CLOSED | L52: =Harvest!J50 -> CLOSED | M52: =CPUE!J50 -> CLOSED | N52: =Effort!L50 -> CLOSED | O52: =Harvest!L50 -> CLOSED | P52: =CPUE!L50 -> CLOSED | Q52: CLOSED | R52: CLOSED | S52: CLOSED | T52: 0 | U52: 0
A53: 44905 | B53: Sat | C53: -0.3 | D53: 0.83263889 | E53: =Effort!F51 -> CLOSED | F53: =Harvest!F51 -> CLOSED | G53: =+CPUE!F51 -> CLOSED | H53: =Effort!H51 -> CLOSED | I53: =Harvest!H51 -> CLOSED | J53: =CPUE!H51 -> CLOSED | K53: =Effort!J51 -> CLOSED | L53: =Harvest!J51 -> CLOSED | M53: =CPUE!J51 -> CLOSED | N53: =Effort!L51 -> CLOSED | O53: =Harvest!L51 -> CLOSED | P53: =CPUE!L51 -> CLOSED | Q53: CLOSED | R53: CLOSED | S53: CLOSED | T53: 0 | U53: 0
A54: 44906 | B54: Sun | C54: 0 | D54: 0.85763889 | E54: =Effort!F52 -> CLOSED | F54: =Harvest!F52 -> CLOSED | G54: =+CPUE!F52 -> CLOSED | H54: =Effort!H52 -> CLOSED | I54: =Harvest!H52 -> CLOSED | J54: =CPUE!H52 -> CLOSED | K54: =Effort!J52 -> CLOSED | L54: =Harvest!J52 -> CLOSED | M54: =CPUE!J52 -> CLOSED | N54: =Effort!L52 -> CLOSED | O54: =Harvest!L52 -> CLOSED | P54: =CPUE!L52 -> CLOSED | Q54: CLOSED | R54: CLOSED | S54: CLOSED | T54: 0 | U54: 0
A55: 44907 | B55: Mon | C55: 0.3 | D55: 0.88402778 | E55: =Effort!F53 -> CLOSED | F55: =Harvest!F53 -> CLOSED | G55: =+CPUE!F53 -> CLOSED | H55: =Effort!H53 -> CLOSED | I55: =Harvest!H53 -> CLOSED | J55: =CPUE!H53 -> CLOSED | K55: =Effort!J53 -> CLOSED | L55: =Harvest!J53 -> CLOSED | M55: =CPUE!J53 -> CLOSED | N55: =Effort!L53 -> CLOSED | O55: =Harvest!L53 -> CLOSED | P55: =CPUE!L53 -> CLOSED | Q55: CLOSED | R55: CLOSED | S55: CLOSED | T55: 0 | U55: 0
A56: Tide Series Totals | E56: =SUM(E47:E55) -> 0 | F56: =SUM(F47:F55) -> 0 | G56: 0 | H56: =SUM(H47:H55) -> 0 | I56: =SUM(I47:I55) -> 0 | J56: 0 | K56: =SUM(K47:K55) -> 0 | L56: =SUM(L47:L55) -> 0 | M56: 0 | N56: =SUM(N47:N55) -> 0 | O56: =SUM(O47:O55) -> 0 | P56: 0 | T56: =SUM(T47:T55) -> 0 | U56: =SUM(U47:U55) -> 0 | W56: =SUM(H56,K56,N56,Q56,E56) -> 0 | X56: =SUM(R56,O56,L56,I56,F56) -> 0
A57: 44915 | B57: Tue | C57: 0 | D57: 0.67638889 | E57: =Effort!F55 -> CLOSED | F57: =Harvest!F55 -> CLOSED | G57: =+CPUE!F55 -> CLOSED | H57: =Effort!H55 -> CLOSED | I57: =Harvest!H55 -> CLOSED | J57: =CPUE!H55 -> CLOSED | K57: =Effort!J55 -> CLOSED | L57: =Harvest!J55 -> CLOSED | M57: =CPUE!J55 -> CLOSED | N57: =Effort!L55 -> CLOSED | O57: =Harvest!L55 -> CLOSED | P57: =CPUE!L55 -> CLOSED | Q57: CLOSED | R57: CLOSED | S57: CLOSED | T57: 0 | U57: 0
A58: 44916 | B58: Wed | C58: -0.8 | D58: 0.70972222 | E58: =Effort!F56 -> CLOSED | F58: =Harvest!F56 -> CLOSED | G58: =+CPUE!F56 -> CLOSED | H58: =Effort!H56 -> CLOSED | I58: =Harvest!H56 -> CLOSED | J58: =CPUE!H56 -> CLOSED | K58: =Effort!J56 -> CLOSED | L58: =Harvest!J56 -> CLOSED | M58: =CPUE!J56 -> CLOSED | N58: =Effort!L56 -> CLOSED | O58: =Harvest!L56 -> CLOSED | P58: =CPUE!L56 -> CLOSED | Q58: CLOSED | R58: CLOSED | S58: CLOSED | T58: 0 | U58: 0
A59: 44917 | B59: Thu | C59: -1.4 | D59: 0.74166667 | E59: =Effort!F57 -> CLOSED | F59: =Harvest!F57 -> CLOSED | G59: =+CPUE!F57 -> CLOSED | H59: =Effort!H57 -> CLOSED | I59: =Harvest!H57 -> CLOSED | J59: =CPUE!H57 -> CLOSED | K59: =Effort!J57 -> CLOSED | L59: =Harvest!J57 -> CLOSED | M59: =CPUE!J57 -> CLOSED | N59: =Effort!L57 -> CLOSED | O59: =Harvest!L57 -> CLOSED | P59: =CPUE!L57 -> CLOSED | Q59: CLOSED | R59: CLOSED | S59: CLOSED | T59: 0 | U59: 0
A60: 44918 | B60: Fri | C60: -1.8 | D60: 0.77430556 | E60: =Effort!F58 -> CLOSED | F60: =Harvest!F58 -> CLOSED | G60: =+CPUE!F58 -> CLOSED | H60: =Effort!H58 -> CLOSED | I60: =Harvest!H58 -> CLOSED | J60: =CPUE!H58 -> CLOSED | K60: =Effort!J58 -> CLOSED | L60: =Harvest!J58 -> CLOSED | M60: =CPUE!J58 -> CLOSED | N60: =Effort!L58 -> CLOSED | O60: =Harvest!L58 -> CLOSED | P60: =CPUE!L58 -> CLOSED | Q60: CLOSED | R60: CLOSED | S60: CLOSED | T60: 0 | U60: 0
A61: 44919 | B61: Sat | C61: -1.9 | D61: 0.80763889 | E61: =Effort!F59 -> CLOSED | F61: =Harvest!F59 -> CLOSED | G61: =+CPUE!F59 -> CLOSED | H61: =Effort!H59 -> CLOSED | I61: =Harvest!H59 -> CLOSED | J61: =CPUE!H59 -> CLOSED | K61: =Effort!J59 -> CLOSED | L61: =Harvest!J59 -> CLOSED | M61: =CPUE!J59 -> CLOSED | N61: =Effort!L59 -> CLOSED | O61: =Harvest!L59 -> CLOSED | P61: =CPUE!L59 -> CLOSED | Q61: CLOSED | R61: CLOSED | S61: CLOSED | T61: 0 | U61: 0
A62: 44920 | B62: Sun | C62: -1.6 | D62: 0.84027778 | E62: =Effort!F60 -> CLOSED | F62: =Harvest!F60 -> CLOSED | G62: =+CPUE!F60 -> CLOSED | H62: =Effort!H60 -> CLOSED | I62: =Harvest!H60 -> CLOSED | J62: =CPUE!H60 -> CLOSED | K62: =Effort!J60 -> CLOSED | L62: =Harvest!J60 -> CLOSED | M62: =CPUE!J60 -> CLOSED | N62: =Effort!L60 -> CLOSED | O62: =Harvest!L60 -> CLOSED | P62: =CPUE!L60 -> CLOSED | Q62: CLOSED | R62: CLOSED | S62: CLOSED | T62: 0 | U62: 0
A63: 44921 | B63: Mon | C63: -1.2 | D63: 0.87361111 | E63: =Effort!F61 -> CLOSED | F63: =Harvest!F61 -> CLOSED | G63: =+CPUE!F61 -> CLOSED | H63: =Effort!H61 -> CLOSED | I63: =Harvest!H61 -> CLOSED | J63: =CPUE!H61 -> CLOSED | K63: =Effort!J61 -> CLOSED | L63: =Harvest!J61 -> CLOSED | M63: =CPUE!J61 -> CLOSED | N63: =Effort!L61 -> CLOSED | O63: =Harvest!L61 -> CLOSED | P63: =CPUE!L61 -> CLOSED | Q63: CLOSED | R63: CLOSED | S63: CLOSED | T63: 0 | U63: 0
A64: 44922 | B64: Tue | C64: -0.5 | D64: 0.90763889 | E64: =Effort!F62 -> CLOSED | F64: =Harvest!F62 -> CLOSED | G64: =+CPUE!F62 -> CLOSED | H64: =Effort!H62 -> CLOSED | I64: =Harvest!H62 -> CLOSED | J64: =CPUE!H62 -> CLOSED | K64: =Effort!J62 -> CLOSED | L64: =Harvest!J62 -> CLOSED | M64: =CPUE!J62 -> CLOSED | N64: =Effort!L62 -> CLOSED | O64: =Harvest!L62 -> CLOSED | P64: =CPUE!L62 -> CLOSED | Q64: CLOSED | R64: CLOSED | S64: CLOSED | T64: 0 | U64: 0
A65: 44923 | B65: Wed | C65: 0.3 | D65: 0.94236111 | E65: =Effort!F63 -> CLOSED | F65: =Harvest!F63 -> CLOSED | G65: =+CPUE!F63 -> CLOSED | H65: =Effort!H63 -> CLOSED | I65: =Harvest!H63 -> CLOSED | J65: =CPUE!H63 -> CLOSED | K65: =Effort!J63 -> CLOSED | L65: =Harvest!J63 -> CLOSED | M65: =CPUE!J63 -> CLOSED | N65: =Effort!L63 -> CLOSED | O65: =Harvest!L63 -> CLOSED | P65: =CPUE!L63 -> CLOSED | Q65: CLOSED | R65: CLOSED | S65: CLOSED | T65: 0 | U65: 0
A66: Tide Series Totals | E66: =SUM(E57:E65) -> 0 | F66: =SUM(F57:F65) -> 0 | G66: 0 | H66: =SUM(H57:H65) -> 0 | I66: =SUM(I57:I65) -> 0 | J66: 0 | K66: =SUM(K57:K65) -> 0 | L66: =SUM(L57:L65) -> 0 | M66: 0 | N66: =SUM(N57:N65) -> 0 | O66: =SUM(O57:O65) -> 0 | P66: 0 | T66: =SUM(T57:T65) -> 0 | U66: =SUM(U57:U65) -> 0 | W66: =SUM(H66,K66,N66,Q66,E66) -> 0 | X66: =SUM(R66,O66,L66,I66,F66) -> 0
A67: 44928 | B67: Mon | C67: 0.5 | D67: 0.65763889 | E67: =Effort!F65 -> CLOSED | F67: =Harvest!F65 -> CLOSED | G67: =+CPUE!F65 -> CLOSED | H67: =Effort!H65 -> CLOSED | I67: =Harvest!H65 -> CLOSED | J67: =CPUE!H65 -> CLOSED | K67: =Effort!J65 -> CLOSED | L67: =Harvest!J65 -> CLOSED | M67: =CPUE!J65 -> CLOSED | N67: =Effort!L65 -> CLOSED | O67: =Harvest!L65 -> CLOSED | P67: =CPUE!L65 -> CLOSED | Q67: CLOSED | R67: CLOSED | S67: CLOSED | T67: 0 | U67: 0
A68: 44929 | B68: Tue | C68: 0.1 | D68: 0.69027778 | E68: =Effort!F66 -> CLOSED | F68: =Harvest!F66 -> CLOSED | G68: =+CPUE!F66 -> CLOSED | H68: =Effort!H66 -> CLOSED | I68: =Harvest!H66 -> CLOSED | J68: =CPUE!H66 -> CLOSED | K68: =Effort!J66 -> CLOSED | L68: =Harvest!J66 -> CLOSED | M68: =CPUE!J66 -> CLOSED | N68: =Effort!L66 -> CLOSED | O68: =Harvest!L66 -> CLOSED | P68: =CPUE!L66 -> CLOSED | Q68: CLOSED | R68: CLOSED | S68: CLOSED | T68: 0 | U68: 0
A69: 44930 | B69: Wed | C69: -0.1 | D69: 0.71944444 | E69: =Effort!F67 -> CLOSED | F69: =Harvest!F67 -> CLOSED | G69: =+CPUE!F67 -> CLOSED | H69: =Effort!H67 -> CLOSED | I69: =Harvest!H67 -> CLOSED | J69: =CPUE!H67 -> CLOSED | K69: =Effort!J67 -> CLOSED | L69: =Harvest!J67 -> CLOSED | M69: =CPUE!J67 -> CLOSED | N69: =Effort!L67 -> CLOSED | O69: =Harvest!L67 -> CLOSED | P69: =CPUE!L67 -> CLOSED | Q69: CLOSED | R69: CLOSED | S69: CLOSED | T69: 0 | U69: 0
A70: 44931 | B70: Thu | C70: -0.3 | D70: 0.74583333 | E70: =Effort!F68 -> CLOSED | F70: =Harvest!F68 -> CLOSED | G70: =+CPUE!F68 -> CLOSED | H70: =Effort!H68 -> CLOSED | I70: =Harvest!H68 -> CLOSED | J70: =CPUE!H68 -> CLOSED | K70: =Effort!J68 -> CLOSED | L70: =Harvest!J68 -> CLOSED | M70: =CPUE!J68 -> CLOSED | N70: =Effort!L68 -> CLOSED | O70: =Harvest!L68 -> CLOSED | P70: =CPUE!L68 -> CLOSED | Q70: CLOSED | R70: CLOSED | S70: CLOSED | T70: 0 | U70: 0
A71: 44932 | B71: Fri | C71: -0.3 | D71: 0.77083333 | E71: =Effort!F69 -> CLOSED | F71: =Harvest!F69 -> CLOSED | G71: =+CPUE!F69 -> CLOSED | H71: =Effort!H69 -> CLOSED | I71: =Harvest!H69 -> CLOSED | J71: =CPUE!H69 -> CLOSED | K71: =Effort!J69 -> CLOSED | L71: =Harvest!J69 -> CLOSED | M71: =CPUE!J69 -> CLOSED | N71: =Effort!L69 -> CLOSED | O71: =Harvest!L69 -> CLOSED | P71: =CPUE!L69 -> CLOSED | Q71: CLOSED | R71: CLOSED | S71: CLOSED | T71: 0 | U71: 0
A72: 44933 | B72: Sat | C72: -0.3 | D72: 0.79513889 | E72: =Effort!F70 -> CLOSED | F72: =Harvest!F70 -> CLOSED | G72: =+CPUE!F70 -> CLOSED | H72: =Effort!H70 -> CLOSED | I72: =Harvest!H70 -> CLOSED | J72: =CPUE!H70 -> CLOSED | K72: =Effort!J70 -> CLOSED | L72: =Harvest!J70 -> CLOSED | M72: =CPUE!J70 -> CLOSED | N72: =Effort!L70 -> CLOSED | O72: =Harvest!L70 -> CLOSED | P72: =CPUE!L70 -> CLOSED | Q72: CLOSED | R72: CLOSED | S72: CLOSED | T72: 0 | U72: 0
A73: 44934 | B73: Sun | C73: -0.2 | D73: 0.81805556 | E73: =Effort!F71 -> CLOSED | F73: =Harvest!F71 -> CLOSED | G73: =+CPUE!F71 -> CLOSED | H73: =Effort!H71 -> CLOSED | I73: =Harvest!H71 -> CLOSED | J73: =CPUE!H71 -> CLOSED | K73: =Effort!J71 -> CLOSED | L73: =Harvest!J71 -> CLOSED | M73: =CPUE!J71 -> CLOSED | N73: =Effort!L71 -> CLOSED | O73: =Harvest!L71 -> CLOSED | P73: =CPUE!L71 -> CLOSED | Q73: CLOSED | R73: CLOSED | S73: CLOSED | T73: 0 | U73: 0
A74: 44935 | B74: Mon | C74: 0 | D74: 0.84097222 | E74: =Effort!F72 -> CLOSED | F74: =Harvest!F72 -> CLOSED | G74: =+CPUE!F72 -> CLOSED | H74: =Effort!H72 -> CLOSED | I74: =Harvest!H72 -> CLOSED | J74: =CPUE!H72 -> CLOSED | K74: =Effort!J72 -> CLOSED | L74: =Harvest!J72 -> CLOSED | M74: =CPUE!J72 -> CLOSED | N74: =Effort!L72 -> CLOSED | O74: =Harvest!L72 -> CLOSED | P74: =CPUE!L72 -> CLOSED | Q74: CLOSED | R74: CLOSED | S74: CLOSED | T74: 0 | U74: 0
A75: Tide Series Totals | E75: =SUM(E67:E74) -> 0 | F75: =SUM(F67:F74) -> 0 | G75: 0 | H75: =SUM(H67:H74) -> 0 | I75: =SUM(I67:I74) -> 0 | J75: 0 | K75: =SUM(K67:K74) -> 0 | L75: =SUM(L67:L74) -> 0 | M75: 0 | N75: =SUM(N66:N74) -> 0 | O75: =SUM(O66:O74) -> 0 | P75: 0 | T75: =SUM(T67:T74) -> 0 | U75: =SUM(U67:U74) -> 0 | W75: =SUM(H75,K75,N75,Q75,E75) -> 0 | X75: =SUM(R75,O75,L75,I75,F75) -> 0
A76: 44944 | B76: Wed | C76: -0.1 | D76: 0.66180556 | E76: =Effort!F74 -> CLOSED | F76: =Harvest!F74 -> CLOSED | G76: =+CPUE!F74 -> CLOSED | H76: =Effort!H74 -> CLOSED | I76: =Harvest!H74 -> CLOSED | J76: =CPUE!H74 -> CLOSED | K76: =Effort!J74 -> CLOSED | L76: =Harvest!J74 -> CLOSED | M76: =CPUE!J74 -> CLOSED | N76: =Effort!L74 -> CLOSED | O76: =Harvest!L74 -> CLOSED | P76: =CPUE!L74 -> CLOSED | Q76: CLOSED | R76: CLOSED | S76: CLOSED | T76: 0 | U76: 0
A77: 44945 | B77: Thu | C77: -0.9 | D77: 0.69861111 | E77: =Effort!F75 -> CLOSED | F77: =Harvest!F75 -> CLOSED | G77: =+CPUE!F75 -> CLOSED | H77: =Effort!H75 -> CLOSED | I77: =Harvest!H75 -> CLOSED | J77: =CPUE!H75 -> CLOSED | K77: =Effort!J75 -> CLOSED | L77: =Harvest!J75 -> CLOSED | M77: =CPUE!J75 -> CLOSED | N77: =Effort!L75 -> CLOSED | O77: =Harvest!L75 -> CLOSED | P77: =CPUE!L75 -> CLOSED | Q77: CLOSED | R77: CLOSED | S77: CLOSED | T77: 0 | U77: 0
A78: 44946 | B78: Fri | C78: -1.5 | D78: 0.73263889 | E78: =Effort!F76 -> CLOSED | F78: =Harvest!F76 -> CLOSED | G78: =+CPUE!F76 -> CLOSED | H78: =Effort!H76 -> CLOSED | I78: =Harvest!H76 -> CLOSED | J78: =CPUE!H76 -> CLOSED | K78: =Effort!J76 -> CLOSED | L78: =Harvest!J76 -> CLOSED | M78: =CPUE!J76 -> CLOSED | N78: =Effort!L76 -> CLOSED | O78: =Harvest!L76 -> CLOSED | P78: =CPUE!L76 -> CLOSED | Q78: CLOSED | R78: CLOSED | S78: CLOSED | T78: 0 | U78: 0
A79: 44947 | B79: Sat | C79: -1.8 | D79: 0.76597222 | E79: =Effort!F77 -> CLOSED | F79: =Harvest!F77 -> CLOSED | G79: =+CPUE!F77 -> CLOSED | H79: =Effort!H77 -> CLOSED | I79: =Harvest!H77 -> CLOSED | J79: =CPUE!H77 -> CLOSED | K79: =Effort!J77 -> 1999.8252 | L79: =Harvest!J77 -> 13608.567 | M79: =CPUE!J77 -> 6.804878 | N79: =Effort!L77 -> CLOSED | O79: =Harvest!L77 -> CLOSED | P79: =CPUE!L77 -> CLOSED | Q79: CLOSED | R79: CLOSED | S79: CLOSED | T79: =SUM(K79) -> 1999.8252 | U79: =SUM(L79) -> 13608.567
A80: 44948 | B80: Sun | C80: -1.8 | D80: 0.79722222 | E80: =Effort!F78 -> CLOSED | F80: =Harvest!F78 -> CLOSED | G80: =+CPUE!F78 -> CLOSED | H80: =Effort!H78 -> CLOSED | I80: =Harvest!H78 -> CLOSED | J80: =CPUE!H78 -> CLOSED | K80: =Effort!J78 -> CLOSED | L80: =Harvest!J78 -> CLOSED | M80: =CPUE!J78 -> CLOSED | N80: =Effort!L78 -> CLOSED | O80: =Harvest!L78 -> CLOSED | P80: =CPUE!L78 -> CLOSED | Q80: CLOSED | R80: CLOSED | S80: CLOSED | T80: 0 | U80: 0
A81: 44949 | B81: Mon | C81: -1.6 | D81: 0.82916667 | E81: =Effort!F79 -> CLOSED | F81: =Harvest!F79 -> CLOSED | G81: =+CPUE!F79 -> CLOSED | H81: =Effort!H79 -> CLOSED | I81: =Harvest!H79 -> CLOSED | J81: =CPUE!H79 -> CLOSED | K81: =Effort!J79 -> 1930.2351 | L81: =Harvest!J79 -> 27755.45 | M81: =CPUE!J79 -> 14.37931 | N81: =Effort!L79 -> CLOSED | O81: =Harvest!L79 -> CLOSED | P81: =CPUE!L79 -> CLOSED | Q81: CLOSED | R81: CLOSED | S81: CLOSED | T81: =SUM(K81) -> 1930.2351 | U81: =SUM(L81) -> 27755.45
A82: 44950 | B82: Tue | C82: -1 | D82: 0.85694444 | E82: =Effort!F80 -> CLOSED | F82: =Harvest!F80 -> CLOSED | G82: =+CPUE!F80 -> CLOSED | H82: =Effort!H80 -> CLOSED | I82: =Harvest!H80 -> CLOSED | J82: =CPUE!H80 -> CLOSED | K82: =Effort!J80 -> CLOSED | L82: =Harvest!J80 -> CLOSED | M82: =CPUE!J80 -> CLOSED | N82: =Effort!L80 -> CLOSED | O82: =Harvest!L80 -> CLOSED | P82: =CPUE!L80 -> CLOSED | Q82: CLOSED | R82: CLOSED | S82: CLOSED | T82: 0 | U82: 0
A83: 44951 | B83: Wed | C83: -0.2 | D83: 0.88611111 | E83: =Effort!F81 -> CLOSED | F83: =Harvest!F81 -> CLOSED | G83: =+CPUE!F81 -> CLOSED | H83: =Effort!H81 -> CLOSED | I83: =Harvest!H81 -> CLOSED | J83: =CPUE!H81 -> CLOSED | K83: =Effort!J81 -> 1089.5928 | L83: =Harvest!J81 -> 16343.892 | M83: =CPUE!J81 -> 15 | N83: =Effort!L81 -> CLOSED | O83: =Harvest!L81 -> CLOSED | P83: =CPUE!L81 -> CLOSED | Q83: CLOSED | R83: CLOSED | S83: CLOSED | T83: =SUM(K83) -> 1089.5928 | U83: =SUM(L83) -> 16343.892
A84: Tide Series Totals | E84: =SUM(E76:E83) -> 0 | F84: =SUM(F76:F83) -> 0 | G84: 0 | H84: =SUM(H76:H83) -> 0 | I84: =SUM(I76:I83) -> 0 | J84: 0 | K84: =SUM(K76:K83) -> 5019.6532 | L84: =SUM(L76:L83) -> 57707.909 | M84: 0 | N84: =SUM(N75:N83) -> 0 | O84: =SUM(O75:O83) -> 0 | P84: 0 | T84: =SUM(T76:T83) -> 5019.6532 | U84: =SUM(U76:U83) -> 57707.909 | W84: =SUM(H84,K84,N84,Q84,E84) -> 5019.6532 | X84: =SUM(R84,O84,L84,I84,F84) -> 57707.909
A85: 44960 | B85: Fri | C85: 0.1 | D85: 0.73402778 | E85: =Effort!F83 -> CLOSED | F85: =Harvest!F83 -> CLOSED | G85: =+CPUE!F83 -> CLOSED | H85: =Effort!H83 -> CLOSED | I85: =Harvest!H83 -> CLOSED | J85: =CPUE!H83 -> CLOSED | K85: =Effort!J83 -> 979.13046 | L85: =Harvest!J83 -> 6237.4236 | M85: =CPUE!J83 -> 6.3703704 | N85: =Effort!L83 -> CLOSED | O85: =Harvest!L83 -> CLOSED | P85: =CPUE!L83 -> CLOSED | Q85: CLOSED | R85: CLOSED | S85: CLOSED | T85: =SUM(K85) -> 979.13046 | U85: =SUM(L85) -> 6237.4236
A86: 44961 | B86: Sat | C86: -0.1 | D86: 0.75763889 | E86: =Effort!F84 -> CLOSED | F86: =Harvest!F84 -> CLOSED | G86: =+CPUE!F84 -> CLOSED | H86: =Effort!H84 -> CLOSED | I86: =Harvest!H84 -> CLOSED | J86: =CPUE!H84 -> CLOSED | K86: =Effort!J84 -> CLOSED | L86: =Harvest!J84 -> CLOSED | M86: =CPUE!J84 -> CLOSED | N86: =Effort!L84 -> 1703.0092 | O86: =Harvest!L84 -> 23112.268 | P86: =CPUE!L84 -> 13.571429 | Q86: CLOSED | R86: CLOSED | S86: CLOSED | T86: =SUM(N86) -> 1703.0092 | U86: =SUM(O86) -> 23112.268
A87: 44962 | B87: Sun | C87: -0.2 | D87: 0.77986111 | E87: =Effort!F85 -> CLOSED | F87: =Harvest!F85 -> CLOSED | G87: =+CPUE!F85 -> CLOSED | H87: =Effort!H85 -> CLOSED | I87: =Harvest!H85 -> CLOSED | J87: =CPUE!H85 -> CLOSED | K87: =Effort!J85 -> 2424.7825 | L87: =Harvest!J85 -> 29758.694 | M87: =CPUE!J85 -> 12.272727 | N87: =Effort!L85 -> CLOSED | O87: =Harvest!L85 -> CLOSED | P87: =CPUE!L85 -> CLOSED | Q87: CLOSED | R87: CLOSED | S87: CLOSED | T87: =SUM(K87) -> 2424.7825 | U87: =SUM(L87) -> 29758.694
A88: 44963 | B88: Mon | C88: -0.1 | D88: 0.80069444 | E88: =Effort!F86 -> CLOSED | F88: =Harvest!F86 -> CLOSED | G88: =+CPUE!F86 -> CLOSED | H88: =Effort!H86 -> CLOSED | I88: =Harvest!H86 -> CLOSED | J88: =CPUE!H86 -> CLOSED | K88: =Effort!J86 -> CLOSED | L88: =Harvest!J86 -> CLOSED | M88: =CPUE!J86 -> CLOSED | N88: =Effort!L86 -> 415.38463 | O88: =Harvest!L86 -> 4742.3079 | P88: =CPUE!L86 -> 11.416667 | Q88: CLOSED | R88: CLOSED | S88: CLOSED | T88: =SUM(N88) -> 415.38463 | U88: =SUM(O88) -> 4742.3079
A89: 44964 | B89: Tue | C89: 0.1 | D89: 0.82083333 | E89: =Effort!F87 -> CLOSED | F89: =Harvest!F87 -> CLOSED | G89: =+CPUE!F87 -> CLOSED | H89: =Effort!H87 -> CLOSED | I89: =Harvest!H87 -> CLOSED | J89: =CPUE!H87 -> CLOSED | K89: =Effort!J87 -> 601.92 | L89: =Harvest!J87 -> 5868.72 | M89: =CPUE!J87 -> 9.75 | N89: =Effort!L87 -> CLOSED | O89: =Harvest!L87 -> CLOSED | P89: =CPUE!L87 -> CLOSED | Q89: CLOSED | R89: CLOSED | S89: CLOSED | T89: =SUM(K89) -> 601.92 | U89: =SUM(L89) -> 5868.72
A90: 44965 | B90: Wed | C90: 0.4 | D90: 0.84097222 | E90: =Effort!F88 -> CLOSED | F90: =Harvest!F88 -> CLOSED | G90: =+CPUE!F88 -> CLOSED | H90: =Effort!H88 -> CLOSED | I90: =Harvest!H88 -> CLOSED | J90: =CPUE!H88 -> CLOSED | K90: =Effort!J88 -> CLOSED | L90: =Harvest!J88 -> CLOSED | M90: =CPUE!J88 -> CLOSED | N90: =Effort!L88 -> 323.65396 | O90: =Harvest!L88 -> 3624.9244 | P90: =CPUE!L88 -> 11.2 | Q90: CLOSED | R90: CLOSED | S90: CLOSED | T90: =SUM(N90) -> 323.65396 | U90: =SUM(O90) -> 3624.9244
A91: Tide Series Totals | E91: =SUM(E85:E90) -> 0 | F91: =SUM(F85:F90) -> 0 | G91: 0 | H91: =SUM(H85:H90) -> 0 | I91: =SUM(I85:I90) -> 0 | J91: 0 | K91: =SUM(K85:K90) -> 4005.833 | L91: =SUM(L85:L90) -> 41864.838 | M91: 0 | N91: =SUM(N85:N90) -> 2442.0478 | O91: =SUM(O85:O90) -> 31479.5 | P91: 0 | T91: =SUM(T85:T90) -> 6447.8808 | U91: =SUM(U85:U90) -> 73344.338 | W91: =SUM(H91,K91,N91,Q91,E91) -> 6447.8808 | X91: =SUM(R91,O91,L91,I91,F91) -> 73344.338
A92: 44974 | B92: Fri | C92: -0.7 | D92: 0.68680556 | E92: =Effort!F90 -> CLOSED | F92: =Harvest!F90 -> CLOSED | G92: =+CPUE!F90 -> CLOSED | H92: =Effort!H90 -> CLOSED | I92: =Harvest!H90 -> CLOSED | J92: =CPUE!H90 -> CLOSED | K92: =Effort!J90 -> CLOSED | L92: =Harvest!J90 -> CLOSED | M92: =CPUE!J90 -> CLOSED | N92: =Effort!L90 -> 1400 | O92: =Harvest!L90 -> 21000 | P92: =CPUE!L90 -> 15 | Q92: CLOSED | R92: CLOSED | S92: CLOSED | T92: =SUM(N92) -> 1400 | U92: =SUM(O92) -> 21000
A93: 44975 | B93: Sat | C93: -1.2 | D93: 0.72152778 | E93: =Effort!F91 -> CLOSED | F93: =Harvest!F91 -> CLOSED | G93: =+CPUE!F91 -> CLOSED | H93: =Effort!H91 -> CLOSED | I93: =Harvest!H91 -> CLOSED | J93: =CPUE!H91 -> CLOSED | K93: =Effort!J91 -> 5652.2717 | L93: =Harvest!J91 -> 84103.079 | M93: =CPUE!J91 -> 14.879518 | N93: =Effort!L91 -> CLOSED | O93: =Harvest!L91 -> CLOSED | P93: =CPUE!L91 -> CLOSED | Q93: CLOSED | R93: CLOSED | S93: CLOSED | T93: =SUM(K93) -> 5652.2717 | U93: =SUM(L93) -> 84103.079
A94: 44976 | B94: Sun | C94: -1.5 | D94: 0.75277778 | E94: =Effort!F92 -> CLOSED | F94: =Harvest!F92 -> CLOSED | G94: =+CPUE!F92 -> CLOSED | H94: =Effort!H92 -> CLOSED | I94: =Harvest!H92 -> CLOSED | J94: =CPUE!H92 -> CLOSED | K94: =Effort!J92 -> CLOSED | L94: =Harvest!J92 -> CLOSED | M94: =CPUE!J92 -> CLOSED | N94: =Effort!L92 -> 5569.9246 | O94: =Harvest!L92 -> 73598.105 | P94: =CPUE!L92 -> 13.213483 | Q94: CLOSED | R94: CLOSED | S94: CLOSED | T94: =SUM(N94) -> 5569.9246 | U94: =SUM(O94) -> 73598.105
A95: 44977 | B95: Mon | C95: -1.4 | D95: 0.78194444 | E95: =Effort!F93 -> CLOSED | F95: =Harvest!F93 -> CLOSED | G95: =+CPUE!F93 -> CLOSED | H95: =Effort!H93 -> CLOSED | I95: =Harvest!H93 -> CLOSED | J95: =CPUE!H93 -> CLOSED | K95: =Effort!J93 -> 1436.4224 | L95: =Harvest!J93 -> 17933.516 | M95: =CPUE!J93 -> 12.484848 | N95: =Effort!L93 -> CLOSED | O95: =Harvest!L93 -> CLOSED | P95: =CPUE!L93 -> CLOSED | Q95: CLOSED | R95: CLOSED | S95: CLOSED | T95: =SUM(K95) -> 1436.4224 | U95: =SUM(L95) -> 17933.516
A96: 44978 | B96: Tue | C96: -1 | D96: 0.80972222 | E96: =Effort!F94 -> CLOSED | F96: =Harvest!F94 -> CLOSED | G96: =+CPUE!F94 -> CLOSED | H96: =Effort!H94 -> CLOSED | I96: =Harvest!H94 -> CLOSED | J96: =CPUE!H94 -> CLOSED | K96: =Effort!J94 -> CLOSED | L96: =Harvest!J94 -> CLOSED | M96: =CPUE!J94 -> CLOSED | N96: =Effort!L94 -> 342.97052 | O96: =Harvest!L94 -> 548.75283 | P96: =CPUE!L94 -> 1.6 | Q96: CLOSED | R96: CLOSED | S96: CLOSED | T96: =SUM(N96) -> 342.97052 | U96: =SUM(O96) -> 548.75283
A97: 44979 | B97: Wed | C97: -0.3 | D97: 0.83680556 | E97: =Effort!F95 -> CLOSED | F97: =Harvest!F95 -> CLOSED | G97: =+CPUE!F95 -> CLOSED | H97: =Effort!H95 -> CLOSED | I97: =Harvest!H95 -> CLOSED | J97: =CPUE!H95 -> CLOSED | K97: =Effort!J95 -> 236.26972 | L97: =Harvest!J95 -> 1782.7624 | M97: =CPUE!J95 -> 7.5454545 | N97: =Effort!L95 -> CLOSED | O97: =Harvest!L95 -> CLOSED | P97: =CPUE!L95 -> CLOSED | Q97: CLOSED | R97: CLOSED | S97: CLOSED | T97: =SUM(K97) -> 236.26972 | U97: =SUM(L97) -> 1782.7624
A98: Tide Series Totals | E98: =SUM(E92:E97) -> 0 | F98: =SUM(F92:F97) -> 0 | G98: 0 | H98: =SUM(H92:H97) -> 0 | I98: =SUM(I92:I97) -> 0 | J98: 0 | K98: =SUM(K92:K97) -> 7324.9638 | L98: =SUM(L92:L97) -> 103819.36 | M98: =+L98/K98 -> 14.173361 | N98: =SUM(N92:N97) -> 7312.8951 | O98: =SUM(O92:O97) -> 95146.858 | P98: =+O98/N98 -> 13.010833 | T98: =SUM(T92:T97) -> 14637.859 | U98: =SUM(U92:U97) -> 198966.22 | W98: =SUM(H98,K98,N98,Q98,E98) -> 14637.859 | X98: =SUM(R98,O98,L98,I98,F98) -> 198966.22
A99: 44988 | B99: Fri | C99: 0.6 | D99: 0.68819444 | E99: =Effort!F97 -> CLOSED | F99: =Harvest!F97 -> CLOSED | G99: =+CPUE!F97 -> CLOSED | H99: =Effort!H97 -> CLOSED | I99: =Harvest!H97 -> CLOSED | J99: =CPUE!H97 -> CLOSED | K99: =Effort!J97 -> CLOSED | L99: =Harvest!J97 -> CLOSED | M99: =CPUE!J97 -> CLOSED | N99: =Effort!L97 -> 1332.2765 | O99: =Harvest!L97 -> 11690.726 | P99: =CPUE!L97 -> 8.775 | Q99: CLOSED | R99: CLOSED | S99: CLOSED | T99: =SUM(N99) -> 1332.2765 | U99: =SUM(O99) -> 11690.726
A100: 44989 | B100: Sat | C100: 0.4 | D100: 0.71458333 | E100: =Effort!F98 -> CLOSED | F100: =Harvest!F98 -> CLOSED | G100: =+CPUE!F98 -> CLOSED | H100: =Effort!H98 -> CLOSED | I100: =Harvest!H98 -> CLOSED | J100: =CPUE!H98 -> CLOSED | K100: =Effort!J98 -> 3456.0462 | L100: =Harvest!J98 -> 14090.034 | M100: =CPUE!J98 -> 4.0769231 | N100: =Effort!L98 -> CLOSED | O100: =Harvest!L98 -> CLOSED | P100: =CPUE!L98 -> CLOSED | Q100: CLOSED | R100: CLOSED | S100: CLOSED | T100: =SUM(K100) -> 3456.0462 | U100: =SUM(L100) -> 14090.034
...

Sheet Tribal Update
A1: 2022-2023 State (non-Tribal) Recreational Razor Clam Effort, Harvest and CPUE totals.
E2: COPALIS | I2: MOCROCKS | M2: KALALOCH | Q2: DAILY TOTALS
A3: DATE | B3: DAY | C3: TIDE | D3: TIME | E3: Effort | F3: Harvest | G3: CPUE | H3: Size (mm) | I3: Effort | J3: Harvest | K3: CPUE | L3: Size (mm) | M3: Effort | N3: Harvest | O3: CPUE | P3: Size (mm) | Q3: Effort | R3: Harvest | T3: CROSS | U3: CHECK
A4: 44826 | B4: Thu | C4: 0.4 | D4: 0.21041667 | E4: =Effort!J2 -> CLOSED | F4: =Harvest!J2 -> CLOSED | G4: =CPUE!J2 -> CLOSED | I4: =Effort!L2 -> CLOSED | J4: =Harvest!L2 -> CLOSED | K4: =CPUE!L2 -> CLOSED | M4: CLOSED | N4: CLOSED | O4: CLOSED | Q4: =SUM(E4,I4) -> 0 | R4: =SUM(F4,J4) -> 0
A5: 44827 | B5: Fri | C5: 0.1 | D5: 0.23680556 | E5: =Effort!J3 -> CLOSED | F5: =Harvest!J3 -> CLOSED | G5: =CPUE!J3 -> CLOSED | I5: =Effort!L3 -> CLOSED | J5: =Harvest!L3 -> CLOSED | K5: =CPUE!L3 -> CLOSED | M5: CLOSED | N5: CLOSED | O5: CLOSED | Q5: =SUM(E5,I5) -> 0 | R5: =SUM(F5,J5) -> 0
A6: 44828 | B6: Sat | C6: 0 | D6: 0.26041667 | E6: =Effort!J4 -> CLOSED | F6: =Harvest!J4 -> CLOSED | G6: =CPUE!J4 -> CLOSED | I6: =Effort!L4 -> CLOSED | J6: =Harvest!L4 -> CLOSED | K6: =CPUE!L4 -> CLOSED | M6: CLOSED | N6: CLOSED | O6: CLOSED | Q6: =SUM(E6,I6) -> 0 | R6: =SUM(F6,J6) -> 0
A7: 44829 | B7: Sun | C7: 0.1 | D7: 0.28333333 | E7: =Effort!J5 -> CLOSED | F7: =Harvest!J5 -> CLOSED | G7: =CPUE!J5 -> CLOSED | I7: =Effort!L5 -> CLOSED | J7: =Harvest!L5 -> CLOSED | K7: =CPUE!L5 -> CLOSED | M7: CLOSED | N7: CLOSED | O7: CLOSED | Q7: =SUM(E7,I7) -> 0 | R7: =SUM(F7,J7) -> 0
A8: 44830 | B8: Mon | C8: 0.3 | D8: 0.30486111 | E8: =Effort!J6 -> CLOSED | F8: =Harvest!J6 -> CLOSED | G8: =CPUE!J6 -> CLOSED | I8: =Effort!L6 -> CLOSED | J8: =Harvest!L6 -> CLOSED | K8: =CPUE!L6 -> CLOSED | M8: CLOSED | N8: CLOSED | O8: CLOSED | Q8: =SUM(E8,I8) -> 0 | R8: =SUM(F8,J8) -> 0
A9: 44831 | B9: Tue | C9: -0.1 | D9: 0.85 | E9: =Effort!J7 -> CLOSED | F9: =Harvest!J7 -> CLOSED | G9: =CPUE!J7 -> CLOSED | I9: =Effort!L7 -> CLOSED | J9: =Harvest!L7 -> CLOSED | K9: =CPUE!L7 -> CLOSED | M9: CLOSED | N9: CLOSED | O9: CLOSED | Q9: =SUM(E9,I9) -> 0 | R9: =SUM(F9,J9) -> 0
A10: 44832 | B10: Wed | C10: -0.3 | D10: 0.87916667 | E10: =Effort!J8 -> 200.86581 | F10: =Harvest!J8 -> 1767.6191 | G10: =CPUE!J8 -> 8.8 | I10: =Effort!L8 -> CLOSED | J10: =Harvest!L8 -> CLOSED | K10: =CPUE!L8 -> CLOSED | M10: CLOSED | N10: CLOSED | O10: CLOSED | Q10: =SUM(E10,I10) -> 200.86581 | R10: =SUM(F10,J10) -> 1767.6191
A11: 44833 | B11: Thu | C11: -0.4 | D11: 0.91041667 | E11: =Effort!J9 -> CLOSED | F11: =Harvest!J9 -> CLOSED | G11: =CPUE!J9 -> CLOSED | I11: =Effort!L9 -> CLOSED | J11: =Harvest!L9 -> CLOSED | K11: =CPUE!L9 -> CLOSED | M11: CLOSED | N11: CLOSED | O11: CLOSED | Q11: =SUM(E11,I11) -> 0 | R11: =SUM(F11,J11) -> 0
A12: 44834 | B12: Fri | C12: -0.2 | D12: 0.94652778 | E12: =Effort!J10 -> 619.08494 | F12: =Harvest!J10 -> 8299.6075 | G12: =CPUE!J10 -> 13.40625 | I12: =Effort!L10 -> CLOSED | J12: =Harvest!L10 -> CLOSED | K12: =CPUE!L10 -> CLOSED | M12: CLOSED | N12: CLOSED | O12: CLOSED | Q12: =SUM(E12,I12) -> 619.08494 | R12: =SUM(F12,J12) -> 8299.6075
A13: Tide Series Totals | E13: =SUM(E4:E12) -> 819.95075 | F13: =SUM(F4:F12) -> 10067.227 | G13: =+F13/E13 -> 12.277843 | I13: =SUM(I4:I12) -> 0 | J13: =SUM(J4:J12) -> 0 | K13: 0 | Q13: =SUM(Q4:Q12) -> 819.95075 | R13: =SUM(R4:R12) -> 10067.227 | T13: =SUM(E13,I13) -> 819.95075 | U13: =SUM(F13,J13) -> 10067.227
A14: 44842 | B14: Sat | C14: 0.5 | D14: 0.76458333 | E14: =Effort!J12 -> CLOSED | F14: =Harvest!J12 -> CLOSED | G14: =CPUE!J12 -> CLOSED | I14: =Effort!L12 -> CLOSED | J14: =Harvest!L12 -> CLOSED | K14: =CPUE!L12 -> CLOSED | M14: CLOSED | N14: CLOSED | O14: CLOSED | Q14: =SUM(E14,I14) -> 0 | R14: =SUM(F14,J14) -> 0
A15: 44843 | B15: Sun | C15: -0.1 | D15: 0.79513889 | E15: =Effort!J13 -> 3429.6324 | F15: =Harvest!J13 -> 49687.845 | G15: =CPUE!J13 -> 14.487805 | I15: =Effort!L13 -> CLOSED | J15: =Harvest!L13 -> CLOSED | K15: =CPUE!L13 -> CLOSED | M15: CLOSED | N15: CLOSED | O15: CLOSED | Q15: =SUM(E15,I15) -> 3429.6324 | R15: =SUM(F15,J15) -> 49687.845
A16: 44844 | B16: Mon | C16: -0.5 | D16: 0.82361111 | E16: =Effort!J14 -> CLOSED | F16: =Harvest!J14 -> CLOSED | G16: =CPUE!J14 -> CLOSED | I16: =Effort!L14 -> CLOSED | J16: =Harvest!L14 -> CLOSED | K16: =CPUE!L14 -> CLOSED | M16: CLOSED | N16: CLOSED | O16: CLOSED | Q16: =SUM(E16,I16) -> 0 | R16: =SUM(F16,J16) -> 0
A17: 44845 | B17: Tue | C17: -0.6 | D17: 0.85138889 | E17: =Effort!J15 -> 950.02105 | F17: =Harvest!J15 -> 14071.326 | G17: =CPUE!J15 -> 14.811594 | I17: =Effort!L15 -> CLOSED | J17: =Harvest!L15 -> CLOSED | K17: =CPUE!L15 -> CLOSED | M17: CLOSED | N17: CLOSED | O17: CLOSED | Q17: =SUM(E17,I17) -> 950.02105 | R17: =SUM(F17,J17) -> 14071.326
A18: 44846 | B18: Wed | C18: -0.4 | D18: 0.87916667 | E18: =Effort!J16 -> CLOSED | F18: =Harvest!J16 -> CLOSED | G18: =CPUE!J16 -> CLOSED | I18: =Effort!L16 -> CLOSED | J18: =Harvest!L16 -> CLOSED | K18: =CPUE!L16 -> CLOSED | M18: CLOSED | N18: CLOSED | O18: CLOSED | Q18: =SUM(E18,I18) -> 0 | R18: =SUM(F18,J18) -> 0
A19: 44847 | B19: Thu | C19: -0.2 | D19: 0.90694444 | E19: =Effort!J17 -> 492.8 | F19: =Harvest!J17 -> 6922.6667 | G19: =CPUE!J17 -> 14.047619 | I19: =Effort!L17 -> CLOSED | J19: =Harvest!L17 -> CLOSED | K19: =CPUE!L17 -> CLOSED | M19: CLOSED | N19: CLOSED | O19: CLOSED | Q19: =SUM(E19,I19) -> 492.8 | R19: =SUM(F19,J19) -> 6922.6667
A20: 44848 | B20: Fri | C20: 0.3 | D20: 0.93680556 | E20: =Effort!J18 -> CLOSED | F20: =Harvest!J18 -> CLOSED | G20: =CPUE!J18 -> CLOSED | I20: =Effort!L18 -> CLOSED | J20: =Harvest!L18 -> CLOSED | K20: =CPUE!L18 -> CLOSED | M20: CLOSED | N20: CLOSED | O20: CLOSED | Q20: =SUM(E20,I20) -> 0 | R20: =SUM(F20,J20) -> 0
A21: Tide Series Totals | E21: =SUM(E14:E20) -> 4872.4534 | F21: =SUM(F14:F20) -> 70681.838 | G21: =+F21/E21 -> 14.506416 | I21: =SUM(I12:I20) -> 0 | J21: =SUM(J12:J20) -> 0 | K21: 0 | Q21: =SUM(Q14:Q20) -> 4872.4534 | R21: =SUM(R14:R20) -> 70681.838 | T21: =SUM(E21,I21) -> 4872.4534 | U21: =SUM(F21,J21) -> 70681.838
A22: 44858 | B22: Mon | C22: 0 | D22: 0.78055556 | E22: =Effort!J20 -> 1276.5406 | F22: =Harvest!J20 -> 17932.356 | G22: =CPUE!J20 -> 14.047619 | I22: =Effort!L20 -> CLOSED | J22: =Harvest!L20 -> CLOSED | K22: =CPUE!L20 -> CLOSED | M22: CLOSED | N22: CLOSED | O22: CLOSED | Q22: =SUM(E22,I22) -> 1276.5406 | R22: =SUM(F22,J22) -> 17932.356
A23: 44859 | B23: Tue | C23: -0.6 | D23: 0.80833333 | E23: =Effort!J21 -> CLOSED | F23: =Harvest!J21 -> CLOSED | G23: =CPUE!J21 -> CLOSED | I23: =Effort!L21 -> CLOSED | J23: =Harvest!L21 -> CLOSED | K23: =CPUE!L21 -> CLOSED | M23: CLOSED | N23: CLOSED | O23: CLOSED | Q23: =SUM(E23,I23) -> 0 | R23: =SUM(F23,J23) -> 0
A24: 44860 | B24: Wed | C24: -1 | D24: 0.83680556 | E24: =Effort!J22 -> 597.74106 | F24: =Harvest!J22 -> 7341.4864 | G24: =CPUE!J22 -> 12.282051 | I24: =Effort!L22 -> CLOSED | J24: =Harvest!L22 -> CLOSED | K24: =CPUE!L22 -> CLOSED | M24: CLOSED | N24: CLOSED | O24: CLOSED | Q24: =SUM(E24,I24) -> 597.74106 | R24: =SUM(F24,J24) -> 7341.4864
A25: 44861 | B25: Thu | C25: -1.1 | D25: 0.86666667 | E25: =Effort!J23 -> CLOSED | F25: =Harvest!J23 -> CLOSED | G25: =CPUE!J23 -> CLOSED | I25: =Effort!L23 -> CLOSED | J25: =Harvest!L23 -> CLOSED | K25: =CPUE!L23 -> CLOSED | M25: CLOSED | N25: CLOSED | O25: CLOSED | Q25: =SUM(E25,I25) -> 0 | R25: =SUM(F25,J25) -> 0
A26: 44862 | B26: Fri | C26: -1 | D26: 0.89930556 | E26: =Effort!J24 -> 1085.5147 | F26: =Harvest!J24 -> 14229.044 | G26: =CPUE!J24 -> 13.108108 | I26: =Effort!L24 -> CLOSED | J26: =Harvest!L24 -> CLOSED | K26: =CPUE!L24 -> CLOSED | M26: CLOSED | N26: CLOSED | O26: CLOSED | Q26: =SUM(E26,I26) -> 1085.5147 | R26: =SUM(F26,J26) -> 14229.044
A27: 44863 | B27: Sat | C27: -0.7 | D27: 0.93611111 | E27: =Effort!J25 -> CLOSED | F27: =Harvest!J25 -> CLOSED | G27: =CPUE!J25 -> CLOSED | I27: =Effort!L25 -> CLOSED | J27: =Harvest!L25 -> CLOSED | K27: =CPUE!L25 -> CLOSED | M27: CLOSED | N27: CLOSED | O27: CLOSED | Q27: =SUM(E27,I27) -> 0 | R27: =SUM(F27,J27) -> 0
A28: 44864 | B28: Sun | C28: -0.3 | D28: 0.97708333 | E28: =Effort!J26 -> 33.333332 | F28: =Harvest!J26 -> 149.99999 | G28: =CPUE!J26 -> 4.5 | I28: =Effort!L26 -> CLOSED | J28: =Harvest!L26 -> CLOSED | K28: =CPUE!L26 -> CLOSED | M28: CLOSED | N28: CLOSED | O28: CLOSED | Q28: =SUM(E28,I28) -> 33.333332 | R28: =SUM(F28,J28) -> 149.99999
A29: Tide Series Totals | E29: =SUM(E22:E28) -> 2993.1297 | F29: =SUM(F22:F28) -> 39652.886 | G29: =+F29/E29 -> 13.247968 | I29: =SUM(I20:I28) -> 0 | J29: =SUM(J20:J28) -> 0 | K29: 0 | Q29: =SUM(Q22:Q28) -> 2993.1297 | R29: =SUM(R22:R28) -> 39652.886 | T29: =SUM(E29,I29) -> 2993.1297 | U29: =SUM(F29,J29) -> 39652.886
A30: 44871 | B30: Sun | C30: 0 | D30: 0.71388889 | E30: =Effort!J28 -> CLOSED | F30: =Harvest!J28 -> CLOSED | G30: =CPUE!J28 -> CLOSED | I30: =Effort!L28 -> CLOSED | J30: =Harvest!L28 -> CLOSED | K30: =CPUE!L28 -> CLOSED | M30: CLOSED | N30: CLOSED | O30: CLOSED | Q30: =SUM(E30,I30) -> 0 | R30: =SUM(F30,J30) -> 0
A31: 44872 | B31: Mon | C31: -0.5 | D31: 0.74236111 | E31: =Effort!J29 -> CLOSED | F31: =Harvest!J29 -> CLOSED | G31: =CPUE!J29 -> CLOSED | I31: =Effort!L29 -> CLOSED | J31: =Harvest!L29 -> CLOSED | K31: =CPUE!L29 -> CLOSED | M31: CLOSED | N31: CLOSED | O31: CLOSED | Q31: =SUM(E31,I31) -> 0 | R31: =SUM(F31,J31) -> 0
A32: 44873 | B32: Tue | C32: -0.7 | D32: 0.76944444 | E32: =Effort!J30 -> CLOSED | F32: =Harvest!J30 -> CLOSED | G32: =CPUE!J30 -> CLOSED | I32: =Effort!L30 -> CLOSED | J32: =Harvest!L30 -> CLOSED | K32: =CPUE!L30 -> CLOSED | M32: CLOSED | N32: CLOSED | O32: CLOSED | Q32: =SUM(E32,I32) -> 0 | R32: =SUM(F32,J32) -> 0
A33: 44874 | B33: Wed | C33: -0.7 | D33: 0.79513889 | E33: =Effort!J31 -> CLOSED | F33: =Harvest!J31 -> CLOSED | G33: =CPUE!J31 -> CLOSED | I33: =Effort!L31 -> CLOSED | J33: =Harvest!L31 -> CLOSED | K33: =CPUE!L31 -> CLOSED | M33: CLOSED | N33: CLOSED | O33: CLOSED | Q33: =SUM(E33,I33) -> 0 | R33: =SUM(F33,J33) -> 0
A34: 44875 | B34: Thu | C34: -0.6 | D34: 0.82083333 | E34: =Effort!J32 -> CLOSED | F34: =Harvest!J32 -> CLOSED | G34: =CPUE!J32 -> CLOSED | I34: =Effort!L32 -> CLOSED | J34: =Harvest!L32 -> CLOSED | K34: =CPUE!L32 -> CLOSED | M34: CLOSED | N34: CLOSED | O34: CLOSED | Q34: =SUM(E34,I34) -> 0 | R34: =SUM(F34,J34) -> 0
A35: 44876 | B35: Fri | C35: -0.2 | D35: 0.84652778 | E35: =Effort!J33 -> CLOSED | F35: =Harvest!J33 -> CLOSED | G35: =CPUE!J33 -> CLOSED | I35: =Effort!L33 -> CLOSED | J35: =Harvest!L33 -> CLOSED | K35: =CPUE!L33 -> CLOSED | M35: CLOSED | N35: CLOSED | O35: CLOSED | Q35: =SUM(E35,I35) -> 0 | R35: =SUM(F35,J35) -> 0
A36: 44877 | B36: Sat | C36: 0.1 | D36: 0.87430556 | E36: =Effort!J34 -> CLOSED | F36: =Harvest!J34 -> CLOSED | G36: =CPUE!J34 -> CLOSED | I36: =Effort!L34 -> CLOSED | J36: =Harvest!L34 -> CLOSED | K36: =CPUE!L34 -> CLOSED | M36: CLOSED | N36: CLOSED | O36: CLOSED | Q36: =SUM(E36,I36) -> 0 | R36: =SUM(F36,J36) -> 0
A37: 44878 | B37: Sun | C37: 0.5 | D37: 0.90486111 | E37: =Effort!J35 -> CLOSED | F37: =Harvest!J35 -> CLOSED | G37: =CPUE!J35 -> CLOSED | I37: =Effort!L35 -> CLOSED | J37: =Harvest!L35 -> CLOSED | K37: =CPUE!L35 -> CLOSED | M37: CLOSED | N37: CLOSED | O37: CLOSED | Q37: =SUM(E37,I37) -> 0 | R37: =SUM(F37,J37) -> 0
A38: Tide Series Totals | E38: =SUM(E30:E37) -> 0 | F38: =SUM(F30:F37) -> 0 | G38: 0 | I38: =SUM(I30:I37) -> 0 | J38: =SUM(J30:J37) -> 0 | K38: 0 | Q38: =SUM(Q30:Q37) -> 0 | R38: =SUM(R30:R37) -> 0 | T38: =SUM(E38,I38) -> 0 | U38: =SUM(F38,J38) -> 0
A39: 44887 | B39: Tue | C39: -0.6 | D39: 0.72361111 | E39: =Effort!J37 -> CLOSED | F39: =Harvest!J37 -> CLOSED | G39: =CPUE!J37 -> CLOSED | I39: =Effort!L37 -> CLOSED | J39: =Harvest!L37 -> CLOSED | K39: =CPUE!L37 -> CLOSED | M39: CLOSED | N39: CLOSED | O39: CLOSED | Q39: =SUM(E39,I39) -> 0 | R39: =SUM(F39,J39) -> 0
A40: 44888 | B40: Wed | C40: -1.2 | D40: 0.75277778 | E40: =Effort!J38 -> CLOSED | F40: =Harvest!J38 -> CLOSED | G40: =CPUE!J38 -> CLOSED | I40: =Effort!L38 -> CLOSED | J40: =Harvest!L38 -> CLOSED | K40: =CPUE!L38 -> CLOSED | M40: CLOSED | N40: CLOSED | O40: CLOSED | Q40: =SUM(E40,I40) -> 0 | R40: =SUM(F40,J40) -> 0
A41: 44889 | B41: Thu | C41: -1.6 | D41: 0.78333333 | E41: =Effort!J39 -> CLOSED | F41: =Harvest!J39 -> CLOSED | G41: =CPUE!J39 -> CLOSED | I41: =Effort!L39 -> CLOSED | J41: =Harvest!L39 -> CLOSED | K41: =CPUE!L39 -> CLOSED | M41: CLOSED | N41: CLOSED | O41: CLOSED | Q41: =SUM(E41,I41) -> 0 | R41: =SUM(F41,J41) -> 0
A42: 44890 | B42: Fri | C42: -1.6 | D42: 0.81597222 | E42: =Effort!J40 -> CLOSED | F42: =Harvest!J40 -> CLOSED | G42: =CPUE!J40 -> CLOSED | I42: =Effort!L40 -> CLOSED | J42: =Harvest!L40 -> CLOSED | K42: =CPUE!L40 -> CLOSED | M42: CLOSED | N42: CLOSED | O42: CLOSED | Q42: =SUM(E42,I42) -> 0 | R42: =SUM(F42,J42) -> 0
A43: 44891 | B43: Sat | C43: -1.5 | D43: 0.84930556 | E43: =Effort!J41 -> CLOSED | F43: =Harvest!J41 -> CLOSED | G43: =CPUE!J41 -> CLOSED | I43: =Effort!L41 -> CLOSED | J43: =Harvest!L41 -> CLOSED | K43: =CPUE!L41 -> CLOSED | M43: CLOSED | N43: CLOSED | O43: CLOSED | Q43: =SUM(E43,I43) -> 0 | R43: =SUM(F43,J43) -> 0
A44: 44892 | B44: Sun | C44: -1.1 | D44: 0.88541667 | E44: =Effort!J42 -> CLOSED | F44: =Harvest!J42 -> CLOSED | G44: =CPUE!J42 -> CLOSED | I44: =Effort!L42 -> CLOSED | J44: =Harvest!L42 -> CLOSED | K44: =CPUE!L42 -> CLOSED | M44: CLOSED | N44: CLOSED | O44: CLOSED | Q44: =SUM(E44,I44) -> 0 | R44: =SUM(F44,J44) -> 0
A45: 44893 | B45: Mon | C45: -0.5 | D45: 0.92361111 | E45: =Effort!J43 -> CLOSED | F45: =Harvest!J43 -> CLOSED | G45: =CPUE!J43 -> CLOSED | I45: =Effort!L43 -> CLOSED | J45: =Harvest!L43 -> CLOSED | K45: =CPUE!L43 -> CLOSED | M45: CLOSED | N45: CLOSED | O45: CLOSED | Q45: =SUM(E45,I45) -> 0 | R45: =SUM(F45,J45) -> 0
A46: Tide Series Totals | E46: =SUM(E39:E45) -> 0 | F46: =SUM(F39:F45) -> 0 | G46: 0 | I46: =SUM(I37:I45) -> 0 | J46: =SUM(J37:J45) -> 0 | K46: 0 | Q46: =SUM(Q39:Q45) -> 0 | R46: =SUM(R39:R45) -> 0 | T46: =SUM(E46,I46) -> 0 | U46: =SUM(F46,J46) -> 0
A47: 44899 | B47: Sun | C47: 0.4 | D47: 0.67291667 | E47: =Effort!J45 -> CLOSED | F47: =Harvest!J45 -> CLOSED | G47: =CPUE!J45 -> CLOSED | I47: =Effort!L45 -> CLOSED | J47: =Harvest!L45 -> CLOSED | K47: =CPUE!L45 -> CLOSED | M47: CLOSED | N47: CLOSED | O47: CLOSED | Q47: =SUM(E47,I47) -> 0 | R47: =SUM(F47,J47) -> 0
A48: 44900 | B48: Mon | C48: -0.1 | D48: 0.70347222 | E48: =Effort!J46 -> CLOSED | F48: =Harvest!J46 -> CLOSED | G48: =CPUE!J46 -> CLOSED | I48: =Effort!L46 -> CLOSED | J48: =Harvest!L46 -> CLOSED | K48: =CPUE!L46 -> CLOSED | M48: CLOSED | N48: CLOSED | O48: CLOSED | Q48: =SUM(E48,I48) -> 0 | R48: =SUM(F48,J48) -> 0
A49: 44901 | B49: Tue | C49: -0.5 | D49: 0.73125 | E49: =Effort!J47 -> CLOSED | F49: =Harvest!J47 -> CLOSED | G49: =CPUE!J47 -> CLOSED | I49: =Effort!L47 -> CLOSED | J49: =Harvest!L47 -> CLOSED | K49: =CPUE!L47 -> CLOSED | M49: CLOSED | N49: CLOSED | O49: CLOSED | Q49: =SUM(E49,I49) -> 0 | R49: =SUM(F49,J49) -> 0
A50: 44902 | B50: Wed | C50: -0.6 | D50: 0.75763889 | E50: =Effort!J48 -> CLOSED | F50: =Harvest!J48 -> CLOSED | G50: =CPUE!J48 -> CLOSED | I50: =Effort!L48 -> CLOSED | J50: =Harvest!L48 -> CLOSED | K50: =CPUE!L48 -> CLOSED | M50: CLOSED | N50: CLOSED | O50: CLOSED | Q50: =SUM(E50,I50) -> 0 | R50: =SUM(F50,J50) -> 0
A51: 44903 | B51: Thu | C51: -0.6 | D51: 0.78263889 | E51: =Effort!J49 -> CLOSED | F51: =Harvest!J49 -> CLOSED | G51: =CPUE!J49 -> CLOSED | I51: =Effort!L49 -> CLOSED | J51: =Harvest!L49 -> CLOSED | K51: =CPUE!L49 -> CLOSED | M51: CLOSED | N51: CLOSED | O51: CLOSED | Q51: =SUM(E51,I51) -> 0 | R51: =SUM(F51,J51) -> 0
A52: 44904 | B52: Fri | C52: -0.5 | D52: 0.80763889 | E52: =Effort!J50 -> CLOSED | F52: =Harvest!J50 -> CLOSED | G52: =CPUE!J50 -> CLOSED | I52: =Effort!L50 -> CLOSED | J52: =Harvest!L50 -> CLOSED | K52: =CPUE!L50 -> CLOSED | M52: CLOSED | N52: CLOSED | O52: CLOSED | Q52: =SUM(E52,I52) -> 0 | R52: =SUM(F52,J52) -> 0
A53: 44905 | B53: Sat | C53: -0.3 | D53: 0.83263889 | E53: =Effort!J51 -> CLOSED | F53: =Harvest!J51 -> CLOSED | G53: =CPUE!J51 -> CLOSED | I53: =Effort!L51 -> CLOSED | J53: =Harvest!L51 -> CLOSED | K53: =CPUE!L51 -> CLOSED | M53: CLOSED | N53: CLOSED | O53: CLOSED | Q53: =SUM(E53,I53) -> 0 | R53: =SUM(F53,J53) -> 0
A54: 44906 | B54: Sun | C54: 0 | D54: 0.85763889 | E54: =Effort!J52 -> CLOSED | F54: =Harvest!J52 -> CLOSED | G54: =CPUE!J52 -> CLOSED | I54: =Effort!L52 -> CLOSED | J54: =Harvest!L52 -> CLOSED | K54: =CPUE!L52 -> CLOSED | M54: CLOSED | N54: CLOSED | O54: CLOSED | Q54: =SUM(E54,I54) -> 0 | R54: =SUM(F54,J54) -> 0
A55: 44907 | B55: Mon | C55: 0.3 | D55: 0.88402778 | E55: =Effort!J53 -> CLOSED | F55: =Harvest!J53 -> CLOSED | G55: =CPUE!J53 -> CLOSED | I55: =Effort!L53 -> CLOSED | J55: =Harvest!L53 -> CLOSED | K55: =CPUE!L53 -> CLOSED | M55: CLOSED | N55: CLOSED | O55: CLOSED | Q55: =SUM(E55,I55) -> 0 | R55: =SUM(F55,J55) -> 0
A56: Tide Series Totals | E56: =SUM(E47:E55) -> 0 | F56: =SUM(F47:F55) -> 0 | G56: 0 | I56: =SUM(I47:I55) -> 0 | J56: =SUM(J47:J55) -> 0 | K56: 0 | Q56: =SUM(Q47:Q55) -> 0 | R56: =SUM(R47:R55) -> 0 | T56: =SUM(E56,I56) -> 0 | U56: =SUM(F56,J56) -> 0
A57: 44915 | B57: Tue | C57: 0 | D57: 0.67638889 | E57: =Effort!J55 -> CLOSED | F57: =Harvest!J55 -> CLOSED | G57: =CPUE!J55 -> CLOSED | I57: =Effort!L55 -> CLOSED | J57: =Harvest!L55 -> CLOSED | K57: =CPUE!L55 -> CLOSED | M57: CLOSED | N57: CLOSED | O57: CLOSED | Q57: =SUM(E57,I57) -> 0 | R57: =SUM(F57,J57) -> 0
A58: 44916 | B58: Wed | C58: -0.8 | D58: 0.70972222 | E58: =Effort!J56 -> CLOSED | F58: =Harvest!J56 -> CLOSED | G58: =CPUE!J56 -> CLOSED | I58: =Effort!L56 -> CLOSED | J58: =Harvest!L56 -> CLOSED | K58: =CPUE!L56 -> CLOSED | M58: CLOSED | N58: CLOSED | O58: CLOSED | Q58: =SUM(E58,I58) -> 0 | R58: =SUM(F58,J58) -> 0
A59: 44917 | B59: Thu | C59: -1.4 | D59: 0.74166667 | E59: =Effort!J57 -> CLOSED | F59: =Harvest!J57 -> CLOSED | G59: =CPUE!J57 -> CLOSED | I59: =Effort!L57 -> CLOSED | J59: =Harvest!L57 -> CLOSED | K59: =CPUE!L57 -> CLOSED | M59: CLOSED | N59: CLOSED | O59: CLOSED | Q59: =SUM(E59,I59) -> 0 | R59: =SUM(F59,J59) -> 0
A60: 44918 | B60: Fri | C60: -1.8 | D60: 0.77430556 | E60: =Effort!J58 -> CLOSED | F60: =Harvest!J58 -> CLOSED | G60: =CPUE!J58 -> CLOSED | I60: =Effort!L58 -> CLOSED | J60: =Harvest!L58 -> CLOSED | K60: =CPUE!L58 -> CLOSED | M60: CLOSED | N60: CLOSED | O60: CLOSED | Q60: =SUM(E60,I60) -> 0 | R60: =SUM(F60,J60) -> 0
A61: 44919 | B61: Sat | C61: -1.9 | D61: 0.80763889 | E61: =Effort!J59 -> CLOSED | F61: =Harvest!J59 -> CLOSED | G61: =CPUE!J59 -> CLOSED | I61: =Effort!L59 -> CLOSED | J61: =Harvest!L59 -> CLOSED | K61: =CPUE!L59 -> CLOSED | M61: CLOSED | N61: CLOSED | O61: CLOSED | Q61: =SUM(E61,I61) -> 0 | R61: =SUM(F61,J61) -> 0
A62: 44920 | B62: Sun | C62: -1.6 | D62: 0.84027778 | E62: =Effort!J60 -> CLOSED | F62: =Harvest!J60 -> CLOSED | G62: =CPUE!J60 -> CLOSED | I62: =Effort!L60 -> CLOSED | J62: =Harvest!L60 -> CLOSED | K62: =CPUE!L60 -> CLOSED | M62: CLOSED | N62: CLOSED | O62: CLOSED | Q62: =SUM(E62,I62) -> 0 | R62: =SUM(F62,J62) -> 0
A63: 44921 | B63: Mon | C63: -1.2 | D63: 0.87361111 | E63: =Effort!J61 -> CLOSED | F63: =Harvest!J61 -> CLOSED | G63: =CPUE!J61 -> CLOSED | I63: =Effort!L61 -> CLOSED | J63: =Harvest!L61 -> CLOSED | K63: =CPUE!L61 -> CLOSED | M63: CLOSED | N63: CLOSED | O63: CLOSED | Q63: =SUM(E63,I63) -> 0 | R63: =SUM(F63,J63) -> 0
A64: 44922 | B64: Tue | C64: -0.5 | D64: 0.90763889 | E64: =Effort!J62 -> CLOSED | F64: =Harvest!J62 -> CLOSED | G64: =CPUE!J62 -> CLOSED | I64: =Effort!L62 -> CLOSED | J64: =Harvest!L62 -> CLOSED | K64: =CPUE!L62 -> CLOSED | M64: CLOSED | N64: CLOSED | O64: CLOSED | Q64: =SUM(E64,I64) -> 0 | R64: =SUM(F64,J64) -> 0
A65: 44923 | B65: Wed | C65: 0.3 | D65: 0.94236111 | E65: =Effort!J63 -> CLOSED | F65: =Harvest!J63 -> CLOSED | G65: =CPUE!J63 -> CLOSED | I65: =Effort!L63 -> CLOSED | J65: =Harvest!L63 -> CLOSED | K65: =CPUE!L63 -> CLOSED | M65: CLOSED | N65: CLOSED | O65: CLOSED | Q65: =SUM(E65,I65) -> 0 | R65: =SUM(F65,J65) -> 0
A66: Tide Series Totals | E66: =SUM(E57:E65) -> 0 | F66: =SUM(F57:F65) -> 0 | G66: 0 | I66: =SUM(I57:I65) -> 0 | J66: =SUM(J57:J65) -> 0 | K66: 0 | Q66: =SUM(Q57:Q65) -> 0 | R66: =SUM(R57:R65) -> 0 | T66: =SUM(E66,I66) -> 0 | U66: =SUM(F66,J66) -> 0
A67: 44928 | B67: Mon | C67: 0.5 | D67: 0.65763889 | E67: =Effort!J65 -> CLOSED | F67: =Harvest!J65 -> CLOSED | G67: =CPUE!J65 -> CLOSED | I67: =Effort!L65 -> CLOSED | J67: =Harvest!L65 -> CLOSED | K67: =CPUE!L65 -> CLOSED | M67: CLOSED | N67: CLOSED | O67: CLOSED | Q67: =SUM(E67,I67) -> 0 | R67: =SUM(F67,J67) -> 0
A68: 44929 | B68: Tue | C68: 0.1 | D68: 0.69027778 | E68: =Effort!J66 -> CLOSED | F68: =Harvest!J66 -> CLOSED | G68: =CPUE!J66 -> CLOSED | I68: =Effort!L66 -> CLOSED | J68: =Harvest!L66 -> CLOSED | K68: =CPUE!L66 -> CLOSED | M68: CLOSED | N68: CLOSED | O68: CLOSED | Q68: =SUM(E68,I68) -> 0 | R68: =SUM(F68,J68) -> 0
A69: 44930 | B69: Wed | C69: -0.1 | D69: 0.71944444 | E69: =Effort!J67 -> CLOSED | F69: =Harvest!J67 -> CLOSED | G69: =CPUE!J67 -> CLOSED | I69: =Effort!L67 -> CLOSED | J69: =Harvest!L67 -> CLOSED | K69: =CPUE!L67 -> CLOSED | M69: CLOSED | N69: CLOSED | O69: CLOSED | Q69: =SUM(E69,I69) -> 0 | R69: =SUM(F69,J69) -> 0
A70: 44931 | B70: Thu | C70: -0.3 | D70: 0.74583333 | E70: =Effort!J68 -> CLOSED | F70: =Harvest!J68 -> CLOSED | G70: =CPUE!J68 -> CLOSED | I70: =Effort!L68 -> CLOSED | J70: =Harvest!L68 -> CLOSED | K70: =CPUE!L68 -> CLOSED | M70: CLOSED | N70: CLOSED | O70: CLOSED | Q70: =SUM(E70,I70) -> 0 | R70: =SUM(F70,J70) -> 0
A71: 44932 | B71: Fri | C71: -0.3 | D71: 0.77083333 | E71: =Effort!J69 -> CLOSED | F71: =Harvest!J69 -> CLOSED | G71: =CPUE!J69 -> CLOSED | I71: =Effort!L69 -> CLOSED | J71: =Harvest!L69 -> CLOSED | K71: =CPUE!L69 -> CLOSED | M71: CLOSED | N71: CLOSED | O71: CLOSED | Q71: =SUM(E71,I71) -> 0 | R71: =SUM(F71,J71) -> 0
A72: 44933 | B72: Sat | C72: -0.3 | D72: 0.79513889 | E72: =Effort!J70 -> CLOSED | F72: =Harvest!J70 -> CLOSED | G72: =CPUE!J70 -> CLOSED | I72: =Effort!L70 -> CLOSED | J72: =Harvest!L70 -> CLOSED | K72: =CPUE!L70 -> CLOSED | M72: CLOSED | N72: CLOSED | O72: CLOSED | Q72: =SUM(E72,I72) -> 0 | R72: =SUM(F72,J72) -> 0
A73: 44934 | B73: Sun | C73: -0.2 | D73: 0.81805556 | E73: =Effort!J71 -> CLOSED | F73: =Harvest!J71 -> CLOSED | G73: =CPUE!J71 -> CLOSED | I73: =Effort!L71 -> CLOSED | J73: =Harvest!L71 -> CLOSED | K73: =CPUE!L71 -> CLOSED | M73: CLOSED | N73: CLOSED | O73: CLOSED | Q73: =SUM(E73,I73) -> 0 | R73: =SUM(F73,J73) -> 0
A74: 44935 | B74: Mon | C74: 0 | D74: 0.84097222 | E74: =Effort!J72 -> CLOSED | F74: =Harvest!J72 -> CLOSED | G74: =CPUE!J72 -> CLOSED | I74: =Effort!L72 -> CLOSED | J74: =Harvest!L72 -> CLOSED | K74: =CPUE!L72 -> CLOSED | M74: CLOSED | N74: CLOSED | O74: CLOSED | Q74: =SUM(E74,I74) -> 0 | R74: =SUM(F74,J74) -> 0
A75: Tide Series Totals | E75: =SUM(E67:E74) -> 0 | F75: =SUM(F67:F74) -> 0 | G75: 0 | I75: =SUM(I67:I74) -> 0 | J75: =SUM(J67:J74) -> 0 | K75: 0 | Q75: =SUM(Q67:Q74) -> 0 | R75: =SUM(R67:R74) -> 0 | T75: =SUM(E75,I75) -> 0 | U75: =SUM(F75,J75) -> 0
A76: 44944 | B76: Wed | C76: -0.1 | D76: 0.66180556 | E76: =Effort!J74 -> CLOSED | F76: =Harvest!J74 -> CLOSED | G76: =CPUE!J74 -> CLOSED | I76: =Effort!L74 -> CLOSED | J76: =Harvest!L74 -> CLOSED | K76: =CPUE!L74 -> CLOSED | M76: CLOSED | N76: CLOSED | O76: CLOSED | Q76: =SUM(E76,I76) -> 0 | R76: =SUM(F76,J76) -> 0
A77: 44945 | B77: Thu | C77: -0.9 | D77: 0.69861111 | E77: =Effort!J75 -> CLOSED | F77: =Harvest!J75 -> CLOSED | G77: =CPUE!J75 -> CLOSED | I77: =Effort!L75 -> CLOSED | J77: =Harvest!L75 -> CLOSED | K77: =CPUE!L75 -> CLOSED | M77: CLOSED | N77: CLOSED | O77: CLOSED | Q77: =SUM(E77,I77) -> 0 | R77: =SUM(F77,J77) -> 0
A78: 44946 | B78: Fri | C78: -1.5 | D78: 0.73263889 | E78: =Effort!J76 -> CLOSED | F78: =Harvest!J76 -> CLOSED | G78: =CPUE!J76 -> CLOSED | I78: =Effort!L76 -> CLOSED | J78: =Harvest!L76 -> CLOSED | K78: =CPUE!L76 -> CLOSED | M78: CLOSED | N78: CLOSED | O78: CLOSED | Q78: =SUM(E78,I78) -> 0 | R78: =SUM(F78,J78) -> 0
A79: 44947 | B79: Sat | C79: -1.8 | D79: 0.76597222 | E79: =Effort!J77 -> 1999.8252 | F79: =Harvest!J77 -> 13608.567 | G79: =CPUE!J77 -> 6.804878 | I79: =Effort!L77 -> CLOSED | J79: =Harvest!L77 -> CLOSED | K79: =CPUE!L77 -> CLOSED | M79: CLOSED | N79: CLOSED | O79: CLOSED | Q79: =SUM(E79,I79) -> 1999.8252 | R79: =SUM(F79,J79) -> 13608.567
A80: 44948 | B80: Sun | C80: -1.8 | D80: 0.79722222 | E80: =Effort!J78 -> CLOSED | F80: =Harvest!J78 -> CLOSED | G80: =CPUE!J78 -> CLOSED | I80: =Effort!L78 -> CLOSED | J80: =Harvest!L78 -> CLOSED | K80: =CPUE!L78 -> CLOSED | M80: CLOSED | N80: CLOSED | O80: CLOSED | Q80: =SUM(E80,I80) -> 0 | R80: =SUM(F80,J80) -> 0
A81: 44949 | B81: Mon | C81: -1.6 | D81: 0.82916667 | E81: =Effort!J79 -> 1930.2351 | F81: =Harvest!J79 -> 27755.45 | G81: =CPUE!J79 -> 14.37931 | I81: =Effort!L79 -> CLOSED | J81: =Harvest!L79 -> CLOSED | K81: =CPUE!L79 -> CLOSED | M81: CLOSED | N81: CLOSED | O81: CLOSED | Q81: =SUM(E81,I81) -> 1930.2351 | R81: =SUM(F81,J81) -> 27755.45
A82: 44950 | B82: Tue | C82: -1 | D82: 0.85694444 | E82: =Effort!J80 -> CLOSED | F82: =Harvest!J80 -> CLOSED | G82: =CPUE!J80 -> CLOSED | I82: =Effort!L80 -> CLOSED | J82: =Harvest!L80 -> CLOSED | K82: =CPUE!L80 -> CLOSED | M82: CLOSED | N82: CLOSED | O82: CLOSED | Q82: =SUM(E82,I82) -> 0 | R82: =SUM(F82,J82) -> 0
A83: 44951 | B83: Wed | C83: -0.2 | D83: 0.88611111 | E83: =Effort!J81 -> 1089.5928 | F83: =Harvest!J81 -> 16343.892 | G83: =CPUE!J81 -> 15 | I83: =Effort!L81 -> CLOSED | J83: =Harvest!L81 -> CLOSED | K83: =CPUE!L81 -> CLOSED | M83: CLOSED | N83: CLOSED | O83: CLOSED | Q83: =SUM(E83,I83) -> 1089.5928 | R83: =SUM(F83,J83) -> 16343.892
A84: Tide Series Totals | E84: =SUM(E76:E83) -> 5019.6532 | F84: =SUM(F76:F83) -> 57707.909 | G84: =+F84/E84 -> 11.496394 | I84: =SUM(I76:I83) -> 0 | J84: =SUM(J76:J83) -> 0 | K84: 0 | Q84: =SUM(Q76:Q83) -> 5019.6532 | R84: =SUM(R76:R83) -> 57707.909 | T84: =SUM(E84,I84) -> 5019.6532 | U84: =SUM(F84,J84) -> 57707.909
A85: 44960 | B85: Fri | C85: 0.1 | D85: 0.73402778 | E85: =Effort!J83 -> 979.13046 | F85: =Harvest!J83 -> 6237.4236 | G85: =CPUE!J83 -> 6.3703704 | I85: =Effort!L83 -> CLOSED | J85: =Harvest!L83 -> CLOSED | K85: =CPUE!L83 -> CLOSED | M85: CLOSED | N85: CLOSED | O85: CLOSED | Q85: =SUM(E85,I85) -> 979.13046 | R85: =SUM(F85,J85) -> 6237.4236
A86: 44961 | B86: Sat | C86: -0.1 | D86: 0.75763889 | E86: =Effort!J84 -> CLOSED | F86: =Harvest!J84 -> CLOSED | G86: =CPUE!J84 -> CLOSED | I86: =Effort!L84 -> 1703.0092 | J86: =Harvest!L84 -> 23112.268 | K86: =CPUE!L84 -> 13.571429 | M86: CLOSED | N86: CLOSED | O86: CLOSED | Q86: =SUM(E86,I86) -> 1703.0092 | R86: =SUM(F86,J86) -> 23112.268
A87: 44962 | B87: Sun | C87: -0.2 | D87: 0.77986111 | E87: =Effort!J85 -> 2424.7825 | F87: =Harvest!J85 -> 29758.694 | G87: =CPUE!J85 -> 12.272727 | I87: =Effort!L85 -> CLOSED | J87: =Harvest!L85 -> CLOSED | K87: =CPUE!L85 -> CLOSED | M87: CLOSED | N87: CLOSED | O87: CLOSED | Q87: =SUM(E87,I87) -> 2424.7825 | R87: =SUM(F87,J87) -> 29758.694
A88: 44963 | B88: Mon | C88: -0.1 | D88: 0.80069444 | E88: =Effort!J86 -> CLOSED | F88: =Harvest!J86 -> CLOSED | G88: =CPUE!J86 -> CLOSED | I88: =Effort!L86 -> 415.38463 | J88: =Harvest!L86 -> 4742.3079 | K88: =CPUE!L86 -> 11.416667 | M88: CLOSED | N88: CLOSED | O88: CLOSED | Q88: =SUM(E88,I88) -> 415.38463 | R88: =SUM(F88,J88) -> 4742.3079
A89: 44964 | B89: Tue | C89: 0.1 | D89: 0.82083333 | E89: =Effort!J87 -> 601.92 | F89: =Harvest!J87 -> 5868.72 | G89: =CPUE!J87 -> 9.75 | I89: =Effort!L87 -> CLOSED | J89: =Harvest!L87 -> CLOSED | K89: =CPUE!L87 -> CLOSED | M89: CLOSED | N89: CLOSED | O89: CLOSED | Q89: =SUM(E89,I89) -> 601.92 | R89: =SUM(F89,J89) -> 5868.72
A90: 44965 | B90: Wed | C90: 0.4 | D90: 0.84097222 | E90: =Effort!J88 -> CLOSED | F90: =Harvest!J88 -> CLOSED | G90: =CPUE!J88 -> CLOSED | I90: =Effort!L88 -> 323.65396 | J90: =Harvest!L88 -> 3624.9244 | K90: =CPUE!L88 -> 11.2 | M90: CLOSED | N90: CLOSED | O90: CLOSED | Q90: =SUM(E90,I90) -> 323.65396 | R90: =SUM(F90,J90) -> 3624.9244
A91: Tide Series Totals | E91: =SUM(E85:E90) -> 4005.833 | F91: =SUM(F85:F90) -> 41864.838 | G91: =+F91/E91 -> 10.450969 | I91: =SUM(I85:I90) -> 2442.0478 | J91: =SUM(J85:J90) -> 31479.5 | K91: =+J91/I91 -> 12.890616 | Q91: =SUM(Q85:Q90) -> 6447.8808 | R91: =SUM(R85:R90) -> 73344.338 | T91: =SUM(E91,I91) -> 6447.8808 | U91: =SUM(F91,J91) -> 73344.338
A92: 44960 | B92: Fri | C92: 0.1 | D92: 0.73402778 | E92: =Effort!J90 -> CLOSED | F92: =Harvest!J90 -> CLOSED | G92: =CPUE!J90 -> CLOSED | I92: =Effort!L90 -> 1400 | J92: =Harvest!L90 -> 21000 | K92: =CPUE!L90 -> 15 | M92: CLOSED | N92: CLOSED | O92: CLOSED | Q92: =SUM(E92,I92) -> 1400 | R92: =SUM(F92,J92) -> 21000
A93: 44961 | B93: Sat | C93: -0.1 | D93: 0.75763889 | E93: =Effort!J91 -> 5652.2717 | F93: =Harvest!J91 -> 84103.079 | G93: =CPUE!J91 -> 14.879518 | I93: =Effort!L91 -> CLOSED | J93: =Harvest!L91 -> CLOSED | K93: =CPUE!L91 -> CLOSED | M93: CLOSED | N93: CLOSED | O93: CLOSED | Q93: =SUM(E93,I93) -> 5652.2717 | R93: =SUM(F93,J93) -> 84103.079
A94: 44962 | B94: Sun | C94: -0.2 | D94: 0.77986111 | E94: =Effort!J92 -> CLOSED | F94: =Harvest!J92 -> CLOSED | G94: =CPUE!J92 -> CLOSED | I94: =Effort!L92 -> 5569.9246 | J94: =Harvest!L92 -> 73598.105 | K94: =CPUE!L92 -> 13.213483 | M94: CLOSED | N94: CLOSED | O94: CLOSED | Q94: =SUM(E94,I94) -> 5569.9246 | R94: =SUM(F94,J94) -> 73598.105
A95: 44963 | B95: Mon | C95: -0.1 | D95: 0.80069444 | E95: =Effort!J93 -> 1436.4224 | F95: =Harvest!J93 -> 17933.516 | G95: =CPUE!J93 -> 12.484848 | I95: =Effort!L93 -> CLOSED | J95: =Harvest!L93 -> CLOSED | K95: =CPUE!L93 -> CLOSED | M95: CLOSED | N95: CLOSED | O95: CLOSED | Q95: =SUM(E95,I95) -> 1436.4224 | R95: =SUM(F95,J95) -> 17933.516
A96: 44964 | B96: Tue | C96: 0.1 | D96: 0.82083333 | E96: =Effort!J94 -> CLOSED | F96: =Harvest!J94 -> CLOSED | G96: =CPUE!J94 -> CLOSED | I96: =Effort!L94 -> 342.97052 | J96: =Harvest!L94 -> 548.75283 | K96: =CPUE!L94 -> 1.6 | M96: CLOSED | N96: CLOSED | O96: CLOSED | Q96: =SUM(E96,I96) -> 342.97052 | R96: =SUM(F96,J96) -> 548.75283
A97: 44965 | B97: Wed | C97: 0.4 | D97: 0.84097222 | E97: =Effort!J95 -> 236.26972 | F97: =Harvest!J95 -> 1782.7624 | G97: =CPUE!J95 -> 7.5454545 | I97: =Effort!L95 -> CLOSED | J97: =Harvest!L95 -> CLOSED | K97: =CPUE!L95 -> CLOSED | M97: CLOSED | N97: CLOSED | O97: CLOSED | Q97: =SUM(E97,I97) -> 236.26972 | R97: =SUM(F97,J97) -> 1782.7624
A98: Tide Series Totals | E98: =SUM(E92:E97) -> 7324.9638 | F98: =SUM(F92:F97) -> 103819.36 | G98: =+F98/E98 -> 14.173361 | I98: =SUM(I92:I97) -> 7312.8951 | J98: =SUM(J92:J97) -> 95146.858 | K98: =+J98/I98 -> 13.010833 | Q98: =SUM(Q92:Q97) -> 14637.859 | R98: =SUM(R92:R97) -> 198966.22 | T98: =SUM(E98,I98) -> 14637.859 | U98: =SUM(F98,J98) -> 198966.22
A99: 44988 | B99: Fri | C99: 0.6 | D99: 0.68819444 | E99: =Effort!J97 -> CLOSED | F99: =Harvest!J97 -> CLOSED | G99: =CPUE!J97 -> CLOSED | I99: =Effort!L97 -> 1332.2765 | J99: =Harvest!L97 -> 11690.726 | K99: =CPUE!L97 -> 8.775 | M99: CLOSED | N99: CLOSED | O99: CLOSED | Q99: =SUM(E99,I99) -> 1332.2765 | R99: =SUM(F99,J99) -> 11690.726
A100: 44989 | B100: Sat | C100: 0.4 | D100: 0.71458333 | E100: =Effort!J98 -> 3456.0462 | F100: =Harvest!J98 -> 14090.034 | G100: =CPUE!J98 -> 4.0769231 | I100: =Effort!L98 -> CLOSED | J100: =Harvest!L98 -> CLOSED | K100: =CPUE!L98 -> CLOSED | M100: CLOSED | N100: CLOSED | O100: CLOSED | Q100: =SUM(E100,I100) -> 3456.0462 | R100: =SUM(F100,J100) -> 14090.034
...

Sheet TAC
A1: NON-TRIBAL TOTAL ALLOWABLE CATCH (TAC)
B3: 2022-2023 | C3: 2021-2022 | D3: 2020-2021 | E3: 2019-2020 | F3: 2018-2019 | G3: 2017 - 2018 | H3: 2016 - 2017 | I3: 2015 - 2016 | J3: 2014 - 2015 | K3: 2013 - 2014 | L3: 2012 - 2013 | M3: 2011 - 2012 | N3: 2010 - 2011
A4: LONG BEACH | B4: 5865490 | C4: 8659225.1 | D4: 9916787 | E4: 5205466.8 | F4: 333557 | G4: 872679.52 | H4: 4895623.6 | I4: 4768605 | J4: 3885491.5 | K4: 2881223.3 | L4: 1847952.1 | M4: 1094641.4 | N4: 1276247.7
A5: TWIN HARBORS | B5: 2258653 | C5: 3411777.8 | D5: 2084291 | E5: 1843227.2 | F5: 1377125 | G5: 506698.76 | H5: 1896630.9 | I5: 1198600 | J5: 2662860.8 | K5: =5744410.73323314*0.4 -> 2297764.3 | L5: 1881783.2 | M5: 616314.31 | N5: 845427.67
A6: COPALIS | B6: 2873943 | C6: 3303822 | D6: 2369701 | E6: 2036078.6 | F6: 860768 | G6: 591366.12 | H6: 880571.45 | I6: 1094781 | J6: 889827.43 | K6: =(2615522*0.5)-(161153)+250000 -> 1396608 | L6: 1072689.6 | M6: 371373.04 | N6: 683167.41
A7: MOCROCKS | B7: 1964732 | C7: 1968909.3 | D7: 2330621 | E7: 1649890.4 | F7: 1508774 | G7: 778354.53 | H7: 941919.24 | I7: 1695074 | J7: 2240308.7 | K7: 2088668.5 | L7: 909667.35 | M7: 605830.7 | N7: 545586.69
A8: KALALOCH | B8: 152683 | C8: 101655.06 | D8: 362503 | E8: 219560.65 | F8: 777386 | G8: 24444.43 | H8: 725888.21 | I8: 63740 | J8: 125735.13 | K8: =1033285.9456848*0.254*0.5 -> 131227.32 | L8: 113543.21 | M8: 144560.51 | N8: 258924.12
A9: COASTWIDE TAC | B9: 13115501 | C9: =SUM(C4:C8) -> 17445389 | D9: =SUM(D4:D8) -> 17063903 | E9: =SUM(E4:E8) -> 10954224 | F9: =SUM(F4:F8) -> 4857610 | G9: =SUM(G4:G8) -> 2773543.4 | H9: =SUM(H4:H8) -> 9340633.4 | I9: =SUM(I4:I8) -> 8820800 | J9: =SUM(J4:J8) -> 9804223.7 | ... N9: =SUM(N4:N8) -> 3609353.6

Sheet TH Wastage
A1: EventID | B1: LocationID | C1: NHoles | D1: NClams | E1: NMorts
A2: 2034 | B2: 22309 | C2: 100 | D2: 1 | E2: 1
C100: =SUM(C2:C99) -> 100 | D100: =SUM(D2:D99) -> 1 | E100: =SUM(E2:E99) -> 1 | F100: =E100/C100 -> 0.01

Sheet LB Wastage
A1: EventID | B1: LocationID | C1: NHoles | D1: NClams | E1: NMorts
A2: 2033 | B2: 12400 | C2: 50 | D2: 6 | E2: 6
A3: 2033 | B3: 12500 | C3: 50 | D3: 1 | E3: 1
C100: =SUM(C2:C99) -> 100 | D100: =SUM(D2:D99) -> 7 | E100: =SUM(E2:E99) -> 7 | F100: =E100/C100 -> 0.07

Sheet Cop Wastage
A1: EventID | B1: LocationID | C1: NHoles | D1: NClams | E1: NMorts
A2: 2040 | B2: 32009 | C2: 50 | D2: 1 | E2: 1
C100: =SUM(C2:C99) -> 50 | D100: =SUM(D2:D99) -> 1 | E100: =SUM(E2:E99) -> 1 | F100: =E100/C100 -> 0.02

Sheet Moc Wastage
A1: EventID | B1: LocationID | C1: NHoles | D1: NClams | E1: NMorts
A2: 2081 | B2: 41200 | C2: 100 | D2: 2 | E2: 2
C100: =SUM(C2:C99) -> 100 | D100: =SUM(D2:D99) -> 2 | E100: =SUM(E2:E99) -> 2 | F100: =E100/C100 -> 0.02

Sheet Kal Wastage

Sheet Copy Sheet
