Workbook

Sheet Harvest
A1: Date | B1: Day | C1: Tide | D1: Time | E1: Longbeach | G1: Twin Harbors | I1: Copalis | K1: Mocrocks | M1: Kalaloch | O1: Daily Totals
A2: 45198 | B2: Fri | C2: -0.4 | D2: 0.80416667 | F2: =CPUE!F2*Effort!F2 -> 44532.182 | H2: 41038.749 | J2: CLOSED | L2: CLOSED | N2: CLOSED | O2: =SUM(F2:N2) -> 85570.931
A3: 45199 | B3: Sat | C3: -0.9 | D3: 0.83611111 | E3: * | F3: =CPUE!F3*Effort!F3 -> 63383.997 | H3: 58456.346 | J3: 72769.484 | L3: CLOSED | N3: CLOSED | O3: =SUM(F3:N3) -> 194609.83
A4: 45200 | B4: Sun | C4: -1 | D4: 0.86736111 | E4: * | F4: =CPUE!F4*Effort!F4 -> 30947.925 | H4: 28720.123 | J4: CLOSED | L4: CLOSED | N4: CLOSED | O4: =SUM(F4:N4) -> 59668.048
A5: 45201 | B5: Mon | C5: -0.9 | D5: 0.9 | F5: =CPUE!F5*Effort!F5 -> 394.03044 | G5: * | H5: =CPUE!H5*Effort!H5 -> 2272.9901 | J5: 4367.6468 | L5: CLOSED | N5: CLOSED | O5: =SUM(F5:N5) -> 7034.6673
A7: 45213 | B7: Sat | C7: 0.2 | D7: 0.80347222 | F7: =3482.98267566672+10080.507035801 -> 13563.49 | G7: * | H7: =CPUE!H7*Effort!H7 -> 21041.619 | J7: CLOSED | L7: 22050.241 | N7: CLOSED | O7: =SUM(F7:N7) -> 56655.35
A8: 45214 | B8: Sun | C8: -0.1 | D8: 0.82777778 | E8: * | F8: =CPUE!F8*Effort!F8 -> 6589.0142 | H8: 3269.4336 | J8: 13056.599 | L8: CLOSED | N8: CLOSED | O8: =SUM(F8:N8) -> 22915.047
A9: 45215 | B9: Mon | C9: -0.3 | D9: 0.85277778 | E9: * | F9: =CPUE!F9*Effort!F9 -> 4291.569 | H9: 4238.6005 | J9: CLOSED | L9: 3987.1746 | N9: CLOSED | O9: =SUM(F9:N9) -> 12517.344
A10: 45216 | B10: Tue | C10: -0.4 | D10: 0.87916667 | F10: =CPUE!F10*Effort!F10 -> 4433.0927 | G10: * | H10: =CPUE!H10*Effort!H10 -> 2978.7292 | J10: 5366.364 | L10: CLOSED | N10: CLOSED | O10: =SUM(F10:N10) -> 12778.186
A11: 45217 | B11: Wed | C11: -0.3 | D11: 0.90902778 | F11: CLOSED | H11: CLOSED | J11: CLOSED | L11: 3764.3276 | N11: CLOSED | O11: =SUM(F11:N11) -> 3764.3276
A13: 45226 | B13: Fri | C13: -0.4 | D13: 0.7625 | F13: =12457.2095200709+22290.208749628 -> 34747.418 | G13: * | H13: =CPUE!H13*Effort!H13 -> 35127.886 | J13: CLOSED | L13: 27143.77 | N13: CLOSED | O13: =SUM(F13:N13) -> 97019.074
A14: 45227 | B14: Sat | C14: -1 | D14: 0.79375 | F14: =CPUE!F14*Effort!F14 -> 64588.483 | G14: * | H14: =CPUE!H14*Effort!H14 -> 61989.429 | J14: 88542.046 | L14: CLOSED | N14: CLOSED | O14: =SUM(F14:N14) -> 215119.96
A15: 45228 | B15: Sun | C15: -1.3 | D15: 0.82361111 | E15: * | F15: =CPUE!F15*Effort!F15 -> 28776.205 | H15: 29622.072 | J15: CLOSED | L15: 22419.128 | N15: CLOSED | O15: =SUM(F15:N15) -> 80817.405
A16: 45229 | B16: Mon | C16: -1.3 | D16: 0.85347222 | E16: * | F16: =CPUE!F16*Effort!F16 -> 11622.022 | H16: 11137.627 | J16: 16481.603 | L16: CLOSED | N16: CLOSED | O16: =SUM(F16:N16) -> 39241.252
A17: 45230 | B17: Tue | C17: -1 | D17: 0.88333333 | F17: CLOSED | H17: CLOSED | J17: CLOSED | L17: 3479.6687 | N17: CLOSED | O17: =SUM(F17:N17) -> 3479.6687
A19: 45242 | B19: Sun | C19: -0.3 | D19: 0.74513889 | F19: CLOSED | H19: CLOSED | J19: CLOSED | L19: 7083.4606 | N19: CLOSED | O19: =SUM(F19:N19) -> 7083.4606
A20: 45243 | B20: Mon | C20: -0.7 | D20: 0.77083333 | E20: * | F20: =CPUE!F20*Effort!F20 -> 9528.3861 | H20: 8573.2218 | J20: 9347.6734 | L20: CLOSED | N20: CLOSED | O20: =SUM(F20:N20) -> 27449.281
A21: 45244 | B21: Tue | C21: -0.9 | D21: 0.79791667 | F21: =CPUE!F21*Effort!F21 -> 7177.0006 | H21: 7304.9194 | J21: CLOSED | L21: 8066.667 | N21: CLOSED | O21: =SUM(F21:N21) -> 22548.587
A22: 45245 | B22: Wed | C22: -0.9 | D22: 0.82708333 | F22: =CPUE!F22*Effort!F22 -> 3852.9506 | G22: * | H22: =CPUE!H22*Effort!H22 -> 3419.549 | J22: 6721.8045 | L22: CLOSED | N22: CLOSED | O22: =SUM(F22:N22) -> 13994.304
A23: 45246 | B23: Thu | C23: -0.8 | D23: 0.85902778 | E23: * | F23: =CPUE!F23*Effort!F23 -> 5462.8014 | G23: * | H23: =CPUE!H23*Effort!H23 -> 4915.188 | J23: CLOSED | L23: 4395.6636 | N23: CLOSED | O23: =SUM(F23:N23) -> 14773.653
A24: 45247 | B24: Fri | C24: -0.5 | D24: 0.89375 | F24: CLOSED | H24: CLOSED | J24: 14744.239 | L24: CLOSED | N24: CLOSED | O24: =SUM(F24:N24) -> 14744.239
A25: 45248 | B25: Sat | C25: -0.1 | D25: 0.93194444 | F25: CLOSED | H25: CLOSED | J25: CLOSED | L25: 1406.5974 | N25: CLOSED | O25: =SUM(F25:N25) -> 1406.5974
A27: 45254 | B27: Fri | C27: 0 | D27: 0.67916667 | E27: * | F27: =CPUE!F27*Effort!F27 -> 55077.19 | G27: * | H27: =CPUE!H27*Effort!H27 -> 44285.118 | J27: 68481 | L27: CLOSED | N27: CLOSED | O27: =SUM(F27:N27) -> 167843.31
A28: 45255 | B28: Sat | C28: -0.7 | D28: 0.71180556 | E28: * | F28: =CPUE!F28*Effort!F28 -> 56929.412 | H28: 41807.537 | J28: CLOSED | L28: 59593.015 | N28: CLOSED | O28: =SUM(F28:N28) -> 158329.96
A29: 45256 | B29: Sun | C29: -1.2 | D29: 0.74236111 | F29: =9346.93041058475+17922.0770854152 -> 27269.007 | H29: 21177.905 | J29: 36231.483 | L29: CLOSED | N29: CLOSED | O29: =SUM(F29:N29) -> 84678.395
A30: 45257 | B30: Mon | C30: -1.3 | D30: 0.77152778 | F30: =CPUE!F30*Effort!F30 -> 12578.36 | G30: * | H30: =CPUE!H30*Effort!H30 -> 9201.4962 | J30: CLOSED | L30: 11195.181 | N30: CLOSED | O30: =SUM(F30:N30) -> 32975.038
A31: 45258 | B31: Tue | C31: -1.2 | D31: 0.8 | E31: * | F31: =CPUE!F31*Effort!F31 -> 6256.1078 | G31: * | H31: =CPUE!H31*Effort!H31 -> 5030.2579 | J31: 7689.108 | L31: CLOSED | N31: CLOSED | O31: =SUM(F31:N31) -> 18975.474
A32: 45259 | B32: Wed | C32: -0.8 | D32: 0.82777778 | F32: CLOSED | H32: CLOSED | J32: CLOSED | L32: 2601.46 | N32: CLOSED | O32: =SUM(F32:N32) -> 2601.46
A34: 45273 | B34: Wed | C34: -1.3 | D34: 0.78819444 | E34: * | F34: =CPUE!F34*Effort!F34 -> 8865.2612 | H34: 6081.5171 | J34: CLOSED | L34: 8118.4107 | N34: CLOSED | O34: =SUM(F34:N34) -> 23065.189
A35: 45274 | B35: Thu | C35: -1.3 | D35: 0.81875 | F35: =CPUE!F35*Effort!F35 -> 5284.0545 | G35: * | H35: =CPUE!H35*Effort!H35 -> 4767.7902 | J35: 9305.8264 | L35: CLOSED | N35: CLOSED | O35: =SUM(F35:N35) -> 19357.671
A36: 45275 | B36: Fri | C36: -1.2 | D36: 0.85069444 | F36: =CPUE!F36*Effort!F36 -> 10017.893 | H36: 7867.5154 | J36: CLOSED | L36: 8854.3764 | N36: CLOSED | O36: =SUM(F36:N36) -> 26739.785
A37: 45276 | B37: Sat | C37: -0.8 | D37: 0.88333333 | E37: * | F37: =CPUE!F37*Effort!F37 -> 19930.535 | H37: 6562.5502 | J37: 25719.012 | L37: CLOSED | N37: CLOSED | O37: =SUM(F37:N37) -> 52212.096
A38: 45277 | B38: Sun | C38: -0.3 | D38: 0.91736111 | E38: * | F38: =CPUE!F38*Effort!F38 -> 2196.2504 | G38: * | H38: =CPUE!H38*Effort!H38 -> 2001.4884 | J38: CLOSED | L38: 2618.7129 | N38: CLOSED | O38: =SUM(F38:N38) -> 6816.4518
A40: 45286 | B40: Tue | C40: -0.9 | D40: 0.7625 | F40: =CPUE!F40*Effort!F40 -> 2047.1771 | G40: * | H40: =CPUE!H40*Effort!H40 -> 4960.3469 | J40: 18697.246 | L40: CLOSED | N40: CLOSED | O40: =SUM(F40:N40) -> 25704.77
A41: 45287 | B41: Wed | C41: -0.8 | D41: 0.78958333 | F41: =CPUE!F41*Effort!F41 -> 2148.5392 | H41: 3720.6711 | J41: CLOSED | L41: 8728.3042 | N41: CLOSED | O41: =SUM(F41:N41) -> 14597.515
A42: 45288 | B42: Thu | C42: -0.6 | D42: 0.81597222 | E42: * | F42: =CPUE!F42*Effort!F42 -> 949.30865 | H42: 628.19033 | J42: 3029.8787 | L42: CLOSED | N42: CLOSED | O42: =SUM(F42:N42) -> 4607.3777
A43: 45289 | B43: Fri | C43: -0.3 | D43: 0.84097222 | E43: * | F43: =CPUE!F43*Effort!F43 -> 1818.9855 | H43: 398.88187 | J43: CLOSED | L43: 6242.0674 | N43: CLOSED | O43: =SUM(F43:N43) -> 8459.9348
A45: 45300 | B45: Tue | C45: -0.7 | D45: 0.70972222 | E45: ** | F45: =CPUE!F45*Effort!F45 -> 200 | H45: CLOSED | J45: 247.5 | L45: CLOSED | N45: CLOSED | O45: =SUM(F45:N45) -> 447.5
A46: 45301 | B46: Wed | C46: -1.2 | D46: 0.74027778 | F46: =442.586695744316+535.659629471245 -> 978.24633 | H46: 3251.7513 | J46: CLOSED | L46: 3020.1963 | N46: CLOSED | O46: =SUM(F46:N46) -> 7250.194
A47: 45302 | B47: Thu | C47: -1.5 | D47: 0.76944444 | F47: =CPUE!F47*Effort!F47 -> 347.83294 | G47: * | H47: =CPUE!H47*Effort!H47 -> 633.47379 | J47: CLOSED | L47: 273.84756 | N47: CLOSED | O47: =SUM(F47:N47) -> 1255.1543
A48: 45303 | B48: Fri | C48: -1.6 | D48: 0.79930556 | E48: * | F48: =CPUE!F48*Effort!F48 -> 312.7208 | G48: * | H48: =CPUE!H48*Effort!H48 -> 2227.7364 | J48: 3438.1806 | L48: CLOSED | N48: CLOSED | O48: =SUM(F48:N48) -> 5978.6379
A49: 45304 | B49: Sat | C49: -1.3 | D49: 0.82847222 | E49: * | F49: =CPUE!F49*Effort!F49 -> 343.29817 | H49: 2189.8162 | J49: 3489.3211 | L49: CLOSED | N49: CLOSED | O49: =SUM(F49:N49) -> 6022.4355
A50: 45305 | B50: Sun | C50: -0.8 | D50: 0.85833333 | F50: =CPUE!F50*Effort!F50 -> 237.21897 | H50: 2223.5293 | J50: CLOSED | L50: 1309.091 | N50: CLOSED | O50: =SUM(F50:N50) -> 3769.8392
A51: 45306 | B51: Mon | C51: 0 | D51: 0.88819444 | F51: CLOSED | H51: CLOSED | J51: CLOSED | L51: 60 | N51: CLOSED | O51: =SUM(F51:N51) -> 60
A53: 45313 | B53: Mon | C53: -0.1 | D53: 0.68611111 | F53: CLOSED | H53: CLOSED | J53: CLOSED | L53: 7689.0309 | N53: CLOSED | O53: =SUM(F53:N53) -> 7689.0309
A54: 45314 | B54: Tue | C54: -0.3 | D54: 0.71736111 | E54: * | F54: =CPUE!F54*Effort!F54 -> 2568.0597 | G54: * | H54: =CPUE!H54*Effort!H54 -> 3376.7125 | J54: CLOSED | L54: 8540.9651 | N54: CLOSED | O54: =SUM(F54:N54) -> 14485.737
A55: 45315 | B55: Wed | C55: -0.4 | D55: 0.74513889 | F55: =83.0129324995628+2238.11178362931 -> 2321.1247 | H55: 3877.5419 | J55: 5009.165 | L55: CLOSED | N55: CLOSED | O55: =SUM(F55:N55) -> 11207.832
A56: 45316 | B56: Thu | C56: -0.4 | D56: 0.76944444 | E56: * | F56: =CPUE!F56*Effort!F56 -> 471.43327 | G56: * | H56: =CPUE!H56*Effort!H56 -> 619.88224 | J56: 1059.231 | L56: CLOSED | N56: CLOSED | O56: =SUM(F56:N56) -> 2150.5465
A57: 45317 | B57: Fri | C57: -0.2 | D57: 0.79236111 | E57: * | F57: =CPUE!F57*Effort!F57 -> 98.762058 | H57: 23.61111 | J57: CLOSED | L57: 677.67963 | N57: CLOSED | O57: =SUM(F57:N57) -> 800.0528
A58: 45318 | B58: Sat | C58: 0 | D58: 0.81388889 | F58: =CPUE!F58*Effort!F58 -> 60.379204 | H58: CLOSED | J58: CLOSED | L58: 75.555553 | N58: CLOSED | O58: =SUM(F58:N58) -> 135.93476
A59: 45319 | B59: Sun | C59: 0.4 | D59: 0.83472222 | F59: CLOSED | H59: CLOSED | J59: 234.99999 | L59: CLOSED | N59: CLOSED | O59: =SUM(F59:N59) -> 234.99999
A61: 45328 | B61: Tue | C61: 0 | D61: 0.66111111 | F61: CLOSED | H61: CLOSED | J61: CLOSED | L61: 13784.891 | N61: CLOSED | O61: =SUM(F61:N61) -> 13784.891
A62: 45329 | B62: Wed | C62: -0.7 | D62: 0.69513889 | E62: * | F62: =CPUE!F62*Effort!F62 -> 19710.827 | G62: * | H62: =CPUE!H62*Effort!H62 -> 13265.199 | J62: 31031.895 | L62: CLOSED | N62: CLOSED | O62: =SUM(F62:N62) -> 64007.921
A63: 45330 | B63: Thu | C63: -1.2 | D63: 0.72638889 | F63: =CPUE!F63*Effort!F63 -> 27904.765 | H63: 18479.661 | J63: 38816.796 | L63: CLOSED | N63: CLOSED | O63: =SUM(F63:N63) -> 85201.223
A64: 45331 | B64: Fri | C64: -1.4 | D64: 0.75625 | E64: * | F64: =CPUE!F64*Effort!F64 -> 21027.523 | H64: 25930.711 | J64: CLOSED | L64: 23256.423 | N64: CLOSED | O64: =SUM(F64:N64) -> 70214.658
A65: 45332 | B65: Sat | C65: -1.4 | D65: 0.78402778 | F65: =CPUE!F65*Effort!F65 -> 23154.01 | G65: * | H65: =CPUE!H65*Effort!H65 -> 20034.55 | J65: CLOSED | L65: 40556.46 | N65: CLOSED | O65: =SUM(F65:N65) -> 83745.02
A66: 45333 | B66: Sun | C66: -1 | D66: 0.81180556 | E66: * | F66: =CPUE!F66*Effort!F66 -> 728.39736 | H66: 162.70833 | J66: 1406.4814 | L66: CLOSED | N66: CLOSED | O66: =SUM(F66:N66) -> 2297.5871
A67: 45334 | B67: Mon | C67: -0.3 | D67: 0.83888889 | F67: =CPUE!F67*Effort!F67 -> 630.55583 | H67: CLOSED | J67: 3058.8821 | L67: CLOSED | N67: CLOSED | O67: =SUM(F67:N67) -> 3689.4379
A69: 45343 | B69: Wed | C69: 0.2 | D69: 0.70555556 | E69: * | F69: =CPUE!F69*Effort!F69 -> 7814.941 | G69: * | H69: =CPUE!H69*Effort!H69 -> 7881.4595 | J69: CLOSED | L69: 8729.9274 | N69: CLOSED | O69: =SUM(F69:N69) -> 24426.328
A70: 45344 | B70: Thu | C70: 0.1 | D70: 0.73125 | F70: =10270.0839366257+4839.08973873517 -> 15109.174 | H70: 16261.063 | J70: CLOSED | L70: 17956.205 | N70: CLOSED | O70: =SUM(F70:N70) -> 49326.441
A71: 45345 | B71: Fri | C71: 0.1 | D71: 0.75347222 | F71: =CPUE!F71*Effort!F71 -> 27685.306 | G71: * | H71: =CPUE!H71*Effort!H71 -> 14818.701 | J71: 34341.388 | L71: CLOSED | N71: CLOSED | O71: =SUM(F71:N71) -> 76845.395
A72: 45346 | B72: Sat | C72: 0.2 | D72: 0.77361111 | E72: * | F72: =CPUE!F72*Effort!F72 -> 32989.313 | H72: 19198.474 | J72: 42834.956 | L72: CLOSED | N72: CLOSED | O72: =SUM(F72:N72) -> 95022.743
A73: 45347 | B73: Sun | C73: 0.4 | D73: 0.79305556 | E73: * | F73: =CPUE!F73*Effort!F73 -> 544.7579 | H73: CLOSED | J73: CLOSED | L73: 588.82351 | N73: CLOSED | O73: =SUM(F73:N73) -> 1133.5814
A75: 45358 | B75: Thu | C75: -0.5 | D75: 0.67708333 | F75: =CPUE!F75*Effort!F75 -> 20410.1 | H75: 14564.337 | J75: 20797.425 | L75: CLOSED | N75: CLOSED | O75: =SUM(F75:N75) -> 55771.862
A76: 45359 | B76: Fri | C76: -0.8 | D76: 0.70833333 | F76: =CPUE!F76*Effort!F76 -> 27755.574 | G76: * | H76: =CPUE!H76*Effort!H76 -> 19978.181 | J76: CLOSED | L76: 24767.221 | N76: CLOSED | O76: =SUM(F76:N76) -> 72500.976
A77: 45360 | B77: Sat | C77: -0.9 | D77: 0.7375 | E77: * | F77: =CPUE!F77*Effort!F77 -> 13695.929 | H77: 8603.976 | J77: CLOSED | L77: 18943.932 | N77: CLOSED | O77: =SUM(F77:N77) -> 41243.837
A78: 45361 | B78: Sun | C78: -0.7 | D78: 0.80694444 | E78: * | F78: =CPUE!F78*Effort!F78 -> 3776.3086 | H78: 816.66663 | J78: 6055.5552 | L78: CLOSED | N78: CLOSED | O78: =SUM(F78:N78) -> 10648.53
A79: 45362 | B79: Mon | C79: -0.2 | D79: 0.83333333 | F79: =CPUE!F79*Effort!F79 -> 218.51193 | G79: * | H79: =CPUE!H79*Effort!H79 -> 549.65092 | J79: 727.63208 | L79: CLOSED | N79: CLOSED | O79: =SUM(F79:N79) -> 1495.7949
A80: 45363 | B80: Tue | C80: -0.3 | D80: 0.35625 | E80: * | F80: =CPUE!F80*Effort!F80 -> 3132.0237 | H80: CLOSED | J80: CLOSED | L80: 2925.9896 | N80: CLOSED | O80: =SUM(F80:N80) -> 6058.0134
A81: 45364 | B81: Wed | C81: -0.4 | D81: 0.38958333 | E81: * | F81: =CPUE!F81*Effort!F81 -> 15563.914 | H81: CLOSED | J81: CLOSED | L81: 14614.14 | N81: CLOSED | O81: =SUM(F81:N81) -> 30178.054
A82: 45365 | B82: Thu | C82: -0.3 | D82: 0.425 | F82: =CPUE!F82*Effort!F82 -> 19789.522 | H82: CLOSED | J82: CLOSED | L82: 17080.293 | N82: CLOSED | O82: =SUM(F82:N82) -> 36869.814
A83: 45366 | B83: Fri | C83: 0.1 | D83: 0.46388889 | F83: CLOSED | H83: CLOSED | J83: 32927.756 | L83: CLOSED | N83: CLOSED | O83: =SUM(F83:N83) -> 32927.756
A84: 45367 | B84: Sat | C84: 0.5 | D84: 0.50694444 | F84: CLOSED | H84: CLOSED | J84: 61380.153 | L84: CLOSED | N84: CLOSED | O84: =SUM(F84:N84) -> 61380.153
A85: 45368 | B85: Sun | C85: 0.9 | D85: 0.55763889 | F85: CLOSED | H85: CLOSED | J85: CLOSED | L85: 40025.015 | N85: CLOSED | O85: =SUM(F85:N85) -> 40025.015
A87: 45377 | B87: Tue | C87: 0.7 | D87: 0.32916667 | F87: CLOSED | H87: CLOSED | J87: 9247.6241 | L87: CLOSED | N87: CLOSED | O87: =SUM(F87:N87) -> 9247.6241
A88: 45378 | B88: Wed | C88: 0.4 | D88: 0.35138889 | E88: * | F88: =CPUE!F88*Effort!F88 -> 1011.3376 | H88: CLOSED | J88: CLOSED | L88: =CPUE!L88*Effort!L88 -> 1131.9032 | N88: CLOSED | O88: =SUM(F88:N88) -> 2143.2408
A89: 45379 | B89: Thu | C89: 0.3 | D89: 0.37569444 | E89: * | F89: =CPUE!F89*Effort!F89 -> 2225.7383 | G89: * | H89: =CPUE!H89*Effort!H89 -> 2504.2708 | J89: CLOSED | L89: 2482.6619 | N89: CLOSED | O89: =SUM(F89:N89) -> 7212.671
A90: 45380 | B90: Fri | C90: 0.3 | D90: 0.40208333 | F90: =2696.58624451852+2070.40296111283 -> 4766.9892 | H90: 7777.157 | J90: 12998.401 | L90: CLOSED | N90: CLOSED | O90: =SUM(F90:N90) -> 25542.547
A91: 45381 | B91: Sat | C91: 0.4 | D91: 0.43263889 | F91: =CPUE!F91*Effort!F91 -> 28105.845 | H91: 29033.462 | J91: 44315.243 | L91: CLOSED | N91: CLOSED | O91: =SUM(F91:N91) -> 101454.55
A92: 45382 | B92: Sun | C92: 0.6 | D92: 0.46944444 | E92: * | F92: =CPUE!F92*Effort!F92 -> 20344.24 | H92: 15078.432 | J92: CLOSED | L92: 22653.81 | N92: CLOSED | O92: =SUM(F92:N92) -> 58076.482
A94: 45390 | B94: Mon | C94: -0.5 | D94: 0.28055556 | F94: CLOSED | H94: CLOSED | J94: CLOSED | L94: 2577.1325 | N94: CLOSED | O94: =SUM(F94:N94) -> 2577.1325
A95: 45391 | B95: Tue | C95: -1.2 | D95: 0.31180556 | E95: * | F95: =CPUE!F95*Effort!F95 -> 14296.689 | H95: CLOSED | J95: CLOSED | L95: 16164.436 | N95: CLOSED | O95: =SUM(F95:N95) -> 30461.125
A96: 45392 | B96: Wed | C96: -1.5 | D96: 0.34305556 | F96: =CPUE!F96*Effort!F96 -> 57380.806 | G96: * | H96: =CPUE!H96*Effort!H96 -> 41002.902 | J96: 50170.335 | L96: CLOSED | N96: CLOSED | O96: =SUM(F96:N96) -> 148554.04
A97: 45393 | B97: Thu | C97: -1.4 | D97: 0.375 | E97: * | F97: =CPUE!F97*Effort!F97 -> 29092.861 | H97: 22729.905 | J97: 22673.528 | L97: CLOSED | N97: CLOSED | O97: =SUM(F97:N97) -> 74496.293
A98: 45394 | B98: Fri | C98: -1.1 | D98: 0.40833333 | F98: =8762.47620828718+32907.6907714508 -> 41670.167 | H98: 23744.128 | J98: CLOSED | L98: 41822.796 | N98: CLOSED | O98: =SUM(F98:N98) -> 107237.09
A99: 45395 | B99: Sat | C99: -0.5 | D99: 0.44444444 | E99: * | F99: =CPUE!F99*Effort!F99 -> 69718.557 | H99: 46753.868 | J99: CLOSED | L99: 53758.368 | N99: CLOSED | O99: =SUM(F99:N99) -> 170230.79
A100: 45396 | B100: Sun | C100: 0.1 | D100: 0.48472222 | F100: =CPUE!F100*Effort!F100 -> 19845.107 | H100: CLOSED | J100: =CPUE!J100*Effort!J100 -> 56331.825 | L100: CLOSED | N100: CLOSED | O100: =SUM(F100:N100) -> 76176.933
A102: 45405 | B102: Tue | C102: 0 | D102: 0.29027778 | F102: CLOSED | H102: CLOSED | J102: 6741.1177 | L102: CLOSED | N102: CLOSED | O102: =SUM(F102:N102) -> 6741.1177
A103: 45406 | B103: Wed | C103: -0.4 | D103: 0.3125 | E103: * | F103: =CPUE!F103*Effort!F103 -> 7335.5444 | H103: CLOSED | J103: CLOSED | L103: 6766.8605 | N103: CLOSED | O103: =SUM(F103:N103) -> 14102.405
A104: 45407 | B104: Thu | C104: -0.6 | D104: 0.33541667 | F104: =CPUE!F104*Effort!F104 -> 2931.1755 | H104: 3570.7861 | J104: CLOSED | L104: 5182.0384 | N104: CLOSED | O104: =SUM(F104:N104) -> 11684
A105: 45408 | B105: Fri | C105: -0.7 | D105: 0.36041667 | E105: * | F105: =CPUE!F105*Effort!F105 -> 9142.7869 | G105: * | H105: =CPUE!H105*Effort!H105 -> 9203.8013 | J105: 15474.024 | L105: CLOSED | N105: CLOSED | O105: =SUM(F105:N105) -> 33820.612
A106: 45409 | B106: Sat | C106: -0.7 | D106: 0.38819444 | F106: =CPUE!F106*Effort!F106 -> 14443.248 | H106: 20316.326 | J106: 36315.033 | L106: CLOSED | N106: CLOSED | O106: =SUM(F106:N106) -> 71074.607
A107: 45410 | B107: Sun | C107: -0.5 | D107: 0.42013889 | E107: * | F107: =CPUE!F107*Effort!F107 -> 14079.758 | G107: * | H107: =CPUE!H107*Effort!H107 -> 18035.515 | J107: CLOSED | L107: 23944.101 | N107: CLOSED | O107: =SUM(F107:N107) -> 56059.373
A108: 45411 | B108: Mon | C108: -0.3 | D108: 0.45694444 | F108: =CPUE!F108*Effort!F108 -> 7997.2246 | H108: CLOSED | J108: CLOSED | L108: 6737.6606 | N108: CLOSED | O108: =SUM(F108:N108) -> 14734.885
A110: 45418 | B110: Mon | C110: -0.7 | D110: 0.23680556 | F110: CLOSED | H110: CLOSED | J110: CLOSED | L110: 3892.922 | N110: CLOSED | O110: =SUM(F110:N110) -> 3892.922
A111: 45419 | B111: Tue | C111: -1.5 | D111: 0.26944444 | E111: * | F111: =CPUE!F111*Effort!F111 -> 13996.941 | H111: CLOSED | J111: CLOSED | L111: 10104.975 | N111: CLOSED | O111: =SUM(F111:N111) -> 24101.916
A112: 45420 | B112: Wed | C112: -2 | D112: 0.30069444 | E112: * | F112: =CPUE!F112*Effort!F112 -> 29408.688 | H112: CLOSED | J112: 30729.909 | L112: CLOSED | N112: CLOSED | O112: =SUM(F112:N112) -> 60138.597
A113: 45421 | B113: Thu | C113: -2.1 | D113: 0.33125 | F113: =CPUE!F113*Effort!F113 -> 61644.876 | H113: 27968.713 | J113: 64368.205 | L113: CLOSED | N113: CLOSED | O113: =SUM(F113:N113) -> 153981.79
A114: 45422 | B114: Fri | C114: -1.9 | D114: 0.36180556 | F114: =16948.7627331298+28711.2817892643 -> 45660.045 | G114: * | H114: =CPUE!H114*Effort!H114 -> 45578.55 | J114: CLOSED | L114: 38822.481 | N114: CLOSED | O114: =SUM(F114:N114) -> 130061.08
A115: 45423 | B115: Sat | C115: -1.4 | D115: 0.39375 | F115: =23956.8347789247+45890.5721629784 -> 69847.407 | H115: 77577.562 | J115: CLOSED | L115: 75408.725 | N115: CLOSED | O115: =SUM(F115:N115) -> 222833.69
...

Sheet Effort
A1: Date | B1: Day | C1: Tide | D1: Time | E1: Longbeach | G1: Twin Harbors | I1: Copalis | K1: Mocrocks | M1: Kalaloch | O1: Daily Totals
A2: 45198 | B2: Fri | C2: -0.4 | D2: 0.80416667 | F2: =(3034.79154607489/2571.1998978297*1370.79060301813)+1370.79060301813 -> 2988.737 | H2: 2761.0168 | J2: CLOSED | L2: CLOSED | N2: CLOSED | O2: =SUM(F2:N2) -> 5749.7538
A3: 45199 | B3: Sat | C3: -0.9 | D3: 0.83611111 | E3: * | F3: =F2/H2*H3 -> 4253.9595 | H3: 3929.8384 | J3: 4894.3943 | L3: CLOSED | N3: CLOSED | O3: =SUM(F3:N3) -> 13078.192
A4: 45200 | B4: Sun | C4: -1 | D4: 0.86736111 | E4: * | F4: =F2/H2*H4 -> 2134.3397 | H4: 1971.7183 | J4: CLOSED | L4: CLOSED | N4: CLOSED | O4: =SUM(F4:N4) -> 4106.058
A5: 45201 | B5: Mon | C5: -0.9 | D5: 0.9 | F5: =(3034.79154607489/2571.1998978297*86.0585241725059)+86.0585241725059 -> 187.63354 | G5: * | H5: =H3/J3*J5 -> 454.59801 | J5: 566.17644 | L5: CLOSED | N5: CLOSED | O5: =SUM(F5:N5) -> 1208.408
A7: 45213 | B7: Sat | C7: 0.2 | D7: 0.80347222 | F7: =1079.72462945668+966.623962337087 -> 2046.3486 | G7: * | H7: =H9/L9*L7 -> 2003.9637 | J7: CLOSED | L7: 1765.4039 | N7: CLOSED | O7: =SUM(F7:N7) -> 5815.7163
A8: 45214 | B8: Sun | C8: -0.1 | D8: 0.82777778 | E8: * | F8: =F10/J10*J8 -> 1317.8028 | H8: 858.22633 | J8: 1476.9908 | L8: CLOSED | N8: CLOSED | O8: =SUM(F8:N8) -> 3653.02
A9: 45215 | B9: Mon | C9: -0.3 | D9: 0.85277778 | E9: * | F9: =F7/L7*L9 -> 330.12069 | H9: 323.28309 | J9: CLOSED | L9: 284.79819 | N9: CLOSED | O9: =SUM(F9:N9) -> 938.20197
A10: 45216 | B10: Tue | C10: -0.4 | D10: 0.87916667 | F10: =(1079.72462945668/966.623962337087*166.193568330958)+166.193568330958 -> 351.83276 | G10: * | H10: =H8/J8*J10 -> 229.13301 | J10: 394.33346 | L10: CLOSED | N10: CLOSED | O10: =SUM(F10:N10) -> 975.29923
A11: 45217 | B11: Wed | C11: -0.3 | D11: 0.90902778 | F11: CLOSED | H11: CLOSED | J11: CLOSED | L11: 407.60235 | N11: CLOSED | O11: =SUM(F11:N11) -> 407.60235
A13: 45226 | B13: Fri | C13: -0.4 | D13: 0.7625 | F13: =884.386071404625+1486.01391664187 -> 2370.4 | G13: * | H13: =H15/L15*L13 -> 2389.6521 | J13: CLOSED | L13: 1854.5433 | N13: CLOSED | O13: =SUM(F13:N13) -> 6614.5954
A14: 45227 | B14: Sat | C14: -1 | D14: 0.79375 | F14: =(884.386071404625/1486.01391664187*2699.38644319373)+2699.38644319373 -> 4305.8988 | G14: * | H14: =H16/J16*J14 -> 4132.6286 | J14: 5902.8031 | L14: CLOSED | N14: CLOSED | O14: =SUM(F14:N14) -> 14341.331
A15: 45228 | B15: Sun | C15: -1.3 | D15: 0.82361111 | E15: * | F15: =F13/L13*L15 -> 1984.5659 | H15: 2000.6843 | J15: CLOSED | L15: 1552.6761 | N15: CLOSED | O15: =SUM(F15:N15) -> 5537.9263
A16: 45229 | B16: Mon | C16: -1.3 | D16: 0.85347222 | E16: * | F16: =F14/J14*J16 -> 801.51879 | H16: 769.26551 | J16: 1098.7735 | L16: CLOSED | N16: CLOSED | O16: =SUM(F16:N16) -> 2669.5578
A17: 45230 | B17: Tue | C17: -1 | D17: 0.88333333 | F17: CLOSED | H17: CLOSED | J17: CLOSED | L17: 239.97715 | N17: CLOSED | O17: =SUM(F17:N17) -> 239.97715
A19: 45242 | B19: Sun | C19: -0.3 | D19: 0.74513889 | F19: CLOSED | H19: CLOSED | J19: CLOSED | L19: 1064.3542 | N19: CLOSED | O19: =SUM(F19:N19) -> 1064.3542
A20: 45243 | B20: Mon | C20: -0.7 | D20: 0.77083333 | E20: * | F20: =F21/H21*H20 -> 952.83861 | H20: 857.32218 | J20: 941.25878 | L20: CLOSED | N20: CLOSED | O20: =SUM(F20:N20) -> 2751.4196
A21: 45244 | B21: Tue | C21: -0.9 | D21: 0.79791667 | F21: =(1079.72462945668/966.623962337087*325.977467359895)+325.977467359895 -> 690.09621 | H21: 620.91815 | J21: CLOSED | L21: 550.00002 | N21: CLOSED | O21: =SUM(F21:N21) -> 1861.0144
A22: 45245 | B22: Wed | C22: -0.9 | D22: 0.82708333 | F22: =(1079.72462945668/966.623962337087*123.809522944513)+123.809522944513 -> 262.10549 | G22: * | H22: =H21/F21*F22 -> 235.83096 | J22: 467.41025 | L22: CLOSED | N22: CLOSED | O22: =SUM(F22:N22) -> 965.3467
A23: 45246 | B23: Thu | C23: -0.8 | D23: 0.85902778 | E23: * | F23: =F21/L21*L23 -> 420.2155 | G23: * | H23: =H21/L21*L23 -> 378.09138 | J23: CLOSED | L23: 334.9077 | N23: CLOSED | O23: =SUM(F23:N23) -> 1133.2146
A24: 45247 | B24: Fri | C24: -0.5 | D24: 0.89375 | F24: CLOSED | H24: CLOSED | J24: 982.94927 | L24: CLOSED | N24: CLOSED | O24: =SUM(F24:N24) -> 982.94927
A25: 45248 | B25: Sat | C25: -0.1 | D25: 0.93194444 | F25: CLOSED | H25: CLOSED | J25: CLOSED | L25: 445.65462 | N25: CLOSED | O25: =SUM(F25:N25) -> 445.65462
A27: 45254 | B27: Fri | C27: 0 | D27: 0.67916667 | E27: * | F27: =F29/J29*J27 -> 3934.085 | G27: * | H27: =H29/J29*J27 -> 3163.2227 | J27: 4790.8518 | L27: CLOSED | N27: CLOSED | O27: =SUM(F27:N27) -> 11888.16
A28: 45255 | B28: Sat | C28: -0.7 | D28: 0.71180556 | E28: * | F28: =F30/L30*L28 -> 4216.9935 | H28: 3195.0476 | J28: CLOSED | L28: 4031.2922 | N28: CLOSED | O28: =SUM(F28:N28) -> 11443.333
A29: 45256 | B29: Sun | C29: -1.2 | D29: 0.74236111 | F29: =761.460725913218+1258.74119997899 -> 2020.2019 | H29: 1624.3545 | J29: 2460.1624 | L29: CLOSED | N29: CLOSED | O29: =SUM(F29:N29) -> 6104.7188
A30: 45257 | B30: Mon | C30: -1.3 | D30: 0.77152778 | F30: =(761.460725913218/1258.74119997899*540.502471535061)+540.502471535061 -> 867.4731 | G30: * | H30: =H28/L28*L30 -> 657.24973 | J30: CLOSED | L30: 829.2727 | N30: CLOSED | O30: =SUM(F30:N30) -> 2353.9955
A31: 45258 | B31: Tue | C31: -1.2 | D31: 0.8 | E31: * | F31: =F29/J29*J31 -> 463.41539 | G31: * | H31: =H29/J29*J31 -> 372.6117 | J31: 564.3382 | L31: CLOSED | N31: CLOSED | O31: =SUM(F31:N31) -> 1400.3653
A32: 45259 | B32: Wed | C32: -0.8 | D32: 0.82777778 | F32: CLOSED | H32: CLOSED | J32: CLOSED | L32: 177.37227 | N32: CLOSED | O32: =SUM(F32:N32) -> 177.37227
A34: 45273 | B34: Wed | C34: -1.3 | D34: 0.78819444 | E34: * | F34: =F36/H36*H34 -> 681.94317 | H34: 621.46891 | J34: CLOSED | L34: 608.8808 | N34: CLOSED | O34: =SUM(F34:N34) -> 1912.2929
A35: 45274 | B35: Thu | C35: -1.3 | D35: 0.81875 | F35: =(761.460725913218/1258.74119997899*325.977467359895)+325.977467359895 -> 523.17371 | G35: * | H35: =H36/F36*F35 -> 476.77902 | J35: 652.6164 | L35: CLOSED | N35: CLOSED | O35: =SUM(F35:N35) -> 1652.5691
A36: 45275 | B36: Fri | C36: -1.2 | D36: 0.85069444 | F36: =(761.460725913218/1258.74119997899*491.489589081676)+491.489589081676 -> 788.81045 | H36: 718.85927 | J36: CLOSED | L36: 952.08349 | N36: CLOSED | O36: =SUM(F36:N36) -> 2459.7532
A37: 45276 | B37: Sat | C37: -0.8 | D37: 0.88333333 | E37: * | F37: =F35/J35*J37 -> 1374.5196 | H37: 493.13961 | J37: 1714.6008 | L37: CLOSED | N37: CLOSED | O37: =SUM(F37:N37) -> 3582.26
A38: 45277 | B38: Sun | C38: -0.3 | D38: 0.91736111 | E38: * | F38: =F36/L36*L38 -> 146.41669 | G38: * | H38: =H36/L36*L38 -> 133.43256 | J38: CLOSED | L38: 176.72296 | N38: CLOSED | O38: =SUM(F38:N38) -> 456.57221
A40: 45286 | B40: Tue | C40: -0.9 | D40: 0.7625 | F40: =(761.460725913218/1258.74119997899*579.794922858213)+579.794922858213 -> 930.53506 | G40: * | H40: =H42/J42*J40 -> 992.06937 | J40: 2092.4715 | L40: CLOSED | N40: CLOSED | O40: =SUM(F40:N40) -> 4015.076
A41: 45287 | B41: Wed | C41: -0.8 | D41: 0.78958333 | F41: =(761.460725913218/1258.74119997899*311.326794669562)+311.326794669562 -> 499.66029 | H41: 607.45651 | J41: CLOSED | L41: 786.33371 | N41: CLOSED | O41: =SUM(F41:N41) -> 1893.4505
A42: 45288 | B42: Thu | C42: -0.6 | D42: 0.81597222 | E42: * | F42: =F40/J40*J42 -> 316.43622 | H42: 337.36147 | J42: 711.56242 | L42: CLOSED | N42: CLOSED | O42: =SUM(F42:N42) -> 1365.3601
A43: 45289 | B43: Fri | C43: -0.3 | D43: 0.84097222 | E43: * | F43: =F41/L41*L43 -> 303.16425 | H43: 325.01486 | J43: CLOSED | L43: 477.10069 | N43: CLOSED | O43: =SUM(F43:N43) -> 1105.2798
A45: 45300 | B45: Tue | C45: -0.7 | D45: 0.70972222 | E45: ** | F45: 50 | H45: CLOSED | J45: 64.166667 | L45: CLOSED | N45: CLOSED | O45: =SUM(F45:N45) -> 114.16667
A46: 45301 | B46: Wed | C46: -1.2 | D46: 0.74027778 | F46: =43.044077368225+41.3080916028028 -> 84.352169 | H46: 342.28962 | J46: CLOSED | L46: 279.32451 | N46: CLOSED | O46: =SUM(F46:N46) -> 705.9663
A47: 45302 | B47: Thu | C47: -1.5 | D47: 0.76944444 | F47: =(43.044077368225/41.3080916028028*56.7790774160956)+56.7790774160956 -> 115.94431 | G47: * | H47: =H50/L50*L47 -> 211.15793 | J47: CLOSED | L47: 100.41077 | N47: CLOSED | O47: =SUM(F47:N47) -> 427.51302
A48: 45303 | B48: Fri | C48: -1.6 | D48: 0.79930556 | E48: * | F48: =F50/H50*H48 -> 34.746755 | G48: * | H48: =H49/J49*J48 -> 247.52627 | J48: 371.32351 | L48: CLOSED | N48: CLOSED | O48: =SUM(F48:N48) -> 653.59653
A49: 45304 | B49: Sat | C49: -1.3 | D49: 0.82847222 | E49: * | F49: =F50/H50*H49 -> 38.144241 | H49: 271.72902 | J49: 407.63097 | L49: CLOSED | N49: CLOSED | O49: =SUM(F49:N49) -> 717.50423
A50: 45305 | B50: Sun | C50: -0.8 | D50: 0.85833333 | F50: =(43.044077368225/41.3080916028028*20.3804343303715)+20.3804343303715 -> 41.617363 | H50: 296.47058 | J50: CLOSED | L50: 140.97903 | N50: CLOSED | O50: =SUM(F50:N50) -> 479.06697
A51: 45306 | B51: Mon | C51: 0 | D51: 0.88819444 | F51: CLOSED | H51: CLOSED | J51: CLOSED | L51: 16 | N51: CLOSED | O51: =SUM(F51:N51) -> 16
A53: 45313 | B53: Mon | C53: -0.1 | D53: 0.68611111 | F53: CLOSED | H53: CLOSED | J53: CLOSED | L53: 512.60206 | N53: CLOSED | O53: =SUM(F53:N53) -> 512.60206
A54: 45314 | B54: Tue | C54: -0.3 | D54: 0.71736111 | E54: * | F54: =F55/H55*H54 -> 256.80597 | G54: * | H54: =H57/L57*L54 -> 337.67125 | J54: CLOSED | L54: 611.35329 | N54: CLOSED | O54: =SUM(F54:N54) -> 1205.8305
A55: 45315 | B55: Wed | C55: -0.4 | D55: 0.74513889 | F55: =99.6155189994753+194.055934996761 -> 293.67145 | H55: 386.14525 | J55: 622.76106 | L55: CLOSED | N55: CLOSED | O55: =SUM(F55:N55) -> 1302.5778
A56: 45316 | B56: Thu | C56: -0.4 | D56: 0.76944444 | E56: * | F56: =F55/J55*J56 -> 117.85832 | G56: * | H56: =H55/J55*J56 -> 154.97056 | J56: 249.9309 | L56: CLOSED | N56: CLOSED | O56: =SUM(F56:N56) -> 522.75978
A57: 45317 | B57: Fri | C57: -0.2 | D57: 0.79236111 | E57: * | F57: =F55/H55*H57 -> 98.762058 | H57: 129.86111 | J57: CLOSED | L57: 235.11334 | N57: CLOSED | O57: =SUM(F57:N57) -> 463.7365
A58: 45318 | B58: Sat | C58: 0 | D58: 0.81388889 | F58: =(99.6155189994753/194.055934996761*79.7962666645078)+79.7962666645078 -> 120.75841 | H58: CLOSED | J58: CLOSED | L58: 402.96295 | N58: CLOSED | O58: =SUM(F58:N58) -> 523.72135
A59: 45319 | B59: Sun | C59: 0.4 | D59: 0.83472222 | F59: CLOSED | H59: CLOSED | J59: 215.41666 | L59: CLOSED | N59: CLOSED | O59: =SUM(F59:N59) -> 215.41666
A61: 45328 | B61: Tue | C61: 0 | D61: 0.66111111 | F61: CLOSED | H61: CLOSED | J61: CLOSED | L61: 926.71537 | N61: CLOSED | O61: =SUM(F61:N61) -> 926.71537
A62: 45329 | B62: Wed | C62: -0.7 | D62: 0.69513889 | E62: * | F62: =F63/J63*J62 -> 1407.9162 | G62: * | H62: =H63/J63*J62 -> 947.51419 | J62: 2219.2507 | L62: CLOSED | N62: CLOSED | O62: =SUM(F62:N62) -> 4574.6811
A63: 45330 | B63: Thu | C63: -1.2 | D63: 0.72638889 | F63: =(99.6155189994753/194.055934996761*1326.56571781242)+1326.56571781242 -> 2007.5371 | H63: 1351.0533 | J63: 3164.4127 | L63: CLOSED | N63: CLOSED | O63: =SUM(F63:N63) -> 6523.0031
A64: 45331 | B64: Fri | C64: -1.4 | D64: 0.75625 | E64: * | F64: =F65/L65*L64 -> 1450.174 | H64: 1822.7937 | J64: CLOSED | L64: 1605.0689 | N64: CLOSED | O64: =SUM(F64:N64) -> 4878.0366
A65: 45332 | B65: Sat | C65: -1.4 | D65: 0.78402778 | F65: =(99.6155189994753/194.055934996761*2185.71418367781)+2185.71418367781 -> 3307.7157 | G65: * | H65: =H63/F63*F65 -> 2226.0611 | J65: CLOSED | L65: 3661.0169 | N65: CLOSED | O65: =SUM(F65:N65) -> 9194.7937
A66: 45333 | B66: Sun | C66: -1 | D66: 0.81180556 | E66: * | F66: =F63/J63*J66 -> 145.67947 | H66: 73.95833 | J66: 229.62962 | L66: CLOSED | N66: CLOSED | O66: =SUM(F66:N66) -> 449.26742
A67: 45334 | B67: Mon | C67: -0.3 | D67: 0.83888889 | F67: =(99.6155189994753/194.055934996761*41.6666650109822)+41.6666650109822 -> 63.055583 | H67: CLOSED | J67: 321.98758 | L67: CLOSED | N67: CLOSED | O67: =SUM(F67:N67) -> 385.04317
A69: 45343 | B69: Wed | C69: 0.2 | D69: 0.70555556 | E69: * | F69: =F70/L70*L69 -> 578.88452 | G69: * | H69: =H70/L70*L69 -> 583.81181 | J69: CLOSED | L69: 644.67156 | N69: CLOSED | O69: =SUM(F69:N69) -> 1807.3679
A70: 45344 | B70: Thu | C70: 0.1 | D70: 0.73125 | F70: =390.249172478642+684.672262441713 -> 1074.9214 | H70: 1084.0708 | J70: CLOSED | L70: 1197.0803 | N70: CLOSED | O70: =SUM(F70:N70) -> 3356.0726
A71: 45345 | B71: Fri | C71: 0.1 | D71: 0.75347222 | F71: =(390.249172478642/684.672262441713*1199.60426474253)+1199.60426474253 -> 1883.3541 | G71: * | H71: =H72/J72*J71 -> 1058.4787 | J71: 2415.9771 | L71: CLOSED | N71: CLOSED | O71: =SUM(F71:N71) -> 5357.8098
A72: 45346 | B72: Sat | C72: 0.2 | D72: 0.77361111 | E72: * | F72: =F71/J71*J72 -> 3298.9313 | H72: 1854.0583 | J72: 4231.8872 | L72: CLOSED | N72: CLOSED | O72: =SUM(F72:N72) -> 9384.8767
A73: 45347 | B73: Sun | C73: 0.4 | D73: 0.79305556 | E73: * | F73: =F70/L70*L73 -> 136.18948 | H73: CLOSED | J73: CLOSED | L73: 151.66666 | N73: CLOSED | O73: =SUM(F73:N73) -> 287.85614
A75: 45358 | B75: Thu | C75: -0.5 | D75: 0.67708333 | F75: =(390.249172478642/684.672262441713*866.682221306295)+866.682221306295 -> 1360.6733 | H75: 1013.1713 | J75: 1411.8356 | L75: CLOSED | N75: CLOSED | O75: =SUM(F75:N75) -> 3785.6802
A76: 45359 | B76: Fri | C76: -0.8 | D76: 0.70833333 | F76: =(390.249172478642/684.672262441713*1178.59600090986)+1178.59600090986 -> 1850.3716 | G76: * | H76: =H75/F75*F76 -> 1377.8056 | J76: CLOSED | L76: 1741.7443 | N76: CLOSED | O76: =SUM(F76:N76) -> 4969.9215
A77: 45360 | B77: Sat | C77: -0.9 | D77: 0.7375 | E77: * | F77: =F76/L76*L77 -> 1826.1239 | H77: 1958.1463 | J77: CLOSED | L77: 1718.9201 | N77: CLOSED | O77: =SUM(F77:N77) -> 5503.1902
A78: 45361 | B78: Sun | C78: -0.7 | D78: 0.80694444 | E78: * | F78: =F75/J75*J78 -> 755.26171 | H78: 291.66666 | J78: 783.66009 | L78: CLOSED | N78: CLOSED | O78: =SUM(F78:N78) -> 1830.5885
A79: 45362 | B79: Mon | C79: -0.2 | D79: 0.83333333 | F79: =(390.249172478642/684.672262441713*34.7953476395393)+34.7953476395393 -> 54.627983 | G79: * | H79: =H75/J75*J79 -> 137.41273 | J79: 191.48213 | L79: CLOSED | N79: CLOSED | O79: =SUM(F79:N79) -> 383.52284
A80: 45363 | B80: Tue | C80: -0.3 | D80: 0.35625 | E80: * | F80: =F76/L76*L80 -> 329.68671 | H80: CLOSED | J80: CLOSED | L80: 310.33224 | N80: CLOSED | O80: =SUM(F80:N80) -> 640.01894
A81: 45364 | B81: Wed | C81: -0.4 | D81: 0.38958333 | E81: * | F81: =F76/L76*L81 -> 1111.7081 | H81: CLOSED | J81: CLOSED | L81: 1046.4446 | N81: CLOSED | O81: =SUM(F81:N81) -> 2158.1527
A82: 45365 | B82: Thu | C82: -0.3 | D82: 0.425 | F82: =(390.249172478642/684.672262441713*851.686161241434)+851.686161241434 -> 1337.1298 | H82: CLOSED | J82: CLOSED | L82: 1138.6862 | N82: CLOSED | O82: =SUM(F82:N82) -> 2475.816
A83: 45366 | B83: Fri | C83: 0.1 | D83: 0.46388889 | F83: CLOSED | H83: CLOSED | J83: 2768.0075 | L83: CLOSED | N83: CLOSED | O83: =SUM(F83:N83) -> 2768.0075
A84: 45367 | B84: Sat | C84: 0.5 | D84: 0.50694444 | F84: CLOSED | H84: CLOSED | J84: 7233.5878 | L84: CLOSED | N84: CLOSED | O84: =SUM(F84:N84) -> 7233.5878
A85: 45368 | B85: Sun | C85: 0.9 | D85: 0.55763889 | F85: CLOSED | H85: CLOSED | J85: CLOSED | L85: 3650.49 | N85: CLOSED | O85: =SUM(F85:N85) -> 3650.49
A87: 45377 | B87: Tue | C87: 0.7 | D87: 0.32916667 | F87: CLOSED | H87: CLOSED | J87: 626.33311 | L87: CLOSED | N87: CLOSED | O87: =SUM(F87:N87) -> 626.33311
A88: 45378 | B88: Wed | C88: 0.4 | D88: 0.35138889 | E88: * | F88: =F92/L92*L88 -> 252.83439 | H88: CLOSED | J88: CLOSED | L88: 282.97581 | N88: CLOSED | O88: =SUM(F88:N88) -> 535.8102
A89: 45379 | B89: Thu | C89: 0.3 | D89: 0.37569444 | E89: * | F89: =F92/L92*L89 -> 278.21729 | G89: * | H89: =H92/L92*L89 -> 313.03384 | J89: CLOSED | L89: 311.38471 | N89: CLOSED | O89: =SUM(F89:N89) -> 902.63585
A90: 45380 | B90: Fri | C90: 0.3 | D90: 0.40208333 | F90: =354.813979541911+511.785001623397 -> 866.59898 | H90: 975.04655 | J90: 1399.8278 | L90: CLOSED | N90: CLOSED | O90: =SUM(F90:N90) -> 3241.4733
A91: 45381 | B91: Sat | C91: 0.4 | D91: 0.43263889 | F91: =(354.813979541911/511.785001623397*1185.59944016218)+1185.59944016218 -> 2007.5603 | H91: 2836.2521 | J91: 3083.4871 | L91: CLOSED | N91: CLOSED | O91: =SUM(F91:N91) -> 7927.2995
A92: 45382 | B92: Sun | C92: 0.6 | D92: 0.46944444 | E92: * | F92: =F90/H90*H92 -> 1506.9807 | H92: 1695.5667 | J92: CLOSED | L92: 1686.6341 | N92: CLOSED | O92: =SUM(F92:N92) -> 4889.1815
A94: 45390 | B94: Mon | C94: -0.5 | D94: 0.28055556 | F94: CLOSED | H94: CLOSED | J94: CLOSED | L94: 494.80944 | N94: CLOSED | O94: =SUM(F94:N94) -> 494.80944
A95: 45391 | B95: Tue | C95: -1.2 | D95: 0.31180556 | E95: * | F95: =F98/L98*L95 -> 1299.699 | H95: CLOSED | J95: CLOSED | L95: 1433.1356 | N95: CLOSED | O95: =SUM(F95:N95) -> 2732.8346
A96: 45392 | B96: Wed | C96: -1.5 | D96: 0.34305556 | F96: =(584.165080552479/2276.22366996201*3459.25507819103)+3459.25507819103 -> 4347.0308 | G96: * | H96: =H98/F98*F96 -> 2928.7787 | J96: 3577.8309 | L96: CLOSED | N96: CLOSED | O96: =SUM(F96:N96) -> 10853.64
A97: 45393 | B97: Thu | C97: -1.4 | D97: 0.375 | E97: * | F97: =F98/H98*H97 -> 2424.405 | H97: 1633.4244 | J97: 2162.7057 | L97: CLOSED | N97: CLOSED | O97: =SUM(F97:N97) -> 6220.5351
A98: 45394 | B98: Fri | C98: -1.1 | D98: 0.40833333 | F98: =584.165080552479+2276.22366996201 -> 2860.3888 | H98: 1927.165 | J98: CLOSED | L98: 3154.057 | N98: CLOSED | O98: =SUM(F98:N98) -> 7941.6108
A99: 45395 | B99: Sat | C99: -0.5 | D99: 0.44444444 | E99: * | F99: =F98/H98*H99 -> 5577.4845 | H99: 3757.7875 | J99: CLOSED | L99: 4225.0215 | N99: CLOSED | O99: =SUM(F99:N99) -> 13560.294
A100: 45396 | B100: Sun | C100: 0.1 | D100: 0.48472222 | F100: =(584.165080552479/2276.22366996201*1373.23696245838)+1373.23696245838 -> 1725.6615 | H100: CLOSED | J100: 4898.4196 | L100: CLOSED | N100: CLOSED | O100: =SUM(F100:N100) -> 6624.0811
A102: 45405 | B102: Tue | C102: 0 | D102: 0.29027778 | F102: CLOSED | H102: CLOSED | J102: 469.83547 | L102: CLOSED | N102: CLOSED | O102: =SUM(F102:N102) -> 469.83547
A103: 45406 | B103: Wed | C103: -0.4 | D103: 0.3125 | E103: * | F103: =F108/L108*L103 -> 505.89961 | H103: CLOSED | J103: CLOSED | L103: 461.73872 | N103: CLOSED | O103: =SUM(F103:N103) -> 967.63833
A104: 45407 | B104: Thu | C104: -0.6 | D104: 0.33541667 | F104: =(584.165080552479/2276.22366996201*178.057555789305)+178.057555789305 -> 223.75386 | H104: 286.61828 | J104: CLOSED | L104: 374.25833 | N104: CLOSED | O104: =SUM(F104:N104) -> 884.63047
A105: 45408 | B105: Fri | C105: -0.7 | D105: 0.36041667 | E105: * | F105: =F106/J106*J105 -> 653.05621 | G105: * | H105: =H106/J106*J105 -> 657.41438 | J105: 1095.894 | L105: CLOSED | N105: CLOSED | O105: =SUM(F105:N105) -> 2406.3646
A106: 45409 | B106: Sat | C106: -0.7 | D106: 0.38819444 | F106: =(354.813979541911/511.785001623397*861.586857311251)+861.586857311251 -> 1458.914 | H106: 1468.65 | J106: 2448.2045 | L106: CLOSED | N106: CLOSED | O106: =SUM(F106:N106) -> 5375.7685
A107: 45410 | B107: Sun | C107: -0.5 | D107: 0.42013889 | E107: * | F107: =F104/L104*L107 -> 1224.3268 | G107: * | H107: =H104/L104*L107 -> 1568.3056 | J107: CLOSED | L107: 2047.8507 | N107: CLOSED | O107: =SUM(F107:N107) -> 4840.4831
A108: 45411 | B108: Mon | C108: -0.3 | D108: 0.45694444 | F108: =(584.165080552479/2276.22366996201*424.26568498082)+424.26568498082 -> 533.14831 | H108: CLOSED | J108: CLOSED | L108: 486.60882 | N108: CLOSED | O108: =SUM(F108:N108) -> 1019.7571
A110: 45418 | B110: Mon | C110: -0.7 | D110: 0.23680556 | F110: CLOSED | H110: CLOSED | J110: CLOSED | L110: 259.52813 | N110: CLOSED | O110: =SUM(F110:N110) -> 259.52813
A111: 45419 | B111: Tue | C111: -1.5 | D111: 0.26944444 | E111: * | F111: =F114/L114*L111 -> 933.12941 | H111: CLOSED | J111: CLOSED | L111: 673.665 | N111: CLOSED | O111: =SUM(F111:N111) -> 1606.7944
A112: 45420 | B112: Wed | C112: -2 | D112: 0.30069444 | E112: * | F112: =F113/J113*J112 -> 1960.5792 | H112: CLOSED | J112: 2047.1931 | L112: CLOSED | N112: CLOSED | O112: =SUM(F112:N112) -> 4007.7723
A113: 45421 | B113: Thu | C113: -2.1 | D113: 0.33125 | F113: =(1412.39689442749/2325.52438168496*2556.79832098653)+2556.79832098653 -> 4109.6584 | H113: 2097.6535 | J113: 4291.2137 | L113: CLOSED | N113: CLOSED | O113: =SUM(F113:N113) -> 10498.526
A114: 45422 | B114: Fri | C114: -1.9 | D114: 0.36180556 | F114: =1412.39689442749+2325.52438168496 -> 3737.9213 | G114: * | H114: =H115/L115*L114 -> 3255.6107 | J114: CLOSED | L114: 2698.5611 | N114: CLOSED | O114: =SUM(F114:N114) -> 9692.0931
A115: 45423 | B115: Sat | C115: -1.4 | D115: 0.39375 | F115: =2395.68347789247+2804.42385440424 -> 5200.1073 | H115: 6101.606 | J115: CLOSED | L115: 5057.5939 | N115: CLOSED | O115: =SUM(F115:N115) -> 16359.307
...

Sheet CPUE
A1: Date | B1: Day | C1: Tide | D1: Time | E1: Longbeach | G1: Twin Harbors | I1: Copalis | K1: Mocrocks | M1: Kalaloch | O1: Daily Totals
A2: 45198 | B2: Fri | C2: -0.4 | D2: 0.80416667 | F2: 14.9 | H2: =+Harvest!H2/Effort!H2 -> 14.863636 | J2: CLOSED | L2: CLOSED | N2: CLOSED | O2: =+Harvest!O2/Effort!O2 -> 14.882538
A3: 45199 | B3: Sat | C3: -0.9 | D3: 0.83611111 | E3: * | F3: 14.9 | H3: =+Harvest!H3/Effort!H3 -> 14.875 | J3: =+Harvest!J3/Effort!J3 -> 14.867925 | L3: CLOSED | N3: CLOSED | O3: =+Harvest!O3/Effort!O3 -> 14.880484
A4: 45200 | B4: Sun | C4: -1 | D4: 0.86736111 | E4: * | F4: 14.5 | H4: =+Harvest!H4/Effort!H4 -> 14.566038 | J4: CLOSED | L4: CLOSED | N4: CLOSED | O4: =+Harvest!O4/Effort!O4 -> 14.531711
A5: 45201 | B5: Mon | C5: -0.9 | D5: 0.9 | F5: 2.1 | G5: * | H5: 5 | J5: =+Harvest!J5/Effort!J5 -> 7.7142857 | L5: CLOSED | N5: CLOSED | O5: =+Harvest!O5/Effort!O5 -> 5.8214339
A7: 45213 | B7: Sat | C7: 0.2 | D7: 0.80347222 | F7: =+Harvest!F7/Effort!F7 -> 6.6281423 | G7: * | H7: 10.5 | J7: CLOSED | L7: =+Harvest!L7/Effort!L7 -> 12.490196 | N7: CLOSED | O7: =+Harvest!O7/Effort!O7 -> 9.7417666
A8: 45214 | B8: Sun | C8: -0.1 | D8: 0.82777778 | E8: * | F8: 5 | H8: =+Harvest!H8/Effort!H8 -> 3.8095238 | J8: =+Harvest!J8/Effort!J8 -> 8.84 | L8: CLOSED | N8: CLOSED | O8: =+Harvest!O8/Effort!O8 -> 6.2729048
A9: 45215 | B9: Mon | C9: -0.3 | D9: 0.85277778 | E9: * | F9: 13 | H9: =+Harvest!H9/Effort!H9 -> 13.111111 | J9: CLOSED | L9: =+Harvest!L9/Effort!L9 -> 14 | N9: CLOSED | O9: =+Harvest!O9/Effort!O9 -> 13.341844
A10: 45216 | B10: Tue | C10: -0.4 | D10: 0.87916667 | F10: 12.6 | G10: * | H10: 13 | J10: =+Harvest!J10/Effort!J10 -> 13.608696 | L10: CLOSED | N10: CLOSED | O10: =+Harvest!O10/Effort!O10 -> 13.101811
A11: 45217 | B11: Wed | C11: -0.3 | D11: 0.90902778 | F11: CLOSED | H11: CLOSED | J11: CLOSED | L11: =+Harvest!L11/Effort!L11 -> 9.2352941 | N11: CLOSED | O11: =+Harvest!O11/Effort!O11 -> 9.2352941
A13: 45226 | B13: Fri | C13: -0.4 | D13: 0.7625 | F13: =+Harvest!F13/Effort!F13 -> 14.658884 | G13: * | H13: 14.7 | J13: CLOSED | L13: =+Harvest!L13/Effort!L13 -> 14.636364 | N13: CLOSED | O13: =+Harvest!O13/Effort!O13 -> 14.667424
A14: 45227 | B14: Sat | C14: -1 | D14: 0.79375 | F14: 15 | G14: * | H14: 15 | J14: =+Harvest!J14/Effort!J14 -> 15 | L14: CLOSED | N14: CLOSED | O14: =+Harvest!O14/Effort!O14 -> 15
A15: 45228 | B15: Sun | C15: -1.3 | D15: 0.82361111 | E15: * | F15: 14.5 | H15: =+Harvest!H15/Effort!H15 -> 14.80597 | J15: CLOSED | L15: =+Harvest!L15/Effort!L15 -> 14.439024 | N15: CLOSED | O15: =+Harvest!O15/Effort!O15 -> 14.593442
A16: 45229 | B16: Mon | C16: -1.3 | D16: 0.85347222 | E16: * | F16: 14.5 | H16: =+Harvest!H16/Effort!H16 -> 14.478261 | J16: =+Harvest!J16/Effort!J16 -> 15 | L16: CLOSED | N16: CLOSED | O16: =+Harvest!O16/Effort!O16 -> 14.699533
A17: 45230 | B17: Tue | C17: -1 | D17: 0.88333333 | F17: CLOSED | H17: CLOSED | J17: CLOSED | L17: =+Harvest!L17/Effort!L17 -> 14.5 | N17: CLOSED | O17: =+Harvest!O17/Effort!O17 -> 14.5
A19: 45242 | B19: Sun | C19: -0.3 | D19: 0.74513889 | F19: CLOSED | H19: CLOSED | J19: CLOSED | L19: =+Harvest!L19/Effort!L19 -> 6.6551724 | N19: CLOSED | O19: =+Harvest!O19/Effort!O19 -> 6.6551724
A20: 45243 | B20: Mon | C20: -0.7 | D20: 0.77083333 | E20: * | F20: 10 | H20: =+Harvest!H20/Effort!H20 -> 10 | J20: =+Harvest!J20/Effort!J20 -> 9.9310345 | L20: CLOSED | N20: CLOSED | O20: =+Harvest!O20/Effort!O20 -> 9.9764069
A21: 45244 | B21: Tue | C21: -0.9 | D21: 0.79791667 | F21: 10.4 | H21: =+Harvest!H21/Effort!H21 -> 11.764706 | J21: CLOSED | L21: =+Harvest!L21/Effort!L21 -> 14.666667 | N21: CLOSED | O21: =+Harvest!O21/Effort!O21 -> 12.116288
A22: 45245 | B22: Wed | C22: -0.9 | D22: 0.82708333 | F22: 14.7 | G22: * | H22: 14.5 | J22: =+Harvest!J22/Effort!J22 -> 14.380952 | L22: CLOSED | N22: CLOSED | O22: =+Harvest!O22/Effort!O22 -> 14.496661
A23: 45246 | B23: Thu | C23: -0.8 | D23: 0.85902778 | E23: * | F23: 13 | G23: * | H23: 13 | J23: CLOSED | L23: =+Harvest!L23/Effort!L23 -> 13.125 | N23: CLOSED | O23: =+Harvest!O23/Effort!O23 -> 13.036942
A24: 45247 | B24: Fri | C24: -0.5 | D24: 0.89375 | F24: CLOSED | H24: CLOSED | J24: =+Harvest!J24/Effort!J24 -> 15 | L24: CLOSED | N24: CLOSED | O24: =+Harvest!O24/Effort!O24 -> 15
A25: 45248 | B25: Sat | C25: -0.1 | D25: 0.93194444 | F25: CLOSED | H25: CLOSED | J25: CLOSED | L25: =+Harvest!L25/Effort!L25 -> 3.15625 | N25: CLOSED | O25: =+Harvest!O25/Effort!O25 -> 3.15625
A27: 45254 | B27: Fri | C27: 0 | D27: 0.67916667 | E27: * | F27: 14 | G27: * | H27: 14 | J27: =+Harvest!J27/Effort!J27 -> 14.294118 | L27: CLOSED | N27: CLOSED | O27: =+Harvest!O27/Effort!O27 -> 14.118528
A28: 45255 | B28: Sat | C28: -0.7 | D28: 0.71180556 | E28: * | F28: 13.5 | H28: =+Harvest!H28/Effort!H28 -> 13.085106 | J28: CLOSED | L28: =+Harvest!L28/Effort!L28 -> 14.782609 | N28: CLOSED | O28: =+Harvest!O28/Effort!O28 -> 13.836
A29: 45256 | B29: Sun | C29: -1.2 | D29: 0.74236111 | F29: =+Harvest!F29/Effort!F29 -> 13.498159 | H29: =+Harvest!H29/Effort!H29 -> 13.037736 | J29: =+Harvest!J29/Effort!J29 -> 14.727273 | L29: CLOSED | N29: CLOSED | O29: =+Harvest!O29/Effort!O29 -> 13.870974
A30: 45257 | B30: Mon | C30: -1.3 | D30: 0.77152778 | F30: 14.5 | G30: * | H30: 14 | J30: CLOSED | L30: =+Harvest!L30/Effort!L30 -> 13.5 | N30: CLOSED | O30: =+Harvest!O30/Effort!O30 -> 14.008114
A31: 45258 | B31: Tue | C31: -1.2 | D31: 0.8 | E31: * | F31: 13.5 | G31: * | H31: 13.5 | J31: =+Harvest!J31/Effort!J31 -> 13.625 | L31: CLOSED | N31: CLOSED | O31: =+Harvest!O31/Effort!O31 -> 13.550374
A32: 45259 | B32: Wed | C32: -0.8 | D32: 0.82777778 | F32: CLOSED | H32: CLOSED | J32: CLOSED | L32: =+Harvest!L32/Effort!L32 -> 14.666667 | N32: CLOSED | O32: =+Harvest!O32/Effort!O32 -> 14.666667
A34: 45273 | B34: Wed | C34: -1.3 | D34: 0.78819444 | E34: * | F34: 13 | H34: =+Harvest!H34/Effort!H34 -> 9.7857143 | J34: CLOSED | L34: =+Harvest!L34/Effort!L34 -> 13.333333 | N34: CLOSED | O34: =+Harvest!O34/Effort!O34 -> 12.061536
A35: 45274 | B35: Thu | C35: -1.3 | D35: 0.81875 | F35: 10.1 | G35: * | H35: 10 | J35: =+Harvest!J35/Effort!J35 -> 14.259259 | L35: CLOSED | N35: CLOSED | O35: =+Harvest!O35/Effort!O35 -> 11.713683
A36: 45275 | B36: Fri | C36: -1.2 | D36: 0.85069444 | F36: 12.7 | H36: =+Harvest!H36/Effort!H36 -> 10.944444 | J36: CLOSED | L36: =+Harvest!L36/Effort!L36 -> 9.3 | N36: CLOSED | O36: =+Harvest!O36/Effort!O36 -> 10.870922
A37: 45276 | B37: Sat | C37: -0.8 | D37: 0.88333333 | E37: * | F37: 14.5 | H37: =+Harvest!H37/Effort!H37 -> 13.307692 | J37: =+Harvest!J37/Effort!J37 -> 15 | L37: CLOSED | N37: CLOSED | O37: =+Harvest!O37/Effort!O37 -> 14.575183
A38: 45277 | B38: Sun | C38: -0.3 | D38: 0.91736111 | E38: * | F38: 15 | G38: * | H38: 15 | J38: CLOSED | L38: =+Harvest!L38/Effort!L38 -> 14.818182 | N38: CLOSED | O38: =+Harvest!O38/Effort!O38 -> 14.929625
A40: 45286 | B40: Tue | C40: -0.9 | D40: 0.7625 | F40: 2.2 | G40: * | H40: 5 | J40: =+Harvest!J40/Effort!J40 -> 8.9354839 | L40: CLOSED | N40: CLOSED | O40: =+Harvest!O40/Effort!O40 -> 6.4020631
A41: 45287 | B41: Wed | C41: -0.8 | D41: 0.78958333 | F41: 4.3 | H41: =+Harvest!H41/Effort!H41 -> 6.125 | J41: CLOSED | L41: =+Harvest!L41/Effort!L41 -> 11.1 | N41: CLOSED | O41: =+Harvest!O41/Effort!O41 -> 7.7094777
A42: 45288 | B42: Thu | C42: -0.6 | D42: 0.81597222 | E42: * | F42: 3 | H42: =+Harvest!H42/Effort!H42 -> 1.862069 | J42: =+Harvest!J42/Effort!J42 -> 4.2580645 | L42: CLOSED | N42: CLOSED | O42: =+Harvest!O42/Effort!O42 -> 3.374478
A43: 45289 | B43: Fri | C43: -0.3 | D43: 0.84097222 | E43: * | F43: 6 | H43: =+Harvest!H43/Effort!H43 -> 1.2272727 | J43: CLOSED | L43: =+Harvest!L43/Effort!L43 -> 13.083333 | N43: CLOSED | O43: =+Harvest!O43/Effort!O43 -> 7.6541114
A45: 45300 | B45: Tue | C45: -0.7 | D45: 0.70972222 | E45: ** | F45: 4 | H45: CLOSED | J45: =+Harvest!J45/Effort!J45 -> 3.8571429 | L45: CLOSED | N45: CLOSED | O45: =+Harvest!O45/Effort!O45 -> 3.919708
A46: 45301 | B46: Wed | C46: -1.2 | D46: 0.74027778 | F46: 10.7 | H46: =+Harvest!H46/Effort!H46 -> 9.5 | J46: CLOSED | L46: =+Harvest!L46/Effort!L46 -> 10.8125 | N46: CLOSED | O46: =+Harvest!O46/Effort!O46 -> 10.269887
A47: 45302 | B47: Thu | C47: -1.5 | D47: 0.76944444 | F47: 3 | G47: * | H47: 3 | J47: CLOSED | L47: =+Harvest!L47/Effort!L47 -> 2.7272727 | N47: CLOSED | O47: =+Harvest!O47/Effort!O47 -> 2.935944
A48: 45303 | B48: Fri | C48: -1.6 | D48: 0.79930556 | E48: * | F48: 9 | G48: * | H48: 9 | J48: =+Harvest!J48/Effort!J48 -> 9.2592593 | L48: CLOSED | N48: CLOSED | O48: =+Harvest!O48/Effort!O48 -> 9.1472913
A49: 45304 | B49: Sat | C49: -1.3 | D49: 0.82847222 | E49: * | F49: 9 | H49: =+Harvest!H49/Effort!H49 -> 8.0588235 | J49: =+Harvest!J49/Effort!J49 -> 8.56 | L49: CLOSED | N49: CLOSED | O49: =+Harvest!O49/Effort!O49 -> 8.3935888
A50: 45305 | B50: Sun | C50: -0.8 | D50: 0.85833333 | F50: 5.7 | H50: =+Harvest!H50/Effort!H50 -> 7.5 | J50: CLOSED | L50: =+Harvest!L50/Effort!L50 -> 9.2857143 | N50: CLOSED | O50: =+Harvest!O50/Effort!O50 -> 7.869128
A51: 45306 | B51: Mon | C51: 0 | D51: 0.88819444 | F51: CLOSED | H51: CLOSED | J51: CLOSED | L51: =+Harvest!L51/Effort!L51 -> 3.75 | N51: CLOSED | O51: =+Harvest!O51/Effort!O51 -> 3.75
A53: 45313 | B53: Mon | C53: -0.1 | D53: 0.68611111 | F53: CLOSED | H53: CLOSED | J53: CLOSED | L53: =+Harvest!L53/Effort!L53 -> 15 | N53: CLOSED | O53: =+Harvest!O53/Effort!O53 -> 15
A54: 45314 | B54: Tue | C54: -0.3 | D54: 0.71736111 | E54: * | F54: 10 | G54: * | H54: 10 | J54: CLOSED | L54: =+Harvest!L54/Effort!L54 -> 13.970588 | N54: CLOSED | O54: =+Harvest!O54/Effort!O54 -> 12.013079
A55: 45315 | B55: Wed | C55: -0.4 | D55: 0.74513889 | F55: =+Harvest!F55/Effort!F55 -> 7.9038146 | H55: =+Harvest!H55/Effort!H55 -> 10.041667 | J55: =+Harvest!J55/Effort!J55 -> 8.0434783 | L55: CLOSED | N55: CLOSED | O55: =+Harvest!O55/Effort!O55 -> 8.6043474
A56: 45316 | B56: Thu | C56: -0.4 | D56: 0.76944444 | E56: * | F56: 4 | G56: * | H56: 4 | J56: =+Harvest!J56/Effort!J56 -> 4.2380952 | L56: CLOSED | N56: CLOSED | O56: =+Harvest!O56/Effort!O56 -> 4.1138331
A57: 45317 | B57: Fri | C57: -0.2 | D57: 0.79236111 | E57: * | F57: 1 | H57: =+Harvest!H57/Effort!H57 -> 0.18181818 | J57: CLOSED | L57: =+Harvest!L57/Effort!L57 -> 2.8823529 | N57: CLOSED | O57: =+Harvest!O57/Effort!O57 -> 1.7252314
A58: 45318 | B58: Sat | C58: 0 | D58: 0.81388889 | F58: 0.5 | H58: CLOSED | J58: CLOSED | L58: =+Harvest!L58/Effort!L58 -> 0.1875 | N58: CLOSED | O58: =+Harvest!O58/Effort!O58 -> 0.2595555
A59: 45319 | B59: Sun | C59: 0.4 | D59: 0.83472222 | F59: CLOSED | H59: CLOSED | J59: =+Harvest!J59/Effort!J59 -> 1.0909091 | L59: CLOSED | N59: CLOSED | O59: =+Harvest!O59/Effort!O59 -> 1.0909091
A61: 45328 | B61: Tue | C61: 0 | D61: 0.66111111 | F61: CLOSED | H61: CLOSED | J61: CLOSED | L61: =+Harvest!L61/Effort!L61 -> 14.875 | N61: CLOSED | O61: =+Harvest!O61/Effort!O61 -> 14.875
A62: 45329 | B62: Wed | C62: -0.7 | D62: 0.69513889 | E62: * | F62: 14 | G62: * | H62: 14 | J62: =+Harvest!J62/Effort!J62 -> 13.983051 | L62: CLOSED | N62: CLOSED | O62: =+Harvest!O62/Effort!O62 -> 13.991778
A63: 45330 | B63: Thu | C63: -1.2 | D63: 0.72638889 | F63: 13.9 | H63: =+Harvest!H63/Effort!H63 -> 13.677966 | J63: =+Harvest!J63/Effort!J63 -> 12.266667 | L63: CLOSED | N63: CLOSED | O63: =+Harvest!O63/Effort!O63 -> 13.061656
A64: 45331 | B64: Fri | C64: -1.4 | D64: 0.75625 | E64: * | F64: 14.5 | H64: =+Harvest!H64/Effort!H64 -> 14.225806 | J64: CLOSED | L64: =+Harvest!L64/Effort!L64 -> 14.489362 | N64: CLOSED | O64: =+Harvest!O64/Effort!O64 -> 14.394041
A65: 45332 | B65: Sat | C65: -1.4 | D65: 0.78402778 | F65: 7 | G65: * | H65: 9 | J65: CLOSED | L65: =+Harvest!L65/Effort!L65 -> 11.077922 | N65: CLOSED | O65: =+Harvest!O65/Effort!O65 -> 9.1078737
A66: 45333 | B66: Sun | C66: -1 | D66: 0.81180556 | E66: * | F66: 5 | H66: =+Harvest!H66/Effort!H66 -> 2.2 | J66: =+Harvest!J66/Effort!J66 -> 6.125 | L66: CLOSED | N66: CLOSED | O66: =+Harvest!O66/Effort!O66 -> 5.1140746
A67: 45334 | B67: Mon | C67: -0.3 | D67: 0.83888889 | F67: 10 | H67: CLOSED | J67: =+Harvest!J67/Effort!J67 -> 9.5 | L67: CLOSED | N67: CLOSED | O67: =+Harvest!O67/Effort!O67 -> 9.5818812
A69: 45343 | B69: Wed | C69: 0.2 | D69: 0.70555556 | E69: * | F69: 13.5 | G69: * | H69: 13.5 | J69: CLOSED | L69: =+Harvest!L69/Effort!L69 -> 13.541667 | N69: CLOSED | O69: =+Harvest!O69/Effort!O69 -> 13.514862
A70: 45344 | B70: Thu | C70: 0.1 | D70: 0.73125 | F70: =+Harvest!F70/Effort!F70 -> 14.056073 | H70: =+Harvest!H70/Effort!H70 -> 15 | J70: CLOSED | L70: =+Harvest!L70/Effort!L70 -> 15 | N70: CLOSED | O70: =+Harvest!O70/Effort!O70 -> 14.697668
A71: 45345 | B71: Fri | C71: 0.1 | D71: 0.75347222 | F71: 14.7 | G71: * | H71: 14 | J71: =+Harvest!J71/Effort!J71 -> 14.214286 | L71: CLOSED | N71: CLOSED | O71: =+Harvest!O71/Effort!O71 -> 14.342688
A72: 45346 | B72: Sat | C72: 0.2 | D72: 0.77361111 | E72: * | F72: 10 | H72: =+Harvest!H72/Effort!H72 -> 10.354839 | J72: =+Harvest!J72/Effort!J72 -> 10.121951 | L72: CLOSED | N72: CLOSED | O72: =+Harvest!O72/Effort!O72 -> 10.125092
A73: 45347 | B73: Sun | C73: 0.4 | D73: 0.79305556 | E73: * | F73: 4 | H73: CLOSED | J73: CLOSED | L73: =+Harvest!L73/Effort!L73 -> 3.8823529 | N73: CLOSED | O73: =+Harvest!O73/Effort!O73 -> 3.9380137
A75: 45358 | B75: Thu | C75: -0.5 | D75: 0.67708333 | F75: 15 | H75: =+Harvest!H75/Effort!H75 -> 14.375 | J75: =+Harvest!J75/Effort!J75 -> 14.730769 | L75: CLOSED | N75: CLOSED | O75: =+Harvest!O75/Effort!O75 -> 14.732322
A76: 45359 | B76: Fri | C76: -0.8 | D76: 0.70833333 | F76: 15 | G76: * | H76: 14.5 | J76: CLOSED | L76: =+Harvest!L76/Effort!L76 -> 14.21978 | N76: CLOSED | O76: =+Harvest!O76/Effort!O76 -> 14.587952
A77: 45360 | B77: Sat | C77: -0.9 | D77: 0.7375 | E77: * | F77: 7.5 | H77: =+Harvest!H77/Effort!H77 -> 4.3939394 | J77: CLOSED | L77: =+Harvest!L77/Effort!L77 -> 11.020833 | N77: CLOSED | O77: =+Harvest!O77/Effort!O77 -> 7.4945323
A78: 45361 | B78: Sun | C78: -0.7 | D78: 0.80694444 | E78: * | F78: 5 | H78: =+Harvest!H78/Effort!H78 -> 2.8 | J78: =+Harvest!J78/Effort!J78 -> 7.7272727 | L78: CLOSED | N78: CLOSED | O78: =+Harvest!O78/Effort!O78 -> 5.8169986
A79: 45362 | B79: Mon | C79: -0.2 | D79: 0.83333333 | F79: 4 | G79: * | H79: 4 | J79: =+Harvest!J79/Effort!J79 -> 3.8 | L79: CLOSED | N79: CLOSED | O79: =+Harvest!O79/Effort!O79 -> 3.9001456
A80: 45363 | B80: Tue | C80: -0.3 | D80: 0.35625 | E80: * | F80: 9.5 | H80: CLOSED | J80: CLOSED | L80: =+Harvest!L80/Effort!L80 -> 9.4285714 | N80: CLOSED | O80: =+Harvest!O80/Effort!O80 -> 9.4653657
A81: 45364 | B81: Wed | C81: -0.4 | D81: 0.38958333 | E81: * | F81: 14 | H81: CLOSED | J81: CLOSED | L81: =+Harvest!L81/Effort!L81 -> 13.965517 | N81: CLOSED | O81: =+Harvest!O81/Effort!O81 -> 13.98328
A82: 45365 | B82: Thu | C82: -0.3 | D82: 0.425 | F82: 14.8 | H82: CLOSED | J82: CLOSED | L82: =+Harvest!L82/Effort!L82 -> 15 | N82: CLOSED | O82: =+Harvest!O82/Effort!O82 -> 14.891985
A83: 45366 | B83: Fri | C83: 0.1 | D83: 0.46388889 | F83: CLOSED | H83: CLOSED | J83: =+Harvest!J83/Effort!J83 -> 11.895833 | L83: CLOSED | N83: CLOSED | O83: =+Harvest!O83/Effort!O83 -> 11.895833
A84: 45367 | B84: Sat | C84: 0.5 | D84: 0.50694444 | F84: CLOSED | H84: CLOSED | J84: =+Harvest!J84/Effort!J84 -> 8.4854369 | L84: CLOSED | N84: CLOSED | O84: =+Harvest!O84/Effort!O84 -> 8.4854369
A85: 45368 | B85: Sun | C85: 0.9 | D85: 0.55763889 | F85: CLOSED | H85: CLOSED | J85: CLOSED | L85: =+Harvest!L85/Effort!L85 -> 10.964286 | N85: CLOSED | O85: =+Harvest!O85/Effort!O85 -> 10.964286
A87: 45377 | B87: Tue | C87: 0.7 | D87: 0.32916667 | F87: CLOSED | H87: CLOSED | J87: =+Harvest!J87/Effort!J87 -> 14.764706 | L87: CLOSED | N87: CLOSED | O87: =+Harvest!O87/Effort!O87 -> 14.764706
A88: 45378 | B88: Wed | C88: 0.4 | D88: 0.35138889 | E88: * | F88: 4 | H88: CLOSED | J88: CLOSED | L88: 4 | N88: CLOSED | O88: =+Harvest!O88/Effort!O88 -> 4
A89: 45379 | B89: Thu | C89: 0.3 | D89: 0.37569444 | E89: * | F89: 8 | G89: * | H89: 8 | J89: CLOSED | L89: =+Harvest!L89/Effort!L89 -> 7.972973 | N89: CLOSED | O89: =+Harvest!O89/Effort!O89 -> 7.9906764
A90: 45380 | B90: Fri | C90: 0.3 | D90: 0.40208333 | F90: =+Harvest!F90/Effort!F90 -> 5.5008018 | H90: =+Harvest!H90/Effort!H90 -> 7.9761905 | J90: =+Harvest!J90/Effort!J90 -> 9.2857143 | L90: CLOSED | N90: CLOSED | O90: =+Harvest!O90/Effort!O90 -> 7.879919
A91: 45381 | B91: Sat | C91: 0.4 | D91: 0.43263889 | F91: 14 | H91: =+Harvest!H91/Effort!H91 -> 10.236559 | J91: =+Harvest!J91/Effort!J91 -> 14.371795 | L91: CLOSED | N91: CLOSED | O91: =+Harvest!O91/Effort!O91 -> 12.798123
A92: 45382 | B92: Sun | C92: 0.6 | D92: 0.46944444 | E92: * | F92: 13.5 | H92: =+Harvest!H92/Effort!H92 -> 8.8928571 | J92: CLOSED | L92: =+Harvest!L92/Effort!L92 -> 13.431373 | N92: CLOSED | O92: =+Harvest!O92/Effort!O92 -> 11.87857
A94: 45390 | B94: Mon | C94: -0.5 | D94: 0.28055556 | F94: CLOSED | H94: CLOSED | J94: CLOSED | L94: =+Harvest!L94/Effort!L94 -> 5.2083333 | N94: CLOSED | O94: =+Harvest!O94/Effort!O94 -> 5.2083333
A95: 45391 | B95: Tue | C95: -1.2 | D95: 0.31180556 | E95: * | F95: 11 | H95: CLOSED | J95: CLOSED | L95: =+Harvest!L95/Effort!L95 -> 11.27907 | N95: CLOSED | O95: =+Harvest!O95/Effort!O95 -> 11.146348
A96: 45392 | B96: Wed | C96: -1.5 | D96: 0.34305556 | F96: 13.2 | G96: * | H96: 14 | J96: =+Harvest!J96/Effort!J96 -> 14.022556 | L96: CLOSED | N96: CLOSED | O96: =+Harvest!O96/Effort!O96 -> 13.687025
A97: 45393 | B97: Thu | C97: -1.4 | D97: 0.375 | E97: * | F97: 12 | H97: =+Harvest!H97/Effort!H97 -> 13.915493 | J97: =+Harvest!J97/Effort!J97 -> 10.483871 | L97: CLOSED | N97: CLOSED | O97: =+Harvest!O97/Effort!O97 -> 11.975866
A98: 45394 | B98: Fri | C98: -1.1 | D98: 0.40833333 | F98: =+Harvest!F98/Effort!F98 -> 14.568008 | H98: =+Harvest!H98/Effort!H98 -> 12.320755 | J98: CLOSED | L98: =+Harvest!L98/Effort!L98 -> 13.26 | N98: CLOSED | O98: =+Harvest!O98/Effort!O98 -> 13.503191
A99: 45395 | B99: Sat | C99: -0.5 | D99: 0.44444444 | E99: * | F99: 12.5 | H99: =+Harvest!H99/Effort!H99 -> 12.44186 | J99: CLOSED | L99: =+Harvest!L99/Effort!L99 -> 12.72381 | N99: CLOSED | O99: =+Harvest!O99/Effort!O99 -> 12.553622
A100: 45396 | B100: Sun | C100: 0.1 | D100: 0.48472222 | F100: 11.5 | H100: CLOSED | J100: 11.5 | L100: CLOSED | N100: CLOSED | O100: =+Harvest!O100/Effort!O100 -> 11.5
A102: 45405 | B102: Tue | C102: 0 | D102: 0.29027778 | F102: CLOSED | H102: CLOSED | J102: =+Harvest!J102/Effort!J102 -> 14.347826 | L102: CLOSED | N102: CLOSED | O102: =+Harvest!O102/Effort!O102 -> 14.347826
A103: 45406 | B103: Wed | C103: -0.4 | D103: 0.3125 | E103: * | F103: 14.5 | H103: CLOSED | J103: CLOSED | L103: =+Harvest!L103/Effort!L103 -> 14.655172 | N103: CLOSED | O103: =+Harvest!O103/Effort!O103 -> 14.574045
A104: 45407 | B104: Thu | C104: -0.6 | D104: 0.33541667 | F104: 13.1 | H104: =+Harvest!H104/Effort!H104 -> 12.458333 | J104: CLOSED | L104: =+Harvest!L104/Effort!L104 -> 13.846154 | N104: CLOSED | O104: =+Harvest!O104/Effort!O104 -> 13.207775
A105: 45408 | B105: Fri | C105: -0.7 | D105: 0.36041667 | E105: * | F105: 14 | G105: * | H105: 14 | J105: =+Harvest!J105/Effort!J105 -> 14.12 | L105: CLOSED | N105: CLOSED | O105: =+Harvest!O105/Effort!O105 -> 14.05465
A106: 45409 | B106: Sat | C106: -0.7 | D106: 0.38819444 | F106: 9.9 | H106: =+Harvest!H106/Effort!H106 -> 13.833333 | J106: =+Harvest!J106/Effort!J106 -> 14.833333 | L106: CLOSED | N106: CLOSED | O106: =+Harvest!O106/Effort!O106 -> 13.221292
A107: 45410 | B107: Sun | C107: -0.5 | D107: 0.42013889 | E107: * | F107: 11.5 | G107: * | H107: 11.5 | J107: CLOSED | L107: =+Harvest!L107/Effort!L107 -> 11.692308 | N107: CLOSED | O107: =+Harvest!O107/Effort!O107 -> 11.581359
A108: 45411 | B108: Mon | C108: -0.3 | D108: 0.45694444 | F108: 15 | H108: CLOSED | J108: CLOSED | L108: =+Harvest!L108/Effort!L108 -> 13.846154 | N108: CLOSED | O108: =+Harvest!O108/Effort!O108 -> 14.449406
A110: 45418 | B110: Mon | C110: -0.7 | D110: 0.23680556 | F110: CLOSED | H110: CLOSED | J110: CLOSED | L110: =+Harvest!L110/Effort!L110 -> 15 | N110: CLOSED | O110: =+Harvest!O110/Effort!O110 -> 15
A111: 45419 | B111: Tue | C111: -1.5 | D111: 0.26944444 | E111: * | F111: 15 | H111: CLOSED | J111: CLOSED | L111: =+Harvest!L111/Effort!L111 -> 15 | N111: CLOSED | O111: =+Harvest!O111/Effort!O111 -> 15
A112: 45420 | B112: Wed | C112: -2 | D112: 0.30069444 | E112: * | F112: 15 | H112: CLOSED | J112: =+Harvest!J112/Effort!J112 -> 15.010753 | L112: CLOSED | N112: CLOSED | O112: =+Harvest!O112/Effort!O112 -> 15.005493
A113: 45421 | B113: Thu | C113: -2.1 | D113: 0.33125 | F113: 15 | H113: =+Harvest!H113/Effort!H113 -> 13.333333 | J113: =+Harvest!J113/Effort!J113 -> 15 | L113: CLOSED | N113: CLOSED | O113: =+Harvest!O113/Effort!O113 -> 14.666992
A114: 45422 | B114: Fri | C114: -1.9 | D114: 0.36180556 | F114: =+Harvest!F114/Effort!F114 -> 12.215357 | G114: * | H114: 14 | J114: CLOSED | L114: =+Harvest!L114/Effort!L114 -> 14.386364 | N114: CLOSED | O114: =+Harvest!O114/Effort!O114 -> 13.419297
A115: 45423 | B115: Sat | C115: -1.4 | D115: 0.39375 | F115: =+Harvest!F115/Effort!F115 -> 13.431916 | H115: =+Harvest!H115/Effort!H115 -> 12.714286 | J115: CLOSED | L115: =+Harvest!L115/Effort!L115 -> 14.91 | N115: CLOSED | O115: =+Harvest!O115/Effort!O115 -> 13.621218
...

Sheet Summary Table
A1: 2023-2024 State (non-Tribal) Recreational Razor Clam Effort, Harvest and CPUE totals.
E2: LONG BEACH | H2: TWIN HARBORS | K2: COPALIS | N2: MOCROCKS | Q2: KALALOCH | T2: DAILY TOTALS | W2: CROSS | X2: CHECK
A3: DATE | B3: DAY | C3: TIDE | D3: TIME | E3: Effort | F3: Harvest | G3: CPUE | H3: Effort | I3: Harvest | J3: CPUE | K3: Effort | L3: Harvest | M3: CPUE | N3: Effort | O3: Harvest | P3: CPUE | Q3: Effort | R3: Harvest | S3: CPUE | T3: Effort | U3: Harvest
A4: 45198 | B4: Fri | C4: -0.4 | D4: 0.80416667 | E4: =Effort!F2 -> 2988.737 | F4: =Harvest!F2 -> 44532.182 | G4: =+CPUE!F2 -> 14.9 | H4: =Effort!H2 -> 2761.0168 | I4: =Harvest!H2 -> 41038.749 | J4: =CPUE!H2 -> 14.863636 | K4: =Effort!J2 -> CLOSED | L4: =Harvest!J2 -> CLOSED | M4: =CPUE!J2 -> CLOSED | N4: =Effort!L2 -> CLOSED | O4: =Harvest!L2 -> CLOSED | P4: =CPUE!L2 -> CLOSED | Q4: CLOSED | R4: CLOSED | S4: CLOSED | T4: =SUM(E4,H4,N4) -> 5749.7538 | U4: =SUM(F4,I4,O4) -> 85570.931
A5: 45199 | B5: Sat | C5: -0.9 | D5: 0.83611111 | E5: =Effort!F3 -> 4253.9595 | F5: =Harvest!F3 -> 63383.997 | G5: =+CPUE!F3 -> 14.9 | H5: =Effort!H3 -> 3929.8384 | I5: =Harvest!H3 -> 58456.346 | J5: =CPUE!H3 -> 14.875 | K5: =Effort!J3 -> 4894.3943 | L5: =Harvest!J3 -> 72769.484 | M5: =CPUE!J3 -> 14.867925 | N5: =Effort!L3 -> CLOSED | O5: =Harvest!L3 -> CLOSED | P5: =CPUE!L3 -> CLOSED | Q5: CLOSED | R5: CLOSED | S5: CLOSED | T5: =SUM(E5,H5,K5) -> 13078.192 | U5: =SUM(F5,I5,L5) -> 194609.83
A6: 45200 | B6: Sun | C6: -1 | D6: 0.86736111 | E6: =Effort!F4 -> 2134.3397 | F6: =Harvest!F4 -> 30947.925 | G6: =+CPUE!F4 -> 14.5 | H6: =Effort!H4 -> 1971.7183 | I6: =Harvest!H4 -> 28720.123 | J6: =CPUE!H4 -> 14.566038 | K6: =Effort!J4 -> CLOSED | L6: =Harvest!J4 -> CLOSED | M6: =CPUE!J4 -> CLOSED | N6: =Effort!L4 -> CLOSED | O6: =Harvest!L4 -> CLOSED | P6: =CPUE!L4 -> CLOSED | Q6: CLOSED | R6: CLOSED | S6: CLOSED | T6: =SUM(E6,H6,N6) -> 4106.058 | U6: =SUM(F6,I6,O6) -> 59668.048
A7: 45201 | B7: Mon | C7: -0.9 | D7: 0.9 | E7: =Effort!F5 -> 187.63354 | F7: =Harvest!F5 -> 394.03044 | G7: =+CPUE!F5 -> 2.1 | H7: =Effort!H5 -> 454.59801 | I7: =Harvest!H5 -> 2272.9901 | J7: =CPUE!H5 -> 5 | K7: =Effort!J5 -> 566.17644 | L7: =Harvest!J5 -> 4367.6468 | M7: =CPUE!J5 -> 7.7142857 | N7: =Effort!L5 -> CLOSED | O7: =Harvest!L5 -> CLOSED | P7: =CPUE!L5 -> CLOSED | Q7: CLOSED | R7: CLOSED | S7: CLOSED | T7: =SUM(E7,H7,K7) -> 1208.408 | U7: =SUM(F7,I7,L7) -> 7034.6673
A8: Tide Series Totals | E8: =SUM(E4:E7) -> 9564.6698 | F8: =SUM(F4:F7) -> 139258.13 | G8: =+F8/E8 -> 14.559639 | H8: =SUM(H4:H7) -> 9117.1715 | I8: =SUM(I4:I7) -> 130488.21 | J8: =+I8/H8 -> 14.312357 | K8: =SUM(K4:K7) -> 5460.5707 | L8: =SUM(L4:L7) -> 77137.131 | M8: =+L8/K8 -> 14.126203 | N8: =SUM(N4:N7) -> 0 | O8: 0 | P8: 0 | T8: =SUM(T4:T7) -> 24142.412 | U8: =SUM(U4:U7) -> 346883.47 | W8: =SUM(H8,K8,N8,Q8,E8) -> 24142.412 | X8: =SUM(R8,O8,L8,I8,F8) -> 346883.47
A9: 45213 | B9: Sat | C9: 0.2 | D9: 0.80347222 | E9: =Effort!F7 -> 2046.3486 | F9: =Harvest!F7 -> 13563.49 | G9: =+CPUE!F7 -> 6.6281423 | H9: =Effort!H7 -> 2003.9637 | I9: =Harvest!H7 -> 21041.619 | J9: =CPUE!H7 -> 10.5 | K9: =Effort!J7 -> CLOSED | L9: =Harvest!J7 -> CLOSED | M9: =CPUE!J7 -> CLOSED | N9: =Effort!L7 -> 1765.4039 | O9: =Harvest!L7 -> 22050.241 | P9: =CPUE!L7 -> 12.490196 | Q9: CLOSED | R9: CLOSED | S9: CLOSED | T9: =SUM(E9,H9,N9) -> 5815.7163 | U9: =SUM(F9,I9,O9) -> 56655.35
A10: 45214 | B10: Sun | C10: -0.1 | D10: 0.82777778 | E10: =Effort!F8 -> 1317.8028 | F10: =Harvest!F8 -> 6589.0142 | G10: =+CPUE!F8 -> 5 | H10: =Effort!H8 -> 858.22633 | I10: =Harvest!H8 -> 3269.4336 | J10: =CPUE!H8 -> 3.8095238 | K10: =Effort!J8 -> 1476.9908 | L10: =Harvest!J8 -> 13056.599 | M10: =CPUE!J8 -> 8.84 | N10: =Effort!L8 -> CLOSED | O10: =Harvest!L8 -> CLOSED | P10: =CPUE!L8 -> CLOSED | Q10: CLOSED | R10: CLOSED | S10: CLOSED | T10: =SUM(E10,H10,K10) -> 3653.02 | U10: =SUM(F10,I10,L10) -> 22915.047
A11: 45215 | B11: Mon | C11: -0.3 | D11: 0.85277778 | E11: =Effort!F9 -> 330.12069 | F11: =Harvest!F9 -> 4291.569 | G11: =+CPUE!F9 -> 13 | H11: =Effort!H9 -> 323.28309 | I11: =Harvest!H9 -> 4238.6005 | J11: =CPUE!H9 -> 13.111111 | K11: =Effort!J9 -> CLOSED | L11: =Harvest!J9 -> CLOSED | M11: =CPUE!J9 -> CLOSED | N11: =Effort!L9 -> 284.79819 | O11: =Harvest!L9 -> 3987.1746 | P11: =CPUE!L9 -> 14 | Q11: CLOSED | R11: CLOSED | S11: CLOSED | T11: =SUM(E11,H11,N11) -> 938.20197 | U11: =SUM(F11,I11,O11) -> 12517.344
A12: 45216 | B12: Tue | C12: -0.4 | D12: 0.87916667 | E12: =Effort!F10 -> 351.83276 | F12: =Harvest!F10 -> 4433.0927 | G12: =+CPUE!F10 -> 12.6 | H12: =Effort!H10 -> 229.13301 | I12: =Harvest!H10 -> 2978.7292 | J12: =CPUE!H10 -> 13 | K12: =Effort!J10 -> 394.33346 | L12: =Harvest!J10 -> 5366.364 | M12: =CPUE!J10 -> 13.608696 | N12: =Effort!L10 -> CLOSED | O12: =Harvest!L10 -> CLOSED | P12: =CPUE!L10 -> CLOSED | Q12: CLOSED | R12: CLOSED | S12: CLOSED | T12: =SUM(E12,H12,K12) -> 975.29923 | U12: =SUM(F12,I12,L12) -> 12778.186
A13: 45217 | B13: Wed | C13: -0.3 | D13: 0.90902778 | E13: =Effort!F11 -> CLOSED | F13: =Harvest!F11 -> CLOSED | G13: =+CPUE!F11 -> CLOSED | H13: =Effort!H11 -> CLOSED | I13: =Harvest!H11 -> CLOSED | J13: =CPUE!H11 -> CLOSED | K13: =Effort!J11 -> CLOSED | L13: =Harvest!J11 -> CLOSED | M13: =CPUE!J11 -> CLOSED | N13: =Effort!L11 -> 407.60235 | O13: =Harvest!L11 -> 3764.3276 | P13: =CPUE!L11 -> 9.2352941 | Q13: CLOSED | R13: CLOSED | S13: CLOSED | T13: =SUM(E13,H13,N13) -> 407.60235 | U13: =SUM(F13,I13,O13) -> 3764.3276
A14: Tide Series Totals | E14: =SUM(E9:E13) -> 4046.1049 | F14: =SUM(F9:F13) -> 28877.166 | G14: =+F14/E14 -> 7.1370284 | H14: =SUM(H9:H13) -> 3414.6062 | I14: =SUM(I9:I13) -> 31528.382 | J14: =+I14/H14 -> 9.2333877 | K14: =SUM(K9:K13) -> 1871.3243 | L14: =SUM(L9:L13) -> 18422.963 | M14: =+L14/K14 -> 9.8448799 | N14: =SUM(N9:N13) -> 2457.8045 | O14: =SUM(O9:O13) -> 29801.744 | P14: =+O14/N14 -> 12.125352 | T14: =SUM(T9:T13) -> 11789.84 | U14: =SUM(U9:U13) -> 108630.25 | W14: =SUM(H14,K14,N14,Q14,E14) -> 11789.84 | X14: =SUM(R14,O14,L14,I14,F14) -> 108630.25
A15: 45226 | B15: Fri | C15: -0.4 | D15: 0.7625 | E15: =Effort!F13 -> 2370.4 | F15: =Harvest!F13 -> 34747.418 | G15: =+CPUE!F13 -> 14.658884 | H15: =Effort!H13 -> 2389.6521 | I15: =Harvest!H13 -> 35127.886 | J15: =CPUE!H13 -> 14.7 | K15: =Effort!J13 -> CLOSED | L15: =Harvest!J13 -> CLOSED | M15: =CPUE!J13 -> CLOSED | N15: =Effort!L13 -> 1854.5433 | O15: =Harvest!L13 -> 27143.77 | P15: =CPUE!L13 -> 14.636364 | Q15: CLOSED | R15: CLOSED | S15: CLOSED | T15: =SUM(E15,H15,N15) -> 6614.5954 | U15: =SUM(F15,I15,O15) -> 97019.074
A16: 45227 | B16: Sat | C16: -1 | D16: 0.79375 | E16: =Effort!F14 -> 4305.8988 | F16: =Harvest!F14 -> 64588.483 | G16: =+CPUE!F14 -> 15 | H16: =Effort!H14 -> 4132.6286 | I16: =Harvest!H14 -> 61989.429 | J16: =CPUE!H14 -> 15 | K16: =Effort!J14 -> 5902.8031 | L16: =Harvest!J14 -> 88542.046 | M16: =CPUE!J14 -> 15 | N16: =Effort!L14 -> CLOSED | O16: =Harvest!L14 -> CLOSED | P16: =CPUE!L14 -> CLOSED | Q16: CLOSED | R16: CLOSED | S16: CLOSED | T16: =SUM(E16,H16,K16) -> 14341.331 | U16: =SUM(F16,I16,L16) -> 215119.96
A17: 45228 | B17: Sun | C17: -1.3 | D17: 0.82361111 | E17: =Effort!F15 -> 1984.5659 | F17: =Harvest!F15 -> 28776.205 | G17: =+CPUE!F15 -> 14.5 | H17: =Effort!H15 -> 2000.6843 | I17: =Harvest!H15 -> 29622.072 | J17: =CPUE!H15 -> 14.80597 | K17: =Effort!J15 -> CLOSED | L17: =Harvest!J15 -> CLOSED | M17: =CPUE!J15 -> CLOSED | N17: =Effort!L15 -> 1552.6761 | O17: =Harvest!L15 -> 22419.128 | P17: =CPUE!L15 -> 14.439024 | Q17: CLOSED | R17: CLOSED | S17: CLOSED | T17: =SUM(E17,H17,N17) -> 5537.9263 | U17: =SUM(F17,I17,O17) -> 80817.405
A18: 45229 | B18: Mon | C18: -1.3 | D18: 0.85347222 | E18: =Effort!F16 -> 801.51879 | F18: =Harvest!F16 -> 11622.022 | G18: =+CPUE!F16 -> 14.5 | H18: =Effort!H16 -> 769.26551 | I18: =Harvest!H16 -> 11137.627 | J18: =CPUE!H16 -> 14.478261 | K18: =Effort!J16 -> 1098.7735 | L18: =Harvest!J16 -> 16481.603 | M18: =CPUE!J16 -> 15 | N18: =Effort!L16 -> CLOSED | O18: =Harvest!L16 -> CLOSED | P18: =CPUE!L16 -> CLOSED | Q18: CLOSED | R18: CLOSED | S18: CLOSED | T18: =SUM(E18,H18,K18) -> 2669.5578 | U18: =SUM(F18,I18,L18) -> 39241.252
A19: 45230 | B19: Tue | C19: -1 | D19: 0.88333333 | E19: =Effort!F17 -> CLOSED | F19: =Harvest!F17 -> CLOSED | G19: =+CPUE!F17 -> CLOSED | H19: =Effort!H17 -> CLOSED | I19: =Harvest!H17 -> CLOSED | J19: =CPUE!H17 -> CLOSED | K19: =Effort!J17 -> CLOSED | L19: =Harvest!J17 -> CLOSED | M19: =CPUE!J17 -> CLOSED | N19: =Effort!L17 -> 239.97715 | O19: =Harvest!L17 -> 3479.6687 | P19: =CPUE!L17 -> 14.5 | Q19: CLOSED | R19: CLOSED | S19: CLOSED | T19: =SUM(E19,H19,N19) -> 239.97715 | U19: =SUM(F19,I19,O19) -> 3479.6687
A20: Tide Series Totals | E20: =SUM(E15:E19) -> 9462.3835 | F20: =SUM(F15:F19) -> 139734.13 | G20: =+F20/E20 -> 14.767329 | H20: =SUM(H15:H19) -> 9292.2305 | I20: =SUM(I15:I19) -> 137877.01 | J20: =+I20/H20 -> 14.837881 | K20: =SUM(K15:K19) -> 7001.5766 | L20: =SUM(L15:L19) -> 105023.65 | M20: =+L20/K20 -> 15 | N20: =SUM(N15:N19) -> 3647.1965 | O20: =SUM(O15:O19) -> 53042.567 | P20: =+O20/N20 -> 14.54338 | T20: =SUM(T15:T19) -> 29403.387 | U20: =SUM(U15:U19) -> 435677.36 | W20: =SUM(H20,K20,N20,Q20,E20) -> 29403.387 | X20: =SUM(R20,O20,L20,I20,F20) -> 435677.36
A21: 45242 | B21: Sun | C21: -0.3 | D21: 0.74513889 | E21: =Effort!F19 -> CLOSED | F21: =Harvest!F19 -> CLOSED | G21: =+CPUE!F19 -> CLOSED | H21: =Effort!H19 -> CLOSED | I21: =Harvest!H19 -> CLOSED | J21: =CPUE!H19 -> CLOSED | K21: =Effort!J19 -> CLOSED | L21: =Harvest!J19 -> CLOSED | M21: =CPUE!J19 -> CLOSED | N21: =Effort!L19 -> 1064.3542 | O21: =Harvest!L19 -> 7083.4606 | P21: =CPUE!L19 -> 6.6551724 | Q21: CLOSED | R21: CLOSED | S21: CLOSED | T21: =SUM(E21,H21,N21) -> 1064.3542 | U21: =SUM(F21,I21,O21) -> 7083.4606
A22: 45243 | B22: Mon | C22: -0.7 | D22: 0.77083333 | E22: =Effort!F20 -> 952.83861 | F22: =Harvest!F20 -> 9528.3861 | G22: =+CPUE!F20 -> 10 | H22: =Effort!H20 -> 857.32218 | I22: =Harvest!H20 -> 8573.2218 | J22: =CPUE!H20 -> 10 | K22: =Effort!J20 -> 941.25878 | L22: =Harvest!J20 -> 9347.6734 | M22: =CPUE!J20 -> 9.9310345 | N22: =Effort!L20 -> CLOSED | O22: =Harvest!L20 -> CLOSED | P22: =CPUE!L20 -> CLOSED | Q22: CLOSED | R22: CLOSED | S22: CLOSED | T22: =SUM(E22,H22,K22) -> 2751.4196 | U22: =SUM(F22,I22,L22) -> 27449.281
A23: 45244 | B23: Tue | C23: -0.9 | D23: 0.79791667 | E23: =Effort!F21 -> 690.09621 | F23: =Harvest!F21 -> 7177.0006 | G23: =+CPUE!F21 -> 10.4 | H23: =Effort!H21 -> 620.91815 | I23: =Harvest!H21 -> 7304.9194 | J23: =CPUE!H21 -> 11.764706 | K23: =Effort!J21 -> CLOSED | L23: =Harvest!J21 -> CLOSED | M23: =CPUE!J21 -> CLOSED | N23: =Effort!L21 -> 550.00002 | O23: =Harvest!L21 -> 8066.667 | P23: =CPUE!L21 -> 14.666667 | Q23: CLOSED | R23: CLOSED | S23: CLOSED | T23: =SUM(E23,H23,N23) -> 1861.0144 | U23: =SUM(F23,I23,O23) -> 22548.587
A24: 45245 | B24: Wed | C24: -0.9 | D24: 0.82708333 | E24: =Effort!F22 -> 262.10549 | F24: =Harvest!F22 -> 3852.9506 | G24: =+CPUE!F22 -> 14.7 | H24: =Effort!H22 -> 235.83096 | I24: =Harvest!H22 -> 3419.549 | J24: =CPUE!H22 -> 14.5 | K24: =Effort!J22 -> 467.41025 | L24: =Harvest!J22 -> 6721.8045 | M24: =CPUE!J22 -> 14.380952 | N24: =Effort!L22 -> CLOSED | O24: =Harvest!L22 -> CLOSED | P24: =CPUE!L22 -> CLOSED | Q24: CLOSED | R24: CLOSED | S24: CLOSED | T24: =SUM(E24,H24,K24) -> 965.3467 | U24: =SUM(F24,I24,L24) -> 13994.304
A25: 45246 | B25: Thu | C25: -0.8 | D25: 0.85902778 | E25: =Effort!F23 -> 420.2155 | F25: =Harvest!F23 -> 5462.8014 | G25: =+CPUE!F23 -> 13 | H25: =Effort!H23 -> 378.09138 | I25: =Harvest!H23 -> 4915.188 | J25: =CPUE!H23 -> 13 | K25: =Effort!J23 -> CLOSED | L25: =Harvest!J23 -> CLOSED | M25: =CPUE!J23 -> CLOSED | N25: =Effort!L23 -> 334.9077 | O25: =Harvest!L23 -> 4395.6636 | P25: =CPUE!L23 -> 13.125 | Q25: CLOSED | R25: CLOSED | S25: CLOSED | T25: =SUM(E25,H25,N25) -> 1133.2146 | U25: =SUM(F25,I25,O25) -> 14773.653
A26: 45247 | B26: Fri | C26: -0.5 | D26: 0.89375 | E26: =Effort!F24 -> CLOSED | F26: =Harvest!F24 -> CLOSED | G26: =+CPUE!F24 -> CLOSED | H26: =Effort!H24 -> CLOSED | I26: =Harvest!H24 -> CLOSED | J26: =CPUE!H24 -> CLOSED | K26: =Effort!J24 -> 982.94927 | L26: =Harvest!J24 -> 14744.239 | M26: =CPUE!J24 -> 15 | N26: =Effort!L24 -> CLOSED | O26: =Harvest!L24 -> CLOSED | P26: =CPUE!L24 -> CLOSED | Q26: CLOSED | R26: CLOSED | S26: CLOSED | T26: =SUM(E26,H26,K26) -> 982.94927 | U26: =SUM(F26,I26,L26) -> 14744.239
A27: 45248 | B27: Sat | C27: -0.1 | D27: 0.93194444 | E27: =Effort!F25 -> CLOSED | F27: =Harvest!F25 -> CLOSED | G27: =+CPUE!F25 -> CLOSED | H27: =Effort!H25 -> CLOSED | I27: =Harvest!H25 -> CLOSED | J27: =CPUE!H25 -> CLOSED | K27: =Effort!J25 -> CLOSED | L27: =Harvest!J25 -> CLOSED | M27: =CPUE!J25 -> CLOSED | N27: =Effort!L25 -> 445.65462 | O27: =Harvest!L25 -> 1406.5974 | P27: =CPUE!L25 -> 3.15625 | Q27: CLOSED | R27: CLOSED | S27: CLOSED | T27: =SUM(E27,H27,N27) -> 445.65462 | U27: =SUM(F27,I27,O27) -> 1406.5974
A28: Tide Series Totals | E28: =SUM(E21:E27) -> 2325.2558 | F28: =SUM(F21:F27) -> 26021.139 | G28: =+F28/E28 -> 11.190656 | H28: =SUM(H21:H27) -> 2092.1627 | I28: =SUM(I21:I27) -> 24212.878 | J28: =+I28/H28 -> 11.573134 | K28: =SUM(K21:K27) -> 2391.6183 | L28: =SUM(L21:L27) -> 30813.717 | M28: =+L28/K28 -> 12.884045 | N28: =SUM(N21:N27) -> 2394.9165 | O28: =SUM(O21:O27) -> 20952.389 | P28: =+O28/N28 -> 8.7486926 | T28: =SUM(T21:T27) -> 9203.9533 | U28: =SUM(U21:U27) -> 102000.12 | W28: =SUM(H28,K28,N28,Q28,E28) -> 9203.9533 | X28: =SUM(R28,O28,L28,I28,F28) -> 102000.12
A29: 45254 | B29: Fri | C29: 0 | D29: 0.67916667 | E29: =Effort!F27 -> 3934.085 | F29: =Harvest!F27 -> 55077.19 | G29: =+CPUE!F27 -> 14 | H29: =Effort!H27 -> 3163.2227 | I29: =Harvest!H27 -> 44285.118 | J29: =CPUE!H27 -> 14 | K29: =Effort!J27 -> 4790.8518 | L29: =Harvest!J27 -> 68481 | M29: =CPUE!J27 -> 14.294118 | N29: =Effort!L27 -> CLOSED | O29: =Harvest!L27 -> CLOSED | P29: =CPUE!L27 -> CLOSED | Q29: CLOSED | R29: CLOSED | S29: CLOSED | T29: =SUM(E29,H29,K29) -> 11888.16 | U29: =SUM(F29,I29,L29) -> 167843.31
A30: 45255 | B30: Sat | C30: -0.7 | D30: 0.71180556 | E30: =Effort!F28 -> 4216.9935 | F30: =Harvest!F28 -> 56929.412 | G30: =+CPUE!F28 -> 13.5 | H30: =Effort!H28 -> 3195.0476 | I30: =Harvest!H28 -> 41807.537 | J30: =CPUE!H28 -> 13.085106 | K30: =Effort!J28 -> CLOSED | L30: =Harvest!J28 -> CLOSED | M30: =CPUE!J28 -> CLOSED | N30: =Effort!L28 -> 4031.2922 | O30: =Harvest!L28 -> 59593.015 | P30: =CPUE!L28 -> 14.782609 | Q30: CLOSED | R30: CLOSED | S30: CLOSED | T30: =SUM(E30,H30,N30) -> 11443.333 | U30: =SUM(F30,I30,O30) -> 158329.96
A31: 45256 | B31: Sun | C31: -1.2 | D31: 0.74236111 | E31: =Effort!F29 -> 2020.2019 | F31: =Harvest!F29 -> 27269.007 | G31: =+CPUE!F29 -> 13.498159 | H31: =Effort!H29 -> 1624.3545 | I31: =Harvest!H29 -> 21177.905 | J31: =CPUE!H29 -> 13.037736 | K31: =Effort!J29 -> 2460.1624 | L31: =Harvest!J29 -> 36231.483 | M31: =CPUE!J29 -> 14.727273 | N31: =Effort!L29 -> CLOSED | O31: =Harvest!L29 -> CLOSED | P31: =CPUE!L29 -> CLOSED | Q31: CLOSED | R31: CLOSED | S31: CLOSED | T31: =SUM(E31,H31,K31) -> 6104.7188 | U31: =SUM(F31,I31,L31) -> 84678.395
A32: 45257 | B32: Mon | C32: -1.3 | D32: 0.77152778 | E32: =Effort!F30 -> 867.4731 | F32: =Harvest!F30 -> 12578.36 | G32: =+CPUE!F30 -> 14.5 | H32: =Effort!H30 -> 657.24973 | I32: =Harvest!H30 -> 9201.4962 | J32: =CPUE!H30 -> 14 | K32: =Effort!J30 -> CLOSED | L32: =Harvest!J30 -> CLOSED | M32: =CPUE!J30 -> CLOSED | N32: =Effort!L30 -> 829.2727 | O32: =Harvest!L30 -> 11195.181 | P32: =CPUE!L30 -> 13.5 | Q32: CLOSED | R32: CLOSED | S32: CLOSED | T32: =SUM(E32,H32,N32) -> 2353.9955 | U32: =SUM(F32,I32,O32) -> 32975.038
A33: 45258 | B33: Tue | C33: -1.2 | D33: 0.8 | E33: =Effort!F31 -> 463.41539 | F33: =Harvest!F31 -> 6256.1078 | G33: =+CPUE!F31 -> 13.5 | H33: =Effort!H31 -> 372.6117 | I33: =Harvest!H31 -> 5030.2579 | J33: =CPUE!H31 -> 13.5 | K33: =Effort!J31 -> 564.3382 | L33: =Harvest!J31 -> 7689.108 | M33: =CPUE!J31 -> 13.625 | N33: =Effort!L31 -> CLOSED | O33: =Harvest!L31 -> CLOSED | P33: =CPUE!L31 -> CLOSED | Q33: CLOSED | R33: CLOSED | S33: CLOSED | T33: =SUM(E33,H33,K33) -> 1400.3653 | U33: =SUM(F33,I33,L33) -> 18975.474
A34: 45259 | B34: Wed | C34: -0.8 | D34: 0.82777778 | E34: =Effort!F32 -> CLOSED | F34: =Harvest!F32 -> CLOSED | G34: =+CPUE!F32 -> CLOSED | H34: =Effort!H32 -> CLOSED | I34: =Harvest!H32 -> CLOSED | J34: =CPUE!H32 -> CLOSED | K34: =Effort!J32 -> CLOSED | L34: =Harvest!J32 -> CLOSED | M34: =CPUE!J32 -> CLOSED | N34: =Effort!L32 -> 177.37227 | O34: =Harvest!L32 -> 2601.46 | P34: =CPUE!L32 -> 14.666667 | Q34: CLOSED | R34: CLOSED | S34: CLOSED | T34: =SUM(E34,H34,N34) -> 177.37227 | U34: =SUM(F34,I34,O34) -> 2601.46
A35: Tide Series Totals | E35: =SUM(E29:E34) -> 11502.169 | F35: =SUM(F29:F34) -> 158110.08 | G35: =+F35/E35 -> 13.74611 | H35: =SUM(H29:H34) -> 9012.4862 | I35: =SUM(I29:I34) -> 121502.31 | J35: =+I35/H35 -> 13.481553 | K35: =SUM(K29:K34) -> 7815.3525 | L35: =SUM(L29:L34) -> 112401.59 | M35: =+L35/K35 -> 14.382152 | N35: =SUM(N29:N34) -> 5037.9372 | O35: =SUM(O29:O34) -> 73389.657 | P35: =+O35/N35 -> 14.567402 | T35: =SUM(T29:T34) -> 33367.945 | U35: =SUM(U29:U34) -> 465403.64 | W35: =SUM(H35,K35,N35,Q35,E35) -> 33367.945 | X35: =SUM(R35,O35,L35,I35,F35) -> 465403.64
A36: 45273 | B36: Wed | C36: -1.3 | D36: 0.78819444 | E36: =Effort!F34 -> 681.94317 | F36: =Harvest!F34 -> 8865.2612 | G36: =+CPUE!F34 -> 13 | H36: =Effort!H34 -> 621.46891 | I36: =Harvest!H34 -> 6081.5171 | J36: =CPUE!H34 -> 9.7857143 | K36: =Effort!J34 -> CLOSED | L36: =Harvest!J34 -> CLOSED | M36: =CPUE!J34 -> CLOSED | N36: =Effort!L34 -> 608.8808 | O36: =Harvest!L34 -> 8118.4107 | P36: =CPUE!L34 -> 13.333333 | Q36: CLOSED | R36: CLOSED | S36: CLOSED | T36: =SUM(E36,H36,N36) -> 1912.2929 | U36: =SUM(F36,I36,O36) -> 23065.189
A37: 45274 | B37: Thu | C37: -1.3 | D37: 0.81875 | E37: =Effort!F35 -> 523.17371 | F37: =Harvest!F35 -> 5284.0545 | G37: =+CPUE!F35 -> 10.1 | H37: =Effort!H35 -> 476.77902 | I37: =Harvest!H35 -> 4767.7902 | J37: =CPUE!H35 -> 10 | K37: =Effort!J35 -> 652.6164 | L37: =Harvest!J35 -> 9305.8264 | M37: =CPUE!J35 -> 14.259259 | N37: =Effort!L35 -> CLOSED | O37: =Harvest!L35 -> CLOSED | P37: =CPUE!L35 -> CLOSED | Q37: CLOSED | R37: CLOSED | S37: CLOSED | T37: =SUM(E37,H37,K37) -> 1652.5691 | U37: =SUM(F37,I37,L37) -> 19357.671
A38: 45275 | B38: Fri | C38: -1.2 | D38: 0.85069444 | E38: =Effort!F36 -> 788.81045 | F38: =Harvest!F36 -> 10017.893 | G38: =+CPUE!F36 -> 12.7 | H38: =Effort!H36 -> 718.85927 | I38: =Harvest!H36 -> 7867.5154 | J38: =CPUE!H36 -> 10.944444 | K38: =Effort!J36 -> CLOSED | L38: =Harvest!J36 -> CLOSED | M38: =CPUE!J36 -> CLOSED | N38: =Effort!L36 -> 952.08349 | O38: =Harvest!L36 -> 8854.3764 | P38: =CPUE!L36 -> 9.3 | Q38: CLOSED | R38: CLOSED | S38: CLOSED | T38: =SUM(E38,H38,N38) -> 2459.7532 | U38: =SUM(F38,I38,O38) -> 26739.785
A39: 45276 | B39: Sat | C39: -0.8 | D39: 0.88333333 | E39: =Effort!F37 -> 1374.5196 | F39: =Harvest!F37 -> 19930.535 | G39: =+CPUE!F37 -> 14.5 | H39: =Effort!H37 -> 493.13961 | I39: =Harvest!H37 -> 6562.5502 | J39: =CPUE!H37 -> 13.307692 | K39: =Effort!J37 -> 1714.6008 | L39: =Harvest!J37 -> 25719.012 | M39: =CPUE!J37 -> 15 | N39: =Effort!L37 -> CLOSED | O39: =Harvest!L37 -> CLOSED | P39: =CPUE!L37 -> CLOSED | Q39: CLOSED | R39: CLOSED | S39: CLOSED | T39: =SUM(E39,H39,K39) -> 3582.26 | U39: =SUM(F39,I39,L39) -> 52212.096
A40: 45277 | B40: Sun | C40: -0.3 | D40: 0.91736111 | E40: =Effort!F38 -> 146.41669 | F40: =Harvest!F38 -> 2196.2504 | G40: =+CPUE!F38 -> 15 | H40: =Effort!H38 -> 133.43256 | I40: =Harvest!H38 -> 2001.4884 | J40: =CPUE!H38 -> 15 | K40: =Effort!J38 -> CLOSED | L40: =Harvest!J38 -> CLOSED | M40: =CPUE!J38 -> CLOSED | N40: =Effort!L38 -> 176.72296 | O40: =Harvest!L38 -> 2618.7129 | P40: =CPUE!L38 -> 14.818182 | Q40: CLOSED | R40: CLOSED | S40: CLOSED | T40: =SUM(E40,H40,N40) -> 456.57221 | U40: =SUM(F40,I40,O40) -> 6816.4518
A41: Tide Series Totals | E41: =SUM(E36:E40) -> 3514.8637 | F41: =SUM(F36:F40) -> 46293.993 | G41: =+F41/E41 -> 13.170922 | H41: =SUM(H36:H40) -> 2443.6794 | I41: =SUM(I36:I40) -> 27280.861 | J41: =+I41/H41 -> 11.163846 | K41: =SUM(K36:K40) -> 2367.2172 | L41: =SUM(L36:L40) -> 35024.838 | M41: =+L41/K41 -> 14.795786 | N41: =SUM(N36:N40) -> 1737.6872 | O41: =SUM(O36:O40) -> 19591.5 | P41: =+O41/N41 -> 11.274468 | T41: =SUM(T36:T40) -> 10063.447 | U41: =SUM(U36:U40) -> 128191.19 | W41: =SUM(H41,K41,N41,Q41,E41) -> 10063.447 | X41: =SUM(R41,O41,L41,I41,F41) -> 128191.19
A42: 45286 | B42: Tue | C42: -0.9 | D42: 0.7625 | E42: =Effort!F40 -> 930.53506 | F42: =Harvest!F40 -> 2047.1771 | G42: =+CPUE!F40 -> 2.2 | H42: =Effort!H40 -> 992.06937 | I42: =Harvest!H40 -> 4960.3469 | J42: =CPUE!H40 -> 5 | K42: =Effort!J40 -> 2092.4715 | L42: =Harvest!J40 -> 18697.246 | M42: =CPUE!J40 -> 8.9354839 | N42: =Effort!L40 -> CLOSED | O42: =Harvest!L40 -> CLOSED | P42: =CPUE!L40 -> CLOSED | Q42: CLOSED | R42: CLOSED | S42: CLOSED | T42: =SUM(E42,H42,K42) -> 4015.076 | U42: =SUM(F42,I42,L42) -> 25704.77
A43: 45287 | B43: Wed | C43: -0.8 | D43: 0.78958333 | E43: =Effort!F41 -> 499.66029 | F43: =Harvest!F41 -> 2148.5392 | G43: =+CPUE!F41 -> 4.3 | H43: =Effort!H41 -> 607.45651 | I43: =Harvest!H41 -> 3720.6711 | J43: =CPUE!H41 -> 6.125 | K43: =Effort!J41 -> CLOSED | L43: =Harvest!J41 -> CLOSED | M43: =CPUE!J41 -> CLOSED | N43: =Effort!L41 -> 786.33371 | O43: =Harvest!L41 -> 8728.3042 | P43: =CPUE!L41 -> 11.1 | Q43: CLOSED | R43: CLOSED | S43: CLOSED | T43: =SUM(E43,H43,N43) -> 1893.4505 | U43: =SUM(F43,I43,O43) -> 14597.515
A44: 45288 | B44: Thu | C44: -0.6 | D44: 0.81597222 | E44: =Effort!F42 -> 316.43622 | F44: =Harvest!F42 -> 949.30865 | G44: =+CPUE!F42 -> 3 | H44: =Effort!H42 -> 337.36147 | I44: =Harvest!H42 -> 628.19033 | J44: =CPUE!H42 -> 1.862069 | K44: =Effort!J42 -> 711.56242 | L44: =Harvest!J42 -> 3029.8787 | M44: =CPUE!J42 -> 4.2580645 | N44: =Effort!L42 -> CLOSED | O44: =Harvest!L42 -> CLOSED | P44: =CPUE!L42 -> CLOSED | Q44: CLOSED | R44: CLOSED | S44: CLOSED | T44: =SUM(E44,H44,K44) -> 1365.3601 | U44: =SUM(F44,I44,L44) -> 4607.3777
A45: 45289 | B45: Fri | C45: -0.3 | D45: 0.84097222 | E45: =Effort!F43 -> 303.16425 | F45: =Harvest!F43 -> 1818.9855 | G45: =+CPUE!F43 -> 6 | H45: =Effort!H43 -> 325.01486 | I45: =Harvest!H43 -> 398.88187 | J45: =CPUE!H43 -> 1.2272727 | K45: =Effort!J43 -> CLOSED | L45: =Harvest!J43 -> CLOSED | M45: =CPUE!J43 -> CLOSED | N45: =Effort!L43 -> 477.10069 | O45: =Harvest!L43 -> 6242.0674 | P45: =CPUE!L43 -> 13.083333 | Q45: CLOSED | R45: CLOSED | S45: CLOSED | T45: =SUM(E45,H45,N45) -> 1105.2798 | U45: =SUM(F45,I45,O45) -> 8459.9348
A46: Tide Series Totals | E46: =SUM(E42:E45) -> 2049.7958 | F46: =SUM(F42:F45) -> 6964.0105 | G46: =+F46/E46 -> 3.3974167 | H46: =SUM(H42:H45) -> 2261.9022 | I46: =SUM(I42:I45) -> 9708.0902 | J46: =+I46/H46 -> 4.2920026 | K46: =SUM(K42:K45) -> 2804.0339 | L46: =SUM(L42:L45) -> 21727.124 | M46: =+L46/K46 -> 7.748524 | N46: =SUM(N42:N45) -> 1263.4344 | O46: =SUM(O42:O45) -> 14970.372 | P46: =+O46/N46 -> 11.84895 | T46: =SUM(T42:T45) -> 8379.1664 | U46: =SUM(U42:U45) -> 53369.597 | W46: =SUM(H46,K46,N46,Q46,E46) -> 8379.1664 | X46: =SUM(R46,O46,L46,I46,F46) -> 53369.597
A47: 45300 | B47: Tue | C47: -0.7 | D47: 0.70972222 | E47: =Effort!F45 -> 50 | F47: =Harvest!F45 -> 200 | G47: =+CPUE!F45 -> 4 | H47: =Effort!H45 -> CLOSED | I47: =Harvest!H45 -> CLOSED | J47: =CPUE!H45 -> CLOSED | K47: =Effort!J45 -> 64.166667 | L47: =Harvest!J45 -> 247.5 | M47: =CPUE!J45 -> 3.8571429 | N47: =Effort!L45 -> CLOSED | O47: =Harvest!L45 -> CLOSED | P47: =CPUE!L45 -> CLOSED | Q47: CLOSED | R47: CLOSED | S47: CLOSED | T47: =SUM(E47,K47) -> 114.16667 | U47: =SUM(F47,L47) -> 447.5
A48: 45301 | B48: Wed | C48: -1.2 | D48: 0.74027778 | E48: =Effort!F46 -> 84.352169 | F48: =Harvest!F46 -> 978.24633 | G48: =+CPUE!F46 -> 10.7 | H48: =Effort!H46 -> 342.28962 | I48: =Harvest!H46 -> 3251.7513 | J48: =CPUE!H46 -> 9.5 | K48: =Effort!J46 -> CLOSED | L48: =Harvest!J46 -> CLOSED | M48: =CPUE!J46 -> CLOSED | N48: =Effort!L46 -> 279.32451 | O48: =Harvest!L46 -> 3020.1963 | P48: =CPUE!L46 -> 10.8125 | Q48: CLOSED | R48: CLOSED | S48: CLOSED | T48: =SUM(E48,H48,N48) -> 705.9663 | U48: =SUM(F48,I48,O48) -> 7250.194
A49: 45302 | B49: Thu | C49: -1.5 | D49: 0.76944444 | E49: =Effort!F47 -> 115.94431 | F49: =Harvest!F47 -> 347.83294 | G49: =+CPUE!F47 -> 3 | H49: =Effort!H47 -> 211.15793 | I49: =Harvest!H47 -> 633.47379 | J49: =CPUE!H47 -> 3 | K49: =Effort!J47 -> CLOSED | L49: =Harvest!J47 -> CLOSED | M49: =CPUE!J47 -> CLOSED | N49: =Effort!L47 -> 100.41077 | O49: =Harvest!L47 -> 273.84756 | P49: =CPUE!L47 -> 2.7272727 | Q49: CLOSED | R49: CLOSED | S49: CLOSED | T49: =SUM(E49,H49,N49) -> 427.51302 | U49: =SUM(F49,I49,O49) -> 1255.1543
A50: 45303 | B50: Fri | C50: -1.6 | D50: 0.79930556 | E50: =Effort!F48 -> 34.746755 | F50: =Harvest!F48 -> 312.7208 | G50: =+CPUE!F48 -> 9 | H50: =Effort!H48 -> 247.52627 | I50: =Harvest!H48 -> 2227.7364 | J50: =CPUE!H48 -> 9 | K50: =Effort!J48 -> 371.32351 | L50: =Harvest!J48 -> 3438.1806 | M50: =CPUE!J48 -> 9.2592593 | N50: =Effort!L48 -> CLOSED | O50: =Harvest!L48 -> CLOSED | P50: =CPUE!L48 -> CLOSED | Q50: CLOSED | R50: CLOSED | S50: CLOSED | T50: =SUM(E50,H50,K50) -> 653.59653 | U50: =SUM(F50,I50,L50) -> 5978.6379
A51: 45304 | B51: Sat | C51: -1.3 | D51: 0.82847222 | E51: =Effort!F49 -> 38.144241 | F51: =Harvest!F49 -> 343.29817 | G51: =+CPUE!F49 -> 9 | H51: =Effort!H49 -> 271.72902 | I51: =Harvest!H49 -> 2189.8162 | J51: =CPUE!H49 -> 8.0588235 | K51: =Effort!J49 -> 407.63097 | L51: =Harvest!J49 -> 3489.3211 | M51: =CPUE!J49 -> 8.56 | N51: =Effort!L49 -> CLOSED | O51: =Harvest!L49 -> CLOSED | P51: =CPUE!L49 -> CLOSED | Q51: CLOSED | R51: CLOSED | S51: CLOSED | T51: =SUM(E51,H51,K51) -> 717.50423 | U51: =SUM(F51,I51,L51) -> 6022.4355
A52: 45305 | B52: Sun | C52: -0.8 | D52: 0.85833333 | E52: =Effort!F50 -> 41.617363 | F52: =Harvest!F50 -> 237.21897 | G52: =+CPUE!F50 -> 5.7 | H52: =Effort!H50 -> 296.47058 | I52: =Harvest!H50 -> 2223.5293 | J52: =CPUE!H50 -> 7.5 | K52: =Effort!J50 -> CLOSED | L52: =Harvest!J50 -> CLOSED | M52: =CPUE!J50 -> CLOSED | N52: =Effort!L50 -> 140.97903 | O52: =Harvest!L50 -> 1309.091 | P52: =CPUE!L50 -> 9.2857143 | Q52: CLOSED | R52: CLOSED | S52: CLOSED | T52: =SUM(E52,H52,N52) -> 479.06697 | U52: =SUM(F52,I52,O52) -> 3769.8392
A53: 45306 | B53: Mon | C53: 0 | D53: 0.88819444 | E53: =Effort!F51 -> CLOSED | F53: =Harvest!F51 -> CLOSED | G53: =+CPUE!F51 -> CLOSED | H53: =Effort!H51 -> CLOSED | I53: =Harvest!H51 -> CLOSED | J53: =CPUE!H51 -> CLOSED | K53: =Effort!J51 -> CLOSED | L53: =Harvest!J51 -> CLOSED | M53: =CPUE!J51 -> CLOSED | N53: =Effort!L51 -> 16 | O53: =Harvest!L51 -> 60 | P53: =CPUE!L51 -> 3.75 | Q53: CLOSED | R53: CLOSED | S53: CLOSED | T53: =SUM(E53,H53,N53) -> 16 | U53: =SUM(F53,I53,O53) -> 60
A54: Tide Series Totals | E54: =SUM(E47:E53) -> 364.80484 | F54: =SUM(F47:F53) -> 2419.3172 | G54: =+F54/E54 -> 6.6318122 | H54: =SUM(H47:H53) -> 1369.1734 | I54: =SUM(I47:I53) -> 10526.307 | J54: =+I54/H54 -> 7.6880744 | K54: =SUM(K47:K53) -> 843.12115 | L54: =SUM(L47:L53) -> 7175.0018 | M54: =+L54/K54 -> 8.5100484 | N54: =SUM(N47:N53) -> 536.71431 | O54: =SUM(O47:O53) -> 4663.1348 | P54: =+O54/N54 -> 8.6882997 | T54: =SUM(T47:T53) -> 3113.8137 | U54: =SUM(U47:U53) -> 24783.761 | W54: =SUM(H54,K54,N54,Q54,E54) -> 3113.8137 | X54: =SUM(R54,O54,L54,I54,F54) -> 24783.761
A55: 45313 | B55: Mon | C55: -0.1 | D55: 0.68611111 | E55: =Effort!F53 -> CLOSED | F55: =Harvest!F53 -> CLOSED | G55: =+CPUE!F53 -> CLOSED | H55: =Effort!H53 -> CLOSED | I55: =Harvest!H53 -> CLOSED | J55: =CPUE!H53 -> CLOSED | K55: =Effort!J53 -> CLOSED | L55: =Harvest!J53 -> CLOSED | M55: =CPUE!J53 -> CLOSED | N55: =Effort!L53 -> 512.60206 | O55: =Harvest!L53 -> 7689.0309 | P55: =CPUE!L53 -> 15 | Q55: CLOSED | R55: CLOSED | S55: CLOSED | T55: =SUM(E55,H55,N55) -> 512.60206 | U55: =SUM(F55,I55,O55) -> 7689.0309
A56: 45314 | B56: Tue | C56: -0.3 | D56: 0.71736111 | E56: =Effort!F54 -> 256.80597 | F56: =Harvest!F54 -> 2568.0597 | G56: =+CPUE!F54 -> 10 | H56: =Effort!H54 -> 337.67125 | I56: =Harvest!H54 -> 3376.7125 | J56: =CPUE!H54 -> 10 | K56: =Effort!J54 -> CLOSED | L56: =Harvest!J54 -> CLOSED | M56: =CPUE!J54 -> CLOSED | N56: =Effort!L54 -> 611.35329 | O56: =Harvest!L54 -> 8540.9651 | P56: =CPUE!L54 -> 13.970588 | Q56: CLOSED | R56: CLOSED | S56: CLOSED | T56: =SUM(E56,H56,N56) -> 1205.8305 | U56: =SUM(F56,I56,O56) -> 14485.737
A57: 45315 | B57: Wed | C57: -0.4 | D57: 0.74513889 | E57: =Effort!F55 -> 293.67145 | F57: =Harvest!F55 -> 2321.1247 | G57: =+CPUE!F55 -> 7.9038146 | H57: =Effort!H55 -> 386.14525 | I57: =Harvest!H55 -> 3877.5419 | J57: =CPUE!H55 -> 10.041667 | K57: =Effort!J55 -> 622.76106 | L57: =Harvest!J55 -> 5009.165 | M57: =CPUE!J55 -> 8.0434783 | N57: =Effort!L55 -> CLOSED | O57: =Harvest!L55 -> CLOSED | P57: =CPUE!L55 -> CLOSED | Q57: CLOSED | R57: CLOSED | S57: CLOSED | T57: =SUM(E57,H57,K57) -> 1302.5778 | U57: =SUM(F57,I57,L57) -> 11207.832
A58: 45316 | B58: Thu | C58: -0.4 | D58: 0.76944444 | E58: =Effort!F56 -> 117.85832 | F58: =Harvest!F56 -> 471.43327 | G58: =+CPUE!F56 -> 4 | H58: =Effort!H56 -> 154.97056 | I58: =Harvest!H56 -> 619.88224 | J58: =CPUE!H56 -> 4 | K58: =Effort!J56 -> 249.9309 | L58: =Harvest!J56 -> 1059.231 | M58: =CPUE!J56 -> 4.2380952 | N58: =Effort!L56 -> CLOSED | O58: =Harvest!L56 -> CLOSED | P58: =CPUE!L56 -> CLOSED | Q58: CLOSED | R58: CLOSED | S58: CLOSED | T58: =SUM(E58,H58,K58) -> 522.75978 | U58: =SUM(F58,I58,L58) -> 2150.5465
A59: 45317 | B59: Fri | C59: -0.2 | D59: 0.79236111 | E59: =Effort!F57 -> 98.762058 | F59: =Harvest!F57 -> 98.762058 | G59: =+CPUE!F57 -> 1 | H59: =Effort!H57 -> 129.86111 | I59: =Harvest!H57 -> 23.61111 | J59: =CPUE!H57 -> 0.18181818 | K59: =Effort!J57 -> CLOSED | L59: =Harvest!J57 -> CLOSED | M59: =CPUE!J57 -> CLOSED | N59: =Effort!L57 -> 235.11334 | O59: =Harvest!L57 -> 677.67963 | P59: =CPUE!L57 -> 2.8823529 | Q59: CLOSED | R59: CLOSED | S59: CLOSED | T59: =SUM(E59,H59,N59) -> 463.7365 | U59: =SUM(F59,I59,O59) -> 800.0528
A60: 45318 | B60: Sat | C60: 0 | D60: 0.81388889 | E60: =Effort!F58 -> 120.75841 | F60: =Harvest!F58 -> 60.379204 | G60: =+CPUE!F58 -> 0.5 | H60: =Effort!H58 -> CLOSED | I60: =Harvest!H58 -> CLOSED | J60: =CPUE!H58 -> CLOSED | K60: =Effort!J58 -> CLOSED | L60: =Harvest!J58 -> CLOSED | M60: =CPUE!J58 -> CLOSED | N60: =Effort!L58 -> 402.96295 | O60: =Harvest!L58 -> 75.555553 | P60: =CPUE!L58 -> 0.1875 | Q60: CLOSED | R60: CLOSED | S60: CLOSED | T60: =SUM(E60,H60,N60) -> 523.72135 | U60: =SUM(F60,I60,O60) -> 135.93476
A61: 45319 | B61: Sun | C61: 0.4 | D61: 0.83472222 | E61: =Effort!F59 -> CLOSED | F61: =Harvest!F59 -> CLOSED | G61: =+CPUE!F59 -> CLOSED | H61: =Effort!H59 -> CLOSED | I61: =Harvest!H59 -> CLOSED | J61: =CPUE!H59 -> CLOSED | K61: =Effort!J59 -> 215.41666 | L61: =Harvest!J59 -> 234.99999 | M61: =CPUE!J59 -> 1.0909091 | N61: =Effort!L59 -> CLOSED | O61: =Harvest!L59 -> CLOSED | P61: =CPUE!L59 -> CLOSED | Q61: CLOSED | R61: CLOSED | S61: CLOSED | T61: =SUM(E61,H61,K61) -> 215.41666 | U61: =SUM(F61,I61,L61) -> 234.99999
A62: Tide Series Totals | E62: =SUM(E55:E61) -> 887.85621 | F62: =SUM(F55:F61) -> 5519.7589 | G62: =+F62/E62 -> 6.2169515 | H62: =SUM(H55:H61) -> 1008.6482 | I62: =SUM(I55:I61) -> 7897.7477 | J62: =+I62/H62 -> 7.8300323 | K62: =SUM(K55:K61) -> 1088.1086 | L62: =SUM(L55:L61) -> 6303.396 | M62: =+L62/K62 -> 5.7929842 | N62: =SUM(N55:N61) -> 1762.0316 | O62: =SUM(O55:O61) -> 16983.231 | P62: =+O62/N62 -> 9.6384371 | T62: =SUM(T55:T61) -> 4746.6446 | U62: =SUM(U55:U61) -> 36704.134 | W62: =SUM(H62,K62,N62,Q62,E62) -> 4746.6446 | X62: =SUM(R62,O62,L62,I62,F62) -> 36704.134
A63: 45328 | B63: Tue | C63: 0 | D63: 0.66111111 | E63: =Effort!F61 -> CLOSED | F63: =Harvest!F61 -> CLOSED | G63: =+CPUE!F61 -> CLOSED | H63: =Effort!H61 -> CLOSED | I63: =Harvest!H61 -> CLOSED | J63: =CPUE!H61 -> CLOSED | K63: =Effort!J61 -> CLOSED | L63: =Harvest!J61 -> CLOSED | M63: =CPUE!J61 -> CLOSED | N63: =Effort!L61 -> 926.71537 | O63: =Harvest!L61 -> 13784.891 | P63: =CPUE!L61 -> 14.875 | Q63: CLOSED | R63: CLOSED | S63: CLOSED | T63: =SUM(E63,H63,N63) -> 926.71537 | U63: =SUM(F63,I63,O63) -> 13784.891
A64: 45329 | B64: Wed | C64: -0.7 | D64: 0.69513889 | E64: =Effort!F62 -> 1407.9162 | F64: =Harvest!F62 -> 19710.827 | G64: =+CPUE!F62 -> 14 | H64: =Effort!H62 -> 947.51419 | I64: =Harvest!H62 -> 13265.199 | J64: =CPUE!H62 -> 14 | K64: =Effort!J62 -> 2219.2507 | L64: =Harvest!J62 -> 31031.895 | M64: =CPUE!J62 -> 13.983051 | N64: =Effort!L62 -> CLOSED | O64: =Harvest!L62 -> CLOSED | P64: =CPUE!L62 -> CLOSED | Q64: CLOSED | R64: CLOSED | S64: CLOSED | T64: =SUM(E64,H64,K64) -> 4574.6811 | U64: =SUM(F64,I64,L64) -> 64007.921
A65: 45330 | B65: Thu | C65: -1.2 | D65: 0.72638889 | E65: =Effort!F63 -> 2007.5371 | F65: =Harvest!F63 -> 27904.765 | G65: =+CPUE!F63 -> 13.9 | H65: =Effort!H63 -> 1351.0533 | I65: =Harvest!H63 -> 18479.661 | J65: =CPUE!H63 -> 13.677966 | K65: =Effort!J63 -> 3164.4127 | L65: =Harvest!J63 -> 38816.796 | M65: =CPUE!J63 -> 12.266667 | N65: =Effort!L63 -> CLOSED | O65: =Harvest!L63 -> CLOSED | P65: =CPUE!L63 -> CLOSED | Q65: CLOSED | R65: CLOSED | S65: CLOSED | T65: =SUM(E65,H65,K65) -> 6523.0031 | U65: =SUM(F65,I65,L65) -> 85201.223
A66: 45331 | B66: Fri | C66: -1.4 | D66: 0.75625 | E66: =Effort!F64 -> 1450.174 | F66: =Harvest!F64 -> 21027.523 | G66: =+CPUE!F64 -> 14.5 | H66: =Effort!H64 -> 1822.7937 | I66: =Harvest!H64 -> 25930.711 | J66: =CPUE!H64 -> 14.225806 | K66: =Effort!J64 -> CLOSED | L66: =Harvest!J64 -> CLOSED | M66: =CPUE!J64 -> CLOSED | N66: =Effort!L64 -> 1605.0689 | O66: =Harvest!L64 -> 23256.423 | P66: =CPUE!L64 -> 14.489362 | Q66: CLOSED | R66: CLOSED | S66: CLOSED | T66: =SUM(E66,H66,N66) -> 4878.0366 | U66: =SUM(F66,I66,O66) -> 70214.658
A67: 45332 | B67: Sat | C67: -1.4 | D67: 0.78402778 | E67: =Effort!F65 -> 3307.7157 | F67: =Harvest!F65 -> 23154.01 | G67: =+CPUE!F65 -> 7 | H67: =Effort!H65 -> 2226.0611 | I67: =Harvest!H65 -> 20034.55 | J67: =CPUE!H65 -> 9 | K67: =Effort!J65 -> CLOSED | L67: =Harvest!J65 -> CLOSED | M67: =CPUE!J65 -> CLOSED | N67: =Effort!L65 -> 3661.0169 | O67: =Harvest!L65 -> 40556.46 | P67: =CPUE!L65 -> 11.077922 | Q67: CLOSED | R67: CLOSED | S67: CLOSED | T67: =SUM(E67,H67,N67) -> 9194.7937 | U67: =SUM(F67,I67,O67) -> 83745.02
A68: 45333 | B68: Sun | C68: -1 | D68: 0.81180556 | E68: =Effort!F66 -> 145.67947 | F68: =Harvest!F66 -> 728.39736 | G68: =+CPUE!F66 -> 5 | H68: =Effort!H66 -> 73.95833 | I68: =Harvest!H66 -> 162.70833 | J68: =CPUE!H66 -> 2.2 | K68: =Effort!J66 -> 229.62962 | L68: =Harvest!J66 -> 1406.4814 | M68: =CPUE!J66 -> 6.125 | N68: =Effort!L66 -> CLOSED | O68: =Harvest!L66 -> CLOSED | P68: =CPUE!L66 -> CLOSED | Q68: CLOSED | R68: CLOSED | S68: CLOSED | T68: =SUM(E68,H68,K68) -> 449.26742 | U68: =SUM(F68,I68,L68) -> 2297.5871
A69: 45334 | B69: Mon | C69: -0.3 | D69: 0.83888889 | E69: =Effort!F67 -> 63.055583 | F69: =Harvest!F67 -> 630.55583 | G69: =+CPUE!F67 -> 10 | H69: =Effort!H67 -> CLOSED | I69: =Harvest!H67 -> CLOSED | J69: =CPUE!H67 -> CLOSED | K69: =Effort!J67 -> 321.98758 | L69: =Harvest!J67 -> 3058.8821 | M69: =CPUE!J67 -> 9.5 | N69: =Effort!L67 -> CLOSED | O69: =Harvest!L67 -> CLOSED | P69: =CPUE!L67 -> CLOSED | Q69: CLOSED | R69: CLOSED | S69: CLOSED | T69: =SUM(E69,H69,K69) -> 385.04317 | U69: =SUM(F69,I69,L69) -> 3689.4379
A70: Tide Series Totals | E70: =SUM(E63:E69) -> 8382.078 | F70: =SUM(F63:F69) -> 93156.078 | G70: =+F70/E70 -> 11.113721 | H70: =SUM(H63:H69) -> 6421.3807 | I70: =SUM(I63:I69) -> 77872.829 | J70: =+I70/H70 -> 12.127116 | K70: =SUM(K63:K69) -> 5935.2806 | L70: =SUM(L63:L69) -> 74314.055 | M70: =+L70/K70 -> 12.520731 | N70: =SUM(N63:N69) -> 6192.8011 | O70: =SUM(O63:O69) -> 77597.775 | P70: =+O70/N70 -> 12.530319 | T70: =SUM(T63:T69) -> 26931.541 | U70: =SUM(U63:U69) -> 322940.74 | W70: =SUM(H70,K70,N70,Q70,E70) -> 26931.541 | X70: =SUM(R70,O70,L70,I70,F70) -> 322940.74
A71: 45343 | B71: Wed | C71: 0.2 | D71: 0.70555556 | E71: =Effort!F69 -> 578.88452 | F71: =Harvest!F69 -> 7814.941 | G71: =+CPUE!F69 -> 13.5 | H71: =Effort!H69 -> 583.81181 | I71: =Harvest!H69 -> 7881.4595 | J71: =CPUE!H69 -> 13.5 | K71: =Effort!J69 -> CLOSED | L71: =Harvest!J69 -> CLOSED | M71: =CPUE!J69 -> CLOSED | N71: =Effort!L69 -> 644.67156 | O71: =Harvest!L69 -> 8729.9274 | P71: =CPUE!L69 -> 13.541667 | Q71: CLOSED | R71: CLOSED | S71: CLOSED | T71: =SUM(E71,H71,N71) -> 1807.3679 | U71: =SUM(F71,I71,O71) -> 24426.328
A72: 45344 | B72: Thu | C72: 0.1 | D72: 0.73125 | E72: =Effort!F70 -> 1074.9214 | F72: =Harvest!F70 -> 15109.174 | G72: =+CPUE!F70 -> 14.056073 | H72: =Effort!H70 -> 1084.0708 | I72: =Harvest!H70 -> 16261.063 | J72: =CPUE!H70 -> 15 | K72: =Effort!J70 -> CLOSED | L72: =Harvest!J70 -> CLOSED | M72: =CPUE!J70 -> CLOSED | N72: =Effort!L70 -> 1197.0803 | O72: =Harvest!L70 -> 17956.205 | P72: =CPUE!L70 -> 15 | Q72: CLOSED | R72: CLOSED | S72: CLOSED | T72: =SUM(E72,H72,N72) -> 3356.0726 | U72: =SUM(F72,I72,O72) -> 49326.441
A73: 45345 | B73: Fri | C73: 0.1 | D73: 0.75347222 | E73: =Effort!F71 -> 1883.3541 | F73: =Harvest!F71 -> 27685.306 | G73: =+CPUE!F71 -> 14.7 | H73: =Effort!H71 -> 1058.4787 | I73: =Harvest!H71 -> 14818.701 | J73: =CPUE!H71 -> 14 | K73: =Effort!J71 -> 2415.9771 | L73: =Harvest!J71 -> 34341.388 | M73: =CPUE!J71 -> 14.214286 | N73: =Effort!L71 -> CLOSED | O73: =Harvest!L71 -> CLOSED | P73: =CPUE!L71 -> CLOSED | Q73: CLOSED | R73: CLOSED | S73: CLOSED | T73: =SUM(E73,H73,K73) -> 5357.8098 | U73: =SUM(F73,I73,L73) -> 76845.395
A74: 45346 | B74: Sat | C74: 0.2 | D74: 0.77361111 | E74: =Effort!F72 -> 3298.9313 | F74: =Harvest!F72 -> 32989.313 | G74: =+CPUE!F72 -> 10 | H74: =Effort!H72 -> 1854.0583 | I74: =Harvest!H72 -> 19198.474 | J74: =CPUE!H72 -> 10.354839 | K74: =Effort!J72 -> 4231.8872 | L74: =Harvest!J72 -> 42834.956 | M74: =CPUE!J72 -> 10.121951 | N74: =Effort!L72 -> CLOSED | O74: =Harvest!L72 -> CLOSED | P74: =CPUE!L72 -> CLOSED | Q74: CLOSED | R74: CLOSED | S74: CLOSED | T74: =SUM(E74,H74,K74) -> 9384.8767 | U74: =SUM(F74,I74,L74) -> 95022.743
A75: 45347 | B75: Sun | C75: 0.4 | D75: 0.79305556 | E75: =Effort!F73 -> 136.18948 | F75: =Harvest!F73 -> 544.7579 | G75: =+CPUE!F73 -> 4 | H75: =Effort!H73 -> CLOSED | I75: =Harvest!H73 -> CLOSED | J75: =CPUE!H73 -> CLOSED | K75: =Effort!J73 -> CLOSED | L75: =Harvest!J73 -> CLOSED | M75: =CPUE!J73 -> CLOSED | N75: =Effort!L73 -> 151.66666 | O75: =Harvest!L73 -> 588.82351 | P75: =CPUE!L73 -> 3.8823529 | Q75: CLOSED | R75: CLOSED | S75: CLOSED | T75: =SUM(E75,H75,N75) -> 287.85614 | U75: =SUM(F75,I75,O75) -> 1133.5814
A76: Tide Series Totals | E76: =SUM(E71:E75) -> 6972.2808 | F76: =SUM(F71:F75) -> 84143.491 | G76: =+F76/E76 -> 12.068288 | H76: =SUM(H71:H75) -> 4580.4196 | I76: =SUM(I71:I75) -> 58159.698 | J76: =+I76/H76 -> 12.697461 | K76: =SUM(K71:K75) -> 6647.8642 | L76: =SUM(L71:L75) -> 77176.344 | M76: =+L76/K76 -> 11.609194 | N76: =SUM(N71:N75) -> 1993.4186 | O76: =SUM(O71:O75) -> 27274.956 | P76: =+O76/N76 -> 13.682503 | T76: =SUM(T71:T75) -> 20193.983 | U76: =SUM(U71:U75) -> 246754.49 | W76: =SUM(H76,K76,N76,Q76,E76) -> 20193.983 | X76: =SUM(R76,O76,L76,I76,F76) -> 246754.49
A77: 45358 | B77: Thu | C77: -0.5 | D77: 0.67708333 | E77: =Effort!F75 -> 1360.6733 | F77: =Harvest!F75 -> 20410.1 | G77: =+CPUE!F75 -> 15 | H77: =Effort!H75 -> 1013.1713 | I77: =Harvest!H75 -> 14564.337 | J77: =CPUE!H75 -> 14.375 | K77: =Effort!J75 -> 1411.8356 | L77: =Harvest!J75 -> 20797.425 | M77: =CPUE!J75 -> 14.730769 | N77: =Effort!L75 -> CLOSED | O77: =Harvest!L75 -> CLOSED | P77: =CPUE!L75 -> CLOSED | Q77: CLOSED | R77: CLOSED | S77: CLOSED | T77: =SUM(E77,H77,K77) -> 3785.6802 | U77: =SUM(F77,I77,L77) -> 55771.862
A78: 45359 | B78: Fri | C78: -0.8 | D78: 0.70833333 | E78: =Effort!F76 -> 1850.3716 | F78: =Harvest!F76 -> 27755.574 | G78: =+CPUE!F76 -> 15 | H78: =Effort!H76 -> 1377.8056 | I78: =Harvest!H76 -> 19978.181 | J78: =CPUE!H76 -> 14.5 | K78: =Effort!J76 -> CLOSED | L78: =Harvest!J76 -> CLOSED | M78: =CPUE!J76 -> CLOSED | N78: =Effort!L76 -> 1741.7443 | O78: =Harvest!L76 -> 24767.221 | P78: =CPUE!L76 -> 14.21978 | Q78: CLOSED | R78: CLOSED | S78: CLOSED | T78: =SUM(E78,H78,N78) -> 4969.9215 | U78: =SUM(F78,I78,O78) -> 72500.976
A79: 45360 | B79: Sat | C79: -0.9 | D79: 0.7375 | E79: =Effort!F77 -> 1826.1239 | F79: =Harvest!F77 -> 13695.929 | G79: =+CPUE!F77 -> 7.5 | H79: =Effort!H77 -> 1958.1463 | I79: =Harvest!H77 -> 8603.976 | J79: =CPUE!H77 -> 4.3939394 | K79: =Effort!J77 -> CLOSED | L79: =Harvest!J77 -> CLOSED | M79: =CPUE!J77 -> CLOSED | N79: =Effort!L77 -> 1718.9201 | O79: =Harvest!L77 -> 18943.932 | P79: =CPUE!L77 -> 11.020833 | Q79: CLOSED | R79: CLOSED | S79: CLOSED | T79: =SUM(E79,H79,N79) -> 5503.1902 | U79: =SUM(F79,I79,O79) -> 41243.837
A80: 45361 | B80: Sun | C80: -0.7 | D80: 0.80694444 | E80: =Effort!F78 -> 755.26171 | F80: =Harvest!F78 -> 3776.3086 | G80: =+CPUE!F78 -> 5 | H80: =Effort!H78 -> 291.66666 | I80: =Harvest!H78 -> 816.66663 | J80: =CPUE!H78 -> 2.8 | K80: =Effort!J78 -> 783.66009 | L80: =Harvest!J78 -> 6055.5552 | M80: =CPUE!J78 -> 7.7272727 | N80: =Effort!L78 -> CLOSED | O80: =Harvest!L78 -> CLOSED | P80: =CPUE!L78 -> CLOSED | Q80: CLOSED | R80: CLOSED | S80: CLOSED | T80: =SUM(E80,H80,K80) -> 1830.5885 | U80: =SUM(F80,I80,L80) -> 10648.53
A81: 45362 | B81: Mon | C81: -0.2 | D81: 0.83333333 | E81: =Effort!F79 -> 54.627983 | F81: =Harvest!F79 -> 218.51193 | G81: =+CPUE!F79 -> 4 | H81: =Effort!H79 -> 137.41273 | I81: =Harvest!H79 -> 549.65092 | J81: =CPUE!H79 -> 4 | K81: =Effort!J79 -> 191.48213 | L81: =Harvest!J79 -> 727.63208 | M81: =CPUE!J79 -> 3.8 | N81: =Effort!L79 -> CLOSED | O81: =Harvest!L79 -> CLOSED | P81: =CPUE!L79 -> CLOSED | Q81: CLOSED | R81: CLOSED | S81: CLOSED | T81: =SUM(E81,H81,K81) -> 383.52284 | U81: =SUM(F81,I81,L81) -> 1495.7949
A82: 45363 | B82: Tue | C82: -0.3 | D82: 0.35625 | E82: =Effort!F80 -> 329.68671 | F82: =Harvest!F80 -> 3132.0237 | G82: =+CPUE!F80 -> 9.5 | H82: =Effort!H80 -> CLOSED | I82: =Harvest!H80 -> CLOSED | J82: =CPUE!H80 -> CLOSED | K82: =Effort!J80 -> CLOSED | L82: =Harvest!J80 -> CLOSED | M82: =CPUE!J80 -> CLOSED | N82: =Effort!L80 -> 310.33224 | O82: =Harvest!L80 -> 2925.9896 | P82: =CPUE!L80 -> 9.4285714 | Q82: CLOSED | R82: CLOSED | S82: CLOSED | T82: =SUM(E82,H82,N82) -> 640.01894 | U82: =SUM(F82,I82,O82) -> 6058.0134
A83: 45364 | B83: Wed | C83: -0.4 | D83: 0.38958333 | E83: =Effort!F81 -> 1111.7081 | F83: =Harvest!F81 -> 15563.914 | G83: =+CPUE!F81 -> 14 | H83: =Effort!H81 -> CLOSED | I83: =Harvest!H81 -> CLOSED | J83: =CPUE!H81 -> CLOSED | K83: =Effort!J81 -> CLOSED | L83: =Harvest!J81 -> CLOSED | M83: =CPUE!J81 -> CLOSED | N83: =Effort!L81 -> 1046.4446 | O83: =Harvest!L81 -> 14614.14 | P83: =CPUE!L81 -> 13.965517 | Q83: CLOSED | R83: CLOSED | S83: CLOSED | T83: =SUM(E83,H83,N83) -> 2158.1527 | U83: =SUM(F83,I83,O83) -> 30178.054
A84: 45365 | B84: Thu | C84: -0.3 | D84: 0.425 | E84: =Effort!F82 -> 1337.1298 | F84: =Harvest!F82 -> 19789.522 | G84: =+CPUE!F82 -> 14.8 | H84: =Effort!H82 -> CLOSED | I84: =Harvest!H82 -> CLOSED | J84: =CPUE!H82 -> CLOSED | K84: =Effort!J82 -> CLOSED | L84: =Harvest!J82 -> CLOSED | M84: =CPUE!J82 -> CLOSED | N84: =Effort!L82 -> 1138.6862 | O84: =Harvest!L82 -> 17080.293 | P84: =CPUE!L82 -> 15 | Q84: CLOSED | R84: CLOSED | S84: CLOSED | T84: =SUM(E84,H84,N84) -> 2475.816 | U84: =SUM(F84,I84,O84) -> 36869.814
A85: 45366 | B85: Fri | C85: 0.1 | D85: 0.46388889 | E85: =Effort!F83 -> CLOSED | F85: =Harvest!F83 -> CLOSED | G85: =+CPUE!F83 -> CLOSED | H85: =Effort!H83 -> CLOSED | I85: =Harvest!H83 -> CLOSED | J85: =CPUE!H83 -> CLOSED | K85: =Effort!J83 -> 2768.0075 | L85: =Harvest!J83 -> 32927.756 | M85: =CPUE!J83 -> 11.895833 | N85: =Effort!L83 -> CLOSED | O85: =Harvest!L83 -> CLOSED | P85: =CPUE!L83 -> CLOSED | Q85: CLOSED | R85: CLOSED | S85: CLOSED | T85: =SUM(E85,H85,K85) -> 2768.0075 | U85: =SUM(F85,I85,L85) -> 32927.756
A86: 45367 | B86: Sat | C86: 0.5 | D86: 0.50694444 | E86: =Effort!F84 -> CLOSED | F86: =Harvest!F84 -> CLOSED | G86: =+CPUE!F84 -> CLOSED | H86: =Effort!H84 -> CLOSED | I86: =Harvest!H84 -> CLOSED | J86: =CPUE!H84 -> CLOSED | K86: =Effort!J84 -> 7233.5878 | L86: =Harvest!J84 -> 61380.153 | M86: =CPUE!J84 -> 8.4854369 | N86: =Effort!L84 -> CLOSED | O86: =Harvest!L84 -> CLOSED | P86: =CPUE!L84 -> CLOSED | Q86: CLOSED | R86: CLOSED | S86: CLOSED | T86: =SUM(E86,H86,K86) -> 7233.5878 | U86: =SUM(F86,I86,L86) -> 61380.153
A87: 45368 | B87: Sun | C87: 0.9 | D87: 0.55763889 | E87: =Effort!F85 -> CLOSED | F87: =Harvest!F85 -> CLOSED | G87: =+CPUE!F85 -> CLOSED | H87: =Effort!H85 -> CLOSED | I87: =Harvest!H85 -> CLOSED | J87: =CPUE!H85 -> CLOSED | K87: =Effort!J85 -> CLOSED | L87: =Harvest!J85 -> CLOSED | M87: =CPUE!J85 -> CLOSED | N87: =Effort!L85 -> 3650.49 | O87: =Harvest!L85 -> 40025.015 | P87: =CPUE!L85 -> 10.964286 | Q87: CLOSED | R87: CLOSED | S87: CLOSED | T87: =SUM(E87,H87,N87) -> 3650.49 | U87: =SUM(F87,I87,O87) -> 40025.015
A88: Tide Series Totals | E88: =SUM(E77:E87) -> 8625.5832 | F88: =SUM(F77:F87) -> 104341.88 | G88: =+F88/E88 -> 12.096792 | H88: =SUM(H77:H87) -> 4778.2025 | I88: =SUM(I77:I87) -> 44512.812 | J88: =+I88/H88 -> 9.3158069 | K88: =SUM(K77:K87) -> 12388.573 | L88: =SUM(L77:L87) -> 121888.52 | M88: =+L88/K88 -> 9.8387861 | N88: =SUM(N77:N87) -> 9606.6174 | O88: =SUM(O77:O87) -> 118356.59 | P88: =+O88/N88 -> 12.320319 | T88: =SUM(T77:T87) -> 35398.976 | U88: =SUM(U77:U87) -> 389099.81 | W88: =SUM(H88,K88,N88,Q88,E88) -> 35398.976 | X88: =SUM(R88,O88,L88,I88,F88) -> 389099.81
A89: 45377 | B89: Tue | C89: 0.7 | D89: 0.32916667 | E89: =Effort!F87 -> CLOSED | F89: =Harvest!F87 -> CLOSED | G89: =+CPUE!F87 -> CLOSED | H89: =Effort!H87 -> CLOSED | I89: =Harvest!H87 -> CLOSED | J89: =CPUE!H87 -> CLOSED | K89: =Effort!J87 -> 626.33311 | L89: =Harvest!J87 -> 9247.6241 | M89: =CPUE!J87 -> 14.764706 | N89: =Effort!L87 -> CLOSED | O89: =Harvest!L87 -> CLOSED | P89: =CPUE!L87 -> CLOSED | Q89: CLOSED | R89: CLOSED | S89: CLOSED | T89: =SUM(E89,H89,K89) -> 626.33311 | U89: =SUM(F89,I89,L89) -> 9247.6241
A90: 45378 | B90: Wed | C90: 0.4 | D90: 0.35138889 | E90: =Effort!F88 -> 252.83439 | F90: =Harvest!F88 -> 1011.3376 | G90: =+CPUE!F88 -> 4 | H90: =Effort!H88 -> CLOSED | I90: =Harvest!H88 -> CLOSED | J90: =CPUE!H88 -> CLOSED | K90: =Effort!J88 -> CLOSED | L90: =Harvest!J88 -> CLOSED | M90: =CPUE!J88 -> CLOSED | N90: =Effort!L88 -> 282.97581 | O90: =Harvest!L88 -> 1131.9032 | P90: =CPUE!L88 -> 4 | Q90: CLOSED | R90: CLOSED | S90: CLOSED | T90: =SUM(E90,H90,N90) -> 535.8102 | U90: =SUM(F90,I90,O90) -> 2143.2408
A91: 45379 | B91: Thu | C91: 0.3 | D91: 0.37569444 | E91: =Effort!F89 -> 278.21729 | F91: =Harvest!F89 -> 2225.7383 | G91: =+CPUE!F89 -> 8 | H91: =Effort!H89 -> 313.03384 | I91: =Harvest!H89 -> 2504.2708 | J91: =CPUE!H89 -> 8 | K91: =Effort!J89 -> CLOSED | L91: =Harvest!J89 -> CLOSED | M91: =CPUE!J89 -> CLOSED | N91: =Effort!L89 -> 311.38471 | O91: =Harvest!L89 -> 2482.6619 | P91: =CPUE!L89 -> 7.972973 | Q91: CLOSED | R91: CLOSED | S91: CLOSED | T91: =SUM(E91,H91,N91) -> 902.63585 | U91: =SUM(F91,I91,O91) -> 7212.671
A92: 45380 | B92: Fri | C92: 0.3 | D92: 0.40208333 | E92: =Effort!F90 -> 866.59898 | F92: =Harvest!F90 -> 4766.9892 | G92: =+CPUE!F90 -> 5.5008018 | H92: =Effort!H90 -> 975.04655 | I92: =Harvest!H90 -> 7777.157 | J92: =CPUE!H90 -> 7.9761905 | K92: =Effort!J90 -> 1399.8278 | L92: =Harvest!J90 -> 12998.401 | M92: =CPUE!J90 -> 9.2857143 | N92: =Effort!L90 -> CLOSED | O92: =Harvest!L90 -> CLOSED | P92: =CPUE!L90 -> CLOSED | Q92: CLOSED | R92: CLOSED | S92: CLOSED | T92: =SUM(E92,H92,K92) -> 3241.4733 | U92: =SUM(F92,I92,L92) -> 25542.547
A93: 45381 | B93: Sat | C93: 0.4 | D93: 0.43263889 | E93: =Effort!F91 -> 2007.5603 | F93: =Harvest!F91 -> 28105.845 | G93: =+CPUE!F91 -> 14 | H93: =Effort!H91 -> 2836.2521 | I93: =Harvest!H91 -> 29033.462 | J93: =CPUE!H91 -> 10.236559 | K93: =Effort!J91 -> 3083.4871 | L93: =Harvest!J91 -> 44315.243 | M93: =CPUE!J91 -> 14.371795 | N93: =Effort!L91 -> CLOSED | O93: =Harvest!L91 -> CLOSED | P93: =CPUE!L91 -> CLOSED | Q93: CLOSED | R93: CLOSED | S93: CLOSED | T93: =SUM(E93,H93,K93) -> 7927.2995 | U93: =SUM(F93,I93,L93) -> 101454.55
A94: 45382 | B94: Sun | C94: 0.6 | D94: 0.46944444 | E94: =Effort!F92 -> 1506.9807 | F94: =Harvest!F92 -> 20344.24 | G94: =+CPUE!F92 -> 13.5 | H94: =Effort!H92 -> 1695.5667 | I94: =Harvest!H92 -> 15078.432 | J94: =CPUE!H92 -> 8.8928571 | K94: =Effort!J92 -> CLOSED | L94: =Harvest!J92 -> CLOSED | M94: =CPUE!J92 -> CLOSED | N94: =Effort!L92 -> 1686.6341 | O94: =Harvest!L92 -> 22653.81 | P94: =CPUE!L92 -> 13.431373 | Q94: CLOSED | R94: CLOSED | S94: CLOSED | T94: =SUM(E94,H94,N94) -> 4889.1815 | U94: =SUM(F94,I94,O94) -> 58076.482
A95: Tide Series Totals | E95: =SUM(E89:E94) -> 4912.1917 | F95: =SUM(F89:F94) -> 56454.149 | G95: =+F95/E95 -> 11.49266 | H95: =SUM(H89:H94) -> 5819.8992 | I95: =SUM(I89:I94) -> 54393.322 | J95: =+I95/H95 -> 9.3460936 | K95: =SUM(K89:K94) -> 5109.6479 | L95: =SUM(L89:L94) -> 66561.268 | M95: =+L95/K95 -> 13.026586 | N95: =SUM(N89:N94) -> 2280.9946 | O95: =SUM(O89:O94) -> 26268.376 | P95: =+O95/N95 -> 11.516194 | T95: =SUM(T89:T94) -> 18122.733 | U95: =SUM(U89:U94) -> 203677.12 | W95: =SUM(H95,K95,N95,Q95,E95) -> 18122.733 | X95: =SUM(R95,O95,L95,I95,F95) -> 203677.12
A96: 45390 | B96: Mon | C96: -0.5 | D96: 0.28055556 | E96: =Effort!F94 -> CLOSED | F96: =Harvest!F94 -> CLOSED | G96: =+CPUE!F94 -> CLOSED | H96: =Effort!H94 -> CLOSED | I96: =Harvest!H94 -> CLOSED | J96: =CPUE!H94 -> CLOSED | K96: =Effort!J94 -> CLOSED | L96: =Harvest!J94 -> CLOSED | M96: =CPUE!J94 -> CLOSED | N96: =Effort!L94 -> 494.80944 | O96: =Harvest!L94 -> 2577.1325 | P96: =CPUE!L94 -> 5.2083333 | Q96: CLOSED | R96: CLOSED | S96: CLOSED | T96: =SUM(E96,H96,N96) -> 494.80944 | U96: =SUM(F96,I96,O96) -> 2577.1325
A97: 45391 | B97: Tue | C97: -1.2 | D97: 0.31180556 | E97: =Effort!F95 -> 1299.699 | F97: =Harvest!F95 -> 14296.689 | G97: =+CPUE!F95 -> 11 | H97: =Effort!H95 -> CLOSED | I97: =Harvest!H95 -> CLOSED | J97: =CPUE!H95 -> CLOSED | K97: =Effort!J95 -> CLOSED | L97: =Harvest!J95 -> CLOSED | M97: =CPUE!J95 -> CLOSED | N97: =Effort!L95 -> 1433.1356 | O97: =Harvest!L95 -> 16164.436 | P97: =CPUE!L95 -> 11.27907 | Q97: CLOSED | R97: CLOSED | S97: CLOSED | T97: =SUM(E97,H97,N97) -> 2732.8346 | U97: =SUM(F97,I97,O97) -> 30461.125
A98: 45392 | B98: Wed | C98: -1.5 | D98: 0.34305556 | E98: =Effort!F96 -> 4347.0308 | F98: =Harvest!F96 -> 57380.806 | G98: =+CPUE!F96 -> 13.2 | H98: =Effort!H96 -> 2928.7787 | I98: =Harvest!H96 -> 41002.902 | J98: =CPUE!H96 -> 14 | K98: =Effort!J96 -> 3577.8309 | L98: =Harvest!J96 -> 50170.335 | M98: =CPUE!J96 -> 14.022556 | N98: =Effort!L96 -> CLOSED | O98: =Harvest!L96 -> CLOSED | P98: =CPUE!L96 -> CLOSED | Q98: CLOSED | R98: CLOSED | S98: CLOSED | T98: =SUM(E98,H98,K98) -> 10853.64 | U98: =SUM(F98,I98,L98) -> 148554.04
A99: 45393 | B99: Thu | C99: -1.4 | D99: 0.375 | E99: =Effort!F97 -> 2424.405 | F99: =Harvest!F97 -> 29092.861 | G99: =+CPUE!F97 -> 12 | H99: =Effort!H97 -> 1633.4244 | I99: =Harvest!H97 -> 22729.905 | J99: =CPUE!H97 -> 13.915493 | K99: =Effort!J97 -> 2162.7057 | L99: =Harvest!J97 -> 22673.528 | M99: =CPUE!J97 -> 10.483871 | N99: =Effort!L97 -> CLOSED | O99: =Harvest!L97 -> CLOSED | P99: =CPUE!L97 -> CLOSED | Q99: CLOSED | R99: CLOSED | S99: CLOSED | T99: =SUM(E99,H99,K99) -> 6220.5351 | U99: =SUM(F99,I99,L99) -> 74496.293
A100: 45394 | B100: Fri | C100: -1.1 | D100: 0.40833333 | E100: =Effort!F98 -> 2860.3888 | F100: =Harvest!F98 -> 41670.167 | G100: =+CPUE!F98 -> 14.568008 | H100: =Effort!H98 -> 1927.165 | I100: =Harvest!H98 -> 23744.128 | J100: =CPUE!H98 -> 12.320755 | K100: =Effort!J98 -> CLOSED | L100: =Harvest!J98 -> CLOSED | M100: =CPUE!J98 -> CLOSED | N100: =Effort!L98 -> 3154.057 | O100: =Harvest!L98 -> 41822.796 | P100: =CPUE!L98 -> 13.26 | Q100: CLOSED | R100: CLOSED | S100: CLOSED | T100: =SUM(E100,H100,N100) -> 7941.6108 | U100: =SUM(F100,I100,O100) -> 107237.09
...

Sheet Summary Table Public
A1: 2023-2024 State (non-Tribal) Recreational Razor Clam Effort, Harvest and CPUE totals.
E2: LONG BEACH | H2: TWIN HARBORS | K2: COPALIS | N2: MOCROCKS | Q2: KALALOCH | T2: DAILY TOTALS | W2: CROSS | X2: CHECK
A3: DATE | B3: DAY | C3: TIDE | D3: TIME | E3: Effort | F3: Harvest | G3: CPUE | H3: Effort | I3: Harvest | J3: CPUE | K3: Effort | L3: Harvest | M3: CPUE | N3: Effort | O3: Harvest | P3: CPUE | Q3: Effort | R3: Harvest | S3: CPUE | T3: Effort | U3: Harvest
A4: 44826 | B4: Thu | C4: 0.4 | D4: 0.21041667 | E4: =Effort!F2 -> 2988.737 | F4: =Harvest!F2 -> 44532.182 | G4: =+CPUE!F2 -> 14.9 | H4: =Effort!H2 -> 2761.0168 | I4: =Harvest!H2 -> 41038.749 | J4: =CPUE!H2 -> 14.863636 | K4: =Effort!J2 -> CLOSED | L4: =Harvest!J2 -> CLOSED | M4: =CPUE!J2 -> CLOSED | N4: =Effort!L2 -> CLOSED | O4: =Harvest!L2 -> CLOSED | P4: =CPUE!L2 -> CLOSED | Q4: CLOSED | R4: CLOSED | S4: CLOSED | T4: =SUM(E4,H4,N4) -> 5749.7538 | U4: =SUM(F4,I4,O4) -> 85570.931
A5: 44827 | B5: Fri | C5: 0.1 | D5: 0.23680556 | E5: =Effort!F3 -> 4253.9595 | F5: =Harvest!F3 -> 63383.997 | G5: =+CPUE!F3 -> 14.9 | H5: =Effort!H3 -> 3929.8384 | I5: =Harvest!H3 -> 58456.346 | J5: =CPUE!H3 -> 14.875 | K5: =Effort!J3 -> 4894.3943 | L5: =Harvest!J3 -> 72769.484 | M5: =CPUE!J3 -> 14.867925 | N5: =Effort!L3 -> CLOSED | O5: =Harvest!L3 -> CLOSED | P5: =CPUE!L3 -> CLOSED | Q5: CLOSED | R5: CLOSED | S5: CLOSED | T5: =SUM(E5,H5,K5) -> 13078.192 | U5: =SUM(F5,I5,L5) -> 194609.83
A6: 44828 | B6: Sat | C6: 0 | D6: 0.26041667 | E6: =Effort!F4 -> 2134.3397 | F6: =Harvest!F4 -> 30947.925 | G6: =+CPUE!F4 -> 14.5 | H6: =Effort!H4 -> 1971.7183 | I6: =Harvest!H4 -> 28720.123 | J6: =CPUE!H4 -> 14.566038 | K6: =Effort!J4 -> CLOSED | L6: =Harvest!J4 -> CLOSED | M6: =CPUE!J4 -> CLOSED | N6: =Effort!L4 -> CLOSED | O6: =Harvest!L4 -> CLOSED | P6: =CPUE!L4 -> CLOSED | Q6: CLOSED | R6: CLOSED | S6: CLOSED | T6: =SUM(E6,H6,N6) -> 4106.058 | U6: =SUM(F6,I6,O6) -> 59668.048
A7: 44829 | B7: Sun | C7: 0.1 | D7: 0.28333333 | E7: =Effort!F5 -> 187.63354 | F7: =Harvest!F5 -> 394.03044 | G7: =+CPUE!F5 -> 2.1 | H7: =Effort!H5 -> 454.59801 | I7: =Harvest!H5 -> 2272.9901 | J7: =CPUE!H5 -> 5 | K7: =Effort!J5 -> 566.17644 | L7: =Harvest!J5 -> 4367.6468 | M7: =CPUE!J5 -> 7.7142857 | N7: =Effort!L5 -> CLOSED | O7: =Harvest!L5 -> CLOSED | P7: =CPUE!L5 -> CLOSED | Q7: CLOSED | R7: CLOSED | S7: CLOSED | T7: =SUM(E7,H7,K7) -> 1208.408 | U7: =SUM(F7,I7,L7) -> 7034.6673
A8: Tide Series Totals | E8: =SUM(E4:E7) -> 9564.6698 | F8: =SUM(F4:F7) -> 139258.13 | G8: =+F8/E8 -> 14.559639 | H8: =SUM(H4:H7) -> 9117.1715 | I8: =SUM(I4:I7) -> 130488.21 | J8: =+I8/H8 -> 14.312357 | K8: =SUM(K4:K7) -> 5460.5707 | L8: =SUM(L4:L7) -> 77137.131 | M8: =+L8/K8 -> 14.126203 | N8: =SUM(N4:N7) -> 0 | O8: 0 | P8: 0 | T8: =SUM(T4:T7) -> 24142.412 | U8: =SUM(U4:U7) -> 346883.47 | W8: =SUM(H8,K8,N8,Q8,E8) -> 24142.412 | X8: =SUM(R8,O8,L8,I8,F8) -> 346883.47
A9: 45213 | B9: Sat | C9: 0.2 | D9: 0.80347222 | E9: =Effort!F7 -> 2046.3486 | F9: =Harvest!F7 -> 13563.49 | G9: =+CPUE!F7 -> 6.6281423 | H9: =Effort!H7 -> 2003.9637 | I9: =Harvest!H7 -> 21041.619 | J9: =CPUE!H7 -> 10.5 | K9: =Effort!J7 -> CLOSED | L9: =Harvest!J7 -> CLOSED | M9: =CPUE!J7 -> CLOSED | N9: =Effort!L7 -> 1765.4039 | O9: =Harvest!L7 -> 22050.241 | P9: =CPUE!L7 -> 12.490196 | Q9: CLOSED | R9: CLOSED | S9: CLOSED | T9: =SUM(E9,H9,N9) -> 5815.7163 | U9: =SUM(F9,I9,O9) -> 56655.35
A10: 45214 | B10: Sun | C10: -0.1 | D10: 0.82777778 | E10: =Effort!F8 -> 1317.8028 | F10: =Harvest!F8 -> 6589.0142 | G10: =+CPUE!F8 -> 5 | H10: =Effort!H8 -> 858.22633 | I10: =Harvest!H8 -> 3269.4336 | J10: =CPUE!H8 -> 3.8095238 | K10: =Effort!J8 -> 1476.9908 | L10: =Harvest!J8 -> 13056.599 | M10: =CPUE!J8 -> 8.84 | N10: =Effort!L8 -> CLOSED | O10: =Harvest!L8 -> CLOSED | P10: =CPUE!L8 -> CLOSED | Q10: CLOSED | R10: CLOSED | S10: CLOSED | T10: =SUM(E10,H10,K10) -> 3653.02 | U10: =SUM(F10,I10,L10) -> 22915.047
A11: 45215 | B11: Mon | C11: -0.3 | D11: 0.85277778 | E11: =Effort!F9 -> 330.12069 | F11: =Harvest!F9 -> 4291.569 | G11: =+CPUE!F9 -> 13 | H11: =Effort!H9 -> 323.28309 | I11: =Harvest!H9 -> 4238.6005 | J11: =CPUE!H9 -> 13.111111 | K11: =Effort!J9 -> CLOSED | L11: =Harvest!J9 -> CLOSED | M11: =CPUE!J9 -> CLOSED | N11: =Effort!L9 -> 284.79819 | O11: =Harvest!L9 -> 3987.1746 | P11: =CPUE!L9 -> 14 | Q11: CLOSED | R11: CLOSED | S11: CLOSED | T11: =SUM(E11,H11,N11) -> 938.20197 | U11: =SUM(F11,I11,O11) -> 12517.344
A12: 45216 | B12: Tue | C12: -0.4 | D12: 0.87916667 | E12: =Effort!F10 -> 351.83276 | F12: =Harvest!F10 -> 4433.0927 | G12: =+CPUE!F10 -> 12.6 | H12: =Effort!H10 -> 229.13301 | I12: =Harvest!H10 -> 2978.7292 | J12: =CPUE!H10 -> 13 | K12: =Effort!J10 -> 394.33346 | L12: =Harvest!J10 -> 5366.364 | M12: =CPUE!J10 -> 13.608696 | N12: =Effort!L10 -> CLOSED | O12: =Harvest!L10 -> CLOSED | P12: =CPUE!L10 -> CLOSED | Q12: CLOSED | R12: CLOSED | S12: CLOSED | T12: =SUM(E12,H12,K12) -> 975.29923 | U12: =SUM(F12,I12,L12) -> 12778.186
A13: 45217 | B13: Wed | C13: -0.3 | D13: 0.90902778 | E13: =Effort!F11 -> CLOSED | F13: =Harvest!F11 -> CLOSED | G13: =+CPUE!F11 -> CLOSED | H13: =Effort!H11 -> CLOSED | I13: =Harvest!H11 -> CLOSED | J13: =CPUE!H11 -> CLOSED | K13: =Effort!J11 -> CLOSED | L13: =Harvest!J11 -> CLOSED | M13: =CPUE!J11 -> CLOSED | N13: =Effort!L11 -> 407.60235 | O13: =Harvest!L11 -> 3764.3276 | P13: =CPUE!L11 -> 9.2352941 | Q13: CLOSED | R13: CLOSED | S13: CLOSED | T13: =SUM(E13,H13,N13) -> 407.60235 | U13: =SUM(F13,I13,O13) -> 3764.3276
A14: Tide Series Totals | E14: =SUM(E9:E13) -> 4046.1049 | F14: =SUM(F9:F13) -> 28877.166 | G14: =+F14/E14 -> 7.1370284 | H14: =SUM(H9:H13) -> 3414.6062 | I14: =SUM(I9:I13) -> 31528.382 | J14: =+I14/H14 -> 9.2333877 | K14: =SUM(K9:K13) -> 1871.3243 | L14: =SUM(L9:L13) -> 18422.963 | M14: =+L14/K14 -> 9.8448799 | N14: =SUM(N9:N13) -> 2457.8045 | O14: =SUM(O9:O13) -> 29801.744 | P14: =+O14/N14 -> 12.125352 | T14: =SUM(T9:T13) -> 11789.84 | U14: =SUM(U9:U13) -> 108630.25 | W14: =SUM(H14,K14,N14,Q14,E14) -> 11789.84 | X14: =SUM(R14,O14,L14,I14,F14) -> 108630.25
A15: 45226 | B15: Fri | C15: -0.4 | D15: 0.7625 | E15: =Effort!F13 -> 2370.4 | F15: =Harvest!F13 -> 34747.418 | G15: =+CPUE!F13 -> 14.658884 | H15: =Effort!H13 -> 2389.6521 | I15: =Harvest!H13 -> 35127.886 | J15: =CPUE!H13 -> 14.7 | K15: =Effort!J13 -> CLOSED | L15: =Harvest!J13 -> CLOSED | M15: =CPUE!J13 -> CLOSED | N15: =Effort!L13 -> 1854.5433 | O15: =Harvest!L13 -> 27143.77 | P15: =CPUE!L13 -> 14.636364 | Q15: CLOSED | R15: CLOSED | S15: CLOSED | T15: =SUM(E15,H15,N15) -> 6614.5954 | U15: =SUM(F15,I15,O15) -> 97019.074
A16: 45227 | B16: Sat | C16: -1 | D16: 0.79375 | E16: =Effort!F14 -> 4305.8988 | F16: =Harvest!F14 -> 64588.483 | G16: =+CPUE!F14 -> 15 | H16: =Effort!H14 -> 4132.6286 | I16: =Harvest!H14 -> 61989.429 | J16: =CPUE!H14 -> 15 | K16: =Effort!J14 -> 5902.8031 | L16: =Harvest!J14 -> 88542.046 | M16: =CPUE!J14 -> 15 | N16: =Effort!L14 -> CLOSED | O16: =Harvest!L14 -> CLOSED | P16: =CPUE!L14 -> CLOSED | Q16: CLOSED | R16: CLOSED | S16: CLOSED | T16: =SUM(E16,H16,K16) -> 14341.331 | U16: =SUM(F16,I16,L16) -> 215119.96
A17: 45228 | B17: Sun | C17: -1.3 | D17: 0.82361111 | E17: =Effort!F15 -> 1984.5659 | F17: =Harvest!F15 -> 28776.205 | G17: =+CPUE!F15 -> 14.5 | H17: =Effort!H15 -> 2000.6843 | I17: =Harvest!H15 -> 29622.072 | J17: =CPUE!H15 -> 14.80597 | K17: =Effort!J15 -> CLOSED | L17: =Harvest!J15 -> CLOSED | M17: =CPUE!J15 -> CLOSED | N17: =Effort!L15 -> 1552.6761 | O17: =Harvest!L15 -> 22419.128 | P17: =CPUE!L15 -> 14.439024 | Q17: CLOSED | R17: CLOSED | S17: CLOSED | T17: =SUM(E17,H17,N17) -> 5537.9263 | U17: =SUM(F17,I17,O17) -> 80817.405
A18: 45229 | B18: Mon | C18: -1.3 | D18: 0.85347222 | E18: =Effort!F16 -> 801.51879 | F18: =Harvest!F16 -> 11622.022 | G18: =+CPUE!F16 -> 14.5 | H18: =Effort!H16 -> 769.26551 | I18: =Harvest!H16 -> 11137.627 | J18: =CPUE!H16 -> 14.478261 | K18: =Effort!J16 -> 1098.7735 | L18: =Harvest!J16 -> 16481.603 | M18: =CPUE!J16 -> 15 | N18: =Effort!L16 -> CLOSED | O18: =Harvest!L16 -> CLOSED | P18: =CPUE!L16 -> CLOSED | Q18: CLOSED | R18: CLOSED | S18: CLOSED | T18: =SUM(E18,H18,K18) -> 2669.5578 | U18: =SUM(F18,I18,L18) -> 39241.252
A19: 45230 | B19: Tue | C19: -1 | D19: 0.88333333 | E19: =Effort!F17 -> CLOSED | F19: =Harvest!F17 -> CLOSED | G19: =+CPUE!F17 -> CLOSED | H19: =Effort!H17 -> CLOSED | I19: =Harvest!H17 -> CLOSED | J19: =CPUE!H17 -> CLOSED | K19: =Effort!J17 -> CLOSED | L19: =Harvest!J17 -> CLOSED | M19: =CPUE!J17 -> CLOSED | N19: =Effort!L17 -> 239.97715 | O19: =Harvest!L17 -> 3479.6687 | P19: =CPUE!L17 -> 14.5 | Q19: CLOSED | R19: CLOSED | S19: CLOSED | T19: =SUM(E19,H19,N19) -> 239.97715 | U19: =SUM(F19,I19,O19) -> 3479.6687
A20: Tide Series Totals | E20: =SUM(E15:E19) -> 9462.3835 | F20: =SUM(F15:F19) -> 139734.13 | G20: =+F20/E20 -> 14.767329 | H20: =SUM(H15:H19) -> 9292.2305 | I20: =SUM(I15:I19) -> 137877.01 | J20: =+I20/H20 -> 14.837881 | K20: =SUM(K15:K19) -> 7001.5766 | L20: =SUM(L15:L19) -> 105023.65 | M20: =+L20/K20 -> 15 | N20: =SUM(N15:N19) -> 3647.1965 | O20: =SUM(O15:O19) -> 53042.567 | P20: =+O20/N20 -> 14.54338 | T20: =SUM(T15:T19) -> 29403.387 | U20: =SUM(U15:U19) -> 435677.36 | W20: =SUM(H20,K20,N20,Q20,E20) -> 29403.387 | X20: =SUM(R20,O20,L20,I20,F20) -> 435677.36
A21: 45242 | B21: Sun | C21: -0.3 | D21: 0.74513889 | E21: =Effort!F19 -> CLOSED | F21: =Harvest!F19 -> CLOSED | G21: =+CPUE!F19 -> CLOSED | H21: =Effort!H19 -> CLOSED | I21: =Harvest!H19 -> CLOSED | J21: =CPUE!H19 -> CLOSED | K21: =Effort!J19 -> CLOSED | L21: =Harvest!J19 -> CLOSED | M21: =CPUE!J19 -> CLOSED | N21: =Effort!L19 -> 1064.3542 | O21: =Harvest!L19 -> 7083.4606 | P21: =CPUE!L19 -> 6.6551724 | Q21: CLOSED | R21: CLOSED | S21: CLOSED | T21: =SUM(E21,H21,N21) -> 1064.3542 | U21: =SUM(F21,I21,O21) -> 7083.4606
A22: 45243 | B22: Mon | C22: -0.7 | D22: 0.77083333 | E22: =Effort!F20 -> 952.83861 | F22: =Harvest!F20 -> 9528.3861 | G22: =+CPUE!F20 -> 10 | H22: =Effort!H20 -> 857.32218 | I22: =Harvest!H20 -> 8573.2218 | J22: =CPUE!H20 -> 10 | K22: =Effort!J20 -> 941.25878 | L22: =Harvest!J20 -> 9347.6734 | M22: =CPUE!J20 -> 9.9310345 | N22: =Effort!L20 -> CLOSED | O22: =Harvest!L20 -> CLOSED | P22: =CPUE!L20 -> CLOSED | Q22: CLOSED | R22: CLOSED | S22: CLOSED | T22: =SUM(E22,H22,K22) -> 2751.4196 | U22: =SUM(F22,I22,L22) -> 27449.281
A23: 45244 | B23: Tue | C23: -0.9 | D23: 0.79791667 | E23: =Effort!F21 -> 690.09621 | F23: =Harvest!F21 -> 7177.0006 | G23: =+CPUE!F21 -> 10.4 | H23: =Effort!H21 -> 620.91815 | I23: =Harvest!H21 -> 7304.9194 | J23: =CPUE!H21 -> 11.764706 | K23: =Effort!J21 -> CLOSED | L23: =Harvest!J21 -> CLOSED | M23: =CPUE!J21 -> CLOSED | N23: =Effort!L21 -> 550.00002 | O23: =Harvest!L21 -> 8066.667 | P23: =CPUE!L21 -> 14.666667 | Q23: CLOSED | R23: CLOSED | S23: CLOSED | T23: =SUM(E23,H23,N23) -> 1861.0144 | U23: =SUM(F23,I23,O23) -> 22548.587
A24: 45245 | B24: Wed | C24: -0.9 | D24: 0.82708333 | E24: =Effort!F22 -> 262.10549 | F24: =Harvest!F22 -> 3852.9506 | G24: =+CPUE!F22 -> 14.7 | H24: =Effort!H22 -> 235.83096 | I24: =Harvest!H22 -> 3419.549 | J24: =CPUE!H22 -> 14.5 | K24: =Effort!J22 -> 467.41025 | L24: =Harvest!J22 -> 6721.8045 | M24: =CPUE!J22 -> 14.380952 | N24: =Effort!L22 -> CLOSED | O24: =Harvest!L22 -> CLOSED | P24: =CPUE!L22 -> CLOSED | Q24: CLOSED | R24: CLOSED | S24: CLOSED | T24: =SUM(E24,H24,K24) -> 965.3467 | U24: =SUM(F24,I24,L24) -> 13994.304
A25: 45246 | B25: Thu | C25: -0.8 | D25: 0.85902778 | E25: =Effort!F23 -> 420.2155 | F25: =Harvest!F23 -> 5462.8014 | G25: =+CPUE!F23 -> 13 | H25: =Effort!H23 -> 378.09138 | I25: =Harvest!H23 -> 4915.188 | J25: =CPUE!H23 -> 13 | K25: =Effort!J23 -> CLOSED | L25: =Harvest!J23 -> CLOSED | M25: =CPUE!J23 -> CLOSED | N25: =Effort!L23 -> 334.9077 | O25: =Harvest!L23 -> 4395.6636 | P25: =CPUE!L23 -> 13.125 | Q25: CLOSED | R25: CLOSED | S25: CLOSED | T25: =SUM(E25,H25,N25) -> 1133.2146 | U25: =SUM(F25,I25,O25) -> 14773.653
A26: 45247 | B26: Fri | C26: -0.5 | D26: 0.89375 | E26: =Effort!F24 -> CLOSED | F26: =Harvest!F24 -> CLOSED | G26: =+CPUE!F24 -> CLOSED | H26: =Effort!H24 -> CLOSED | I26: =Harvest!H24 -> CLOSED | J26: =CPUE!H24 -> CLOSED | K26: =Effort!J24 -> 982.94927 | L26: =Harvest!J24 -> 14744.239 | M26: =CPUE!J24 -> 15 | N26: =Effort!L24 -> CLOSED | O26: =Harvest!L24 -> CLOSED | P26: =CPUE!L24 -> CLOSED | Q26: CLOSED | R26: CLOSED | S26: CLOSED | T26: =SUM(E26,H26,K26) -> 982.94927 | U26: =SUM(F26,I26,L26) -> 14744.239
A27: 45248 | B27: Sat | C27: -0.1 | D27: 0.93194444 | E27: =Effort!F25 -> CLOSED | F27: =Harvest!F25 -> CLOSED | G27: =+CPUE!F25 -> CLOSED | H27: =Effort!H25 -> CLOSED | I27: =Harvest!H25 -> CLOSED | J27: =CPUE!H25 -> CLOSED | K27: =Effort!J25 -> CLOSED | L27: =Harvest!J25 -> CLOSED | M27: =CPUE!J25 -> CLOSED | N27: =Effort!L25 -> 445.65462 | O27: =Harvest!L25 -> 1406.5974 | P27: =CPUE!L25 -> 3.15625 | Q27: CLOSED | R27: CLOSED | S27: CLOSED | T27: =SUM(E27,H27,N27) -> 445.65462 | U27: =SUM(F27,I27,O27) -> 1406.5974
A28: Tide Series Totals | E28: =SUM(E21:E27) -> 2325.2558 | F28: =SUM(F21:F27) -> 26021.139 | G28: =+F28/E28 -> 11.190656 | H28: =SUM(H21:H27) -> 2092.1627 | I28: =SUM(I21:I27) -> 24212.878 | J28: =+I28/H28 -> 11.573134 | K28: =SUM(K21:K27) -> 2391.6183 | L28: =SUM(L21:L27) -> 30813.717 | M28: =+L28/K28 -> 12.884045 | N28: =SUM(N21:N27) -> 2394.9165 | O28: =SUM(O21:O27) -> 20952.389 | P28: =+O28/N28 -> 8.7486926 | T28: =SUM(T21:T27) -> 9203.9533 | U28: =SUM(U21:U27) -> 102000.12 | W28: =SUM(H28,K28,N28,Q28,E28) -> 9203.9533 | X28: =SUM(R28,O28,L28,I28,F28) -> 102000.12
A29: 45254 | B29: Fri | C29: 0 | D29: 0.67916667 | E29: =Effort!F27 -> 3934.085 | F29: =Harvest!F27 -> 55077.19 | G29: =+CPUE!F27 -> 14 | H29: =Effort!H27 -> 3163.2227 | I29: =Harvest!H27 -> 44285.118 | J29: =CPUE!H27 -> 14 | K29: =Effort!J27 -> 4790.8518 | L29: =Harvest!J27 -> 68481 | M29: =CPUE!J27 -> 14.294118 | N29: =Effort!L27 -> CLOSED | O29: =Harvest!L27 -> CLOSED | P29: =CPUE!L27 -> CLOSED | Q29: CLOSED | R29: CLOSED | S29: CLOSED | T29: =SUM(E29,H29,K29) -> 11888.16 | U29: =SUM(F29,I29,L29) -> 167843.31
A30: 45255 | B30: Sat | C30: -0.7 | D30: 0.71180556 | E30: =Effort!F28 -> 4216.9935 | F30: =Harvest!F28 -> 56929.412 | G30: =+CPUE!F28 -> 13.5 | H30: =Effort!H28 -> 3195.0476 | I30: =Harvest!H28 -> 41807.537 | J30: =CPUE!H28 -> 13.085106 | K30: =Effort!J28 -> CLOSED | L30: =Harvest!J28 -> CLOSED | M30: =CPUE!J28 -> CLOSED | N30: =Effort!L28 -> 4031.2922 | O30: =Harvest!L28 -> 59593.015 | P30: =CPUE!L28 -> 14.782609 | Q30: CLOSED | R30: CLOSED | S30: CLOSED | T30: =SUM(E30,H30,N30) -> 11443.333 | U30: =SUM(F30,I30,O30) -> 158329.96
A31: 45256 | B31: Sun | C31: -1.2 | D31: 0.74236111 | E31: =Effort!F29 -> 2020.2019 | F31: =Harvest!F29 -> 27269.007 | G31: =+CPUE!F29 -> 13.498159 | H31: =Effort!H29 -> 1624.3545 | I31: =Harvest!H29 -> 21177.905 | J31: =CPUE!H29 -> 13.037736 | K31: =Effort!J29 -> 2460.1624 | L31: =Harvest!J29 -> 36231.483 | M31: =CPUE!J29 -> 14.727273 | N31: =Effort!L29 -> CLOSED | O31: =Harvest!L29 -> CLOSED | P31: =CPUE!L29 -> CLOSED | Q31: CLOSED | R31: CLOSED | S31: CLOSED | T31: =SUM(E31,H31,K31) -> 6104.7188 | U31: =SUM(F31,I31,L31) -> 84678.395
A32: 45257 | B32: Mon | C32: -1.3 | D32: 0.77152778 | E32: =Effort!F30 -> 867.4731 | F32: =Harvest!F30 -> 12578.36 | G32: =+CPUE!F30 -> 14.5 | H32: =Effort!H30 -> 657.24973 | I32: =Harvest!H30 -> 9201.4962 | J32: =CPUE!H30 -> 14 | K32: =Effort!J30 -> CLOSED | L32: =Harvest!J30 -> CLOSED | M32: =CPUE!J30 -> CLOSED | N32: =Effort!L30 -> 829.2727 | O32: =Harvest!L30 -> 11195.181 | P32: =CPUE!L30 -> 13.5 | Q32: CLOSED | R32: CLOSED | S32: CLOSED | T32: =SUM(E32,H32,N32) -> 2353.9955 | U32: =SUM(F32,I32,O32) -> 32975.038
A33: 45258 | B33: Tue | C33: -1.2 | D33: 0.8 | E33: =Effort!F31 -> 463.41539 | F33: =Harvest!F31 -> 6256.1078 | G33: =+CPUE!F31 -> 13.5 | H33: =Effort!H31 -> 372.6117 | I33: =Harvest!H31 -> 5030.2579 | J33: =CPUE!H31 -> 13.5 | K33: =Effort!J31 -> 564.3382 | L33: =Harvest!J31 -> 7689.108 | M33: =CPUE!J31 -> 13.625 | N33: =Effort!L31 -> CLOSED | O33: =Harvest!L31 -> CLOSED | P33: =CPUE!L31 -> CLOSED | Q33: CLOSED | R33: CLOSED | S33: CLOSED | T33: =SUM(E33,H33,K33) -> 1400.3653 | U33: =SUM(F33,I33,L33) -> 18975.474
A34: 45259 | B34: Wed | C34: -0.8 | D34: 0.82777778 | E34: =Effort!F32 -> CLOSED | F34: =Harvest!F32 -> CLOSED | G34: =+CPUE!F32 -> CLOSED | H34: =Effort!H32 -> CLOSED | I34: =Harvest!H32 -> CLOSED | J34: =CPUE!H32 -> CLOSED | K34: =Effort!J32 -> CLOSED | L34: =Harvest!J32 -> CLOSED | M34: =CPUE!J32 -> CLOSED | N34: =Effort!L32 -> 177.37227 | O34: =Harvest!L32 -> 2601.46 | P34: =CPUE!L32 -> 14.666667 | Q34: CLOSED | R34: CLOSED | S34: CLOSED | T34: =SUM(E34,H34,N34) -> 177.37227 | U34: =SUM(F34,I34,O34) -> 2601.46
A35: Tide Series Totals | E35: =SUM(E29:E34) -> 11502.169 | F35: =SUM(F29:F34) -> 158110.08 | G35: =+F35/E35 -> 13.74611 | H35: =SUM(H29:H34) -> 9012.4862 | I35: =SUM(I29:I34) -> 121502.31 | J35: =+I35/H35 -> 13.481553 | K35: =SUM(K29:K34) -> 7815.3525 | L35: =SUM(L29:L34) -> 112401.59 | M35: =+L35/K35 -> 14.382152 | N35: =SUM(N29:N34) -> 5037.9372 | O35: =SUM(O29:O34) -> 73389.657 | P35: =+O35/N35 -> 14.567402 | T35: =SUM(T29:T34) -> 33367.945 | U35: =SUM(U29:U34) -> 465403.64 | W35: =SUM(H35,K35,N35,Q35,E35) -> 33367.945 | X35: =SUM(R35,O35,L35,I35,F35) -> 465403.64
A36: 45273 | B36: Wed | C36: -1.3 | D36: 0.78819444 | E36: =Effort!F34 -> 681.94317 | F36: =Harvest!F34 -> 8865.2612 | G36: =+CPUE!F34 -> 13 | H36: =Effort!H34 -> 621.46891 | I36: =Harvest!H34 -> 6081.5171 | J36: =CPUE!H34 -> 9.7857143 | K36: =Effort!J34 -> CLOSED | L36: =Harvest!J34 -> CLOSED | M36: =CPUE!J34 -> CLOSED | N36: =Effort!L34 -> 608.8808 | O36: =Harvest!L34 -> 8118.4107 | P36: =CPUE!L34 -> 13.333333 | Q36: CLOSED | R36: CLOSED | S36: CLOSED | T36: =SUM(E36,H36,N36) -> 1912.2929 | U36: =SUM(F36,I36,O36) -> 23065.189
A37: 45274 | B37: Thu | C37: -1.3 | D37: 0.81875 | E37: =Effort!F35 -> 523.17371 | F37: =Harvest!F35 -> 5284.0545 | G37: =+CPUE!F35 -> 10.1 | H37: =Effort!H35 -> 476.77902 | I37: =Harvest!H35 -> 4767.7902 | J37: =CPUE!H35 -> 10 | K37: =Effort!J35 -> 652.6164 | L37: =Harvest!J35 -> 9305.8264 | M37: =CPUE!J35 -> 14.259259 | N37: =Effort!L35 -> CLOSED | O37: =Harvest!L35 -> CLOSED | P37: =CPUE!L35 -> CLOSED | Q37: CLOSED | R37: CLOSED | S37: CLOSED | T37: =SUM(E37,H37,K37) -> 1652.5691 | U37: =SUM(F37,I37,L37) -> 19357.671
A38: 45275 | B38: Fri | C38: -1.2 | D38: 0.85069444 | E38: =Effort!F36 -> 788.81045 | F38: =Harvest!F36 -> 10017.893 | G38: =+CPUE!F36 -> 12.7 | H38: =Effort!H36 -> 718.85927 | I38: =Harvest!H36 -> 7867.5154 | J38: =CPUE!H36 -> 10.944444 | K38: =Effort!J36 -> CLOSED | L38: =Harvest!J36 -> CLOSED | M38: =CPUE!J36 -> CLOSED | N38: =Effort!L36 -> 952.08349 | O38: =Harvest!L36 -> 8854.3764 | P38: =CPUE!L36 -> 9.3 | Q38: CLOSED | R38: CLOSED | S38: CLOSED | T38: =SUM(E38,H38,N38) -> 2459.7532 | U38: =SUM(F38,I38,O38) -> 26739.785
A39: 45276 | B39: Sat | C39: -0.8 | D39: 0.88333333 | E39: =Effort!F37 -> 1374.5196 | F39: =Harvest!F37 -> 19930.535 | G39: =+CPUE!F37 -> 14.5 | H39: =Effort!H37 -> 493.13961 | I39: =Harvest!H37 -> 6562.5502 | J39: =CPUE!H37 -> 13.307692 | K39: =Effort!J37 -> 1714.6008 | L39: =Harvest!J37 -> 25719.012 | M39: =CPUE!J37 -> 15 | N39: =Effort!L37 -> CLOSED | O39: =Harvest!L37 -> CLOSED | P39: =CPUE!L37 -> CLOSED | Q39: CLOSED | R39: CLOSED | S39: CLOSED | T39: =SUM(E39,H39,K39) -> 3582.26 | U39: =SUM(F39,I39,L39) -> 52212.096
A40: 45277 | B40: Sun | C40: -0.3 | D40: 0.91736111 | E40: =Effort!F38 -> 146.41669 | F40: =Harvest!F38 -> 2196.2504 | G40: =+CPUE!F38 -> 15 | H40: =Effort!H38 -> 133.43256 | I40: =Harvest!H38 -> 2001.4884 | J40: =CPUE!H38 -> 15 | K40: =Effort!J38 -> CLOSED | L40: =Harvest!J38 -> CLOSED | M40: =CPUE!J38 -> CLOSED | N40: =Effort!L38 -> 176.72296 | O40: =Harvest!L38 -> 2618.7129 | P40: =CPUE!L38 -> 14.818182 | Q40: CLOSED | R40: CLOSED | S40: CLOSED | T40: =SUM(E40,H40,N40) -> 456.57221 | U40: =SUM(F40,I40,O40) -> 6816.4518
A41: Tide Series Totals | E41: =SUM(E36:E40) -> 3514.8637 | F41: =SUM(F36:F40) -> 46293.993 | G41: =+F41/E41 -> 13.170922 | H41: =SUM(H36:H40) -> 2443.6794 | I41: =SUM(I36:I40) -> 27280.861 | J41: =+I41/H41 -> 11.163846 | K41: =SUM(K36:K40) -> 2367.2172 | L41: =SUM(L36:L40) -> 35024.838 | M41: =+L41/K41 -> 14.795786 | N41: =SUM(N36:N40) -> 1737.6872 | O41: =SUM(O36:O40) -> 19591.5 | P41: =+O41/N41 -> 11.274468 | T41: =SUM(T36:T40) -> 10063.447 | U41: =SUM(U36:U40) -> 128191.19 | W41: =SUM(H41,K41,N41,Q41,E41) -> 10063.447 | X41: =SUM(R41,O41,L41,I41,F41) -> 128191.19
A42: 45286 | B42: Tue | C42: -0.9 | D42: 0.7625 | E42: =Effort!F40 -> 930.53506 | F42: =Harvest!F40 -> 2047.1771 | G42: =+CPUE!F40 -> 2.2 | H42: =Effort!H40 -> 992.06937 | I42: =Harvest!H40 -> 4960.3469 | J42: =CPUE!H40 -> 5 | K42: =Effort!J40 -> 2092.4715 | L42: =Harvest!J40 -> 18697.246 | M42: =CPUE!J40 -> 8.9354839 | N42: =Effort!L40 -> CLOSED | O42: =Harvest!L40 -> CLOSED | P42: =CPUE!L40 -> CLOSED | Q42: CLOSED | R42: CLOSED | S42: CLOSED | T42: =SUM(E42,H42,K42) -> 4015.076 | U42: =SUM(F42,I42,L42) -> 25704.77
A43: 45287 | B43: Wed | C43: -0.8 | D43: 0.78958333 | E43: =Effort!F41 -> 499.66029 | F43: =Harvest!F41 -> 2148.5392 | G43: =+CPUE!F41 -> 4.3 | H43: =Effort!H41 -> 607.45651 | I43: =Harvest!H41 -> 3720.6711 | J43: =CPUE!H41 -> 6.125 | K43: =Effort!J41 -> CLOSED | L43: =Harvest!J41 -> CLOSED | M43: =CPUE!J41 -> CLOSED | N43: =Effort!L41 -> 786.33371 | O43: =Harvest!L41 -> 8728.3042 | P43: =CPUE!L41 -> 11.1 | Q43: CLOSED | R43: CLOSED | S43: CLOSED | T43: =SUM(E43,H43,N43) -> 1893.4505 | U43: =SUM(F43,I43,O43) -> 14597.515
A44: 45288 | B44: Thu | C44: -0.6 | D44: 0.81597222 | E44: =Effort!F42 -> 316.43622 | F44: =Harvest!F42 -> 949.30865 | G44: =+CPUE!F42 -> 3 | H44: =Effort!H42 -> 337.36147 | I44: =Harvest!H42 -> 628.19033 | J44: =CPUE!H42 -> 1.862069 | K44: =Effort!J42 -> 711.56242 | L44: =Harvest!J42 -> 3029.8787 | M44: =CPUE!J42 -> 4.2580645 | N44: =Effort!L42 -> CLOSED | O44: =Harvest!L42 -> CLOSED | P44: =CPUE!L42 -> CLOSED | Q44: CLOSED | R44: CLOSED | S44: CLOSED | T44: =SUM(E44,H44,K44) -> 1365.3601 | U44: =SUM(F44,I44,L44) -> 4607.3777
A45: 45289 | B45: Fri | C45: -0.3 | D45: 0.84097222 | E45: =Effort!F43 -> 303.16425 | F45: =Harvest!F43 -> 1818.9855 | G45: =+CPUE!F43 -> 6 | H45: =Effort!H43 -> 325.01486 | I45: =Harvest!H43 -> 398.88187 | J45: =CPUE!H43 -> 1.2272727 | K45: =Effort!J43 -> CLOSED | L45: =Harvest!J43 -> CLOSED | M45: =CPUE!J43 -> CLOSED | N45: =Effort!L43 -> 477.10069 | O45: =Harvest!L43 -> 6242.0674 | P45: =CPUE!L43 -> 13.083333 | Q45: CLOSED | R45: CLOSED | S45: CLOSED | T45: =SUM(E45,H45,N45) -> 1105.2798 | U45: =SUM(F45,I45,O45) -> 8459.9348
A46: Tide Series Totals | E46: =SUM(E42:E45) -> 2049.7958 | F46: =SUM(F42:F45) -> 6964.0105 | G46: =+F46/E46 -> 3.3974167 | H46: =SUM(H42:H45) -> 2261.9022 | I46: =SUM(I42:I45) -> 9708.0902 | J46: =+I46/H46 -> 4.2920026 | K46: =SUM(K42:K45) -> 2804.0339 | L46: =SUM(L42:L45) -> 21727.124 | M46: =+L46/K46 -> 7.748524 | N46: =SUM(N42:N45) -> 1263.4344 | O46: =SUM(O42:O45) -> 14970.372 | P46: =+O46/N46 -> 11.84895 | T46: =SUM(T42:T45) -> 8379.1664 | U46: =SUM(U42:U45) -> 53369.597 | W46: =SUM(H46,K46,N46,Q46,E46) -> 8379.1664 | X46: =SUM(R46,O46,L46,I46,F46) -> 53369.597
A47: 45300 | B47: Tue | C47: -0.7 | D47: 0.70972222 | E47: =Effort!F45 -> 50 | F47: =Harvest!F45 -> 200 | G47: =+CPUE!F45 -> 4 | H47: =Effort!H45 -> CLOSED | I47: =Harvest!H45 -> CLOSED | J47: =CPUE!H45 -> CLOSED | K47: =Effort!J45 -> 64.166667 | L47: =Harvest!J45 -> 247.5 | M47: =CPUE!J45 -> 3.8571429 | N47: =Effort!L45 -> CLOSED | O47: =Harvest!L45 -> CLOSED | P47: =CPUE!L45 -> CLOSED | Q47: CLOSED | R47: CLOSED | S47: CLOSED | T47: =SUM(E47,H47,K47) -> 114.16667 | U47: =SUM(F47,I47,L47) -> 447.5
A48: 45301 | B48: Wed | C48: -1.2 | D48: 0.74027778 | E48: =Effort!F46 -> 84.352169 | F48: =Harvest!F46 -> 978.24633 | G48: =+CPUE!F46 -> 10.7 | H48: =Effort!H46 -> 342.28962 | I48: =Harvest!H46 -> 3251.7513 | J48: =CPUE!H46 -> 9.5 | K48: =Effort!J46 -> CLOSED | L48: =Harvest!J46 -> CLOSED | M48: =CPUE!J46 -> CLOSED | N48: =Effort!L46 -> 279.32451 | O48: =Harvest!L46 -> 3020.1963 | P48: =CPUE!L46 -> 10.8125 | Q48: CLOSED | R48: CLOSED | S48: CLOSED | T48: =SUM(E48,H48,N48) -> 705.9663 | U48: =SUM(F48,I48,O48) -> 7250.194
A49: 45302 | B49: Thu | C49: -1.5 | D49: 0.76944444 | E49: =Effort!F47 -> 115.94431 | F49: =Harvest!F47 -> 347.83294 | G49: =+CPUE!F47 -> 3 | H49: =Effort!H47 -> 211.15793 | I49: =Harvest!H47 -> 633.47379 | J49: =CPUE!H47 -> 3 | K49: =Effort!J47 -> CLOSED | L49: =Harvest!J47 -> CLOSED | M49: =CPUE!J47 -> CLOSED | N49: =Effort!L47 -> 100.41077 | O49: =Harvest!L47 -> 273.84756 | P49: =CPUE!L47 -> 2.7272727 | Q49: CLOSED | R49: CLOSED | S49: CLOSED | T49: =SUM(E49,H49,N49) -> 427.51302 | U49: =SUM(F49,I49,O49) -> 1255.1543
A50: 45303 | B50: Fri | C50: -1.6 | D50: 0.79930556 | E50: =Effort!F48 -> 34.746755 | F50: =Harvest!F48 -> 312.7208 | G50: =+CPUE!F48 -> 9 | H50: =Effort!H48 -> 247.52627 | I50: =Harvest!H48 -> 2227.7364 | J50: =CPUE!H48 -> 9 | K50: =Effort!J48 -> 371.32351 | L50: =Harvest!J48 -> 3438.1806 | M50: =CPUE!J48 -> 9.2592593 | N50: =Effort!L48 -> CLOSED | O50: =Harvest!L48 -> CLOSED | P50: =CPUE!L48 -> CLOSED | Q50: CLOSED | R50: CLOSED | S50: CLOSED | T50: =SUM(E50,H50,K50) -> 653.59653 | U50: =SUM(F50,I50,L50) -> 5978.6379
A51: 45304 | B51: Sat | C51: -1.3 | D51: 0.82847222 | E51: =Effort!F49 -> 38.144241 | F51: =Harvest!F49 -> 343.29817 | G51: =+CPUE!F49 -> 9 | H51: =Effort!H49 -> 271.72902 | I51: =Harvest!H49 -> 2189.8162 | J51: =CPUE!H49 -> 8.0588235 | K51: =Effort!J49 -> 407.63097 | L51: =Harvest!J49 -> 3489.3211 | M51: =CPUE!J49 -> 8.56 | N51: =Effort!L49 -> CLOSED | O51: =Harvest!L49 -> CLOSED | P51: =CPUE!L49 -> CLOSED | Q51: CLOSED | R51: CLOSED | S51: CLOSED | T51: =SUM(E51,H51,K51) -> 717.50423 | U51: =SUM(F51,I51,L51) -> 6022.4355
A52: 45305 | B52: Sun | C52: -0.8 | D52: 0.85833333 | E52: =Effort!F50 -> 41.617363 | F52: =Harvest!F50 -> 237.21897 | G52: =+CPUE!F50 -> 5.7 | H52: =Effort!H50 -> 296.47058 | I52: =Harvest!H50 -> 2223.5293 | J52: =CPUE!H50 -> 7.5 | K52: =Effort!J50 -> CLOSED | L52: =Harvest!J50 -> CLOSED | M52: =CPUE!J50 -> CLOSED | N52: =Effort!L50 -> 140.97903 | O52: =Harvest!L50 -> 1309.091 | P52: =CPUE!L50 -> 9.2857143 | Q52: CLOSED | R52: CLOSED | S52: CLOSED | T52: =SUM(E52,H52,N52) -> 479.06697 | U52: =SUM(F52,I52,O52) -> 3769.8392
A53: 45306 | B53: Mon | C53: 0 | D53: 0.88819444 | E53: =Effort!F51 -> CLOSED | F53: =Harvest!F51 -> CLOSED | G53: =+CPUE!F51 -> CLOSED | H53: =Effort!H51 -> CLOSED | I53: =Harvest!H51 -> CLOSED | J53: =CPUE!H51 -> CLOSED | K53: =Effort!J51 -> CLOSED | L53: =Harvest!J51 -> CLOSED | M53: =CPUE!J51 -> CLOSED | N53: =Effort!L51 -> 16 | O53: =Harvest!L51 -> 60 | P53: =CPUE!L51 -> 3.75 | Q53: CLOSED | R53: CLOSED | S53: CLOSED | T53: =SUM(E53,H53,N53) -> 16 | U53: =SUM(F53,I53,O53) -> 60
A54: Tide Series Totals | E54: =SUM(E47:E53) -> 364.80484 | F54: =SUM(F47:F53) -> 2419.3172 | G54: =+F54/E54 -> 6.6318122 | H54: =SUM(H47:H53) -> 1369.1734 | I54: =SUM(I47:I53) -> 10526.307 | J54: =+I54/H54 -> 7.6880744 | K54: =SUM(K47:K53) -> 843.12115 | L54: =SUM(L47:L53) -> 7175.0018 | M54: =+L54/K54 -> 8.5100484 | N54: =SUM(N47:N53) -> 536.71431 | O54: =SUM(O47:O53) -> 4663.1348 | P54: =+O54/N54 -> 8.6882997 | T54: =SUM(T47:T53) -> 3113.8137 | U54: =SUM(U47:U53) -> 24783.761 | W54: =SUM(H54,K54,N54,Q54,E54) -> 3113.8137 | X54: =SUM(R54,O54,L54,I54,F54) -> 24783.761
A55: 45313 | B55: Mon | C55: -0.1 | D55: 0.68611111 | E55: =Effort!F53 -> CLOSED | F55: =Harvest!F53 -> CLOSED | G55: =+CPUE!F53 -> CLOSED | H55: =Effort!H53 -> CLOSED | I55: =Harvest!H53 -> CLOSED | J55: =CPUE!H53 -> CLOSED | K55: =Effort!J53 -> CLOSED | L55: =Harvest!J53 -> CLOSED | M55: =CPUE!J53 -> CLOSED | N55: =Effort!L53 -> 512.60206 | O55: =Harvest!L53 -> 7689.0309 | P55: =CPUE!L53 -> 15 | Q55: CLOSED | R55: CLOSED | S55: CLOSED | T55: =SUM(E55,H55,N55) -> 512.60206 | U55: =SUM(F55,I55,O55) -> 7689.0309
A56: 45314 | B56: Tue | C56: -0.3 | D56: 0.71736111 | E56: =Effort!F54 -> 256.80597 | F56: =Harvest!F54 -> 2568.0597 | G56: =+CPUE!F54 -> 10 | H56: =Effort!H54 -> 337.67125 | I56: =Harvest!H54 -> 3376.7125 | J56: =CPUE!H54 -> 10 | K56: =Effort!J54 -> CLOSED | L56: =Harvest!J54 -> CLOSED | M56: =CPUE!J54 -> CLOSED | N56: =Effort!L54 -> 611.35329 | O56: =Harvest!L54 -> 8540.9651 | P56: =CPUE!L54 -> 13.970588 | Q56: CLOSED | R56: CLOSED | S56: CLOSED | T56: =SUM(E56,H56,N56) -> 1205.8305 | U56: =SUM(F56,I56,O56) -> 14485.737
A57: 45315 | B57: Wed | C57: -0.4 | D57: 0.74513889 | E57: =Effort!F55 -> 293.67145 | F57: =Harvest!F55 -> 2321.1247 | G57: =+CPUE!F55 -> 7.9038146 | H57: =Effort!H55 -> 386.14525 | I57: =Harvest!H55 -> 3877.5419 | J57: =CPUE!H55 -> 10.041667 | K57: =Effort!J55 -> 622.76106 | L57: =Harvest!J55 -> 5009.165 | M57: =CPUE!J55 -> 8.0434783 | N57: =Effort!L55 -> CLOSED | O57: =Harvest!L55 -> CLOSED | P57: =CPUE!L55 -> CLOSED | Q57: CLOSED | R57: CLOSED | S57: CLOSED | T57: =SUM(E57,H57,K57) -> 1302.5778 | U57: =SUM(F57,I57,L57) -> 11207.832
A58: 45316 | B58: Thu | C58: -0.4 | D58: 0.76944444 | E58: =Effort!F56 -> 117.85832 | F58: =Harvest!F56 -> 471.43327 | G58: =+CPUE!F56 -> 4 | H58: =Effort!H56 -> 154.97056 | I58: =Harvest!H56 -> 619.88224 | J58: =CPUE!H56 -> 4 | K58: =Effort!J56 -> 249.9309 | L58: =Harvest!J56 -> 1059.231 | M58: =CPUE!J56 -> 4.2380952 | N58: =Effort!L56 -> CLOSED | O58: =Harvest!L56 -> CLOSED | P58: =CPUE!L56 -> CLOSED | Q58: CLOSED | R58: CLOSED | S58: CLOSED | T58: =SUM(E58,H58,K58) -> 522.75978 | U58: =SUM(F58,I58,L58) -> 2150.5465
A59: 45317 | B59: Fri | C59: -0.2 | D59: 0.79236111 | E59: =Effort!F57 -> 98.762058 | F59: =Harvest!F57 -> 98.762058 | G59: =+CPUE!F57 -> 1 | H59: =Effort!H57 -> 129.86111 | I59: =Harvest!H57 -> 23.61111 | J59: =CPUE!H57 -> 0.18181818 | K59: =Effort!J57 -> CLOSED | L59: =Harvest!J57 -> CLOSED | M59: =CPUE!J57 -> CLOSED | N59: =Effort!L57 -> 235.11334 | O59: =Harvest!L57 -> 677.67963 | P59: =CPUE!L57 -> 2.8823529 | Q59: CLOSED | R59: CLOSED | S59: CLOSED | T59: =SUM(E59,H59,N59) -> 463.7365 | U59: =SUM(F59,I59,O59) -> 800.0528
A60: 45318 | B60: Sat | C60: 0 | D60: 0.81388889 | E60: =Effort!F58 -> 120.75841 | F60: =Harvest!F58 -> 60.379204 | G60: =+CPUE!F58 -> 0.5 | H60: =Effort!H58 -> CLOSED | I60: =Harvest!H58 -> CLOSED | J60: =CPUE!H58 -> CLOSED | K60: =Effort!J58 -> CLOSED | L60: =Harvest!J58 -> CLOSED | M60: =CPUE!J58 -> CLOSED | N60: =Effort!L58 -> 402.96295 | O60: =Harvest!L58 -> 75.555553 | P60: =CPUE!L58 -> 0.1875 | Q60: CLOSED | R60: CLOSED | S60: CLOSED | T60: =SUM(E60,H60,N60) -> 523.72135 | U60: =SUM(F60,I60,O60) -> 135.93476
A61: 45319 | B61: Sun | C61: 0.4 | D61: 0.83472222 | E61: =Effort!F59 -> CLOSED | F61: =Harvest!F59 -> CLOSED | G61: =+CPUE!F59 -> CLOSED | H61: =Effort!H59 -> CLOSED | I61: =Harvest!H59 -> CLOSED | J61: =CPUE!H59 -> CLOSED | K61: =Effort!J59 -> 215.41666 | L61: =Harvest!J59 -> 234.99999 | M61: =CPUE!J59 -> 1.0909091 | N61: =Effort!L59 -> CLOSED | O61: =Harvest!L59 -> CLOSED | P61: =CPUE!L59 -> CLOSED | Q61: CLOSED | R61: CLOSED | S61: CLOSED | T61: =SUM(E61,H61,K61) -> 215.41666 | U61: =SUM(F61,I61,L61) -> 234.99999
A62: Tide Series Totals | E62: =SUM(E55:E61) -> 887.85621 | F62: =SUM(F55:F61) -> 5519.7589 | G62: =+F62/E62 -> 6.2169515 | H62: =SUM(H55:H61) -> 1008.6482 | I62: =SUM(I55:I61) -> 7897.7477 | J62: =+I62/H62 -> 7.8300323 | K62: =SUM(K55:K61) -> 1088.1086 | L62: =SUM(L55:L61) -> 6303.396 | M62: =+L62/K62 -> 5.7929842 | N62: =SUM(N55:N61) -> 1762.0316 | O62: =SUM(O55:O61) -> 16983.231 | P62: =+O62/N62 -> 9.6384371 | T62: =SUM(T55:T61) -> 4746.6446 | U62: =SUM(U55:U61) -> 36704.134 | W62: =SUM(H62,K62,N62,Q62,E62) -> 4746.6446 | X62: =SUM(R62,O62,L62,I62,F62) -> 36704.134
A63: 45328 | B63: Tue | C63: 0 | D63: 0.66111111 | E63: =Effort!F61 -> CLOSED | F63: =Harvest!F61 -> CLOSED | G63: =+CPUE!F61 -> CLOSED | H63: =Effort!H61 -> CLOSED | I63: =Harvest!H61 -> CLOSED | J63: =CPUE!H61 -> CLOSED | K63: =Effort!J61 -> CLOSED | L63: =Harvest!J61 -> CLOSED | M63: =CPUE!J61 -> CLOSED | N63: =Effort!L61 -> 926.71537 | O63: =Harvest!L61 -> 13784.891 | P63: =CPUE!L61 -> 14.875 | Q63: CLOSED | R63: CLOSED | S63: CLOSED | T63: =SUM(E63,H63,N63) -> 926.71537 | U63: =SUM(F63,I63,O63) -> 13784.891
A64: 45329 | B64: Wed | C64: -0.7 | D64: 0.69513889 | E64: =Effort!F62 -> 1407.9162 | F64: =Harvest!F62 -> 19710.827 | G64: =+CPUE!F62 -> 14 | H64: =Effort!H62 -> 947.51419 | I64: =Harvest!H62 -> 13265.199 | J64: =CPUE!H62 -> 14 | K64: =Effort!J62 -> 2219.2507 | L64: =Harvest!J62 -> 31031.895 | M64: =CPUE!J62 -> 13.983051 | N64: =Effort!L62 -> CLOSED | O64: =Harvest!L62 -> CLOSED | P64: =CPUE!L62 -> CLOSED | Q64: CLOSED | R64: CLOSED | S64: CLOSED | T64: =SUM(E64,H64,K64) -> 4574.6811 | U64: =SUM(F64,I64,L64) -> 64007.921
A65: 45330 | B65: Thu | C65: -1.2 | D65: 0.72638889 | E65: =Effort!F63 -> 2007.5371 | F65: =Harvest!F63 -> 27904.765 | G65: =+CPUE!F63 -> 13.9 | H65: =Effort!H63 -> 1351.0533 | I65: =Harvest!H63 -> 18479.661 | J65: =CPUE!H63 -> 13.677966 | K65: =Effort!J63 -> 3164.4127 | L65: =Harvest!J63 -> 38816.796 | M65: =CPUE!J63 -> 12.266667 | N65: =Effort!L63 -> CLOSED | O65: =Harvest!L63 -> CLOSED | P65: =CPUE!L63 -> CLOSED | Q65: CLOSED | R65: CLOSED | S65: CLOSED | T65: =SUM(E65,H65,K65) -> 6523.0031 | U65: =SUM(F65,I65,L65) -> 85201.223
A66: 45331 | B66: Fri | C66: -1.4 | D66: 0.75625 | E66: =Effort!F64 -> 1450.174 | F66: =Harvest!F64 -> 21027.523 | G66: =+CPUE!F64 -> 14.5 | H66: =Effort!H64 -> 1822.7937 | I66: =Harvest!H64 -> 25930.711 | J66: =CPUE!H64 -> 14.225806 | K66: =Effort!J64 -> CLOSED | L66: =Harvest!J64 -> CLOSED | M66: =CPUE!J64 -> CLOSED | N66: =Effort!L64 -> 1605.0689 | O66: =Harvest!L64 -> 23256.423 | P66: =CPUE!L64 -> 14.489362 | Q66: CLOSED | R66: CLOSED | S66: CLOSED | T66: =SUM(E66,H66,N66) -> 4878.0366 | U66: =SUM(F66,I66,O66) -> 70214.658
A67: 45332 | B67: Sat | C67: -1.4 | D67: 0.78402778 | E67: =Effort!F65 -> 3307.7157 | F67: =Harvest!F65 -> 23154.01 | G67: =+CPUE!F65 -> 7 | H67: =Effort!H65 -> 2226.0611 | I67: =Harvest!H65 -> 20034.55 | J67: =CPUE!H65 -> 9 | K67: =Effort!J65 -> CLOSED | L67: =Harvest!J65 -> CLOSED | M67: =CPUE!J65 -> CLOSED | N67: =Effort!L65 -> 3661.0169 | O67: =Harvest!L65 -> 40556.46 | P67: =CPUE!L65 -> 11.077922 | Q67: CLOSED | R67: CLOSED | S67: CLOSED | T67: =SUM(E67,H67,N67) -> 9194.7937 | U67: =SUM(F67,I67,O67) -> 83745.02
A68: 45333 | B68: Sun | C68: -1 | D68: 0.81180556 | E68: =Effort!F66 -> 145.67947 | F68: =Harvest!F66 -> 728.39736 | G68: =+CPUE!F66 -> 5 | H68: =Effort!H66 -> 73.95833 | I68: =Harvest!H66 -> 162.70833 | J68: =CPUE!H66 -> 2.2 | K68: =Effort!J66 -> 229.62962 | L68: =Harvest!J66 -> 1406.4814 | M68: =CPUE!J66 -> 6.125 | N68: =Effort!L66 -> CLOSED | O68: =Harvest!L66 -> CLOSED | P68: =CPUE!L66 -> CLOSED | Q68: CLOSED | R68: CLOSED | S68: CLOSED | T68: =SUM(E68,H68,K68) -> 449.26742 | U68: =SUM(F68,I68,L68) -> 2297.5871
A69: 45334 | B69: Mon | C69: -0.3 | D69: 0.83888889 | E69: =Effort!F67 -> 63.055583 | F69: =Harvest!F67 -> 630.55583 | G69: =+CPUE!F67 -> 10 | H69: =Effort!H67 -> CLOSED | I69: =Harvest!H67 -> CLOSED | J69: =CPUE!H67 -> CLOSED | K69: =Effort!J67 -> 321.98758 | L69: =Harvest!J67 -> 3058.8821 | M69: =CPUE!J67 -> 9.5 | N69: =Effort!L67 -> CLOSED | O69: =Harvest!L67 -> CLOSED | P69: =CPUE!L67 -> CLOSED | Q69: CLOSED | R69: CLOSED | S69: CLOSED | T69: =SUM(E69,H69,K69) -> 385.04317 | U69: =SUM(F69,I69,L69) -> 3689.4379
A70: Tide Series Totals | E70: =SUM(E63:E69) -> 8382.078 | F70: =SUM(F63:F69) -> 93156.078 | G70: =+F70/E70 -> 11.113721 | H70: =SUM(H63:H69) -> 6421.3807 | I70: =SUM(I63:I69) -> 77872.829 | J70: =+I70/H70 -> 12.127116 | K70: =SUM(K63:K69) -> 5935.2806 | L70: =SUM(L63:L69) -> 74314.055 | M70: =+L70/K70 -> 12.520731 | N70: =SUM(N63:N69) -> 6192.8011 | O70: =SUM(O63:O69) -> 77597.775 | P70: =+O70/N70 -> 12.530319 | T70: =SUM(T63:T69) -> 26931.541 | U70: =SUM(U63:U69) -> 322940.74 | W70: =SUM(H70,K70,N70,Q70,E70) -> 26931.541 | X70: =SUM(R70,O70,L70,I70,F70) -> 322940.74
A71: 45343 | B71: Wed | C71: 0.2 | D71: 0.70555556 | E71: =Effort!F69 -> 578.88452 | F71: =Harvest!F69 -> 7814.941 | G71: =+CPUE!F69 -> 13.5 | H71: =Effort!H69 -> 583.81181 | I71: =Harvest!H69 -> 7881.4595 | J71: =CPUE!H69 -> 13.5 | K71: =Effort!J69 -> CLOSED | L71: =Harvest!J69 -> CLOSED | M71: =CPUE!J69 -> CLOSED | N71: =Effort!L69 -> 644.67156 | O71: =Harvest!L69 -> 8729.9274 | P71: =CPUE!L69 -> 13.541667 | Q71: CLOSED | R71: CLOSED | S71: CLOSED | T71: =SUM(E71,H71,N71) -> 1807.3679 | U71: =SUM(F71,I71,O71) -> 24426.328
A72: 45344 | B72: Thu | C72: 0.1 | D72: 0.73125 | E72: =Effort!F70 -> 1074.9214 | F72: =Harvest!F70 -> 15109.174 | G72: =+CPUE!F70 -> 14.056073 | H72: =Effort!H70 -> 1084.0708 | I72: =Harvest!H70 -> 16261.063 | J72: =CPUE!H70 -> 15 | K72: =Effort!J70 -> CLOSED | L72: =Harvest!J70 -> CLOSED | M72: =CPUE!J70 -> CLOSED | N72: =Effort!L70 -> 1197.0803 | O72: =Harvest!L70 -> 17956.205 | P72: =CPUE!L70 -> 15 | Q72: CLOSED | R72: CLOSED | S72: CLOSED | T72: =SUM(E72,H72,N72) -> 3356.0726 | U72: =SUM(F72,I72,O72) -> 49326.441
A73: 45345 | B73: Fri | C73: 0.1 | D73: 0.75347222 | E73: =Effort!F71 -> 1883.3541 | F73: =Harvest!F71 -> 27685.306 | G73: =+CPUE!F71 -> 14.7 | H73: =Effort!H71 -> 1058.4787 | I73: =Harvest!H71 -> 14818.701 | J73: =CPUE!H71 -> 14 | K73: =Effort!J71 -> 2415.9771 | L73: =Harvest!J71 -> 34341.388 | M73: =CPUE!J71 -> 14.214286 | N73: =Effort!L71 -> CLOSED | O73: =Harvest!L71 -> CLOSED | P73: =CPUE!L71 -> CLOSED | Q73: CLOSED | R73: CLOSED | S73: CLOSED | T73: =SUM(E73,H73,K73) -> 5357.8098 | U73: =SUM(F73,I73,L73) -> 76845.395
A74: 45346 | B74: Sat | C74: 0.2 | D74: 0.77361111 | E74: =Effort!F72 -> 3298.9313 | F74: =Harvest!F72 -> 32989.313 | G74: =+CPUE!F72 -> 10 | H74: =Effort!H72 -> 1854.0583 | I74: =Harvest!H72 -> 19198.474 | J74: =CPUE!H72 -> 10.354839 | K74: =Effort!J72 -> 4231.8872 | L74: =Harvest!J72 -> 42834.956 | M74: =CPUE!J72 -> 10.121951 | N74: =Effort!L72 -> CLOSED | O74: =Harvest!L72 -> CLOSED | P74: =CPUE!L72 -> CLOSED | Q74: CLOSED | R74: CLOSED | S74: CLOSED | T74: =SUM(E74,H74,K74) -> 9384.8767 | U74: =SUM(F74,I74,L74) -> 95022.743
A75: 45347 | B75: Sun | C75: 0.4 | D75: 0.79305556 | E75: =Effort!F73 -> 136.18948 | F75: =Harvest!F73 -> 544.7579 | G75: =+CPUE!F73 -> 4 | H75: =Effort!H73 -> CLOSED | I75: =Harvest!H73 -> CLOSED | J75: =CPUE!H73 -> CLOSED | K75: =Effort!J73 -> CLOSED | L75: =Harvest!J73 -> CLOSED | M75: =CPUE!J73 -> CLOSED | N75: =Effort!L73 -> 151.66666 | O75: =Harvest!L73 -> 588.82351 | P75: =CPUE!L73 -> 3.8823529 | Q75: CLOSED | R75: CLOSED | S75: CLOSED | T75: =SUM(E75,H75,N75) -> 287.85614 | U75: =SUM(F75,I75,O75) -> 1133.5814
A76: Tide Series Totals | E76: =SUM(E71:E75) -> 6972.2808 | F76: =SUM(F71:F75) -> 84143.491 | G76: =+F76/E76 -> 12.068288 | H76: =SUM(H71:H75) -> 4580.4196 | I76: =SUM(I71:I75) -> 58159.698 | J76: =+I76/H76 -> 12.697461 | K76: =SUM(K71:K75) -> 6647.8642 | L76: =SUM(L71:L75) -> 77176.344 | M76: =+L76/K76 -> 11.609194 | N76: =SUM(N71:N75) -> 1993.4186 | O76: =SUM(O71:O75) -> 27274.956 | P76: =+O76/N76 -> 13.682503 | T76: =SUM(T71:T75) -> 20193.983 | U76: =SUM(U71:U75) -> 246754.49 | W76: =SUM(H76,K76,N76,Q76,E76) -> 20193.983 | X76: =SUM(R76,O76,L76,I76,F76) -> 246754.49
A77: 45358 | B77: Thu | C77: -0.5 | D77: 0.67708333 | E77: =Effort!F75 -> 1360.6733 | F77: =Harvest!F75 -> 20410.1 | G77: =+CPUE!F75 -> 15 | H77: =Effort!H75 -> 1013.1713 | I77: =Harvest!H75 -> 14564.337 | J77: =CPUE!H75 -> 14.375 | K77: =Effort!J75 -> 1411.8356 | L77: =Harvest!J75 -> 20797.425 | M77: =CPUE!J75 -> 14.730769 | N77: =Effort!L75 -> CLOSED | O77: =Harvest!L75 -> CLOSED | P77: =CPUE!L75 -> CLOSED | Q77: CLOSED | R77: CLOSED | S77: CLOSED | T77: =SUM(E77,H77,K77) -> 3785.6802 | U77: =SUM(F77,I77,L77) -> 55771.862
A78: 45359 | B78: Fri | C78: -0.8 | D78: 0.70833333 | E78: =Effort!F76 -> 1850.3716 | F78: =Harvest!F76 -> 27755.574 | G78: =+CPUE!F76 -> 15 | H78: =Effort!H76 -> 1377.8056 | I78: =Harvest!H76 -> 19978.181 | J78: =CPUE!H76 -> 14.5 | K78: =Effort!J76 -> CLOSED | L78: =Harvest!J76 -> CLOSED | M78: =CPUE!J76 -> CLOSED | N78: =Effort!L76 -> 1741.7443 | O78: =Harvest!L76 -> 24767.221 | P78: =CPUE!L76 -> 14.21978 | Q78: CLOSED | R78: CLOSED | S78: CLOSED | T78: =SUM(E78,H78,N78) -> 4969.9215 | U78: =SUM(F78,I78,O78) -> 72500.976
A79: 45360 | B79: Sat | C79: -0.9 | D79: 0.7375 | E79: =Effort!F77 -> 1826.1239 | F79: =Harvest!F77 -> 13695.929 | G79: =+CPUE!F77 -> 7.5 | H79: =Effort!H77 -> 1958.1463 | I79: =Harvest!H77 -> 8603.976 | J79: =CPUE!H77 -> 4.3939394 | K79: =Effort!J77 -> CLOSED | L79: =Harvest!J77 -> CLOSED | M79: =CPUE!J77 -> CLOSED | N79: =Effort!L77 -> 1718.9201 | O79: =Harvest!L77 -> 18943.932 | P79: =CPUE!L77 -> 11.020833 | Q79: CLOSED | R79: CLOSED | S79: CLOSED | T79: =SUM(E79,H79,N79) -> 5503.1902 | U79: =SUM(F79,I79,O79) -> 41243.837
A80: 45361 | B80: Sun | C80: -0.7 | D80: 0.80694444 | E80: =Effort!F78 -> 755.26171 | F80: =Harvest!F78 -> 3776.3086 | G80: =+CPUE!F78 -> 5 | H80: =Effort!H78 -> 291.66666 | I80: =Harvest!H78 -> 816.66663 | J80: =CPUE!H78 -> 2.8 | K80: =Effort!J78 -> 783.66009 | L80: =Harvest!J78 -> 6055.5552 | M80: =CPUE!J78 -> 7.7272727 | N80: =Effort!L78 -> CLOSED | O80: =Harvest!L78 -> CLOSED | P80: =CPUE!L78 -> CLOSED | Q80: CLOSED | R80: CLOSED | S80: CLOSED | T80: =SUM(E80,H80,K80) -> 1830.5885 | U80: =SUM(F80,I80,L80) -> 10648.53
A81: 45362 | B81: Mon | C81: -0.2 | D81: 0.83333333 | E81: =Effort!F79 -> 54.627983 | F81: =Harvest!F79 -> 218.51193 | G81: =+CPUE!F79 -> 4 | H81: =Effort!H79 -> 137.41273 | I81: =Harvest!H79 -> 549.65092 | J81: =CPUE!H79 -> 4 | K81: =Effort!J79 -> 191.48213 | L81: =Harvest!J79 -> 727.63208 | M81: =CPUE!J79 -> 3.8 | N81: =Effort!L79 -> CLOSED | O81: =Harvest!L79 -> CLOSED | P81: =CPUE!L79 -> CLOSED | Q81: CLOSED | R81: CLOSED | S81: CLOSED | T81: =SUM(E81,H81,K81) -> 383.52284 | U81: =SUM(F81,I81,L81) -> 1495.7949
A82: 45363 | B82: Tue | C82: -0.3 | D82: 0.35625 | E82: =Effort!F80 -> 329.68671 | F82: =Harvest!F80 -> 3132.0237 | G82: =+CPUE!F80 -> 9.5 | H82: =Effort!H80 -> CLOSED | I82: =Harvest!H80 -> CLOSED | J82: =CPUE!H80 -> CLOSED | K82: =Effort!J80 -> CLOSED | L82: =Harvest!J80 -> CLOSED | M82: =CPUE!J80 -> CLOSED | N82: =Effort!L80 -> 310.33224 | O82: =Harvest!L80 -> 2925.9896 | P82: =CPUE!L80 -> 9.4285714 | Q82: CLOSED | R82: CLOSED | S82: CLOSED | T82: =SUM(E82,H82,N82) -> 640.01894 | U82: =SUM(F82,I82,O82) -> 6058.0134
A83: 45364 | B83: Wed | C83: -0.4 | D83: 0.38958333 | E83: =Effort!F81 -> 1111.7081 | F83: =Harvest!F81 -> 15563.914 | G83: =+CPUE!F81 -> 14 | H83: =Effort!H81 -> CLOSED | I83: =Harvest!H81 -> CLOSED | J83: =CPUE!H81 -> CLOSED | K83: =Effort!J81 -> CLOSED | L83: =Harvest!J81 -> CLOSED | M83: =CPUE!J81 -> CLOSED | N83: =Effort!L81 -> 1046.4446 | O83: =Harvest!L81 -> 14614.14 | P83: =CPUE!L81 -> 13.965517 | Q83: CLOSED | R83: CLOSED | S83: CLOSED | T83: =SUM(E83,H83,N83) -> 2158.1527 | U83: =SUM(F83,I83,O83) -> 30178.054
A84: 45365 | B84: Thu | C84: -0.3 | D84: 0.425 | E84: =Effort!F82 -> 1337.1298 | F84: =Harvest!F82 -> 19789.522 | G84: =+CPUE!F82 -> 14.8 | H84: =Effort!H82 -> CLOSED | I84: =Harvest!H82 -> CLOSED | J84: =CPUE!H82 -> CLOSED | K84: =Effort!J82 -> CLOSED | L84: =Harvest!J82 -> CLOSED | M84: =CPUE!J82 -> CLOSED | N84: =Effort!L82 -> 1138.6862 | O84: =Harvest!L82 -> 17080.293 | P84: =CPUE!L82 -> 15 | Q84: CLOSED | R84: CLOSED | S84: CLOSED | T84: =SUM(E84,H84,N84) -> 2475.816 | U84: =SUM(F84,I84,O84) -> 36869.814
A85: 45366 | B85: Fri | C85: 0.1 | D85: 0.46388889 | E85: =Effort!F83 -> CLOSED | F85: =Harvest!F83 -> CLOSED | G85: =+CPUE!F83 -> CLOSED | H85: =Effort!H83 -> CLOSED | I85: =Harvest!H83 -> CLOSED | J85: =CPUE!H83 -> CLOSED | K85: =Effort!J83 -> 2768.0075 | L85: =Harvest!J83 -> 32927.756 | M85: =CPUE!J83 -> 11.895833 | N85: =Effort!L83 -> CLOSED | O85: =Harvest!L83 -> CLOSED | P85: =CPUE!L83 -> CLOSED | Q85: CLOSED | R85: CLOSED | S85: CLOSED | T85: =SUM(E85,H85,K85) -> 2768.0075 | U85: =SUM(F85,I85,L85) -> 32927.756
A86: 45367 | B86: Sat | C86: 0.5 | D86: 0.50694444 | E86: =Effort!F84 -> CLOSED | F86: =Harvest!F84 -> CLOSED | G86: =+CPUE!F84 -> CLOSED | H86: =Effort!H84 -> CLOSED | I86: =Harvest!H84 -> CLOSED | J86: =CPUE!H84 -> CLOSED | K86: =Effort!J84 -> 7233.5878 | L86: =Harvest!J84 -> 61380.153 | M86: =CPUE!J84 -> 8.4854369 | N86: =Effort!L84 -> CLOSED | O86: =Harvest!L84 -> CLOSED | P86: =CPUE!L84 -> CLOSED | Q86: CLOSED | R86: CLOSED | S86: CLOSED | T86: =SUM(E86,H86,K86) -> 7233.5878 | U86: =SUM(F86,I86,L86) -> 61380.153
A87: 45368 | B87: Sun | C87: 0.9 | D87: 0.55763889 | E87: =Effort!F85 -> CLOSED | F87: =Harvest!F85 -> CLOSED | G87: =+CPUE!F85 -> CLOSED | H87: =Effort!H85 -> CLOSED | I87: =Harvest!H85 -> CLOSED | J87: =CPUE!H85 -> CLOSED | K87: =Effort!J85 -> CLOSED | L87: =Harvest!J85 -> CLOSED | M87: =CPUE!J85 -> CLOSED | N87: =Effort!L85 -> 3650.49 | O87: =Harvest!L85 -> 40025.015 | P87: =CPUE!L85 -> 10.964286 | Q87: CLOSED | R87: CLOSED | S87: CLOSED | T87: =SUM(E87,H87,N87) -> 3650.49 | U87: =SUM(F87,I87,O87) -> 40025.015
A88: Tide Series Totals | E88: =SUM(E77:E87) -> 8625.5832 | F88: =SUM(F77:F87) -> 104341.88 | G88: =+F88/E88 -> 12.096792 | H88: =SUM(H77:H87) -> 4778.2025 | I88: =SUM(I77:I87) -> 44512.812 | J88: =+I88/H88 -> 9.3158069 | K88: =SUM(K77:K87) -> 12388.573 | L88: =SUM(L77:L87) -> 121888.52 | M88: =+L88/K88 -> 9.8387861 | N88: =SUM(N77:N87) -> 9606.6174 | O88: =SUM(O77:O87) -> 118356.59 | P88: =+O88/N88 -> 12.320319 | T88: =SUM(T77:T87) -> 35398.976 | U88: =SUM(U77:U87) -> 389099.81 | W88: =SUM(H88,K88,N88,Q88,E88) -> 35398.976 | X88: =SUM(R88,O88,L88,I88,F88) -> 389099.81
A89: 45377 | B89: Tue | C89: 0.7 | D89: 0.32916667 | E89: =Effort!F87 -> CLOSED | F89: =Harvest!F87 -> CLOSED | G89: =+CPUE!F87 -> CLOSED | H89: =Effort!H87 -> CLOSED | I89: =Harvest!H87 -> CLOSED | J89: =CPUE!H87 -> CLOSED | K89: =Effort!J87 -> 626.33311 | L89: =Harvest!J87 -> 9247.6241 | M89: =CPUE!J87 -> 14.764706 | N89: =Effort!L87 -> CLOSED | O89: =Harvest!L87 -> CLOSED | P89: =CPUE!L87 -> CLOSED | Q89: CLOSED | R89: CLOSED | S89: CLOSED | T89: =SUM(E89,H89,K89) -> 626.33311 | U89: =SUM(F89,I89,L89) -> 9247.6241
A90: 45378 | B90: Wed | C90: 0.4 | D90: 0.35138889 | E90: =Effort!F88 -> 252.83439 | F90: =Harvest!F88 -> 1011.3376 | G90: =+CPUE!F88 -> 4 | H90: =Effort!H88 -> CLOSED | I90: =Harvest!H88 -> CLOSED | J90: =CPUE!H88 -> CLOSED | K90: =Effort!J88 -> CLOSED | L90: =Harvest!J88 -> CLOSED | M90: =CPUE!J88 -> CLOSED | N90: =Effort!L88 -> 282.97581 | O90: =Harvest!L88 -> 1131.9032 | P90: =CPUE!L88 -> 4 | Q90: CLOSED | R90: CLOSED | S90: CLOSED | T90: =SUM(E90,H90,N90) -> 535.8102 | U90: =SUM(F90,I90,O90) -> 2143.2408
A91: 45379 | B91: Thu | C91: 0.3 | D91: 0.37569444 | E91: =Effort!F89 -> 278.21729 | F91: =Harvest!F89 -> 2225.7383 | G91: =+CPUE!F89 -> 8 | H91: =Effort!H89 -> 313.03384 | I91: =Harvest!H89 -> 2504.2708 | J91: =CPUE!H89 -> 8 | K91: =Effort!J89 -> CLOSED | L91: =Harvest!J89 -> CLOSED | M91: =CPUE!J89 -> CLOSED | N91: =Effort!L89 -> 311.38471 | O91: =Harvest!L89 -> 2482.6619 | P91: =CPUE!L89 -> 7.972973 | Q91: CLOSED | R91: CLOSED | S91: CLOSED | T91: =SUM(E91,H91,N91) -> 902.63585 | U91: =SUM(F91,I91,O91) -> 7212.671
A92: 45380 | B92: Fri | C92: 0.3 | D92: 0.40208333 | E92: =Effort!F90 -> 866.59898 | F92: =Harvest!F90 -> 4766.9892 | G92: =+CPUE!F90 -> 5.5008018 | H92: =Effort!H90 -> 975.04655 | I92: =Harvest!H90 -> 7777.157 | J92: =CPUE!H90 -> 7.9761905 | K92: =Effort!J90 -> 1399.8278 | L92: =Harvest!J90 -> 12998.401 | M92: =CPUE!J90 -> 9.2857143 | N92: =Effort!L90 -> CLOSED | O92: =Harvest!L90 -> CLOSED | P92: =CPUE!L90 -> CLOSED | Q92: CLOSED | R92: CLOSED | S92: CLOSED | T92: =SUM(E92,H92,K92) -> 3241.4733 | U92: =SUM(F92,I92,L92) -> 25542.547
A93: 45381 | B93: Sat | C93: 0.4 | D93: 0.43263889 | E93: =Effort!F91 -> 2007.5603 | F93: =Harvest!F91 -> 28105.845 | G93: =+CPUE!F91 -> 14 | H93: =Effort!H91 -> 2836.2521 | I93: =Harvest!H91 -> 29033.462 | J93: =CPUE!H91 -> 10.236559 | K93: =Effort!J91 -> 3083.4871 | L93: =Harvest!J91 -> 44315.243 | M93: =CPUE!J91 -> 14.371795 | N93: =Effort!L91 -> CLOSED | O93: =Harvest!L91 -> CLOSED | P93: =CPUE!L91 -> CLOSED | Q93: CLOSED | R93: CLOSED | S93: CLOSED | T93: =SUM(E93,H93,K93) -> 7927.2995 | U93: =SUM(F93,I93,L93) -> 101454.55
A94: 45382 | B94: Sun | C94: 0.6 | D94: 0.46944444 | E94: =Effort!F92 -> 1506.9807 | F94: =Harvest!F92 -> 20344.24 | G94: =+CPUE!F92 -> 13.5 | H94: =Effort!H92 -> 1695.5667 | I94: =Harvest!H92 -> 15078.432 | J94: =CPUE!H92 -> 8.8928571 | K94: =Effort!J92 -> CLOSED | L94: =Harvest!J92 -> CLOSED | M94: =CPUE!J92 -> CLOSED | N94: =Effort!L92 -> 1686.6341 | O94: =Harvest!L92 -> 22653.81 | P94: =CPUE!L92 -> 13.431373 | Q94: CLOSED | R94: CLOSED | S94: CLOSED | T94: =SUM(E94,H94,N94) -> 4889.1815 | U94: =SUM(F94,I94,O94) -> 58076.482
A95: Tide Series Totals | E95: =SUM(E89:E94) -> 4912.1917 | F95: =SUM(F89:F94) -> 56454.149 | G95: =+F95/E95 -> 11.49266 | H95: =SUM(H89:H94) -> 5819.8992 | I95: =SUM(I89:I94) -> 54393.322 | J95: =+I95/H95 -> 9.3460936 | K95: =SUM(K89:K94) -> 5109.6479 | L95: =SUM(L89:L94) -> 66561.268 | M95: =+L95/K95 -> 13.026586 | N95: =SUM(N89:N94) -> 2280.9946 | O95: =SUM(O89:O94) -> 26268.376 | P95: =+O95/N95 -> 11.516194 | T95: =SUM(T89:T94) -> 18122.733 | U95: =SUM(U89:U94) -> 203677.12 | W95: =SUM(H95,K95,N95,Q95,E95) -> 18122.733 | X95: =SUM(R95,O95,L95,I95,F95) -> 203677.12
A96: 45390 | B96: Mon | C96: -0.5 | D96: 0.28055556 | E96: =Effort!F94 -> CLOSED | F96: =Harvest!F94 -> CLOSED | G96: =+CPUE!F94 -> CLOSED | H96: =Effort!H94 -> CLOSED | I96: =Harvest!H94 -> CLOSED | J96: =CPUE!H94 -> CLOSED | K96: =Effort!J94 -> CLOSED | L96: =Harvest!J94 -> CLOSED | M96: =CPUE!J94 -> CLOSED | N96: =Effort!L94 -> 494.80944 | O96: =Harvest!L94 -> 2577.1325 | P96: =CPUE!L94 -> 5.2083333 | Q96: CLOSED | R96: CLOSED | S96: CLOSED | T96: =SUM(E96,H96,N96) -> 494.80944 | U96: =SUM(F96,I96,O96) -> 2577.1325
A97: 45391 | B97: Tue | C97: -1.2 | D97: 0.31180556 | E97: =Effort!F95 -> 1299.699 | F97: =Harvest!F95 -> 14296.689 | G97: =+CPUE!F95 -> 11 | H97: =Effort!H95 -> CLOSED | I97: =Harvest!H95 -> CLOSED | J97: =CPUE!H95 -> CLOSED | K97: =Effort!J95 -> CLOSED | L97: =Harvest!J95 -> CLOSED | M97: =CPUE!J95 -> CLOSED | N97: =Effort!L95 -> 1433.1356 | O97: =Harvest!L95 -> 16164.436 | P97: =CPUE!L95 -> 11.27907 | Q97: CLOSED | R97: CLOSED | S97: CLOSED | T97: =SUM(E97,H97,N97) -> 2732.8346 | U97: =SUM(F97,I97,O97) -> 30461.125
A98: 45392 | B98: Wed | C98: -1.5 | D98: 0.34305556 | E98: =Effort!F96 -> 4347.0308 | F98: =Harvest!F96 -> 57380.806 | G98: =+CPUE!F96 -> 13.2 | H98: =Effort!H96 -> 2928.7787 | I98: =Harvest!H96 -> 41002.902 | J98: =CPUE!H96 -> 14 | K98: =Effort!J96 -> 3577.8309 | L98: =Harvest!J96 -> 50170.335 | M98: =CPUE!J96 -> 14.022556 | N98: =Effort!L96 -> CLOSED | O98: =Harvest!L96 -> CLOSED | P98: =CPUE!L96 -> CLOSED | Q98: CLOSED | R98: CLOSED | S98: CLOSED | T98: =SUM(E98,H98,K98) -> 10853.64 | U98: =SUM(F98,I98,L98) -> 148554.04
A99: 45393 | B99: Thu | C99: -1.4 | D99: 0.375 | E99: =Effort!F97 -> 2424.405 | F99: =Harvest!F97 -> 29092.861 | G99: =+CPUE!F97 -> 12 | H99: =Effort!H97 -> 1633.4244 | I99: =Harvest!H97 -> 22729.905 | J99: =CPUE!H97 -> 13.915493 | K99: =Effort!J97 -> 2162.7057 | L99: =Harvest!J97 -> 22673.528 | M99: =CPUE!J97 -> 10.483871 | N99: =Effort!L97 -> CLOSED | O99: =Harvest!L97 -> CLOSED | P99: =CPUE!L97 -> CLOSED | Q99: CLOSED | R99: CLOSED | S99: CLOSED | T99: =SUM(E99,H99,K99) -> 6220.5351 | U99: =SUM(F99,I99,L99) -> 74496.293
A100: 45394 | B100: Fri | C100: -1.1 | D100: 0.40833333 | E100: =Effort!F98 -> 2860.3888 | F100: =Harvest!F98 -> 41670.167 | G100: =+CPUE!F98 -> 14.568008 | H100: =Effort!H98 -> 1927.165 | I100: =Harvest!H98 -> 23744.128 | J100: =CPUE!H98 -> 12.320755 | K100: =Effort!J98 -> CLOSED | L100: =Harvest!J98 -> CLOSED | M100: =CPUE!J98 -> CLOSED | N100: =Effort!L98 -> 3154.057 | O100: =Harvest!L98 -> 41822.796 | P100: =CPUE!L98 -> 13.26 | Q100: CLOSED | R100: CLOSED | S100: CLOSED | T100: =SUM(E100,H100,N100) -> 7941.6108 | U100: =SUM(F100,I100,O100) -> 107237.09
...

Sheet Tribal Update
A1: 2023-2024 State (non-Tribal) Recreational Razor Clam Effort, Harvest and CPUE totals.
E2: COPALIS | I2: MOCROCKS | M2: KALALOCH | Q2: DAILY TOTALS
A3: DATE | B3: DAY | C3: TIDE | D3: TIME | E3: Effort | F3: Harvest | G3: CPUE | H3: Size (mm) | I3: Effort | J3: Harvest | K3: CPUE | L3: Size (mm) | M3: Effort | N3: Harvest | O3: CPUE | P3: Size (mm) | Q3: Effort | R3: Harvest | T3: CROSS | U3: CHECK
A4: 44826 | B4: Thu | C4: 0.4 | D4: 0.21041667 | E4: =Effort!J2 -> CLOSED | F4: =Harvest!J2 -> CLOSED | G4: =CPUE!J2 -> CLOSED | I4: =Effort!L2 -> CLOSED | J4: =Harvest!L2 -> CLOSED | K4: =CPUE!L2 -> CLOSED | M4: CLOSED | N4: CLOSED | O4: CLOSED | Q4: =SUM(E4,I4) -> 0 | R4: =SUM(F4,J4) -> 0
A5: 44827 | B5: Fri | C5: 0.1 | D5: 0.23680556 | E5: =Effort!J3 -> 4894.3943 | F5: =Harvest!J3 -> 72769.484 | G5: =CPUE!J3 -> 14.867925 | I5: =Effort!L3 -> CLOSED | J5: =Harvest!L3 -> CLOSED | K5: =CPUE!L3 -> CLOSED | M5: CLOSED | N5: CLOSED | O5: CLOSED | Q5: =SUM(E5,I5) -> 4894.3943 | R5: =SUM(F5,J5) -> 72769.484
A6: 44828 | B6: Sat | C6: 0 | D6: 0.26041667 | E6: =Effort!J4 -> CLOSED | F6: =Harvest!J4 -> CLOSED | G6: =CPUE!J4 -> CLOSED | I6: =Effort!L4 -> CLOSED | J6: =Harvest!L4 -> CLOSED | K6: =CPUE!L4 -> CLOSED | M6: CLOSED | N6: CLOSED | O6: CLOSED | Q6: =SUM(E6,I6) -> 0 | R6: =SUM(F6,J6) -> 0
A7: 44829 | B7: Sun | C7: 0.1 | D7: 0.28333333 | E7: =Effort!J5 -> 566.17644 | F7: =Harvest!J5 -> 4367.6468 | G7: =CPUE!J5 -> 7.7142857 | I7: =Effort!L5 -> CLOSED | J7: =Harvest!L5 -> CLOSED | K7: =CPUE!L5 -> CLOSED | M7: CLOSED | N7: CLOSED | O7: CLOSED | Q7: =SUM(E7,I7) -> 566.17644 | R7: =SUM(F7,J7) -> 4367.6468
A8: Tide Series Totals | E8: =SUM(E4:E7) -> 5460.5707 | F8: =SUM(F4:F7) -> 77137.131 | G8: =+F8/E8 -> 14.126203 | I8: =SUM(I4:I7) -> 0 | J8: =SUM(J4:J7) -> 0 | K8: 0 | Q8: =SUM(Q4:Q7) -> 5460.5707 | R8: =SUM(R4:R7) -> 77137.131 | T8: =SUM(E8,I8) -> 5460.5707 | U8: =SUM(F8,J8) -> 77137.131
A9: 45213 | B9: Sat | C9: 0.2 | D9: 0.80347222 | E9: =Effort!J7 -> CLOSED | F9: =Harvest!J7 -> CLOSED | G9: =CPUE!J7 -> CLOSED | I9: =Effort!L7 -> 1765.4039 | J9: =Harvest!L7 -> 22050.241 | K9: =CPUE!L7 -> 12.490196 | M9: CLOSED | N9: CLOSED | O9: CLOSED | Q9: =SUM(E9,I9) -> 1765.4039 | R9: =SUM(F9,J9) -> 22050.241
A10: 45214 | B10: Sun | C10: -0.1 | D10: 0.82777778 | E10: =Effort!J8 -> 1476.9908 | F10: =Harvest!J8 -> 13056.599 | G10: =CPUE!J8 -> 8.84 | I10: =Effort!L8 -> CLOSED | J10: =Harvest!L8 -> CLOSED | K10: =CPUE!L8 -> CLOSED | M10: CLOSED | N10: CLOSED | O10: CLOSED | Q10: =SUM(E10,I10) -> 1476.9908 | R10: =SUM(F10,J10) -> 13056.599
A11: 45215 | B11: Mon | C11: -0.3 | D11: 0.85277778 | E11: =Effort!J9 -> CLOSED | F11: =Harvest!J9 -> CLOSED | G11: =CPUE!J9 -> CLOSED | I11: =Effort!L9 -> 284.79819 | J11: =Harvest!L9 -> 3987.1746 | K11: =CPUE!L9 -> 14 | M11: CLOSED | N11: CLOSED | O11: CLOSED | Q11: =SUM(E11,I11) -> 284.79819 | R11: =SUM(F11,J11) -> 3987.1746
A12: 45216 | B12: Tue | C12: -0.4 | D12: 0.87916667 | E12: =Effort!J10 -> 394.33346 | F12: =Harvest!J10 -> 5366.364 | G12: =CPUE!J10 -> 13.608696 | I12: =Effort!L10 -> CLOSED | J12: =Harvest!L10 -> CLOSED | K12: =CPUE!L10 -> CLOSED | M12: CLOSED | N12: CLOSED | O12: CLOSED | Q12: =SUM(E12,I12) -> 394.33346 | R12: =SUM(F12,J12) -> 5366.364
A13: 45217 | B13: Wed | C13: -0.3 | D13: 0.90902778 | E13: =Effort!J11 -> CLOSED | F13: =Harvest!J11 -> CLOSED | G13: =CPUE!J11 -> CLOSED | I13: =Effort!L11 -> 407.60235 | J13: =Harvest!L11 -> 3764.3276 | K13: =CPUE!L11 -> 9.2352941 | M13: CLOSED | N13: CLOSED | O13: CLOSED | Q13: =SUM(E13,I13) -> 407.60235 | R13: =SUM(F13,J13) -> 3764.3276
A14: Tide Series Totals | E14: =SUM(E9:E13) -> 1871.3243 | F14: =SUM(F9:F13) -> 18422.963 | G14: =+F14/E14 -> 9.8448799 | I14: =SUM(I9:I13) -> 2457.8045 | J14: =SUM(J9:J13) -> 29801.744 | K14: =+J14/I14 -> 12.125352 | Q14: =SUM(Q9:Q13) -> 4329.1288 | R14: =SUM(R9:R13) -> 48224.706 | T14: =SUM(E14,I14) -> 4329.1288 | U14: =SUM(F14,J14) -> 48224.706
A15: 45226 | B15: Fri | C15: -0.4 | D15: 0.7625 | E15: =Effort!J13 -> CLOSED | F15: =Harvest!J13 -> CLOSED | G15: =CPUE!J13 -> CLOSED | I15: =Effort!L13 -> 1854.5433 | J15: =Harvest!L13 -> 27143.77 | K15: =CPUE!L13 -> 14.636364 | M15: CLOSED | N15: CLOSED | O15: CLOSED | Q15: =SUM(E15,I15) -> 1854.5433 | R15: =SUM(F15,J15) -> 27143.77
A16: 45227 | B16: Sat | C16: -1 | D16: 0.79375 | E16: =Effort!J14 -> 5902.8031 | F16: =Harvest!J14 -> 88542.046 | G16: =CPUE!J14 -> 15 | I16: =Effort!L14 -> CLOSED | J16: =Harvest!L14 -> CLOSED | K16: =CPUE!L14 -> CLOSED | M16: CLOSED | N16: CLOSED | O16: CLOSED | Q16: =SUM(E16,I16) -> 5902.8031 | R16: =SUM(F16,J16) -> 88542.046
A17: 45228 | B17: Sun | C17: -1.3 | D17: 0.82361111 | E17: =Effort!J15 -> CLOSED | F17: =Harvest!J15 -> CLOSED | G17: =CPUE!J15 -> CLOSED | I17: =Effort!L15 -> 1552.6761 | J17: =Harvest!L15 -> 22419.128 | K17: =CPUE!L15 -> 14.439024 | M17: CLOSED | N17: CLOSED | O17: CLOSED | Q17: =SUM(E17,I17) -> 1552.6761 | R17: =SUM(F17,J17) -> 22419.128
A18: 45229 | B18: Mon | C18: -1.3 | D18: 0.85347222 | E18: =Effort!J16 -> 1098.7735 | F18: =Harvest!J16 -> 16481.603 | G18: =CPUE!J16 -> 15 | I18: =Effort!L16 -> CLOSED | J18: =Harvest!L16 -> CLOSED | K18: =CPUE!L16 -> CLOSED | M18: CLOSED | N18: CLOSED | O18: CLOSED | Q18: =SUM(E18,I18) -> 1098.7735 | R18: =SUM(F18,J18) -> 16481.603
A19: 45230 | B19: Tue | C19: -1 | D19: 0.88333333 | E19: =Effort!J17 -> CLOSED | F19: =Harvest!J17 -> CLOSED | G19: =CPUE!J17 -> CLOSED | I19: =Effort!L17 -> 239.97715 | J19: =Harvest!L17 -> 3479.6687 | K19: =CPUE!L17 -> 14.5 | M19: CLOSED | N19: CLOSED | O19: CLOSED | Q19: =SUM(E19,I19) -> 239.97715 | R19: =SUM(F19,J19) -> 3479.6687
A20: Tide Series Totals | E20: =SUM(E15:E19) -> 7001.5766 | F20: =SUM(F15:F19) -> 105023.65 | G20: =+F20/E20 -> 15 | I20: =SUM(I15:I19) -> 3647.1965 | J20: =SUM(J15:J19) -> 53042.567 | K20: =+J20/I20 -> 14.54338 | Q20: =SUM(Q15:Q19) -> 10648.773 | R20: =SUM(R15:R19) -> 158066.22 | T20: =SUM(E20,I20) -> 10648.773 | U20: =SUM(F20,J20) -> 158066.22
A21: 45242 | B21: Sun | C21: -0.3 | D21: 0.74513889 | E21: =Effort!J19 -> CLOSED | F21: =Harvest!J19 -> CLOSED | G21: =CPUE!J19 -> CLOSED | I21: =Effort!L19 -> 1064.3542 | J21: =Harvest!L19 -> 7083.4606 | K21: =CPUE!L19 -> 6.6551724 | M21: CLOSED | N21: CLOSED | O21: CLOSED | Q21: =SUM(E21,I21) -> 1064.3542 | R21: =SUM(F21,J21) -> 7083.4606
A22: 45243 | B22: Mon | C22: -0.7 | D22: 0.77083333 | E22: =Effort!J20 -> 941.25878 | F22: =Harvest!J20 -> 9347.6734 | G22: =CPUE!J20 -> 9.9310345 | I22: =Effort!L20 -> CLOSED | J22: =Harvest!L20 -> CLOSED | K22: =CPUE!L20 -> CLOSED | M22: CLOSED | N22: CLOSED | O22: CLOSED | Q22: =SUM(E22,I22) -> 941.25878 | R22: =SUM(F22,J22) -> 9347.6734
A23: 45244 | B23: Tue | C23: -0.9 | D23: 0.79791667 | E23: =Effort!J21 -> CLOSED | F23: =Harvest!J21 -> CLOSED | G23: =CPUE!J21 -> CLOSED | I23: =Effort!L21 -> 550.00002 | J23: =Harvest!L21 -> 8066.667 | K23: =CPUE!L21 -> 14.666667 | M23: CLOSED | N23: CLOSED | O23: CLOSED | Q23: =SUM(E23,I23) -> 550.00002 | R23: =SUM(F23,J23) -> 8066.667
A24: 45245 | B24: Wed | C24: -0.9 | D24: 0.82708333 | E24: =Effort!J22 -> 467.41025 | F24: =Harvest!J22 -> 6721.8045 | G24: =CPUE!J22 -> 14.380952 | I24: =Effort!L22 -> CLOSED | J24: =Harvest!L22 -> CLOSED | K24: =CPUE!L22 -> CLOSED | M24: CLOSED | N24: CLOSED | O24: CLOSED | Q24: =SUM(E24,I24) -> 467.41025 | R24: =SUM(F24,J24) -> 6721.8045
A25: 45246 | B25: Thu | C25: -0.8 | D25: 0.85902778 | E25: =Effort!J23 -> CLOSED | F25: =Harvest!J23 -> CLOSED | G25: =CPUE!J23 -> CLOSED | I25: =Effort!L23 -> 334.9077 | J25: =Harvest!L23 -> 4395.6636 | K25: =CPUE!L23 -> 13.125 | M25: CLOSED | N25: CLOSED | O25: CLOSED | Q25: =SUM(E25,I25) -> 334.9077 | R25: =SUM(F25,J25) -> 4395.6636
A26: 45247 | B26: Fri | C26: -0.5 | D26: 0.89375 | E26: =Effort!J24 -> 982.94927 | F26: =Harvest!J24 -> 14744.239 | G26: =CPUE!J24 -> 15 | I26: =Effort!L24 -> CLOSED | J26: =Harvest!L24 -> CLOSED | K26: =CPUE!L24 -> CLOSED | M26: CLOSED | N26: CLOSED | O26: CLOSED | Q26: =SUM(E26,I26) -> 982.94927 | R26: =SUM(F26,J26) -> 14744.239
A27: 45248 | B27: Sat | C27: -0.1 | D27: 0.93194444 | E27: =Effort!J25 -> CLOSED | F27: =Harvest!J25 -> CLOSED | G27: =CPUE!J25 -> CLOSED | I27: =Effort!L25 -> 445.65462 | J27: =Harvest!L25 -> 1406.5974 | K27: =CPUE!L25 -> 3.15625 | M27: CLOSED | N27: CLOSED | O27: CLOSED | Q27: =SUM(E27,I27) -> 445.65462 | R27: =SUM(F27,J27) -> 1406.5974
E28: =SUM(E21:E27) -> 2391.6183 | F28: =SUM(F21:F27) -> 30813.717 | G28: =+F28/E28 -> 12.884045 | I28: =SUM(I21:I27) -> 2394.9165 | J28: =SUM(J21:J27) -> 20952.389 | K28: =+J28/I28 -> 8.7486926 | Q28: =SUM(Q21:Q27) -> 4786.5348 | R28: =SUM(R21:R27) -> 51766.106 | T28: =SUM(E28,I28) -> 4786.5348 | U28: =SUM(F28,J28) -> 51766.106
A29: 45254 | B29: Fri | C29: 0 | D29: 0.67916667 | E29: =Effort!J27 -> 4790.8518 | F29: =Harvest!J27 -> 68481 | G29: =CPUE!J27 -> 14.294118 | I29: =Effort!L27 -> CLOSED | J29: =Harvest!L27 -> CLOSED | K29: =CPUE!L27 -> CLOSED | M29: CLOSED | N29: CLOSED | O29: CLOSED | Q29: =SUM(E29,I29) -> 4790.8518 | R29: =SUM(F29,J29) -> 68481
A30: 45255 | B30: Sat | C30: -0.7 | D30: 0.71180556 | E30: =Effort!J28 -> CLOSED | F30: =Harvest!J28 -> CLOSED | G30: =CPUE!J28 -> CLOSED | I30: =Effort!L28 -> 4031.2922 | J30: =Harvest!L28 -> 59593.015 | K30: =CPUE!L28 -> 14.782609 | M30: CLOSED | N30: CLOSED | O30: CLOSED | Q30: =SUM(E30,I30) -> 4031.2922 | R30: =SUM(F30,J30) -> 59593.015
A31: 45256 | B31: Sun | C31: -1.2 | D31: 0.74236111 | E31: =Effort!J29 -> 2460.1624 | F31: =Harvest!J29 -> 36231.483 | G31: =CPUE!J29 -> 14.727273 | I31: =Effort!L29 -> CLOSED | J31: =Harvest!L29 -> CLOSED | K31: =CPUE!L29 -> CLOSED | M31: CLOSED | N31: CLOSED | O31: CLOSED | Q31: =SUM(E31,I31) -> 2460.1624 | R31: =SUM(F31,J31) -> 36231.483
A32: 45257 | B32: Mon | C32: -1.3 | D32: 0.77152778 | E32: =Effort!J30 -> CLOSED | F32: =Harvest!J30 -> CLOSED | G32: =CPUE!J30 -> CLOSED | I32: =Effort!L30 -> 829.2727 | J32: =Harvest!L30 -> 11195.181 | K32: =CPUE!L30 -> 13.5 | M32: CLOSED | N32: CLOSED | O32: CLOSED | Q32: =SUM(E32,I32) -> 829.2727 | R32: =SUM(F32,J32) -> 11195.181
A33: 45258 | B33: Tue | C33: -1.2 | D33: 0.8 | E33: =Effort!J31 -> 564.3382 | F33: =Harvest!J31 -> 7689.108 | G33: =CPUE!J31 -> 13.625 | I33: =Effort!L31 -> CLOSED | J33: =Harvest!L31 -> CLOSED | K33: =CPUE!L31 -> CLOSED | M33: CLOSED | N33: CLOSED | O33: CLOSED | Q33: =SUM(E33,I33) -> 564.3382 | R33: =SUM(F33,J33) -> 7689.108
A34: 45259 | B34: Wed | C34: -0.8 | D34: 0.82777778 | E34: =Effort!J32 -> CLOSED | F34: =Harvest!J32 -> CLOSED | G34: =CPUE!J32 -> CLOSED | I34: =Effort!L32 -> 177.37227 | J34: =Harvest!L32 -> 2601.46 | K34: =CPUE!L32 -> 14.666667 | M34: CLOSED | N34: CLOSED | O34: CLOSED | Q34: =SUM(E34,I34) -> 177.37227 | R34: =SUM(F34,J34) -> 2601.46
E35: =SUM(E29:E34) -> 7815.3525 | F35: =SUM(F29:F34) -> 112401.59 | G35: =+F35/E35 -> 14.382152 | I35: =SUM(I29:I34) -> 5037.9372 | J35: =SUM(J29:J34) -> 73389.657 | K35: =+J35/I35 -> 14.567402 | Q35: =SUM(Q29:Q34) -> 12853.29 | R35: =SUM(R29:R34) -> 185791.25 | T35: =SUM(E35,I35) -> 12853.29 | U35: =SUM(F35,J35) -> 185791.25
A36: 45273 | B36: Wed | C36: -1.3 | D36: 0.78819444 | E36: =Effort!J34 -> CLOSED | F36: =Harvest!J34 -> CLOSED | G36: =CPUE!J34 -> CLOSED | I36: =Effort!L34 -> 608.8808 | J36: =Harvest!L34 -> 8118.4107 | K36: =CPUE!L34 -> 13.333333 | M36: CLOSED | N36: CLOSED | O36: CLOSED | Q36: =SUM(E36,I36) -> 608.8808 | R36: =SUM(F36,J36) -> 8118.4107
A37: 45274 | B37: Thu | C37: -1.3 | D37: 0.81875 | E37: =Effort!J35 -> 652.6164 | F37: =Harvest!J35 -> 9305.8264 | G37: =CPUE!J35 -> 14.259259 | I37: =Effort!L35 -> CLOSED | J37: =Harvest!L35 -> CLOSED | K37: =CPUE!L35 -> CLOSED | M37: CLOSED | N37: CLOSED | O37: CLOSED | Q37: =SUM(E37,I37) -> 652.6164 | R37: =SUM(F37,J37) -> 9305.8264
A38: 45275 | B38: Fri | C38: -1.2 | D38: 0.85069444 | E38: =Effort!J36 -> CLOSED | F38: =Harvest!J36 -> CLOSED | G38: =CPUE!J36 -> CLOSED | I38: =Effort!L36 -> 952.08349 | J38: =Harvest!L36 -> 8854.3764 | K38: =CPUE!L36 -> 9.3 | M38: CLOSED | N38: CLOSED | O38: CLOSED | Q38: =SUM(E38,I38) -> 952.08349 | R38: =SUM(F38,J38) -> 8854.3764
A39: 45276 | B39: Sat | C39: -0.8 | D39: 0.88333333 | E39: =Effort!J37 -> 1714.6008 | F39: =Harvest!J37 -> 25719.012 | G39: =CPUE!J37 -> 15 | I39: =Effort!L37 -> CLOSED | J39: =Harvest!L37 -> CLOSED | K39: =CPUE!L37 -> CLOSED | M39: CLOSED | N39: CLOSED | O39: CLOSED | Q39: =SUM(E39,I39) -> 1714.6008 | R39: =SUM(F39,J39) -> 25719.012
A40: 45277 | B40: Sun | C40: -0.3 | D40: 0.91736111 | E40: =Effort!J38 -> CLOSED | F40: =Harvest!J38 -> CLOSED | G40: =CPUE!J38 -> CLOSED | I40: =Effort!L38 -> 176.72296 | J40: =Harvest!L38 -> 2618.7129 | K40: =CPUE!L38 -> 14.818182 | M40: CLOSED | N40: CLOSED | O40: CLOSED | Q40: =SUM(E40,I40) -> 176.72296 | R40: =SUM(F40,J40) -> 2618.7129
A41: Tide Series Totals | E41: =SUM(E36:E40) -> 2367.2172 | F41: =SUM(F36:F40) -> 35024.838 | G41: =+F41/E41 -> 14.795786 | I41: =SUM(I36:I40) -> 1737.6872 | J41: =SUM(J36:J40) -> 19591.5 | K41: =+J41/I41 -> 11.274468 | Q41: =SUM(Q36:Q40) -> 4104.9044 | R41: =SUM(R36:R40) -> 54616.338 | T41: =SUM(E41,I41) -> 4104.9044 | U41: =SUM(F41,J41) -> 54616.338
A42: 45286 | B42: Tue | C42: -0.9 | D42: 0.7625 | E42: =Effort!J40 -> 2092.4715 | F42: =Harvest!J40 -> 18697.246 | G42: =CPUE!J40 -> 8.9354839 | I42: =Effort!L40 -> CLOSED | J42: =Harvest!L40 -> CLOSED | K42: =CPUE!L40 -> CLOSED | M42: CLOSED | N42: CLOSED | O42: CLOSED | Q42: =SUM(E42,I42) -> 2092.4715 | R42: =SUM(F42,J42) -> 18697.246
A43: 45287 | B43: Wed | C43: -0.8 | D43: 0.78958333 | E43: =Effort!J41 -> CLOSED | F43: =Harvest!J41 -> CLOSED | G43: =CPUE!J41 -> CLOSED | I43: =Effort!L41 -> 786.33371 | J43: =Harvest!L41 -> 8728.3042 | K43: =CPUE!L41 -> 11.1 | M43: CLOSED | N43: CLOSED | O43: CLOSED | Q43: =SUM(E43,I43) -> 786.33371 | R43: =SUM(F43,J43) -> 8728.3042
A44: 45288 | B44: Thu | C44: -0.6 | D44: 0.81597222 | E44: =Effort!J42 -> 711.56242 | F44: =Harvest!J42 -> 3029.8787 | G44: =CPUE!J42 -> 4.2580645 | I44: =Effort!L42 -> CLOSED | J44: =Harvest!L42 -> CLOSED | K44: =CPUE!L42 -> CLOSED | M44: CLOSED | N44: CLOSED | O44: CLOSED | Q44: =SUM(E44,I44) -> 711.56242 | R44: =SUM(F44,J44) -> 3029.8787
A45: 45289 | B45: Fri | C45: -0.3 | D45: 0.84097222 | E45: =Effort!J43 -> CLOSED | F45: =Harvest!J43 -> CLOSED | G45: =CPUE!J43 -> CLOSED | I45: =Effort!L43 -> 477.10069 | J45: =Harvest!L43 -> 6242.0674 | K45: =CPUE!L43 -> 13.083333 | M45: CLOSED | N45: CLOSED | O45: CLOSED | Q45: =SUM(E45,I45) -> 477.10069 | R45: =SUM(F45,J45) -> 6242.0674
A46: Tide Series Totals | E46: =SUM(E42:E45) -> 2804.0339 | F46: =SUM(F42:F45) -> 21727.124 | G46: =+F46/E46 -> 7.748524 | I46: =SUM(I42:I45) -> 1263.4344 | J46: =SUM(J42:J45) -> 14970.372 | K46: =+J46/I46 -> 11.84895 | Q46: =SUM(Q42:Q45) -> 4067.4683 | R46: =SUM(R42:R45) -> 36697.496 | T46: =SUM(E46,I46) -> 4067.4683 | U46: =SUM(F46,J46) -> 36697.496
A47: 45300 | B47: Tue | C47: -0.7 | D47: 0.70972222 | E47: =Effort!J45 -> 64.166667 | F47: =Harvest!J45 -> 247.5 | G47: =CPUE!J45 -> 3.8571429 | I47: =Effort!L45 -> CLOSED | J47: =Harvest!L45 -> CLOSED | K47: =CPUE!L45 -> CLOSED | M47: CLOSED | N47: CLOSED | O47: CLOSED | Q47: =SUM(E47,I47) -> 64.166667 | R47: =SUM(F47,J47) -> 247.5
A48: 45301 | B48: Wed | C48: -1.2 | D48: 0.74027778 | E48: =Effort!J46 -> CLOSED | F48: =Harvest!J46 -> CLOSED | G48: =CPUE!J46 -> CLOSED | I48: =Effort!L46 -> 279.32451 | J48: =Harvest!L46 -> 3020.1963 | K48: =CPUE!L46 -> 10.8125 | M48: CLOSED | N48: CLOSED | O48: CLOSED | Q48: =SUM(E48,I48) -> 279.32451 | R48: =SUM(F48,J48) -> 3020.1963
A49: 45302 | B49: Thu | C49: -1.5 | D49: 0.76944444 | E49: =Effort!J47 -> CLOSED | F49: =Harvest!J47 -> CLOSED | G49: =CPUE!J47 -> CLOSED | I49: =Effort!L47 -> 100.41077 | J49: =Harvest!L47 -> 273.84756 | K49: =CPUE!L47 -> 2.7272727 | M49: CLOSED | N49: CLOSED | O49: CLOSED | Q49: =SUM(E49,I49) -> 100.41077 | R49: =SUM(F49,J49) -> 273.84756
A50: 45303 | B50: Fri | C50: -1.6 | D50: 0.79930556 | E50: =Effort!J48 -> 371.32351 | F50: =Harvest!J48 -> 3438.1806 | G50: =CPUE!J48 -> 9.2592593 | I50: =Effort!L48 -> CLOSED | J50: =Harvest!L48 -> CLOSED | K50: =CPUE!L48 -> CLOSED | M50: CLOSED | N50: CLOSED | O50: CLOSED | Q50: =SUM(E50,I50) -> 371.32351 | R50: =SUM(F50,J50) -> 3438.1806
A51: 45304 | B51: Sat | C51: -1.3 | D51: 0.82847222 | E51: =Effort!J49 -> 407.63097 | F51: =Harvest!J49 -> 3489.3211 | G51: =CPUE!J49 -> 8.56 | I51: =Effort!L49 -> CLOSED | J51: =Harvest!L49 -> CLOSED | K51: =CPUE!L49 -> CLOSED | M51: CLOSED | N51: CLOSED | O51: CLOSED | Q51: =SUM(E51,I51) -> 407.63097 | R51: =SUM(F51,J51) -> 3489.3211
A52: 45305 | B52: Sun | C52: -0.8 | D52: 0.85833333 | E52: =Effort!J50 -> CLOSED | F52: =Harvest!J50 -> CLOSED | G52: =CPUE!J50 -> CLOSED | I52: =Effort!L50 -> 140.97903 | J52: =Harvest!L50 -> 1309.091 | K52: =CPUE!L50 -> 9.2857143 | M52: CLOSED | N52: CLOSED | O52: CLOSED | Q52: =SUM(E52,I52) -> 140.97903 | R52: =SUM(F52,J52) -> 1309.091
A53: 45306 | B53: Mon | C53: 0 | D53: 0.88819444 | E53: =Effort!J51 -> CLOSED | F53: =Harvest!J51 -> CLOSED | G53: =CPUE!J51 -> CLOSED | I53: =Effort!L51 -> 16 | J53: =Harvest!L51 -> 60 | K53: =CPUE!L51 -> 3.75 | M53: CLOSED | N53: CLOSED | O53: CLOSED | Q53: =SUM(E53,I53) -> 16 | R53: =SUM(F53,J53) -> 60
E54: =SUM(E47:E53) -> 843.12115 | F54: =SUM(F47:F53) -> 7175.0018 | G54: =+F54/E54 -> 8.5100484 | I54: =SUM(I47:I53) -> 536.71431 | J54: =SUM(J47:J53) -> 4663.1348 | K54: =+J54/I54 -> 8.6882997 | Q54: =SUM(Q47:Q53) -> 1379.8355 | R54: =SUM(R47:R53) -> 11838.137 | T54: =SUM(E54,I54) -> 1379.8355 | U54: =SUM(F54,J54) -> 11838.137
A55: 45313 | B55: Mon | C55: -0.1 | D55: 0.68611111 | E55: =Effort!J53 -> CLOSED | F55: =Harvest!J53 -> CLOSED | G55: =CPUE!J53 -> CLOSED | I55: =Effort!L53 -> 512.60206 | J55: =Harvest!L53 -> 7689.0309 | K55: =CPUE!L53 -> 15 | M55: CLOSED | N55: CLOSED | O55: CLOSED | Q55: =SUM(E55,I55) -> 512.60206 | R55: =SUM(F55,J55) -> 7689.0309
A56: 45314 | B56: Tue | C56: -0.3 | D56: 0.71736111 | E56: =Effort!J54 -> CLOSED | F56: =Harvest!J54 -> CLOSED | G56: =CPUE!J54 -> CLOSED | I56: =Effort!L54 -> 611.35329 | J56: =Harvest!L54 -> 8540.9651 | K56: =CPUE!L54 -> 13.970588 | M56: CLOSED | N56: CLOSED | O56: CLOSED | Q56: =SUM(E56,I56) -> 611.35329 | R56: =SUM(F56,J56) -> 8540.9651
A57: 45315 | B57: Wed | C57: -0.4 | D57: 0.74513889 | E57: =Effort!J55 -> 622.76106 | F57: =Harvest!J55 -> 5009.165 | G57: =CPUE!J55 -> 8.0434783 | I57: =Effort!L55 -> CLOSED | J57: =Harvest!L55 -> CLOSED | K57: =CPUE!L55 -> CLOSED | M57: CLOSED | N57: CLOSED | O57: CLOSED | Q57: =SUM(E57,I57) -> 622.76106 | R57: =SUM(F57,J57) -> 5009.165
A58: 45316 | B58: Thu | C58: -0.4 | D58: 0.76944444 | E58: =Effort!J56 -> 249.9309 | F58: =Harvest!J56 -> 1059.231 | G58: =CPUE!J56 -> 4.2380952 | I58: =Effort!L56 -> CLOSED | J58: =Harvest!L56 -> CLOSED | K58: =CPUE!L56 -> CLOSED | M58: CLOSED | N58: CLOSED | O58: CLOSED | Q58: =SUM(E58,I58) -> 249.9309 | R58: =SUM(F58,J58) -> 1059.231
A59: 45317 | B59: Fri | C59: -0.2 | D59: 0.79236111 | E59: =Effort!J57 -> CLOSED | F59: =Harvest!J57 -> CLOSED | G59: =CPUE!J57 -> CLOSED | I59: =Effort!L57 -> 235.11334 | J59: =Harvest!L57 -> 677.67963 | K59: =CPUE!L57 -> 2.8823529 | M59: CLOSED | N59: CLOSED | O59: CLOSED | Q59: =SUM(E59,I59) -> 235.11334 | R59: =SUM(F59,J59) -> 677.67963
A60: 45318 | B60: Sat | C60: 0 | D60: 0.81388889 | E60: =Effort!J58 -> CLOSED | F60: =Harvest!J58 -> CLOSED | G60: =CPUE!J58 -> CLOSED | I60: =Effort!L58 -> 402.96295 | J60: =Harvest!L58 -> 75.555553 | K60: =CPUE!L58 -> 0.1875 | M60: CLOSED | N60: CLOSED | O60: CLOSED | Q60: =SUM(E60,I60) -> 402.96295 | R60: =SUM(F60,J60) -> 75.555553
A61: 45319 | B61: Sun | C61: 0.4 | D61: 0.83472222 | E61: =Effort!J59 -> 215.41666 | F61: =Harvest!J59 -> 234.99999 | G61: =CPUE!J59 -> 1.0909091 | I61: =Effort!L59 -> CLOSED | J61: =Harvest!L59 -> CLOSED | K61: =CPUE!L59 -> CLOSED | M61: CLOSED | N61: CLOSED | O61: CLOSED | Q61: =SUM(E61,I61) -> 215.41666 | R61: =SUM(F61,J61) -> 234.99999
E62: =SUM(E55:E61) -> 1088.1086 | F62: =SUM(F55:F61) -> 6303.396 | G62: =+F62/E62 -> 5.7929842 | I62: =SUM(I55:I61) -> 1762.0316 | J62: =SUM(J55:J61) -> 16983.231 | K62: =+J62/I62 -> 9.6384371 | Q62: =SUM(Q55:Q61) -> 2850.1403 | R62: =SUM(R55:R61) -> 23286.627 | T62: =SUM(E62,I62) -> 2850.1403 | U62: =SUM(F62,J62) -> 23286.627
A63: 45328 | B63: Tue | C63: 0 | D63: 0.66111111 | E63: =Effort!J61 -> CLOSED | F63: =Harvest!J61 -> CLOSED | G63: =CPUE!J61 -> CLOSED | I63: =Effort!L61 -> 926.71537 | J63: =Harvest!L61 -> 13784.891 | K63: =CPUE!L61 -> 14.875 | M63: CLOSED | N63: CLOSED | O63: CLOSED | Q63: =SUM(E63,I63) -> 926.71537 | R63: =SUM(F63,J63) -> 13784.891
A64: 45329 | B64: Wed | C64: -0.7 | D64: 0.69513889 | E64: =Effort!J62 -> 2219.2507 | F64: =Harvest!J62 -> 31031.895 | G64: =CPUE!J62 -> 13.983051 | I64: =Effort!L62 -> CLOSED | J64: =Harvest!L62 -> CLOSED | K64: =CPUE!L62 -> CLOSED | M64: CLOSED | N64: CLOSED | O64: CLOSED | Q64: =SUM(E64,I64) -> 2219.2507 | R64: =SUM(F64,J64) -> 31031.895
A65: 45330 | B65: Thu | C65: -1.2 | D65: 0.72638889 | E65: =Effort!J63 -> 3164.4127 | F65: =Harvest!J63 -> 38816.796 | G65: =CPUE!J63 -> 12.266667 | I65: =Effort!L63 -> CLOSED | J65: =Harvest!L63 -> CLOSED | K65: =CPUE!L63 -> CLOSED | M65: CLOSED | N65: CLOSED | O65: CLOSED | Q65: =SUM(E65,I65) -> 3164.4127 | R65: =SUM(F65,J65) -> 38816.796
A66: 45331 | B66: Fri | C66: -1.4 | D66: 0.75625 | E66: =Effort!J64 -> CLOSED | F66: =Harvest!J64 -> CLOSED | G66: =CPUE!J64 -> CLOSED | I66: =Effort!L64 -> 1605.0689 | J66: =Harvest!L64 -> 23256.423 | K66: =CPUE!L64 -> 14.489362 | M66: CLOSED | N66: CLOSED | O66: CLOSED | Q66: =SUM(E66,I66) -> 1605.0689 | R66: =SUM(F66,J66) -> 23256.423
A67: 45332 | B67: Sat | C67: -1.4 | D67: 0.78402778 | E67: =Effort!J65 -> CLOSED | F67: =Harvest!J65 -> CLOSED | G67: =CPUE!J65 -> CLOSED | I67: =Effort!L65 -> 3661.0169 | J67: =Harvest!L65 -> 40556.46 | K67: =CPUE!L65 -> 11.077922 | M67: CLOSED | N67: CLOSED | O67: CLOSED | Q67: =SUM(E67,I67) -> 3661.0169 | R67: =SUM(F67,J67) -> 40556.46
A68: 45333 | B68: Sun | C68: -1 | D68: 0.81180556 | E68: =Effort!J66 -> 229.62962 | F68: =Harvest!J66 -> 1406.4814 | G68: =CPUE!J66 -> 6.125 | I68: =Effort!L66 -> CLOSED | J68: =Harvest!L66 -> CLOSED | K68: =CPUE!L66 -> CLOSED | M68: CLOSED | N68: CLOSED | O68: CLOSED | Q68: =SUM(E68,I68) -> 229.62962 | R68: =SUM(F68,J68) -> 1406.4814
A69: 45334 | B69: Mon | C69: -0.3 | D69: 0.83888889 | E69: =Effort!J67 -> 321.98758 | F69: =Harvest!J67 -> 3058.8821 | G69: =CPUE!J67 -> 9.5 | I69: =Effort!L67 -> CLOSED | J69: =Harvest!L67 -> CLOSED | K69: =CPUE!L67 -> CLOSED | M69: CLOSED | N69: CLOSED | O69: CLOSED | Q69: =SUM(E69,I69) -> 321.98758 | R69: =SUM(F69,J69) -> 3058.8821
E70: =SUM(E63:E69) -> 5935.2806 | F70: =SUM(F63:F69) -> 74314.055 | G70: =+F70/E70 -> 12.520731 | I70: =SUM(I63:I69) -> 6192.8011 | J70: =SUM(J63:J69) -> 77597.775 | K70: =+J70/I70 -> 12.530319 | Q70: =SUM(Q63:Q69) -> 12128.082 | R70: =SUM(R63:R69) -> 151911.83 | T70: =SUM(E70,I70) -> 12128.082 | U70: =SUM(F70,J70) -> 151911.83
A71: 45343 | B71: Wed | C71: 0.2 | D71: 0.70555556 | E71: =Effort!J69 -> CLOSED | F71: =Harvest!J69 -> CLOSED | G71: =CPUE!J69 -> CLOSED | I71: =Effort!L69 -> 644.67156 | J71: =Harvest!L69 -> 8729.9274 | K71: =CPUE!L69 -> 13.541667 | M71: CLOSED | N71: CLOSED | O71: CLOSED | Q71: =SUM(E71,I71) -> 644.67156 | R71: =SUM(F71,J71) -> 8729.9274
A72: 45344 | B72: Thu | C72: 0.1 | D72: 0.73125 | E72: =Effort!J70 -> CLOSED | F72: =Harvest!J70 -> CLOSED | G72: =CPUE!J70 -> CLOSED | I72: =Effort!L70 -> 1197.0803 | J72: =Harvest!L70 -> 17956.205 | K72: =CPUE!L70 -> 15 | M72: CLOSED | N72: CLOSED | O72: CLOSED | Q72: =SUM(E72,I72) -> 1197.0803 | R72: =SUM(F72,J72) -> 17956.205
A73: 45345 | B73: Fri | C73: 0.1 | D73: 0.75347222 | E73: =Effort!J71 -> 2415.9771 | F73: =Harvest!J71 -> 34341.388 | G73: =CPUE!J71 -> 14.214286 | I73: =Effort!L71 -> CLOSED | J73: =Harvest!L71 -> CLOSED | K73: =CPUE!L71 -> CLOSED | M73: CLOSED | N73: CLOSED | O73: CLOSED | Q73: =SUM(E73,I73) -> 2415.9771 | R73: =SUM(F73,J73) -> 34341.388
A74: 45346 | B74: Sat | C74: 0.2 | D74: 0.77361111 | E74: =Effort!J72 -> 4231.8872 | F74: =Harvest!J72 -> 42834.956 | G74: =CPUE!J72 -> 10.121951 | I74: =Effort!L72 -> CLOSED | J74: =Harvest!L72 -> CLOSED | K74: =CPUE!L72 -> CLOSED | M74: CLOSED | N74: CLOSED | O74: CLOSED | Q74: =SUM(E74,I74) -> 4231.8872 | R74: =SUM(F74,J74) -> 42834.956
A75: 45347 | B75: Sun | C75: 0.4 | D75: 0.79305556 | E75: =Effort!J73 -> CLOSED | F75: =Harvest!J73 -> CLOSED | G75: =CPUE!J73 -> CLOSED | I75: =Effort!L73 -> 151.66666 | J75: =Harvest!L73 -> 588.82351 | K75: =CPUE!L73 -> 3.8823529 | M75: CLOSED | N75: CLOSED | O75: CLOSED | Q75: =SUM(E75,I75) -> 151.66666 | R75: =SUM(F75,J75) -> 588.82351
E76: =SUM(E71:E75) -> 6647.8642 | F76: =SUM(F71:F75) -> 77176.344 | G76: =+F76/E76 -> 11.609194 | I76: =SUM(I71:I75) -> 1993.4186 | J76: =SUM(J71:J75) -> 27274.956 | K76: =+J76/I76 -> 13.682503 | Q76: =SUM(Q71:Q75) -> 8641.2828 | R76: =SUM(R71:R75) -> 104451.3 | T76: =SUM(E76,I76) -> 8641.2828 | U76: =SUM(F76,J76) -> 104451.3
A77: 45358 | B77: Thu | C77: -0.5 | D77: 0.67708333 | E77: =Effort!J75 -> 1411.8356 | F77: =Harvest!J75 -> 20797.425 | G77: =CPUE!J75 -> 14.730769 | I77: =Effort!L75 -> CLOSED | J77: =Harvest!L75 -> CLOSED | K77: =CPUE!L75 -> CLOSED | M77: CLOSED | N77: CLOSED | O77: CLOSED | Q77: =SUM(E77,I77) -> 1411.8356 | R77: =SUM(F77,J77) -> 20797.425
A78: 45359 | B78: Fri | C78: -0.8 | D78: 0.70833333 | E78: =Effort!J76 -> CLOSED | F78: =Harvest!J76 -> CLOSED | G78: =CPUE!J76 -> CLOSED | I78: =Effort!L76 -> 1741.7443 | J78: =Harvest!L76 -> 24767.221 | K78: =CPUE!L76 -> 14.21978 | M78: CLOSED | N78: CLOSED | O78: CLOSED | Q78: =SUM(E78,I78) -> 1741.7443 | R78: =SUM(F78,J78) -> 24767.221
A79: 45360 | B79: Sat | C79: -0.9 | D79: 0.7375 | E79: =Effort!J77 -> CLOSED | F79: =Harvest!J77 -> CLOSED | G79: =CPUE!J77 -> CLOSED | I79: =Effort!L77 -> 1718.9201 | J79: =Harvest!L77 -> 18943.932 | K79: =CPUE!L77 -> 11.020833 | M79: CLOSED | N79: CLOSED | O79: CLOSED | Q79: =SUM(E79,I79) -> 1718.9201 | R79: =SUM(F79,J79) -> 18943.932
A80: 45361 | B80: Sun | C80: -0.7 | D80: 0.80694444 | E80: =Effort!J78 -> 783.66009 | F80: =Harvest!J78 -> 6055.5552 | G80: =CPUE!J78 -> 7.7272727 | I80: =Effort!L78 -> CLOSED | J80: =Harvest!L78 -> CLOSED | K80: =CPUE!L78 -> CLOSED | M80: CLOSED | N80: CLOSED | O80: CLOSED | Q80: =SUM(E80,I80) -> 783.66009 | R80: =SUM(F80,J80) -> 6055.5552
A81: 45362 | B81: Mon | C81: -0.2 | D81: 0.83333333 | E81: =Effort!J79 -> 191.48213 | F81: =Harvest!J79 -> 727.63208 | G81: =CPUE!J79 -> 3.8 | I81: =Effort!L79 -> CLOSED | J81: =Harvest!L79 -> CLOSED | K81: =CPUE!L79 -> CLOSED | M81: CLOSED | N81: CLOSED | O81: CLOSED | Q81: =SUM(E81,I81) -> 191.48213 | R81: =SUM(F81,J81) -> 727.63208
A82: 45363 | B82: Tue | C82: -0.3 | D82: 0.35625 | E82: =Effort!J80 -> CLOSED | F82: =Harvest!J80 -> CLOSED | G82: =CPUE!J80 -> CLOSED | I82: =Effort!L80 -> 310.33224 | J82: =Harvest!L80 -> 2925.9896 | K82: =CPUE!L80 -> 9.4285714 | M82: CLOSED | N82: CLOSED | O82: CLOSED | Q82: =SUM(E82,I82) -> 310.33224 | R82: =SUM(F82,J82) -> 2925.9896
A83: 45364 | B83: Wed | C83: -0.4 | D83: 0.38958333 | E83: =Effort!J81 -> CLOSED | F83: =Harvest!J81 -> CLOSED | G83: =CPUE!J81 -> CLOSED | I83: =Effort!L81 -> 1046.4446 | J83: =Harvest!L81 -> 14614.14 | K83: =CPUE!L81 -> 13.965517 | M83: CLOSED | N83: CLOSED | O83: CLOSED | Q83: =SUM(E83,I83) -> 1046.4446 | R83: =SUM(F83,J83) -> 14614.14
A84: 45365 | B84: Thu | C84: -0.3 | D84: 0.425 | E84: =Effort!J82 -> CLOSED | F84: =Harvest!J82 -> CLOSED | G84: =CPUE!J82 -> CLOSED | I84: =Effort!L82 -> 1138.6862 | J84: =Harvest!L82 -> 17080.293 | K84: =CPUE!L82 -> 15 | M84: CLOSED | N84: CLOSED | O84: CLOSED | Q84: =SUM(E84,I84) -> 1138.6862 | R84: =SUM(F84,J84) -> 17080.293
A85: 45366 | B85: Fri | C85: 0.1 | D85: 0.46388889 | E85: =Effort!J83 -> 2768.0075 | F85: =Harvest!J83 -> 32927.756 | G85: =CPUE!J83 -> 11.895833 | I85: =Effort!L83 -> CLOSED | J85: =Harvest!L83 -> CLOSED | K85: =CPUE!L83 -> CLOSED | M85: CLOSED | N85: CLOSED | O85: CLOSED | Q85: =SUM(E85,I85) -> 2768.0075 | R85: =SUM(F85,J85) -> 32927.756
A86: 45367 | B86: Sat | C86: 0.5 | D86: 0.50694444 | E86: =Effort!J84 -> 7233.5878 | F86: =Harvest!J84 -> 61380.153 | G86: =CPUE!J84 -> 8.4854369 | I86: =Effort!L84 -> CLOSED | J86: =Harvest!L84 -> CLOSED | K86: =CPUE!L84 -> CLOSED | M86: CLOSED | N86: CLOSED | O86: CLOSED | Q86: =SUM(E86,I86) -> 7233.5878 | R86: =SUM(F86,J86) -> 61380.153
A87: 45368 | B87: Sun | C87: 0.9 | D87: 0.55763889 | E87: =Effort!J85 -> CLOSED | F87: =Harvest!J85 -> CLOSED | G87: =CPUE!J85 -> CLOSED | I87: =Effort!L85 -> 3650.49 | J87: =Harvest!L85 -> 40025.015 | K87: =CPUE!L85 -> 10.964286 | M87: CLOSED | N87: CLOSED | O87: CLOSED | Q87: =SUM(E87,I87) -> 3650.49 | R87: =SUM(F87,J87) -> 40025.015
E88: =SUM(E77:E87) -> 12388.573 | F88: =SUM(F77:F87) -> 121888.52 | G88: =+F88/E88 -> 9.8387861 | I88: =SUM(I77:I87) -> 9606.6174 | J88: =SUM(J77:J87) -> 118356.59 | K88: =+J88/I88 -> 12.320319 | Q88: =SUM(Q77:Q87) -> 21995.191 | R88: =SUM(R77:R87) -> 240245.11 | T88: =SUM(E88,I88) -> 21995.191 | U88: =SUM(F88,J88) -> 240245.11
A89: 45377 | B89: Tue | C89: 0.7 | D89: 0.32916667 | E89: =Effort!J87 -> 626.33311 | F89: =Harvest!J87 -> 9247.6241 | G89: =CPUE!J87 -> 14.764706 | I89: =Effort!L87 -> CLOSED | J89: =Harvest!L87 -> CLOSED | K89: =CPUE!L87 -> CLOSED | M89: CLOSED | N89: CLOSED | O89: CLOSED | Q89: =SUM(E89,I89) -> 626.33311 | R89: =SUM(F89,J89) -> 9247.6241
A90: 45378 | B90: Wed | C90: 0.4 | D90: 0.35138889 | E90: =Effort!J88 -> CLOSED | F90: =Harvest!J88 -> CLOSED | G90: =CPUE!J88 -> CLOSED | I90: =Effort!L88 -> 282.97581 | J90: =Harvest!L88 -> 1131.9032 | K90: =CPUE!L88 -> 4 | M90: CLOSED | N90: CLOSED | O90: CLOSED | Q90: =SUM(E90,I90) -> 282.97581 | R90: =SUM(F90,J90) -> 1131.9032
A91: 45379 | B91: Thu | C91: 0.3 | D91: 0.37569444 | E91: =Effort!J89 -> CLOSED | F91: =Harvest!J89 -> CLOSED | G91: =CPUE!J89 -> CLOSED | I91: =Effort!L89 -> 311.38471 | J91: =Harvest!L89 -> 2482.6619 | K91: =CPUE!L89 -> 7.972973 | M91: CLOSED | N91: CLOSED | O91: CLOSED | Q91: =SUM(E91,I91) -> 311.38471 | R91: =SUM(F91,J91) -> 2482.6619
A92: 45380 | B92: Fri | C92: 0.3 | D92: 0.40208333 | E92: =Effort!J90 -> 1399.8278 | F92: =Harvest!J90 -> 12998.401 | G92: =CPUE!J90 -> 9.2857143 | I92: =Effort!L90 -> CLOSED | J92: =Harvest!L90 -> CLOSED | K92: =CPUE!L90 -> CLOSED | M92: CLOSED | N92: CLOSED | O92: CLOSED | Q92: =SUM(E92,I92) -> 1399.8278 | R92: =SUM(F92,J92) -> 12998.401
A93: 45381 | B93: Sat | C93: 0.4 | D93: 0.43263889 | E93: =Effort!J91 -> 3083.4871 | F93: =Harvest!J91 -> 44315.243 | G93: =CPUE!J91 -> 14.371795 | I93: =Effort!L91 -> CLOSED | J93: =Harvest!L91 -> CLOSED | K93: =CPUE!L91 -> CLOSED | M93: CLOSED | N93: CLOSED | O93: CLOSED | Q93: =SUM(E93,I93) -> 3083.4871 | R93: =SUM(F93,J93) -> 44315.243
A94: 45382 | B94: Sun | C94: 0.6 | D94: 0.46944444 | E94: =Effort!J92 -> CLOSED | F94: =Harvest!J92 -> CLOSED | G94: =CPUE!J92 -> CLOSED | I94: =Effort!L92 -> 1686.6341 | J94: =Harvest!L92 -> 22653.81 | K94: =CPUE!L92 -> 13.431373 | M94: CLOSED | N94: CLOSED | O94: CLOSED | Q94: =SUM(E94,I94) -> 1686.6341 | R94: =SUM(F94,J94) -> 22653.81
E95: =SUM(E89:E94) -> 5109.6479 | F95: =SUM(F89:F94) -> 66561.268 | G95: =+F95/E95 -> 13.026586 | I95: =SUM(I89:I94) -> 2280.9946 | J95: =SUM(J89:J94) -> 26268.376 | K95: =+J95/I95 -> 11.516194 | Q95: =SUM(Q89:Q94) -> 7390.6425 | R95: =SUM(R89:R94) -> 92829.644 | T95: =SUM(E95,I95) -> 7390.6425 | U95: =SUM(F95,J95) -> 92829.644
A96: 45390 | B96: Mon | C96: -0.5 | D96: 0.28055556 | E96: =Effort!J94 -> CLOSED | F96: =Harvest!J94 -> CLOSED | G96: =CPUE!J94 -> CLOSED | I96: =Effort!L94 -> 494.80944 | J96: =Harvest!L94 -> 2577.1325 | K96: =CPUE!L94 -> 5.2083333 | M96: CLOSED | N96: CLOSED | O96: CLOSED | Q96: =SUM(E96,I96) -> 494.80944 | R96: =SUM(F96,J96) -> 2577.1325
A97: 45391 | B97: Tue | C97: -1.2 | D97: 0.31180556 | E97: =Effort!J95 -> CLOSED | F97: =Harvest!J95 -> CLOSED | G97: =CPUE!J95 -> CLOSED | I97: =Effort!L95 -> 1433.1356 | J97: =Harvest!L95 -> 16164.436 | K97: =CPUE!L95 -> 11.27907 | M97: CLOSED | N97: CLOSED | O97: CLOSED | Q97: =SUM(E97,I97) -> 1433.1356 | R97: =SUM(F97,J97) -> 16164.436
A98: 45392 | B98: Wed | C98: -1.5 | D98: 0.34305556 | E98: =Effort!J96 -> 3577.8309 | F98: =Harvest!J96 -> 50170.335 | G98: =CPUE!J96 -> 14.022556 | I98: =Effort!L96 -> CLOSED | J98: =Harvest!L96 -> CLOSED | K98: =CPUE!L96 -> CLOSED | M98: CLOSED | N98: CLOSED | O98: CLOSED | Q98: =SUM(E98,I98) -> 3577.8309 | R98: =SUM(F98,J98) -> 50170.335
A99: 45393 | B99: Thu | C99: -1.4 | D99: 0.375 | E99: =Effort!J97 -> 2162.7057 | F99: =Harvest!J97 -> 22673.528 | G99: =CPUE!J97 -> 10.483871 | I99: =Effort!L97 -> CLOSED | J99: =Harvest!L97 -> CLOSED | K99: =CPUE!L97 -> CLOSED | M99: CLOSED | N99: CLOSED | O99: CLOSED | Q99: =SUM(E99,I99) -> 2162.7057 | R99: =SUM(F99,J99) -> 22673.528
A100: 45394 | B100: Fri | C100: -1.1 | D100: 0.40833333 | E100: =Effort!J98 -> CLOSED | F100: =Harvest!J98 -> CLOSED | G100: =CPUE!J98 -> CLOSED | I100: =Effort!L98 -> 3154.057 | J100: =Harvest!L98 -> 41822.796 | K100: =CPUE!L98 -> 13.26 | M100: CLOSED | N100: CLOSED | O100: CLOSED | Q100: =SUM(E100,I100) -> 3154.057 | R100: =SUM(F100,J100) -> 41822.796
...

Sheet TAC
A1: NON-TRIBAL TOTAL ALLOWABLE CATCH (TAC)
B3: 2023-2024 | C3: 2022-2023 | D3: 2021-2022 | E3: 2020-2021 | F3: 2019-2020 | G3: 2018-2019 | H3: 2017 - 2018 | I3: 2016 - 2017 | J3: 2015 - 2016 | K3: 2014 - 2015 | L3: 2013 - 2014 | M3: 2012 - 2013 | N3: 2011 - 2012 | O3: 2010 - 2011
A4: LONG BEACH | B4: 2154184 | C4: 5865490 | D4: 8659225.1 | E4: 9916787 | F4: 5205466.8 | G4: 333557 | H4: 872679.52 | I4: 4895623.6 | J4: 4768605 | K4: 3885491.5 | L4: 2881223.3 | M4: 1847952.1 | N4: 1094641.4 | O4: 1276247.7
A5: TWIN HARBORS | B5: 1281201.9 | C5: 2258653 | D5: 3411777.8 | E5: 2084291 | F5: 1843227.2 | G5: 1377125 | H5: 506698.76 | I5: 1896630.9 | J5: 1198600 | K5: 2662860.8 | L5: =5744410.73323314*0.4 -> 2297764.3 | M5: 1881783.2 | N5: 616314.31 | O5: 845427.67
A6: COPALIS | B6: 1367231.3 | C6: 2873943 | D6: 3303822 | E6: 2369701 | F6: 2036078.6 | G6: 860768 | H6: 591366.12 | I6: 880571.45 | J6: 1094781 | K6: 889827.43 | L6: =(2615522*0.5)-(161153)+250000 -> 1396608 | M6: 1072689.6 | N6: 371373.04 | O6: 683167.41
A7: MOCROCKS | B7: 1401983.1 | C7: 1964732 | D7: 1968909.3 | E7: 2330621 | F7: 1649890.4 | G7: 1508774 | H7: 778354.53 | I7: 941919.24 | J7: 1695074 | K7: 2240308.7 | L7: 2088668.5 | M7: 909667.35 | N7: 605830.7 | O7: 545586.69
A8: KALALOCH | B8: 67150.049 | C8: 152683 | D8: 101655.06 | E8: 362503 | F8: 219560.65 | G8: 777386 | H8: 24444.43 | I8: 725888.21 | J8: 63740 | K8: 125735.13 | L8: =1033285.9456848*0.254*0.5 -> 131227.32 | M8: 113543.21 | N8: 144560.51 | O8: 258924.12
