Workbook

Sheet Harvest
A1: Date | B1: Day | C1: Time | D1: Tide | E1: Longbeach | G1: Twin Harbors | I1: Copalis | K1: Mocrocks | M1: Kalaloch | O1: Daily Totals | P1: Cross Checks
A2: 45568 | B2: Thu | C2: 0.81805556 | D2: 0.33 | F2: =9458.6425924703+9383.4837248434 -> 18842.126 | H2: 23619.442 | J2: CLOSED | L2: 12300.137 | N2: CLOSED | O2: =SUM(F2:N2) -> 54761.705
A3: 45569 | B3: Fri | C3: 0.84027778 | D3: 0.13 | F3: =CPUE!F3*Effort!F3 -> 14049.114 | G3: * | H3: =CPUE!H3*Effort!H3 -> 13725.854 | J3: 25230.491 | L3: CLOSED | N3: CLOSED | O3: =SUM(F3:N3) -> 53005.459
A4: 45570 | B4: Sat | C4: 0.86388889 | D4: 0.07 | E4: * | F4: =CPUE!F4*Effort!F4 -> 22703.455 | H4: 22242.003 | J4: 36243.88 | L4: CLOSED | N4: CLOSED | O4: =SUM(F4:N4) -> 81189.338
A5: 45571 | B5: Sun | C5: 0.88888889 | D5: 0.13 | E5: * | F5: =CPUE!F5*Effort!F5 -> 7087.6567 | G5: * | H5: =CPUE!H5*Effort!H5 -> 7860.0945 | J5: CLOSED | L5: 4043.9007 | N5: CLOSED | O5: =SUM(F5:N5) -> 18991.652
A6: 45572 | B6: Mon | C6: 0.91805556 | D6: 0.3 | F6: =CPUE!F6*Effort!F6 -> 1352.8776 | H6: 2381.8491 | J6: CLOSED | L6: 2649.959 | N6: CLOSED | O6: =SUM(F6:N6) -> 6384.6857 | P6: =SUM(O2:O6) -> 214332.84
A8: 45580 | B8: Tue | C8: 0.72986111 | D8: 0.53 | E8: * | F8: =CPUE!F8*Effort!F8 -> 20236.664 | H8: 15785.039 | J8: CLOSED | L8: 15184.078 | N8: CLOSED | O8: =SUM(F8:N8) -> 51205.782
A9: 45581 | B9: Wed | C9: 0.7625 | D9: -0.48 | F9: =5563.80840522268+9209.35689520854 -> 14773.165 | G9: * | H9: =CPUE!H9*Effort!H9 -> 17850.372 | J9: 23405.395 | L9: CLOSED | N9: CLOSED | O9: =SUM(F9:N9) -> 56028.932
A10: 45582 | B10: Thu | C10: 0.79375 | D10: -1.25 | E10: * | F10: =CPUE!F10*Effort!F10 -> 23661.084 | H10: 24968.308 | J10: 32203.363 | L10: CLOSED | N10: CLOSED | O10: =SUM(F10:N10) -> 80832.755
A11: 45583 | B11: Fri | C11: 0.82569444 | D11: -1.66 | F11: =CPUE!F11*Effort!F11 -> 4340.9791 | H11: 4854.0696 | J11: CLOSED | L11: 2593.8394 | N11: CLOSED | O11: =SUM(F11:N11) -> 11788.888
A12: 45584 | B12: Sat | C12: 0.85763889 | D12: -1.69 | F12: =CPUE!F12*Effort!F12 -> 26102.081 | G12: * | H12: =CPUE!H12*Effort!H12 -> 15623.708 | J12: CLOSED | L12: 13531.58 | N12: CLOSED | O12: =SUM(F12:N12) -> 55257.37
A13: 45585 | B13: Sun | C13: 0.89166667 | D13: -1.36 | E13: * | F13: =CPUE!F13*Effort!F13 -> 5774.0504 | G13: * | H13: =CPUE!H13*Effort!H13 -> 5961.6221 | J13: 7816.8747 | L13: CLOSED | N13: CLOSED | O13: =SUM(F13:N13) -> 19552.547
A14: 45586 | B14: Mon | C14: 0.92777778 | D14: -0.78 | E14: * | F14: =CPUE!F14*Effort!F14 -> 3103.8626 | G14: * | H14: =CPUE!H14*Effort!H14 -> 3204.6926 | J14: 4201.9906 | L14: CLOSED | N14: CLOSED | O14: =SUM(F14:N14) -> 10510.546 | P14: =SUM(O8:O14) -> 285176.82
A16: 45597 | B16: Fri | C16: 0.80208333 | D16: -0.19 | F16: =3682.56655017586+5740.6829602981 -> 9423.2495 | G16: * | H16: =CPUE!H16*Effort!H16 -> 14022.177 | J16: CLOSED | L16: 12543.914 | N16: CLOSED | O16: =SUM(F16:N16) -> 35989.34
A17: 45598 | B17: Sat | C17: 0.82430556 | D17: -0.36 | E17: * | F17: =CPUE!F17*Effort!F17 -> 11016.06 | H17: 15635.399 | J17: CLOSED | L17: 10012.84 | N17: CLOSED | O17: =SUM(F17:N17) -> 36664.3
A18: 45599 | B18: Sun | C18: 0.80694444 | D18: -0.39 | F18: =CPUE!F18*Effort!F18 -> 1353.9635 | H18: 829.48311 | J18: 2243.7703 | L18: CLOSED | N18: CLOSED | O18: =SUM(F18:N18) -> 4427.2169
A19: 45600 | B19: Mon | C19: 0.83333333 | D19: -0.29 | E19: * | F19: =CPUE!F19*Effort!F19 -> 459.98829 | G19: * | H19: =CPUE!H19*Effort!H19 -> 796.40301 | J19: 967.56363 | L19: CLOSED | N19: CLOSED | O19: =SUM(F19:N19) -> 2223.9549
A20: 45601 | B20: Tue | C20: 0.8625 | D20: -0.09 | E20: * | F20: =CPUE!F20*Effort!F20 -> 1033.0321 | H20: 1531.25 | J20: CLOSED | L20: 1098.5194 | N20: CLOSED | O20: =SUM(F20:N20) -> 3662.8016 | P20: =SUM(O16:O20) -> 82967.613
A22: 45609 | B22: Wed | C22: 0.67708333 | D22: -0.17 | F22: =CPUE!F22*Effort!F22 -> 5464.6668 | G22: * | H22: =CPUE!H22*Effort!H22 -> 7697.177 | J22: CLOSED | L22: 7022.8558 | N22: CLOSED | O22: =SUM(F22:N22) -> 20184.7
A23: 45610 | B23: Thu | C23: 0.70972222 | D23: -1.09 | F23: =CPUE!F23*Effort!F23 -> 12973.174 | H23: 16148.674 | J23: CLOSED | L23: 16343.925 | N23: CLOSED | O23: =SUM(F23:N23) -> 45465.773
A24: 45611 | B24: Fri | C24: 0.74166667 | D24: -1.68 | F24: =CPUE!F24*Effort!F24 -> 31750.074 | H24: 31178.814 | J24: 55348.623 | L24: CLOSED | N24: CLOSED | O24: =SUM(F24:N24) -> 118277.51
A25: 45612 | B25: Sat | C25: 0.77291667 | D25: -1.9 | E25: * | F25: =CPUE!F25*Effort!F25 -> 1715.336 | H25: 761.5385 | J25: 6275.2664 | L25: CLOSED | N25: CLOSED | O25: =SUM(F25:N25) -> 8752.1409
A26: 45613 | B26: Sun | C26: 0.80486111 | D26: -1.75 | E26: * | F26: =CPUE!F26*Effort!F26 -> 5284.5613 | G26: * | H26: =CPUE!H26*Effort!H26 -> 6391.6625 | J26: CLOSED | L26: 5487.0924 | N26: CLOSED | O26: =SUM(F26:N26) -> 17163.316
A27: 45614 | B27: Mon | C27: 0.83680556 | D27: -1.31 | F27: =CPUE!F27*Effort!F27 -> 738.53681 | H27: 101.67577 | J27: CLOSED | L27: 1301.6887 | N27: CLOSED | O27: =SUM(F27:N27) -> 2141.9013
A28: 45615 | B28: Tue | C28: 0.87083333 | D28: -0.69 | E28: * | F28: =CPUE!F28*Effort!F28 -> 323.29238 | H28: 335.13095 | I28: * | J28: =CPUE!J28*Effort!J28 -> 595.21221 | L28: CLOSED | N28: CLOSED | O28: =SUM(F28:N28) -> 1253.6356 | P28: =SUM(O22:O28) -> 213238.98
A30: 45625 | B30: Fri | C30: 0.72222222 | D30: -0.07 | E30: * | F30: =CPUE!F30*Effort!F30 -> 27885.267 | H30: 33406.058 | J30: CLOSED | L30: 29980.222 | N30: CLOSED | O30: =SUM(F30:N30) -> 91271.547
A31: 45626 | B31: Sat | C31: 0.74583333 | D31: -0.41 | F31: =CPUE!F31*Effort!F31 -> 25123.385 | G31: * | H31: =CPUE!H31*Effort!H31 -> 28540.891 | J31: CLOSED | L31: 22228.296 | N31: CLOSED | O31: =SUM(F31:N31) -> 75892.572
A32: 45627 | B32: Sun | C32: 0.77083333 | D32: -0.62 | E32: * | F32: =CPUE!F32*Effort!F32 -> 8503.1103 | H32: 10854.881 | J32: 12260.652 | L32: CLOSED | N32: CLOSED | O32: =SUM(F32:N32) -> 31618.644
A33: 45628 | B33: Mon | C33: 0.79583333 | D33: -0.69 | F33: =CPUE!F33*Effort!F33 -> 4187.4099 | G33: * | H33: =CPUE!H33*Effort!H33 -> 4977.7146 | J33: 5327.6279 | L33: CLOSED | N33: CLOSED | O33: =SUM(F33:N33) -> 14492.752
A34: 45629 | B34: Tue | C34: 0.82361111 | D34: -0.63 | F34: =CPUE!F34*Effort!F34 -> 2138.9742 | G34: * | H34: =CPUE!H34*Effort!H34 -> 3273.118 | J34: CLOSED | L34: 2853.4392 | N34: CLOSED | O34: =SUM(F34:N34) -> 8265.5314
A35: 45630 | B35: Wed | C35: 0.85277778 | D35: -0.46 | E35: * | F35: =CPUE!F35*Effort!F35 -> 589.15247 | H35: 1977.0289 | J35: CLOSED | L35: 673.665 | N35: CLOSED | O35: =SUM(F35:N35) -> 3239.8464
A36: 45631 | B36: Thu | C36: 0.88402778 | D36: -0.17 | E36: * | F36: =CPUE!F36*Effort!F36 -> 132.04351 | G36: * | H36: =CPUE!H36*Effort!H36 -> 168.1763 | J36: 213.55744 | L36: CLOSED | N36: CLOSED | O36: =SUM(F36:N36) -> 513.77725 | P36: =SUM(O30:O36) -> 225294.67
A38: 45638 | B38: Thu | C38: 0.66666667 | D38: -0.48 | F38: =2392.46385294185+4677.68239522183 -> 7070.1462 | H38: 11589.709 | J38: 13885.047 | L38: CLOSED | N38: CLOSED | O38: =SUM(F38:N38) -> 32544.902
A39: 45639 | B39: Fri | C39: 0.70138889 | D39: -1.17 | F39: =CPUE!F39*Effort!F39 -> 8521.2579 | G39: * | H39: =CPUE!H39*Effort!H39 -> 7864.6738 | J39: CLOSED | L39: 6384.2995 | N39: CLOSED | O39: =SUM(F39:N39) -> 22770.231
A40: 45640 | B40: Sat | C40: 0.73333333 | D40: -1.55 | E40: * | F40: =CPUE!F40*Effort!F40 -> 8535.6757 | G40: * | H40: =CPUE!H40*Effort!H40 -> 8382.1714 | J40: CLOSED | L40: 7616.5328 | N40: CLOSED | O40: =SUM(F40:N40) -> 24534.38
A41: 45641 | B41: Sun | C41: 0.76458333 | D41: -1.63 | E41: * | F41: =CPUE!F41*Effort!F41 -> 2220.4657 | H41: 2077.9986 | J41: 9629.5708 | L41: CLOSED | N41: CLOSED | O41: =SUM(F41:N41) -> 13928.035
A42: 45642 | B42: Mon | C42: 0.79513889 | D42: -1.45 | F42: =CPUE!F42*Effort!F42 -> 1550.1137 | G42: * | H42: =CPUE!H42*Effort!H42 -> 3365.6544 | J42: 3802.7003 | L42: CLOSED | N42: CLOSED | O42: =SUM(F42:N42) -> 8718.4684
A43: 45643 | B43: Tue | C43: 0.825 | D43: -1.05 | E43: * | F43: =CPUE!F43*Effort!F43 -> 61.098791 | H43: =CPUE!H43*Effort!H43 -> 60 | J43: CLOSED | L43: =CPUE!L43*Effort!L43 -> 56.582421 | N43: CLOSED | O43: =SUM(F43:N43) -> 177.68121
A44: 45644 | B44: Wed | C44: 0.85486111 | D44: -0.51 | E44: * | F44: =CPUE!F44*Effort!F44 -> 875.94256 | H44: 1310.212 | J44: CLOSED | K44: * | L44: =CPUE!L44*Effort!L44 -> 1271.9234 | N44: CLOSED | O44: =SUM(F44:N44) -> 3458.0779 | P44: =SUM(O38:O44) -> 106131.78
A46: 45654 | B46: Sat | C46: 0.70694444 | D46: -0.03 | F46: =CPUE!F46*Effort!F46 -> 3232.7007 | H46: 1903.4875 | J46: 5992.8916 | L46: CLOSED | N46: CLOSED | O46: =SUM(F46:N46) -> 11129.08
A47: 45655 | B47: Sun | C47: 0.73333333 | D47: -0.44 | E47: * | F47: =CPUE!F47*Effort!F47 -> 9881.3702 | H47: 11153.133 | J47: CLOSED | L47: 10984.231 | N47: CLOSED | O47: =SUM(F47:N47) -> 32018.734
A48: 45656 | B48: Mon | C48: 0.75972222 | D48: -0.74 | F48: =CPUE!F48*Effort!F48 -> 13796.036 | G48: * | H48: =CPUE!H48*Effort!H48 -> 14415.492 | J48: CLOSED | L48: =CPUE!L48*Effort!L48 -> 11175.028 | N48: CLOSED | O48: =SUM(F48:N48) -> 39386.556
A49: 45657 | B49: Tue | C49: 0.78541667 | D49: -0.95 | E49: * | F49: =CPUE!F49*Effort!F49 -> 9453.2568 | G49: * | H49: =CPUE!H49*Effort!H49 -> 10130.652 | J49: 17513.881 | L49: CLOSED | N49: CLOSED | O49: =SUM(F49:N49) -> 37097.79
A50: 45658 | B50: Wed | C50: 0.81180556 | D50: -0.95 | E50: * | F50: =CPUE!F50*Effort!F50 -> 1393.8076 | G50: * | H50: =CPUE!H50*Effort!H50 -> 1493.6841 | J50: 2125.979 | L50: CLOSED | N50: CLOSED | O50: =SUM(F50:N50) -> 5013.4707
A51: 45659 | B51: Thu | C51: 0.83888889 | D51: -0.75 | F51: =CPUE!F51*Effort!F51 -> 796.13546 | H51: 1716.7197 | J51: CLOSED | L51: =CPUE!L51*Effort!L51 -> 1301.8869 | N51: CLOSED | O51: =SUM(F51:N51) -> 3814.742
A52: 45660 | B52: Fri | C52: 0.86666667 | D52: -0.34 | E52: * | F52: =CPUE!F52*Effort!F52 -> 493.51535 | G52: * | H52: =CPUE!H52*Effort!H52 -> 541.34124 | J52: CLOSED | L52: =CPUE!L52*Effort!L52 -> 419.65296 | N52: CLOSED | O52: =SUM(F52:N52) -> 1454.5096 | P52: =SUM(O46:O52) -> 129914.88
A54: 45667 | B54: Fri | C54: 0.65763889 | D54: -0.31 | F54: =3302.46276568754+1302.75974731888 -> 4605.2225 | G54: * | H54: =CPUE!H54*Effort!H54 -> 9055.4131 | J54: CLOSED | L54: 10823.097 | N54: CLOSED | O54: =SUM(F54:N54) -> 24483.733
A55: 45668 | B55: Sat | C55: 0.69375 | D55: -0.76 | F55: =CPUE!F55*Effort!F55 -> 54141.978 | H55: 45891.034 | J55: CLOSED | L55: 41181.014 | N55: CLOSED | O55: =SUM(F55:N55) -> 141214.03
A56: 45669 | B56: Sun | C56: 0.72708333 | D56: -1.02 | E56: * | F56: =CPUE!F56*Effort!F56 -> 30610.473 | H56: 27092.456 | J56: 39693.131 | L56: CLOSED | N56: CLOSED | O56: =SUM(F56:N56) -> 97396.06
A57: 45670 | B57: Mon | C57: 0.75694444 | D57: -1.07 | E57: * | F57: =CPUE!F57*Effort!F57 -> 10909.691 | G57: * | H57: =CPUE!H57*Effort!H57 -> 9678.9839 | J57: 13709.101 | L57: CLOSED | N57: CLOSED | O57: =SUM(F57:N57) -> 34297.776
A58: 45671 | B58: Tue | C58: 0.78472222 | D58: -0.93 | E58: * | F58: =CPUE!F58*Effort!F58 -> 932.7246 | G58: * | H58: =CPUE!H58*Effort!H58 -> 1379.5751 | J58: CLOSED | L58: 1145.1971 | N58: CLOSED | O58: =SUM(F58:N58) -> 3457.4968
A59: 45672 | B59: Wed | C59: 0.81111111 | D59: -0.62 | F59: =628.272236146731+222.642616087509 -> 850.91485 | H59: 2452.4825 | J59: CLOSED | L59: 658.91936 | N59: CLOSED | O59: =SUM(F59:N59) -> 3962.3167
A60: 45673 | B60: Thu | C60: 0.83541667 | D60: -0.16 | E60: * | F60: =CPUE!F60*Effort!F60 -> 484.32894 | G60: * | H60: =CPUE!H60*Effort!H60 -> 429.69247 | J60: 638.84465 | L60: CLOSED | N60: CLOSED | O60: =SUM(F60:N60) -> 1552.8661 | P60: =SUM(O54:O60) -> 306364.27
A62: 45683 | B62: Sun | C62: 0.69027778 | D62: 0.07 | E62: * | F62: =CPUE!F62*Effort!F62 -> 24395.887 | H62: 31396.138 | J62: CLOSED | L62: 21468.617 | N62: CLOSED | O62: =SUM(F62:N62) -> 77260.642
A63: 45684 | B63: Mon | C63: 0.71875 | D63: -0.44 | F63: =CPUE!F63*Effort!F63 -> 15983.528 | G63: * | H63: =CPUE!H63*Effort!H63 -> 17948.587 | J63: CLOSED | L63: 11702.102 | N63: CLOSED | O63: =SUM(F63:N63) -> 45634.217
A64: 45685 | B64: Tue | C64: 0.74583333 | D64: -0.82 | E64: * | F64: =CPUE!F64*Effort!F64 -> 24903.395 | G64: * | H64: =CPUE!H64*Effort!H64 -> 12296.969 | J64: 17091.044 | L64: CLOSED | N64: CLOSED | O64: =SUM(F64:N64) -> 54291.408
A65: 45686 | B65: Wed | C65: 0.77152778 | D65: -1.01 | F65: =10874.9999537+10574.6922696083 -> 21449.692 | H65: 10419.356 | J65: 11805.71 | L65: CLOSED | N65: CLOSED | O65: =SUM(F65:N65) -> 43674.758
A66: 45687 | B66: Thu | C66: 0.79652778 | D66: -0.97 | E66: * | F66: =CPUE!F66*Effort!F66 -> 2719.8756 | G66: * | H66: =CPUE!H66*Effort!H66 -> 2821.0571 | J66: CLOSED | L66: 829.92098 | N66: CLOSED | O66: =SUM(F66:N66) -> 6370.8537
A67: 45688 | B67: Fri | C67: 0.82222222 | D67: -0.66 | F67: =CPUE!F67*Effort!F67 -> 2657.2227 | G67: * | H67: =CPUE!H67*Effort!H67 -> 4403.895 | J67: CLOSED | L67: 974.11489 | N67: CLOSED | O67: =SUM(F67:N67) -> 8035.2326
A68: 45689 | B68: Sat | C68: 0.84791667 | D68: -0.09 | E68: * | F68: =CPUE!F68*Effort!F68 -> 5399.424 | H68: 1599.6988 | J68: 382.56634 | L68: CLOSED | N68: CLOSED | O68: =SUM(F68:N68) -> 7381.6892 | P68: =SUM(O62:O68) -> 242648.8
A70: 45696 | B70: Sat | C70: 0.65 | D70: 0.05 | E70: * | F70: =CPUE!F70*Effort!F70 -> 21121.282 | H70: 26088.501 | J70: CLOSED | L70: 21956.314 | N70: CLOSED | O70: =SUM(F70:N70) -> 69166.097
A71: 45697 | B71: Sun | C71: 0.68680556 | D71: -0.27 | E71: * | F71: =CPUE!F71*Effort!F71 -> 15197.049 | G71: * | H71: =CPUE!H71*Effort!H71 -> 17834.087 | J71: 18182.891 | L71: CLOSED | N71: CLOSED | O71: =SUM(F71:N71) -> 51214.027
A72: 45698 | B72: Mon | C72: 0.71875 | D72: -0.46 | F72: =CPUE!F72*Effort!F72 -> 11446.627 | G72: * | H72: =CPUE!H72*Effort!H72 -> 13707.02 | J72: 14068.898 | L72: CLOSED | N72: CLOSED | O72: =SUM(F72:N72) -> 39222.544
A73: 45699 | B73: Tue | C73: 0.74583333 | D73: -0.5 | F73: =CPUE!F73*Effort!F73 -> 6901.3842 | H73: 8524.4241 | J73: CLOSED | L73: 4322.5636 | N73: CLOSED | O73: =SUM(F73:N73) -> 19748.372
A74: 45700 | B74: Wed | C74: 0.77013889 | D74: -0.37 | E74: * | F74: =CPUE!F74*Effort!F74 -> 5790.2644 | G74: * | H74: =CPUE!H74*Effort!H74 -> 4271.6226 | J74: CLOSED | L74: 3846.0368 | N74: CLOSED | O74: =SUM(F74:N74) -> 13907.924
A75: 45701 | B75: Thu | C75: 0.79236111 | D75: -0.08 | E75: * | F75: =CPUE!F75*Effort!F75 -> 448.4499 | H75: 520.48312 | J75: 488.22172 | L75: CLOSED | N75: CLOSED | O75: =SUM(F75:N75) -> 1457.1547
A76: 45702 | B76: Fri | C76: 0.81388889 | D76: 0.36 | E76: * | F76: =CPUE!F76*Effort!F76 -> 1242.4176 | G76: * | H76: =CPUE!H76*Effort!H76 -> 1458.0057 | J76: 1402.9673 | L76: CLOSED | N76: CLOSED | O76: =SUM(F76:N76) -> 4103.3906 | P76: =SUM(O70:O76) -> 198819.51
A78: 45712 | B78: Mon | C78: 0.66944444 | D78: 0.21 | E78: * | F78: =CPUE!F78*Effort!F78 -> 747.15809 | G78: * | H78: =CPUE!H78*Effort!H78 -> 1362.2247 | J78: CLOSED | L78: 764.27491 | N78: CLOSED | O78: =SUM(F78:N78) -> 2873.6577
A79: 45713 | B79: Tue | C79: 0.69861111 | D79: -0.3 | E79: * | F79: =CPUE!F79*Effort!F79 -> 4695.148 | G79: * | H79: =CPUE!H79*Effort!H79 -> 3864.3371 | J79: 6105.864 | L79: CLOSED | N79: CLOSED | O79: =SUM(F79:N79) -> 14665.349
A80: 45714 | B80: Wed | C80: 0.72569444 | D80: -0.63 | F80: =5686.29233793524+9889.20406597433 -> 15575.496 | H80: 12586.317 | J80: 20529.07 | L80: CLOSED | N80: CLOSED | O80: =SUM(F80:N80) -> 48690.884
A81: 45715 | B81: Thu | C81: 0.75208333 | D81: -0.73 | F81: =CPUE!F81*Effort!F81 -> 13188.033 | H81: 23204.016 | J81: CLOSED | L81: 8897.6267 | N81: CLOSED | O81: =SUM(F81:N81) -> 45289.676
A82: 45716 | B82: Fri | C82: 0.77708333 | D82: -0.55 | F82: =CPUE!F82*Effort!F82 -> 18650.62 | G82: * | H82: =CPUE!H82*Effort!H82 -> 15572.844 | J82: CLOSED | L82: 17157.106 | N82: CLOSED | O82: =SUM(F82:N82) -> 51380.571
A83: 45717 | B83: Sat | C83: 0.80208333 | D83: -0.1 | E83: * | F83: =CPUE!F83*Effort!F83 -> 5827.3482 | H83: 5739.7068 | J83: 3420.9515 | L83: CLOSED | N83: CLOSED | O83: =SUM(F83:N83) -> 14988.007 | P83: =SUM(O78:O83) -> 177888.14
A85: 45724 | B85: Sat | C85: 0.59236111 | D85: 0.59 | E85: * | F85: =CPUE!F85*Effort!F85 -> 10059.175 | H85: 13095.95 | J85: CLOSED | L85: 4360.888 | N85: CLOSED | O85: =SUM(F85:N85) -> 27516.013
A86: 45725 | B86: Sun | C86: 0.67916667 | D86: 0.41 | F86: =CPUE!F86*Effort!F86 -> 2197.1831 | H86: 8437.4737 | J86: 7105.6515 | L86: CLOSED | N86: CLOSED | O86: =SUM(F86:N86) -> 17740.308
A87: 45726 | B87: Mon | C87: 0.71527778 | D87: 0.22 | E87: * | F87: =CPUE!F87*Effort!F87 -> 6081.7837 | G87: * | H87: =CPUE!H87*Effort!H87 -> 8949.8528 | J87: 10792.12 | L87: CLOSED | N87: CLOSED | O87: =SUM(F87:N87) -> 25823.756
A88: 45727 | B88: Tue | C88: 0.74444444 | D88: 0.14 | F88: =CPUE!F88*Effort!F88 -> 3482.5612 | H88: 6102.837 | J88: CLOSED | L88: 4061.923 | N88: CLOSED | O88: =SUM(F88:N88) -> 13647.321
A89: 45728 | B89: Wed | C89: 0.76944444 | D89: 0.18 | E89: * | F89: =CPUE!F89*Effort!F89 -> 1538.2795 | G89: * | H89: =CPUE!H89*Effort!H89 -> 1942.568 | J89: CLOSED | L89: 1720.8928 | N89: CLOSED | O89: =SUM(F89:N89) -> 5201.7403
A90: 45729 | B90: Thu | C90: 0.79166667 | D90: 0.37 | F90: =CPUE!F90*Effort!F90 -> 1103.0564 | H90: 2777.2608 | J90: 3166.5893 | L90: CLOSED | N90: CLOSED | O90: =SUM(F90:N90) -> 7046.9065
A91: 45730 | B91: Fri | C91: 0.8125 | D91: 0.69 | E91: * | F91: =CPUE!F91*Effort!F91 -> 3102.7398 | G91: * | H91: =CPUE!H91*Effort!H91 -> 4565.9409 | J91: 5387.2714 | L91: CLOSED | N91: CLOSED | O91: =SUM(F91:N91) -> 13055.952 | P91: =SUM(O85:O91) -> 110032
A93: 45742 | B93: Wed | C93: 0.71388889 | D93: 0.03 | F93: =CPUE!F93*Effort!F93 -> 4485.2734 | G93: * | H93: =CPUE!H93*Effort!H93 -> 4376.3693 | J93: CLOSED | L93: 2990.9288 | N93: CLOSED | O93: =SUM(F93:N93) -> 11852.571
A94: 45743 | B94: Thu | C94: 0.74305556 | D94: -0.11 | E94: * | F94: =CPUE!F94*Effort!F94 -> 4086.8284 | G94: * | H94: =CPUE!H94*Effort!H94 -> 3907.8467 | J94: CLOSED | L94: 4135.1942 | N94: CLOSED | O94: =SUM(F94:N94) -> 12129.869
A95: 45744 | B95: Fri | C95: 0.77013889 | D95: -0.02 | F95: =CPUE!F95*Effort!F95 -> 2513.5629 | G95: * | H95: =CPUE!H95*Effort!H95 -> 8689.4354 | J95: 10736.352 | L95: CLOSED | N95: CLOSED | O95: =SUM(F95:N95) -> 21939.35
A96: 45745 | B96: Sat | C96: 0.29027778 | D96: -0.14 | E96: * | F96: =CPUE!F96*Effort!F96 -> 20990.632 | G96: * | H96: =CPUE!H96*Effort!H96 -> 18644.75 | J96: 28321.877 | L96: CLOSED | N96: CLOSED | O96: =SUM(F96:N96) -> 67957.26
A97: 45746 | B97: Sun | C97: 0.32152778 | D97: -0.84 | F97: =CPUE!F97*Effort!F97 -> 33320.754 | H97: 32199.101 | J97: CLOSED | L97: 38388.728 | N97: CLOSED | O97: =SUM(F97:N97) -> 103908.58
A98: 45747 | B98: Mon | C98: 0.35277778 | D98: -1.23 | E98: * | F98: =CPUE!F98*Effort!F98 -> 17392.288 | G98: * | H98: =CPUE!H98*Effort!H98 -> 19733.085 | J98: CLOSED | L98: 20750.945 | N98: CLOSED | O98: =SUM(F98:N98) -> 57876.318
A99: 45748 | B99: Tue | C99: 0.38680556 | D99: -1.27 | E99: * | F99: =CPUE!F99*Effort!F99 -> 24167.244 | H99: 16102.346 | J99: 40840.599 | L99: CLOSED | N99: CLOSED | O99: =SUM(F99:N99) -> 81110.189
A100: 45749 | B100: Wed | C100: 0.42291667 | D100: -0.98 | F100: =CPUE!F100*Effort!F100 -> 19073.237 | H100: 21579.235 | J100: 32573.106 | L100: CLOSED | N100: CLOSED | O100: =SUM(F100:N100) -> 73225.578
A101: 45750 | B101: Thu | C101: 0.46319444 | D101: -0.47 | E101: * | F101: =CPUE!F101*Effort!F101 -> 17026.273 | H101: 16280.611 | J101: CLOSED | L101: 17312.637 | N101: CLOSED | O101: =SUM(F101:N101) -> 50619.521 | P101: =SUM(O93:O101) -> 480619.24
A103: 45759 | B103: Sat | C103: 0.28958333 | D103: 0.35 | E103: * | F103: =CPUE!F103*Effort!F103 -> 16172.253 | H103: 17584.486 | J103: CLOSED | L103: 15662.863 | N103: CLOSED | O103: =SUM(F103:N103) -> 49419.602
A104: 45760 | B104: Sun | C104: 0.31180556 | D104: 0 | F104: =CPUE!F104*Effort!F104 -> 10100.519 | G104: * | H104: =CPUE!H104*Effort!H104 -> 11324.485 | J104: 30338.443 | L104: CLOSED | N104: CLOSED | O104: =SUM(F104:N104) -> 51763.446
A105: 45761 | B105: Mon | C105: 0.33333333 | D105: -0.21 | E105: * | F105: =CPUE!F105*Effort!F105 -> 7279.7327 | H105: 8374.0463 | J105: 9729.7255 | L105: CLOSED | N105: CLOSED | O105: =SUM(F105:N105) -> 25383.505
A106: 45762 | B106: Tue | C106: 0.35625 | D106: -0.27 | F106: =CPUE!F106*Effort!F106 -> 9564.6144 | G106: * | H106: =CPUE!H106*Effort!H106 -> 10389.238 | J106: CLOSED | L106: 9412.7596 | N106: CLOSED | O106: =SUM(F106:N106) -> 29366.612
A107: 45763 | B107: Wed | C107: 0.38055556 | D107: -0.19 | E107: * | F107: =CPUE!F107*Effort!F107 -> 8514.3254 | G107: * | H107: =CPUE!H107*Effort!H107 -> 9248.3971 | J107: CLOSED | L107: 8690.1665 | N107: CLOSED | O107: =SUM(F107:N107) -> 26452.889
A108: 45764 | B108: Thu | C108: 0.40833333 | D108: 0 | F108: =3294.39967120751+5318.18170291333 -> 8612.5814 | H108: 9448.5799 | J108: 13161.562 | L108: CLOSED | N108: CLOSED | O108: =SUM(F108:N108) -> 31222.724
A109: 45765 | B109: Fri | C109: 0.43958333 | D109: 0.26 | E109: * | F109: =CPUE!F109*Effort!F109 -> 13733.891 | G109: * | H109: =CPUE!H109*Effort!H109 -> 15398.143 | J109: 20901.349 | L109: CLOSED | N109: CLOSED | O109: =SUM(F109:N109) -> 50033.382 | P109: =SUM(O103:O109) -> 263642.16
A111: 45773 | B111: Sat | C111: 0.24513889 | D111: -0.55 | F111: =CPUE!F111*Effort!F111 -> 23585.694 | H111: 19343.563 | J111: 20867.23 | L111: CLOSED | N111: CLOSED | O111: =SUM(F111:N111) -> 63796.487
A112: 45774 | B112: Sun | C112: 0.27777778 | D112: -1.45 | F112: =CPUE!F112*Effort!F112 -> 30150.809 | G112: * | H112: =CPUE!H112*Effort!H112 -> 23402.138 | J112: CLOSED | L112: 39124.814 | N112: CLOSED | O112: =SUM(F112:N112) -> 92677.761
A113: 45775 | B113: Mon | C113: 0.30902778 | D113: -2.03 | E113: * | F113: =CPUE!F113*Effort!F113 -> 21690.217 | H113: 14029.725 | J113: CLOSED | L113: 31144.214 | N113: CLOSED | O113: =SUM(F113:N113) -> 66864.156
A114: 45776 | B114: Tue | C114: 0.34166667 | D114: -2.22 | E114: * | F114: =CPUE!F114*Effort!F114 -> 27178.204 | H114: 13919.336 | J114: 34389.712 | L114: CLOSED | N114: CLOSED | O114: =SUM(F114:N114) -> 75487.252
...

Sheet Effort
A1: Date | B1: Day | C1: Time | D1: Tide | E1: Longbeach | G1: Twin Harbors | I1: Copalis | K1: Mocrocks | M1: Kalaloch | O1: Daily Totals | P1: Cross Checks
A2: 45568 | B2: Thu | C2: 0.81805556 | D2: 0.33 | F2: =697.411435389515+779.925919986984 -> 1477.3374 | H2: 1638.3428 | J2: CLOSED | L2: 842.90279 | N2: CLOSED | O2: =SUM(F2:N2) -> 3958.5829
A3: 45569 | B3: Fri | C3: 0.84027778 | D3: 0.13 | F3: =(697.411435389515/779.925919986984*494.460203298717)+494.460203298717 -> 936.60758 | G3: * | H3: =H4/J4*J3 -> 915.05695 | J3: 1689.802 | L3: CLOSED | N3: CLOSED | O3: =SUM(F3:N3) -> 3541.4665
A4: 45570 | B4: Sat | C4: 0.86388889 | D4: 0.07 | E4: * | F4: =F3/J3*J4 -> 1621.6754 | H4: 1584.3619 | J4: 2925.7827 | L4: CLOSED | N4: CLOSED | O4: =SUM(F4:N4) -> 6131.82
A5: 45571 | B5: Sun | C5: 0.88888889 | D5: 0.13 | E5: * | F5: =F2/L2*L5 -> 472.51044 | G5: * | H5: =H2/L2*L5 -> 524.0063 | J5: CLOSED | L5: 269.59338 | N5: CLOSED | O5: =SUM(F5:N5) -> 1266.1101
A6: 45572 | B6: Mon | C6: 0.91805556 | D6: 0.3 | F6: =(697.411435389515/779.925919986984*47.6146862435801)+47.6146862435801 -> 90.191841 | H6: 158.78994 | J6: CLOSED | L6: 176.66393 | N6: CLOSED | O6: =SUM(F6:N6) -> 425.64571 | P6: =SUM(O2:O6) -> 15323.625
A8: 45580 | B8: Tue | C8: 0.72986111 | D8: 0.53 | E8: * | F8: =F11/L11*L8 -> 1395.632 | H8: 1116.866 | J8: CLOSED | L8: 1020.3701 | N8: CLOSED | O8: =SUM(F8:N8) -> 3532.8681
A9: 45581 | B9: Wed | C9: 0.7625 | D9: -0.48 | F9: =492.628869212425+659.953914314618 -> 1152.5828 | G9: * | H9: =H10/J10*J9 -> 1190.0248 | J9: 1560.3596 | L9: CLOSED | N9: CLOSED | O9: =SUM(F9:N9) -> 3902.9672
A10: 45582 | B10: Thu | C10: 0.79375 | D10: -1.25 | E10: * | F10: =F9/J9*J10 -> 1631.7989 | H10: 1684.8084 | J10: 2209.1196 | L10: CLOSED | N10: CLOSED | O10: =SUM(F10:N10) -> 5525.7269
A11: 45583 | B11: Fri | C11: 0.82569444 | D11: -1.66 | F11: =(492.628869212425/659.953914314618*710.168046938604)+710.168046938604 -> 1240.2797 | H11: 954.45189 | J11: CLOSED | L11: 906.78938 | N11: CLOSED | O11: =SUM(F11:N11) -> 3101.521
A12: 45584 | B12: Sat | C12: 0.85763889 | D12: -1.69 | F12: =(492.628869212425/659.953914314618+1154.58611555622)+1154.58611555622 -> 2309.9187 | G12: * | H12: =H11/L11*L12 -> 1735.9676 | J12: CLOSED | L12: 1649.2785 | N12: CLOSED | O12: =SUM(F12:N12) -> 5695.1647
A13: 45585 | B13: Sun | C13: 0.89166667 | D13: -1.36 | E13: * | F13: =F9/J9*J13 -> 384.93669 | G13: * | H13: =H10/J10*J13 -> 397.44148 | J13: 521.12498 | L13: CLOSED | N13: CLOSED | O13: =SUM(F13:N13) -> 1303.5031
A14: 45586 | B14: Mon | C14: 0.92777778 | D14: -0.78 | E14: * | F14: =F9/J9*J14 -> 206.92418 | G14: * | H14: =H10/J10*J14 -> 213.64617 | J14: 280.13271 | L14: CLOSED | N14: CLOSED | O14: =SUM(F14:N14) -> 700.70305 | P14: =SUM(O8:O14) -> 23762.454
A16: 45597 | B16: Fri | C16: 0.80208333 | D16: -0.19 | F16: =323.468683461393+445.014182968845 -> 768.48287 | G16: * | H16: =H17/L17*L16 -> 1078.629 | J16: CLOSED | L16: 947.32683 | N16: CLOSED | O16: =SUM(F16:N16) -> 2794.4387
A17: 45598 | B17: Sat | C17: 0.82430556 | D17: -0.36 | E17: * | F17: =F16/L16*L17 -> 847.38926 | H17: 1189.3806 | J17: CLOSED | L17: 1044.5966 | N17: CLOSED | O17: =SUM(F17:N17) -> 3081.3664
A18: 45599 | B18: Sun | C18: 0.80694444 | D18: -0.39 | F18: =(323.468683461393/445.014182968845*150.779839771337)+150.779839771337 -> 260.3776 | H18: 450.80604 | J18: 547.69196 | L18: CLOSED | N18: CLOSED | O18: =SUM(F18:N18) -> 1258.8756
A19: 45600 | B19: Mon | C19: 0.83333333 | D19: -0.29 | E19: * | F19: =F18/J18*J19 -> 51.10981 | G19: * | H19: =H18/J18*J19 -> 88.489223 | J19: 107.50707 | L19: CLOSED | N19: CLOSED | O19: =SUM(F19:N19) -> 247.1061
A20: 45601 | B20: Tue | C20: 0.8625 | D20: -0.09 | E20: * | F20: =F16/L16*L20 -> 79.464009 | H20: 109.375 | J20: CLOSED | L20: 97.957146 | N20: CLOSED | O20: =SUM(F20:N20) -> 286.79616 | P20: =SUM(O16:O20) -> 7668.583
A22: 45609 | B22: Wed | C22: 0.67708333 | D22: -0.17 | F22: =(323.468683461393/445.014182968845*261.527871734743)+261.527871734743 -> 451.62536 | G22: * | H22: =H23/L23*L22 -> 592.09054 | J22: CLOSED | L22: 514.83341 | N22: CLOSED | O22: =SUM(F22:N22) -> 1558.5493
A23: 45610 | B23: Thu | C23: 0.70972222 | D23: -1.09 | F23: =(323.468683461393/445.014182968845*626.043729540562)+626.043729540562 -> 1081.0979 | H23: 1307.5849 | J23: CLOSED | L23: 1136.9687 | N23: CLOSED | O23: =SUM(F23:N23) -> 3525.6515
A24: 45611 | B24: Fri | C24: 0.74166667 | D24: -1.68 | F24: =(323.468683461393/445.014182968845*1225.72527027144)+1225.72527027144 -> 2116.6716 | H24: 2175.2661 | J24: 3896.9949 | L24: CLOSED | N24: CLOSED | O24: =SUM(F24:N24) -> 8188.9326
A25: 45612 | B25: Sat | C25: 0.77291667 | D25: -1.9 | E25: * | F25: =F24/H24*H25 -> 686.13439 | H25: 705.12824 | J25: 2469.621 | L25: CLOSED | N25: CLOSED | O25: =SUM(F25:N25) -> 3860.8836
A26: 45613 | B26: Sun | C26: 0.80486111 | D26: -1.75 | E26: * | F26: =F23/L23*L26 -> 503.29155 | G26: * | H26: =H23/L23*L26 -> 608.72976 | J26: CLOSED | L26: 529.30152 | N26: CLOSED | O26: =SUM(F26:N26) -> 1641.3228
A27: 45614 | B27: Mon | C27: 0.83680556 | D27: -1.31 | F27: =(323.468683461393/445.014182968845*44.5492682811015)+44.5492682811015 -> 76.930917 | H27: 135.5677 | J27: CLOSED | L27: 167.95984 | N27: CLOSED | O27: =SUM(F27:N27) -> 380.45845
A28: 45615 | B28: Tue | C28: 0.87083333 | D28: -0.69 | E28: * | F28: =F24/H24*H28 -> 28.112381 | H28: 28.890599 | I28: * | J28: =J24/H24*H28 -> 51.757584 | L28: CLOSED | N28: CLOSED | O28: =SUM(F28:N28) -> 108.76056 | P28: =SUM(O22:O28) -> 19264.559
A30: 45625 | B30: Fri | C30: 0.72222222 | D30: -0.07 | E30: * | F30: =F31/L31*L30 -> 1991.8048 | H30: 2295.0727 | J30: CLOSED | L30: 2134.1853 | N30: CLOSED | O30: =SUM(F30:N30) -> 6421.0628
A31: 45626 | B31: Sat | C31: 0.74583333 | D31: -0.41 | F31: =(323.468683461393/445.014182968845*1024.5413126656)+1024.5413126656 -> 1769.2525 | G31: * | H31: =H30/L30*L31 -> 2038.635 | J31: CLOSED | L31: 1895.7243 | N31: CLOSED | O31: =SUM(F31:N31) -> 5703.6118
A32: 45627 | B32: Sun | C32: 0.77083333 | D32: -0.62 | E32: * | F32: =F33/J33*J32 -> 607.36502 | H32: 773.56627 | J32: 982.30745 | L32: CLOSED | N32: CLOSED | O32: =SUM(F32:N32) -> 2363.2387
A33: 45628 | B33: Mon | C33: 0.79583333 | D33: -0.69 | F33: =(323.468683461393/445.014182968845*161.656763288622)+161.656763288622 -> 279.16066 | G33: * | H33: =H32/J32*J33 -> 355.55105 | J33: 451.49389 | L33: CLOSED | N33: CLOSED | O33: =SUM(F33:N33) -> 1086.2056
A34: 45629 | B34: Tue | C34: 0.82361111 | D34: -0.63 | F34: =(323.468683461393/445.014182968845*82.5760223285124)+82.5760223285124 -> 142.59828 | G34: * | H34: =H30/L30*L34 -> 233.79414 | J34: CLOSED | L34: 217.40489 | N34: CLOSED | O34: =SUM(F34:N34) -> 593.79732
A35: 45630 | B35: Wed | C35: 0.85277778 | D35: -0.46 | E35: * | F35: =F34/L34*L35 -> 49.09604 | H35: 153.76891 | J35: CLOSED | L35: 74.851666 | N35: CLOSED | O35: =SUM(F35:N35) -> 277.71662
A36: 45631 | B36: Thu | C36: 0.88402778 | D36: -0.17 | E36: * | F36: =F33/J33*J36 -> 26.408701 | G36: * | H36: =H32/J32*J36 -> 33.63526 | J36: 42.711489 | L36: CLOSED | N36: CLOSED | O36: =SUM(F36:N36) -> 102.75545 | P36: =SUM(O30:O36) -> 16548.388
A38: 45638 | B38: Thu | C38: 0.66666667 | D38: -0.48 | F38: =177.219544662359+375.215165392126 -> 552.43471 | H38: 850.62084 | J38: 961.07792 | L38: CLOSED | N38: CLOSED | O38: =SUM(F38:N38) -> 2364.1335
A39: 45639 | B39: Fri | C39: 0.70138889 | D39: -1.17 | F39: =(177.219544662359/375.215165392126*435.162530366129)+435.162530366129 -> 640.69608 | G39: * | H39: =H43/L43*L39 -> 629.1739 | J39: CLOSED | L39: 593.33638 | N39: CLOSED | O39: =SUM(F39:N39) -> 1863.2064
A40: 45640 | B40: Sat | C40: 0.73333333 | D40: -1.55 | E40: * | F40: =F39/L39*L40 -> 1422.6126 | G40: * | H40: =H43/L43*L40 -> 1397.0286 | J40: CLOSED | L40: 1317.4543 | N40: CLOSED | O40: =SUM(F40:N40) -> 4137.0955
A41: 45641 | B41: Sun | C41: 0.76458333 | D41: -1.63 | E41: * | F41: =F42/J42*J41 -> 370.07761 | H41: 438.47677 | J41: 871.55056 | L41: CLOSED | N41: CLOSED | O41: =SUM(F41:N41) -> 1680.1049
A42: 45642 | B42: Mon | C42: 0.79513889 | D42: -1.45 | F42: =(177.219544662359/375.215165392126*109.670986193076)+109.670986193076 -> 161.47018 | G42: * | H42: =H38/J38*J42 -> 336.56544 | J42: 380.27003 | L42: CLOSED | N42: CLOSED | O42: =SUM(F42:N42) -> 878.30564
A43: 45643 | B43: Tue | C43: 0.825 | D43: -1.05 | E43: * | F43: =F39/L39*L43 -> 30.549396 | H43: 30 | J43: CLOSED | L43: 28.291211 | N43: CLOSED | O43: =SUM(F43:N43) -> 88.840606
A44: 45644 | B44: Wed | C44: 0.85486111 | D44: -0.51 | E44: * | F44: =F38/H38*H44 -> 87.594256 | H44: 134.87476 | J44: CLOSED | K44: * | L44: =L43/H43*H44 -> 127.19234 | N44: CLOSED | O44: =SUM(F44:N44) -> 349.66136 | P44: =SUM(O38:O44) -> 11361.348
A46: 45654 | B46: Sat | C46: 0.70694444 | D46: -0.03 | F46: =(574.673086575028/511.6289603577*543.765915741497)+543.765915741497 -> 1154.5359 | H46: 1237.2669 | J46: 2133.0631 | L46: CLOSED | N46: CLOSED | O46: =SUM(F46:N46) -> 4524.866
A47: 45655 | B47: Sun | C47: 0.73333333 | D47: -0.44 | E47: * | F47: =F51/H51*H47 -> 823.44751 | H47: 903.24667 | J47: CLOSED | L47: 1369.3868 | N47: CLOSED | O47: =SUM(F47:N47) -> 3096.081
A48: 45656 | B48: Mon | C48: 0.75972222 | D48: -0.74 | F48: =574.673086575028+511.6289603577 -> 1086.302 | G48: * | H48: =H51/L51*L48 -> 1153.2393 | J48: CLOSED | L48: 894.00226 | N48: CLOSED | O48: =SUM(F48:N48) -> 3133.5436
A49: 45657 | B49: Tue | C49: 0.78541667 | D49: -0.95 | E49: * | F49: =F46/J46*J49 -> 787.7714 | G49: * | H49: =H46/J46*J49 -> 844.22098 | J49: 1455.4472 | L49: CLOSED | N49: CLOSED | O49: =SUM(F49:N49) -> 3087.4396
A50: 45658 | B50: Wed | C50: 0.81180556 | D50: -0.95 | E50: * | F50: =F46/J46*J50 -> 696.9038 | G50: * | H50: =H46/J46*J50 -> 746.84205 | J50: 1287.5648 | L50: CLOSED | N50: CLOSED | O50: =SUM(F50:N50) -> 2731.3106
A51: 45659 | B51: Thu | C51: 0.83888889 | D51: -0.75 | F51: =(574.673086575028/511.6289603577*96.145039530306)+96.145039530306 -> 204.1373 | H51: 223.91996 | J51: CLOSED | L51: 173.58492 | N51: CLOSED | O51: =SUM(F51:N51) -> 601.64217
A52: 45660 | B52: Fri | C52: 0.86666667 | D52: -0.34 | E52: * | F52: =F51/L51*L52 -> 197.40614 | G52: * | H52: =H51/L51*L52 -> 216.5365 | J52: CLOSED | L52: 167.86118 | N52: CLOSED | O52: =SUM(F52:N52) -> 581.80382 | P52: =SUM(O46:O52) -> 17756.687
A54: 45667 | B54: Fri | C54: 0.65763889 | D54: -0.31 | F54: =342.579125071322+473.730817206865 -> 816.30994 | G54: * | H54: =H55/L55*L54 -> 1207.3884 | J54: CLOSED | L54: 1150.1384 | N54: CLOSED | O54: =SUM(F54:N54) -> 3173.8367
A55: 45668 | B55: Sat | C55: 0.69375 | D55: -0.76 | F55: =(342.579125071322/473.730817206865*2094.68829878014)+2094.68829878014 -> 3609.4652 | H55: 3202.2865 | J55: CLOSED | L55: 3050.4455 | N55: CLOSED | O55: =SUM(F55:N55) -> 9862.1971
A56: 45669 | B56: Sun | C56: 0.72708333 | D56: -1.02 | E56: * | F56: =F55/H55*H56 -> 2267.4424 | H56: 2011.6554 | J56: 2864.4528 | L56: CLOSED | N56: CLOSED | O56: =SUM(F56:N56) -> 7143.5506
A57: 45670 | B57: Mon | C57: 0.75694444 | D57: -1.07 | E57: * | F57: =F56/J56*J57 -> 948.66877 | G57: * | H57: =H56/J56*J57 -> 841.65078 | J57: 1198.4502 | L57: CLOSED | N57: CLOSED | O57: =SUM(F57:N57) -> 2988.7698
A58: 45671 | B58: Tue | C58: 0.78472222 | D58: -0.93 | E58: * | F58: =F54/L54*L58 -> 186.54492 | G58: * | H58: =H55/L55*L58 -> 275.91502 | J58: CLOSED | L58: 262.83212 | N58: CLOSED | O58: =SUM(F58:N58) -> 725.29206
A59: 45672 | B59: Wed | C59: 0.81111111 | D59: -0.62 | F59: =62.8272236146731+29.6856821450012 -> 92.512906 | H59: 219.95358 | J59: CLOSED | L59: 186.21634 | N59: CLOSED | O59: =SUM(F59:N59) -> 498.68283
A60: 45673 | B60: Thu | C60: 0.83541667 | D60: -0.16 | E60: * | F60: =F56/J56*J60 -> 121.08224 | G60: * | H60: =H56/J56*J60 -> 107.42312 | J60: 152.9628 | L60: CLOSED | N60: CLOSED | O60: =SUM(F60:N60) -> 381.46816 | P60: =SUM(O54:O60) -> 24773.797
A62: 45683 | B62: Sun | C62: 0.69027778 | D62: 0.07 | E62: * | F62: =F63/L63*L62 -> 1742.5634 | H62: 2096.5702 | J62: CLOSED | L62: 1468.5373 | N62: CLOSED | O62: =SUM(F62:N62) -> 5307.6708
A63: 45684 | B63: Mon | C63: 0.71875 | D63: -0.44 | F63: =(704.979484640554/724.999996913331*540.243555456005)+540.243555456005 -> 1065.5686 | G63: * | H63: =H62/L62*L63 -> 1282.0419 | J63: CLOSED | L63: 898.00303 | N63: CLOSED | O63: =SUM(F63:N63) -> 3245.6135
A64: 45685 | B64: Tue | C64: 0.74583333 | D64: -0.82 | E64: * | F64: =F65/J65*J64 -> 1778.8139 | G64: * | H64: =H65/J65*J64 -> 878.35495 | J64: 1139.4029 | L64: CLOSED | N64: CLOSED | O64: =SUM(F64:N64) -> 3796.5718
A65: 45686 | B65: Wed | C65: 0.77152778 | D65: -1.01 | F65: =704.979484640554+724.999996913331 -> 1429.9795 | H65: 706.10509 | J65: 915.96023 | L65: CLOSED | N65: CLOSED | O65: =SUM(F65:N65) -> 3052.0448
A66: 45687 | B66: Thu | C66: 0.79652778 | D66: -0.97 | E66: * | F66: =F63/L63*L66 -> 187.57763 | G66: * | H66: =H62/L62*L66 -> 225.68457 | J66: CLOSED | L66: 158.08019 | N66: CLOSED | O66: =SUM(F66:N66) -> 571.34238
A67: 45688 | B67: Fri | C67: 0.82222222 | D67: -0.66 | F67: =(704.979484640554/724.999996913331*92.9112175899746)+92.9112175899746 -> 183.25674 | G67: * | H67: =H62/L62*L67 -> 587.186 | J67: CLOSED | L67: 411.29295 | N67: CLOSED | O67: =SUM(F67:N67) -> 1181.7357
A68: 45689 | B68: Sat | C68: 0.84791667 | D68: -0.09 | E68: * | F68: =F65/H65*H68 -> 449.952 | H68: 222.18039 | J68: 472.58195 | L68: CLOSED | N68: CLOSED | O68: =SUM(F68:N68) -> 1144.7143 | P68: =SUM(O62:O68) -> 18299.693
A70: 45696 | B70: Sat | C70: 0.65 | D70: 0.05 | E70: * | F70: =F73/H73*H70 -> 1408.0855 | H70: 1739.2334 | J70: CLOSED | L70: 1552.9023 | N70: CLOSED | O70: =SUM(F70:N70) -> 4700.2212
A71: 45697 | B71: Sun | C71: 0.68680556 | D71: -0.27 | E71: * | F71: =F72/J72*J71 -> 1013.1366 | G71: * | H71: =H75/J75*J71 -> 1188.9391 | J71: 1220.3282 | L71: CLOSED | N71: CLOSED | O71: =SUM(F71:N71) -> 3422.404
A72: 45698 | B72: Mon | C72: 0.71875 | D72: -0.46 | F72: =(704.979484640554/724.999996913331*394.792030561078)+394.792030561078 -> 778.68208 | G72: * | H72: =H75/J75*J72 -> 913.80132 | J72: 937.92654 | L72: CLOSED | N72: CLOSED | O72: =SUM(F72:N72) -> 2630.4099
A73: 45699 | B73: Tue | C73: 0.74583333 | D73: -0.5 | F73: =(724.999996913331/704.979484640554*226.825364591603)+226.825364591603 -> 460.09228 | H73: 568.29494 | J73: CLOSED | L73: 303.05797 | N73: CLOSED | O73: =SUM(F73:N73) -> 1331.4452
A74: 45700 | B74: Wed | C74: 0.77013889 | D74: -0.37 | E74: * | F74: =F73/L73*L74 -> 413.59031 | G74: * | H74: =H70/L70*L74 -> 305.1159 | J74: CLOSED | L74: 272.42761 | N74: CLOSED | O74: =SUM(F74:N74) -> 991.13382
A75: 45701 | B75: Thu | C75: 0.79236111 | D75: -0.08 | E75: * | F75: =F72/J72*J75 -> 68.992292 | H75: 80.964041 | J75: 83.101569 | L75: CLOSED | N75: CLOSED | O75: =SUM(F75:N75) -> 233.0579
A76: 45702 | B76: Fri | C76: 0.81388889 | D76: 0.36 | E76: * | F76: =F72/J72*J76 -> 310.60441 | G76: * | H76: =H75/J75*J76 -> 364.50142 | J76: 374.1246 | L76: CLOSED | N76: CLOSED | O76: =SUM(F76:N76) -> 1049.2304 | P76: =SUM(O70:O76) -> 14357.902
A78: 45712 | B78: Mon | C78: 0.66944444 | D78: 0.21 | E78: * | F78: =F82/L82*L78 -> 149.43162 | G78: * | H78: =H81/L81*L78 -> 272.44494 | J78: CLOSED | L78: 149.70333 | N78: CLOSED | O78: =SUM(F78:N78) -> 571.57989
A79: 45713 | B79: Tue | C79: 0.69861111 | D79: -0.3 | E79: * | F79: =F80/J80*J79 -> 375.61184 | G79: * | H79: =H80/J80*J79 -> 309.14696 | J79: 495.07006 | L79: CLOSED | N79: CLOSED | O79: =SUM(F79:N79) -> 1179.8289
A80: 45714 | B80: Wed | C80: 0.72569444 | D80: -0.63 | F80: =379.086155862349+659.280271064956 -> 1038.3664 | H80: 854.62649 | J80: 1368.6047 | L80: CLOSED | N80: CLOSED | O80: =SUM(F80:N80) -> 3261.5976
A81: 45715 | B81: Thu | C81: 0.75208333 | D81: -0.73 | F81: =(379.086155862349/659.280271064956*573.5174178654)+573.5174178654 -> 903.28993 | H81: 1564.3157 | J81: CLOSED | L81: 859.56185 | N81: CLOSED | O81: =SUM(F81:N81) -> 3327.1675
A82: 45716 | B82: Fri | C82: 0.77708333 | D82: -0.55 | F82: =(379.086155862349/659.280271064956*858.091575942849)+858.091575942849 -> 1351.4942 | G82: * | H82: =H80/F80*F82 -> 1112.346 | J82: CLOSED | L82: 1353.9517 | N82: CLOSED | O82: =SUM(F82:N82) -> 3817.7919
A83: 45717 | B83: Sat | C83: 0.80208333 | D83: -0.1 | E83: * | F83: =F80/H80*H83 -> 1456.8371 | H83: 1199.0483 | J83: 2149.0593 | L83: CLOSED | N83: CLOSED | O83: =SUM(F83:N83) -> 4804.9447 | P83: =SUM(O78:O83) -> 16962.91
A85: 45724 | B85: Sat | C85: 0.59236111 | D85: 0.59 | E85: * | F85: =F88/L88*L85 -> 1257.3969 | H85: 1587.8643 | J85: CLOSED | L85: 1520.7199 | N85: CLOSED | O85: =SUM(F85:N85) -> 4365.9811
A86: 45725 | B86: Sun | C86: 0.67916667 | D86: 0.41 | F86: =(379.086155862349/659.280271064956*279.00737450564)+279.00737450564 -> 439.43661 | H86: 646.66769 | J86: 772.35342 | L86: CLOSED | N86: CLOSED | O86: =SUM(F86:N86) -> 1858.4577
A87: 45726 | B87: Mon | C87: 0.71527778 | D87: 0.22 | E87: * | F87: =F86/J86*J87 -> 506.81531 | G87: * | H87: =H86/J86*J87 -> 745.82107 | J87: 890.77815 | L87: CLOSED | N87: CLOSED | O87: =SUM(F87:N87) -> 2143.4145
A88: 45727 | B88: Tue | C88: 0.74444444 | D88: 0.14 | F88: =(379.086155862349/659.280271064956*155.714784962338)+155.714784962338 -> 245.25079 | H88: 415.24458 | J88: CLOSED | L88: 296.61101 | N88: CLOSED | O88: =SUM(F88:N88) -> 957.10638
A89: 45728 | B89: Wed | C89: 0.76944444 | D89: 0.18 | E89: * | F89: =F88/L88*L89 -> 153.82795 | G89: * | H89: =H85/L85*L89 -> 194.2568 | J89: CLOSED | L89: 186.04247 | N89: CLOSED | O89: =SUM(F89:N89) -> 534.12722
A90: 45729 | B90: Thu | C90: 0.79166667 | D90: 0.37 | F90: =(379.086155862349/659.280271064956*184.303492103597)+184.303492103597 -> 290.278 | H90: 294.06291 | J90: 287.87175 | L90: CLOSED | N90: CLOSED | O90: =SUM(F90:N90) -> 872.21267
A91: 45730 | B91: Fri | C91: 0.8125 | D91: 0.69 | E91: * | F91: =F86/J86*J91 -> 282.06726 | G91: * | H91: =H86/J86*J91 -> 415.08554 | J91: 495.76117 | L91: CLOSED | N91: CLOSED | O91: =SUM(F91:N91) -> 1192.914 | P91: =SUM(O85:O91) -> 11924.214
A93: 45742 | B93: Wed | C93: 0.71388889 | D93: 0.03 | F93: =(379.086155862349/659.280271064956*290.591083312136)+290.591083312136 -> 457.68096 | G93: * | H93: =H97/F97*F93 -> 437.63693 | J93: CLOSED | L93: 410.77134 | N93: CLOSED | O93: =SUM(F93:N93) -> 1306.0892
A94: 45743 | B94: Thu | C94: 0.74305556 | D94: -0.11 | E94: * | F94: =F97/H97*H94 -> 340.56903 | G94: * | H94: =H101/L101*L94 -> 325.65389 | J94: CLOSED | L94: 346.29705 | N94: CLOSED | O94: =SUM(F94:N94) -> 1012.52
A95: 45744 | B95: Fri | C95: 0.77013889 | D95: -0.02 | F95: =(379.086155862349/659.280271064956*443.309147785056)+443.309147785056 -> 698.21191 | G95: * | H95: =H100/F100*F95 -> 789.94867 | J95: 980.98645 | L95: CLOSED | N95: CLOSED | O95: =SUM(F95:N95) -> 2469.147
A96: 45745 | B96: Sat | C96: 0.29027778 | D96: -0.14 | E96: * | F96: =F95/J95*J96 -> 1908.2393 | G96: * | H96: =H100/J100*J96 -> 1694.9773 | J96: 2681.0727 | L96: CLOSED | N96: CLOSED | O96: =SUM(F96:N96) -> 6284.2893
A97: 45746 | B97: Sun | C97: 0.32152778 | D97: -0.84 | F97: =(379.086155862349/659.280271064956*1439.18598680877)+1439.18598680877 -> 2266.7179 | H97: 2167.4476 | J97: CLOSED | L97: 2734.817 | N97: CLOSED | O97: =SUM(F97:N97) -> 7168.9825
A98: 45747 | B98: Mon | C98: 0.35277778 | D98: -1.23 | E98: * | F98: =F97/L97*L98 -> 1199.4682 | G98: * | H98: =H101/L101*L98 -> 1360.9024 | J98: CLOSED | L98: 1447.1699 | N98: CLOSED | O98: =SUM(F98:N98) -> 4007.5405
A99: 45748 | B99: Tue | C99: 0.38680556 | D99: -1.27 | E99: * | F99: =F100/J100*J99 -> 1666.7065 | H99: 1117.513 | J99: 2982.7404 | L99: CLOSED | N99: CLOSED | O99: =SUM(F99:N99) -> 5766.9598
A100: 45749 | B100: Wed | C100: 0.42291667 | D100: -0.98 | F100: =(659.280271064956/379.086155862349*464.216361365458)+464.216361365458 -> 1271.5492 | H100: 1438.6156 | J100: 2275.5663 | L100: CLOSED | N100: CLOSED | O100: =SUM(F100:N100) -> 4985.7311
A101: 45750 | B101: Thu | C101: 0.46319444 | D101: -0.47 | E101: * | F101: =F97/H97*H101 -> 1135.0849 | H101: 1085.3741 | J101: CLOSED | L101: 1154.1758 | N101: CLOSED | O101: =SUM(F101:N101) -> 3374.6348 | P101: =SUM(O93:O101) -> 36375.894
A103: 45759 | B103: Sat | C103: 0.28958333 | D103: 0.35 | E103: * | F103: =F106/L106*L103 -> 1155.1609 | H103: 1254.7543 | J103: CLOSED | L103: 1305.2386 | N103: CLOSED | O103: =SUM(F103:N103) -> 3715.1539
A104: 45760 | B104: Sun | C104: 0.31180556 | D104: 0 | F104: =(219.626644747167/354.545446860889*415.797872041773)+415.797872041773 -> 673.36793 | G104: * | H104: =H108/F108*F104 -> 754.96564 | J104: 2022.5628 | L104: CLOSED | N104: CLOSED | O104: =SUM(F104:N104) -> 3450.8964
A105: 45761 | B105: Mon | C105: 0.33333333 | D105: -0.21 | E105: * | F105: =F108/J108*J105 -> 485.31551 | H105: 558.26975 | J105: 741.64877 | L105: CLOSED | N105: CLOSED | O105: =SUM(F105:N105) -> 1785.234
A106: 45762 | B106: Tue | C106: 0.35625 | D106: -0.27 | F106: =(219.626644747167/354.545446860889*393.736828552682)+393.736828552682 -> 637.64096 | G106: * | H106: =H103/L103*L106 -> 692.61586 | J106: CLOSED | L106: 720.48283 | N106: CLOSED | O106: =SUM(F106:N106) -> 2050.7396
A107: 45763 | B107: Wed | C107: 0.38055556 | D107: -0.19 | E107: * | F107: =F106/L106*L107 -> 654.9481 | G107: * | H107: =H103/L103*L107 -> 711.41516 | J107: CLOSED | L107: 740.03851 | N107: CLOSED | O107: =SUM(F107:N107) -> 2106.4018
A108: 45764 | B108: Thu | C108: 0.40833333 | D108: 0 | F108: =219.626644747167+354.545446860889 -> 574.17209 | H108: 643.7494 | J108: 877.43749 | L108: CLOSED | N108: CLOSED | O108: =SUM(F108:N108) -> 2095.359
A109: 45765 | B109: Fri | C109: 0.43958333 | D109: 0.26 | E109: * | F109: =F108/J108*J109 -> 980.99218 | G109: * | H109: =H108/J108*J109 -> 1099.8673 | J109: 1499.1312 | L109: CLOSED | N109: CLOSED | O109: =SUM(F109:N109) -> 3579.9907 | P109: =SUM(O103:O109) -> 18783.775
A111: 45773 | B111: Sat | C111: 0.24513889 | D111: -0.55 | F111: =(726.72636927655/1416.656466691*1075.09156758031)+1075.09156758031 -> 1626.5996 | H111: 1289.5709 | J111: 1920.9905 | L111: CLOSED | N111: CLOSED | O111: =SUM(F111:N111) -> 4837.1609
A112: 45774 | B112: Sun | C112: 0.27777778 | D112: -1.45 | F112: =(726.72636927655/1416.656466691*1393.5666021574)+1393.5666021574 -> 2108.4482 | G112: * | H112: =H111/F111*F112 -> 1671.5813 | J112: CLOSED | L112: 2965.4505 | N112: CLOSED | O112: =SUM(F112:N112) -> 6745.4799
A113: 45775 | B113: Mon | C113: 0.30902778 | D113: -2.03 | E113: * | F113: =F112/L112*L113 -> 1549.3012 | H113: 935.31498 | J113: CLOSED | L113: 2179.032 | N113: CLOSED | O113: =SUM(F113:N113) -> 4663.6482
A114: 45776 | B114: Tue | C114: 0.34166667 | D114: -2.22 | E114: * | F114: =F111/J111*J114 -> 1941.3003 | H114: 999.52678 | J114: 2292.6475 | L114: CLOSED | N114: CLOSED | O114: =SUM(F114:N114) -> 5233.4746
...

Sheet CPUE
A1: Date | B1: Day | C1: Time | D1: Tide | E1: Longbeach | G1: Twin Harbors | I1: Copalis | K1: Mocrocks | M1: Kalaloch | O1: Daily Totals
A2: 45568 | B2: Thu | C2: 0.81805556 | D2: 0.33 | F2: =+Harvest!F2/Effort!F2 -> 12.754112 | H2: =+Harvest!H2/Effort!H2 -> 14.416667 | J2: CLOSED | L2: =+Harvest!L2/Effort!L2 -> 14.592593 | N2: CLOSED | O2: =+Harvest!O2/Effort!O2 -> 13.833664
A3: 45569 | B3: Fri | C3: 0.84027778 | D3: 0.13 | F3: 15 | G3: * | H3: 15 | J3: =+Harvest!J3/Effort!J3 -> 14.931034 | L3: CLOSED | N3: CLOSED | O3: =+Harvest!O3/Effort!O3 -> 14.967093
A4: 45570 | B4: Sat | C4: 0.86388889 | D4: 0.07 | E4: * | F4: 14 | H4: =+Harvest!H4/Effort!H4 -> 14.038462 | J4: =+Harvest!J4/Effort!J4 -> 12.387755 | L4: CLOSED | N4: CLOSED | O4: =+Harvest!O4/Effort!O4 -> 13.240659
A5: 45571 | B5: Sun | C5: 0.88888889 | D5: 0.13 | E5: * | F5: 15 | G5: * | H5: 15 | J5: CLOSED | L5: =+Harvest!L5/Effort!L5 -> 15 | N5: CLOSED | O5: =+Harvest!O5/Effort!O5 -> 15
A6: 45572 | B6: Mon | C6: 0.91805556 | D6: 0.3 | F6: 15 | H6: =+Harvest!H6/Effort!H6 -> 15 | J6: CLOSED | L6: =+Harvest!L6/Effort!L6 -> 15 | N6: CLOSED | O6: =+Harvest!O6/Effort!O6 -> 15
A8: 45580 | B8: Tue | C8: 0.72986111 | D8: 0.53 | E8: * | F8: 14.5 | H8: =+Harvest!H8/Effort!H8 -> 14.133333 | J8: CLOSED | L8: =+Harvest!L8/Effort!L8 -> 14.880952 | N8: CLOSED | O8: =+Harvest!O8/Effort!O8 -> 14.494111
A9: 45581 | B9: Wed | C9: 0.7625 | D9: -0.48 | F9: =+Harvest!F9/Effort!F9 -> 12.817444 | G9: * | H9: 15 | J9: =+Harvest!J9/Effort!J9 -> 15 | L9: CLOSED | N9: CLOSED | O9: =+Harvest!O9/Effort!O9 -> 14.355471
A10: 45582 | B10: Thu | C10: 0.79375 | D10: -1.25 | E10: * | F10: 14.5 | H10: =+Harvest!H10/Effort!H10 -> 14.819672 | J10: =+Harvest!J10/Effort!J10 -> 14.577465 | L10: CLOSED | N10: CLOSED | O10: =+Harvest!O10/Effort!O10 -> 14.628438
A11: 45583 | B11: Fri | C11: 0.82569444 | D11: -1.66 | F11: 3.5 | H11: =+Harvest!H11/Effort!H11 -> 5.0857143 | J11: CLOSED | L11: =+Harvest!L11/Effort!L11 -> 2.8604651 | N11: CLOSED | O11: =+Harvest!O11/Effort!O11 -> 3.8010022
A12: 45584 | B12: Sat | C12: 0.85763889 | D12: -1.69 | F12: 11.3 | G12: * | H12: 9 | J12: CLOSED | L12: =+Harvest!L12/Effort!L12 -> 8.2045455 | N12: CLOSED | O12: =+Harvest!O12/Effort!O12 -> 9.7025059
A13: 45585 | B13: Sun | C13: 0.89166667 | D13: -1.36 | E13: * | F13: 15 | G13: * | H13: 15 | J13: =+Harvest!J13/Effort!J13 -> 15 | L13: CLOSED | N13: CLOSED | O13: =+Harvest!O13/Effort!O13 -> 15
A14: 45586 | B14: Mon | C14: 0.92777778 | D14: -0.78 | E14: * | F14: 15 | G14: * | H14: 15 | J14: =+Harvest!J14/Effort!J14 -> 15 | L14: CLOSED | N14: CLOSED | O14: =+Harvest!O14/Effort!O14 -> 15
A16: 45597 | B16: Fri | C16: 0.80208333 | D16: -0.19 | F16: =+Harvest!F16/Effort!F16 -> 12.262147 | G16: * | H16: 13 | J16: CLOSED | L16: =+Harvest!L16/Effort!L16 -> 13.241379 | N16: CLOSED | O16: =+Harvest!O16/Effort!O16 -> 12.878916
A17: 45598 | B17: Sat | C17: 0.82430556 | D17: -0.36 | E17: * | F17: 13 | H17: =+Harvest!H17/Effort!H17 -> 13.145833 | J17: CLOSED | L17: =+Harvest!L17/Effort!L17 -> 9.5853659 | N17: CLOSED | O17: =+Harvest!O17/Effort!O17 -> 11.898715
A18: 45599 | B18: Sun | C18: 0.80694444 | D18: -0.39 | F18: 5.2 | H18: =+Harvest!H18/Effort!H18 -> 1.84 | J18: =+Harvest!J18/Effort!J18 -> 4.0967742 | L18: CLOSED | N18: CLOSED | O18: =+Harvest!O18/Effort!O18 -> 3.5168025
A19: 45600 | B19: Mon | C19: 0.83333333 | D19: -0.29 | E19: * | F19: 9 | G19: * | H19: 9 | J19: =+Harvest!J19/Effort!J19 -> 9 | L19: CLOSED | N19: CLOSED | O19: =+Harvest!O19/Effort!O19 -> 9
A20: 45601 | B20: Tue | C20: 0.8625 | D20: -0.09 | E20: * | F20: 13 | H20: =+Harvest!H20/Effort!H20 -> 14 | J20: CLOSED | L20: =+Harvest!L20/Effort!L20 -> 11.214286 | N20: CLOSED | O20: =+Harvest!O20/Effort!O20 -> 12.771446
A22: 45609 | B22: Wed | C22: 0.67708333 | D22: -0.17 | F22: 12.1 | G22: * | H22: 13 | J22: CLOSED | L22: =+Harvest!L22/Effort!L22 -> 13.641026 | N22: CLOSED | O22: =+Harvest!O22/Effort!O22 -> 12.950953
A23: 45610 | B23: Thu | C23: 0.70972222 | D23: -1.09 | F23: 12 | H23: =+Harvest!H23/Effort!H23 -> 12.35 | J23: CLOSED | L23: =+Harvest!L23/Effort!L23 -> 14.375 | N23: CLOSED | O23: =+Harvest!O23/Effort!O23 -> 12.895708
A24: 45611 | B24: Fri | C24: 0.74166667 | D24: -1.68 | F24: 15 | H24: =+Harvest!H24/Effort!H24 -> 14.333333 | J24: =+Harvest!J24/Effort!J24 -> 14.202899 | L24: CLOSED | N24: CLOSED | O24: =+Harvest!O24/Effort!O24 -> 14.443581
A25: 45612 | B25: Sat | C25: 0.77291667 | D25: -1.9 | E25: * | F25: 2.5 | H25: =+Harvest!H25/Effort!H25 -> 1.08 | J25: =+Harvest!J25/Effort!J25 -> 2.5409836 | L25: CLOSED | N25: CLOSED | O25: =+Harvest!O25/Effort!O25 -> 2.2668751
A26: 45613 | B26: Sun | C26: 0.80486111 | D26: -1.75 | E26: * | F26: 10.5 | G26: * | H26: 10.5 | J26: CLOSED | L26: =+Harvest!L26/Effort!L26 -> 10.366667 | N26: CLOSED | O26: =+Harvest!O26/Effort!O26 -> 10.457002
A27: 45614 | B27: Mon | C27: 0.83680556 | D27: -1.31 | F27: 9.6 | H27: 8 | J27: CLOSED | L27: =+Harvest!L27/Effort!L27 -> 7.75 | N27: CLOSED | O27: =+Harvest!O27/Effort!O27 -> 5.6297904
A28: 45615 | B28: Tue | C28: 0.87083333 | D28: -0.69 | E28: * | F28: 11.5 | H28: =+Harvest!H28/Effort!H28 -> 11.6 | I28: * | J28: 11.5 | L28: CLOSED | N28: CLOSED | O28: =+Harvest!O28/Effort!O28 -> 11.526563
A30: 45625 | B30: Fri | C30: 0.72222222 | D30: -0.07 | E30: * | F30: 14 | H30: =+Harvest!H30/Effort!H30 -> 14.555556 | J30: CLOSED | L30: =+Harvest!L30/Effort!L30 -> 14.047619 | N30: CLOSED | O30: =+Harvest!O30/Effort!O30 -> 14.214399
A31: 45626 | B31: Sat | C31: 0.74583333 | D31: -0.41 | F31: 14.2 | G31: * | H31: 14 | J31: CLOSED | L31: =+Harvest!L31/Effort!L31 -> 11.72549 | N31: CLOSED | O31: =+Harvest!O31/Effort!O31 -> 13.306055
A32: 45627 | B32: Sun | C32: 0.77083333 | D32: -0.62 | E32: * | F32: 14 | H32: =+Harvest!H32/Effort!H32 -> 14.032258 | J32: =+Harvest!J32/Effort!J32 -> 12.481481 | L32: CLOSED | N32: CLOSED | O32: =+Harvest!O32/Effort!O32 -> 13.379369
A33: 45628 | B33: Mon | C33: 0.79583333 | D33: -0.69 | F33: 15 | G33: * | H33: 14 | J33: =+Harvest!J33/Effort!J33 -> 11.8 | L33: CLOSED | N33: CLOSED | O33: =+Harvest!O33/Effort!O33 -> 13.34255
A34: 45629 | B34: Tue | C34: 0.82361111 | D34: -0.63 | F34: 15 | G34: * | H34: 14 | J34: CLOSED | L34: =+Harvest!L34/Effort!L34 -> 13.125 | N34: CLOSED | O34: =+Harvest!O34/Effort!O34 -> 13.919786
A35: 45630 | B35: Wed | C35: 0.85277778 | D35: -0.46 | E35: * | F35: 12 | H35: =+Harvest!H35/Effort!H35 -> 12.857143 | J35: CLOSED | L35: =+Harvest!L35/Effort!L35 -> 9 | N35: CLOSED | O35: =+Harvest!O35/Effort!O35 -> 11.666015
A36: 45631 | B36: Thu | C36: 0.88402778 | D36: -0.17 | E36: * | F36: 5 | G36: * | H36: 5 | J36: =+Harvest!J36/Effort!J36 -> 5 | L36: CLOSED | N36: CLOSED | O36: =+Harvest!O36/Effort!O36 -> 5
A38: 45638 | B38: Thu | C38: 0.66666667 | D38: -0.48 | F38: =+Harvest!F38/Effort!F38 -> 12.798157 | H38: =+Harvest!H38/Effort!H38 -> 13.625 | J38: =+Harvest!J38/Effort!J38 -> 14.447368 | L38: CLOSED | N38: CLOSED | O38: =+Harvest!O38/Effort!O38 -> 13.766102
A39: 45639 | B39: Fri | C39: 0.70138889 | D39: -1.17 | F39: 13.3 | G39: * | H39: 12.5 | J39: CLOSED | L39: =+Harvest!L39/Effort!L39 -> 10.76 | N39: CLOSED | O39: =+Harvest!O39/Effort!O39 -> 12.220993
A40: 45640 | B40: Sat | C40: 0.73333333 | D40: -1.55 | E40: * | F40: 6 | G40: * | H40: 6 | J40: CLOSED | L40: =+Harvest!L40/Effort!L40 -> 5.78125 | N40: CLOSED | O40: =+Harvest!O40/Effort!O40 -> 5.9303393
A41: 45641 | B41: Sun | C41: 0.76458333 | D41: -1.63 | E41: * | F41: 6 | H41: =+Harvest!H41/Effort!H41 -> 4.7391304 | J41: =+Harvest!J41/Effort!J41 -> 11.04878 | L41: CLOSED | N41: CLOSED | O41: =+Harvest!O41/Effort!O41 -> 8.2899793
A42: 45642 | B42: Mon | C42: 0.79513889 | D42: -1.45 | F42: 9.6 | G42: * | H42: 10 | J42: =+Harvest!J42/Effort!J42 -> 10 | L42: CLOSED | N42: CLOSED | O42: =+Harvest!O42/Effort!O42 -> 9.9264629
A43: 45643 | B43: Tue | C43: 0.825 | D43: -1.05 | E43: * | F43: 2 | H43: 2 | J43: CLOSED | L43: 2 | N43: CLOSED | O43: =+Harvest!O43/Effort!O43 -> 2
A44: 45644 | B44: Wed | C44: 0.85486111 | D44: -0.51 | E44: * | F44: 10 | H44: =+Harvest!H44/Effort!H44 -> 9.7142857 | J44: CLOSED | K44: * | L44: 10 | N44: CLOSED | O44: =+Harvest!O44/Effort!O44 -> 9.8897915
A46: 45654 | B46: Sat | C46: 0.70694444 | D46: -0.03 | F46: 2.8 | H46: =+Harvest!H46/Effort!H46 -> 1.5384615 | J46: =+Harvest!J46/Effort!J46 -> 2.8095238 | L46: CLOSED | N46: CLOSED | O46: =+Harvest!O46/Effort!O46 -> 2.459538
A47: 45655 | B47: Sun | C47: 0.73333333 | D47: -0.44 | E47: * | F47: 12 | H47: =+Harvest!H47/Effort!H47 -> 12.347826 | J47: CLOSED | L47: =+Harvest!L47/Effort!L47 -> 8.0212766 | N47: CLOSED | O47: =+Harvest!O47/Effort!O47 -> 10.341698
A48: 45656 | B48: Mon | C48: 0.75972222 | D48: -0.74 | F48: 12.7 | G48: * | H48: 12.5 | J48: CLOSED | L48: 12.5 | N48: CLOSED | O48: =+Harvest!O48/Effort!O48 -> 12.569334
A49: 45657 | B49: Tue | C49: 0.78541667 | D49: -0.95 | E49: * | F49: 12 | G49: * | H49: 12 | J49: =+Harvest!J49/Effort!J49 -> 12.033333 | L49: CLOSED | N49: CLOSED | O49: =+Harvest!O49/Effort!O49 -> 12.015714
A50: 45658 | B50: Wed | C50: 0.81180556 | D50: -0.95 | E50: * | F50: 2 | G50: * | H50: 2 | J50: =+Harvest!J50/Effort!J50 -> 1.6511628 | L50: CLOSED | N50: CLOSED | O50: =+Harvest!O50/Effort!O50 -> 1.835555
A51: 45659 | B51: Thu | C51: 0.83888889 | D51: -0.75 | F51: 3.9 | H51: =+Harvest!H51/Effort!H51 -> 7.6666667 | J51: CLOSED | L51: 7.5 | N51: CLOSED | O51: =+Harvest!O51/Effort!O51 -> 6.3405496
A52: 45660 | B52: Fri | C52: 0.86666667 | D52: -0.34 | E52: * | F52: 2.5 | G52: * | H52: 2.5 | J52: CLOSED | L52: 2.5 | N52: CLOSED | O52: =+Harvest!O52/Effort!O52 -> 2.5
A54: 45667 | B54: Fri | C54: 0.65763889 | D54: -0.31 | F54: =+Harvest!F54/Effort!F54 -> 5.6415122 | G54: * | H54: 7.5 | J54: CLOSED | L54: =+Harvest!L54/Effort!L54 -> 9.4102564 | N54: CLOSED | O54: =+Harvest!O54/Effort!O54 -> 7.7142382
A55: 45668 | B55: Sat | C55: 0.69375 | D55: -0.76 | F55: 15 | H55: =+Harvest!H55/Effort!H55 -> 14.330709 | J55: CLOSED | L55: =+Harvest!L55/Effort!L55 -> 13.5 | N55: CLOSED | O55: =+Harvest!O55/Effort!O55 -> 14.318719
A56: 45669 | B56: Sun | C56: 0.72708333 | D56: -1.02 | E56: * | F56: 13.5 | H56: =+Harvest!H56/Effort!H56 -> 13.467742 | J56: =+Harvest!J56/Effort!J56 -> 13.857143 | L56: CLOSED | N56: CLOSED | O56: =+Harvest!O56/Effort!O56 -> 13.634125
A57: 45670 | B57: Mon | C57: 0.75694444 | D57: -1.07 | E57: * | F57: 11.5 | G57: * | H57: 11.5 | J57: =+Harvest!J57/Effort!J57 -> 11.439024 | L57: CLOSED | N57: CLOSED | O57: =+Harvest!O57/Effort!O57 -> 11.47555
A58: 45671 | B58: Tue | C58: 0.78472222 | D58: -0.93 | E58: * | F58: 5 | G58: * | H58: 5 | J58: CLOSED | L58: =+Harvest!L58/Effort!L58 -> 4.3571429 | N58: CLOSED | O58: =+Harvest!O58/Effort!O58 -> 4.7670407
A59: 45672 | B59: Wed | C59: 0.81111111 | D59: -0.62 | F59: =+Harvest!F59/Effort!F59 -> 9.1977962 | H59: =+Harvest!H59/Effort!H59 -> 11.15 | J59: CLOSED | L59: =+Harvest!L59/Effort!L59 -> 3.5384615 | N59: CLOSED | O59: =+Harvest!O59/Effort!O59 -> 7.9455647
A60: 45673 | B60: Thu | C60: 0.83541667 | D60: -0.16 | E60: * | F60: 4 | G60: * | H60: 4 | J60: =+Harvest!J60/Effort!J60 -> 4.1764706 | L60: CLOSED | N60: CLOSED | O60: =+Harvest!O60/Effort!O60 -> 4.070762
A62: 45683 | B62: Sun | C62: 0.69027778 | D62: 0.07 | E62: * | F62: 14 | H62: =+Harvest!H62/Effort!H62 -> 14.975 | J62: CLOSED | L62: =+Harvest!L62/Effort!L62 -> 14.619048 | N62: CLOSED | O62: =+Harvest!O62/Effort!O62 -> 14.556412
A63: 45684 | B63: Mon | C63: 0.71875 | D63: -0.44 | F63: 15 | G63: * | H63: 14 | J63: CLOSED | L63: =+Harvest!L63/Effort!L63 -> 13.03125 | N63: CLOSED | O63: =+Harvest!O63/Effort!O63 -> 14.060275
A64: 45685 | B64: Tue | C64: 0.74583333 | D64: -0.82 | E64: * | F64: 14 | G64: * | H64: 14 | J64: =+Harvest!J64/Effort!J64 -> 15 | L64: CLOSED | N64: CLOSED | O64: =+Harvest!O64/Effort!O64 -> 14.300114
A65: 45686 | B65: Wed | C65: 0.77152778 | D65: -1.01 | F65: =+Harvest!F65/Effort!F65 -> 15 | H65: =+Harvest!H65/Effort!H65 -> 14.756098 | J65: =+Harvest!J65/Effort!J65 -> 12.888889 | L65: CLOSED | N65: CLOSED | O65: =+Harvest!O65/Effort!O65 -> 14.309999
A66: 45687 | B66: Thu | C66: 0.79652778 | D66: -0.97 | E66: * | F66: 14.5 | G66: * | H66: 12.5 | J66: CLOSED | L66: =+Harvest!L66/Effort!L66 -> 5.25 | N66: CLOSED | O66: =+Harvest!O66/Effort!O66 -> 11.150676
A67: 45688 | B67: Fri | C67: 0.82222222 | D67: -0.66 | F67: 14.5 | G67: * | H67: 7.5 | J67: CLOSED | L67: =+Harvest!L67/Effort!L67 -> 2.3684211 | N67: CLOSED | O67: =+Harvest!O67/Effort!O67 -> 6.7995176
A68: 45689 | B68: Sat | C68: 0.84791667 | D68: -0.09 | E68: * | F68: 12 | H68: =+Harvest!H68/Effort!H68 -> 7.2 | J68: =+Harvest!J68/Effort!J68 -> 0.80952381 | L68: CLOSED | N68: CLOSED | O68: =+Harvest!O68/Effort!O68 -> 6.4484989
A70: 45696 | B70: Sat | C70: 0.65 | D70: 0.05 | E70: * | F70: 15 | H70: =+Harvest!H70/Effort!H70 -> 15 | J70: CLOSED | L70: =+Harvest!L70/Effort!L70 -> 14.138889 | N70: CLOSED | O70: =+Harvest!O70/Effort!O70 -> 14.715498
A71: 45697 | B71: Sun | C71: 0.68680556 | D71: -0.27 | E71: * | F71: 15 | G71: * | H71: 15 | J71: =+Harvest!J71/Effort!J71 -> 14.9 | L71: CLOSED | N71: CLOSED | O71: =+Harvest!O71/Effort!O71 -> 14.964343
A72: 45698 | B72: Mon | C72: 0.71875 | D72: -0.46 | F72: 14.7 | G72: * | H72: 15 | J72: =+Harvest!J72/Effort!J72 -> 15 | L72: CLOSED | N72: CLOSED | O72: =+Harvest!O72/Effort!O72 -> 14.911191
A73: 45699 | B73: Tue | C73: 0.74583333 | D73: -0.5 | F73: 15 | H73: =+Harvest!H73/Effort!H73 -> 15 | J73: CLOSED | L73: =+Harvest!L73/Effort!L73 -> 14.263158 | N73: CLOSED | O73: =+Harvest!O73/Effort!O73 -> 14.832283
A74: 45700 | B74: Wed | C74: 0.77013889 | D74: -0.37 | E74: * | F74: 14 | G74: * | H74: 14 | J74: CLOSED | L74: =+Harvest!L74/Effort!L74 -> 14.117647 | N74: CLOSED | O74: =+Harvest!O74/Effort!O74 -> 14.032337
A75: 45701 | B75: Thu | C75: 0.79236111 | D75: -0.08 | E75: * | F75: 6.5 | H75: =+Harvest!H75/Effort!H75 -> 6.4285714 | J75: =+Harvest!J75/Effort!J75 -> 5.875 | L75: CLOSED | N75: CLOSED | O75: =+Harvest!O75/Effort!O75 -> 6.2523292
A76: 45702 | B76: Fri | C76: 0.81388889 | D76: 0.36 | E76: * | F76: 4 | G76: * | H76: 4 | J76: =+Harvest!J76/Effort!J76 -> 3.75 | L76: CLOSED | N76: CLOSED | O76: =+Harvest!O76/Effort!O76 -> 3.9108574
A78: 45712 | B78: Mon | C78: 0.66944444 | D78: 0.21 | E78: * | F78: 5 | G78: * | H78: 5 | J78: CLOSED | L78: =+Harvest!L78/Effort!L78 -> 5.1052632 | N78: CLOSED | O78: =+Harvest!O78/Effort!O78 -> 5.0275696
A79: 45713 | B79: Tue | C79: 0.69861111 | D79: -0.3 | E79: * | F79: 12.5 | G79: * | H79: 12.5 | J79: =+Harvest!J79/Effort!J79 -> 12.333333 | L79: CLOSED | N79: CLOSED | O79: =+Harvest!O79/Effort!O79 -> 12.430065
A80: 45714 | B80: Wed | C80: 0.72569444 | D80: -0.63 | F80: =+Harvest!F80/Effort!F80 -> 15 | H80: =+Harvest!H80/Effort!H80 -> 14.727273 | J80: =+Harvest!J80/Effort!J80 -> 15 | L80: CLOSED | N80: CLOSED | O80: =+Harvest!O80/Effort!O80 -> 14.928538
A81: 45715 | B81: Thu | C81: 0.75208333 | D81: -0.73 | F81: 14.6 | H81: =+Harvest!H81/Effort!H81 -> 14.833333 | J81: CLOSED | L81: =+Harvest!L81/Effort!L81 -> 10.351351 | N81: CLOSED | O81: =+Harvest!O81/Effort!O81 -> 13.612082
A82: 45716 | B82: Fri | C82: 0.77708333 | D82: -0.55 | F82: 13.8 | G82: * | H82: 14 | J82: CLOSED | L82: =+Harvest!L82/Effort!L82 -> 12.671875 | N82: CLOSED | O82: =+Harvest!O82/Effort!O82 -> 13.458191
A83: 45717 | B83: Sat | C83: 0.80208333 | D83: -0.1 | E83: * | F83: 4 | H83: =+Harvest!H83/Effort!H83 -> 4.7868852 | J83: =+Harvest!J83/Effort!J83 -> 1.5918367 | L83: CLOSED | N83: CLOSED | O83: =+Harvest!O83/Effort!O83 -> 3.1192881
A85: 45724 | B85: Sat | C85: 0.59236111 | D85: 0.59 | E85: * | F85: 8 | H85: =+Harvest!H85/Effort!H85 -> 8.2475248 | J85: CLOSED | L85: =+Harvest!L85/Effort!L85 -> 2.8676471 | N85: CLOSED | O85: =+Harvest!O85/Effort!O85 -> 6.3023665
A86: 45725 | B86: Sun | C86: 0.67916667 | D86: 0.41 | F86: 5 | H86: =+Harvest!H86/Effort!H86 -> 13.047619 | J86: =+Harvest!J86/Effort!J86 -> 9.2 | L86: CLOSED | N86: CLOSED | O86: =+Harvest!O86/Effort!O86 -> 9.5457152
A87: 45726 | B87: Mon | C87: 0.71527778 | D87: 0.22 | E87: * | F87: 12 | G87: * | H87: 12 | J87: =+Harvest!J87/Effort!J87 -> 12.115385 | L87: CLOSED | N87: CLOSED | O87: =+Harvest!O87/Effort!O87 -> 12.047953
A88: 45727 | B88: Tue | C88: 0.74444444 | D88: 0.14 | F88: 14.2 | H88: =+Harvest!H88/Effort!H88 -> 14.69697 | J88: CLOSED | L88: =+Harvest!L88/Effort!L88 -> 13.694444 | N88: CLOSED | O88: =+Harvest!O88/Effort!O88 -> 14.258939
A89: 45728 | B89: Wed | C89: 0.76944444 | D89: 0.18 | E89: * | F89: 10 | G89: * | H89: 10 | J89: CLOSED | L89: =+Harvest!L89/Effort!L89 -> 9.25 | N89: CLOSED | O89: =+Harvest!O89/Effort!O89 -> 9.7387666
A90: 45729 | B90: Thu | C90: 0.79166667 | D90: 0.37 | F90: 3.8 | H90: =+Harvest!H90/Effort!H90 -> 9.4444444 | J90: =+Harvest!J90/Effort!J90 -> 11 | L90: CLOSED | N90: CLOSED | O90: =+Harvest!O90/Effort!O90 -> 8.0793444
A91: 45730 | B91: Fri | C91: 0.8125 | D91: 0.69 | E91: * | F91: 11 | G91: * | H91: 11 | J91: =+Harvest!J91/Effort!J91 -> 10.866667 | L91: CLOSED | N91: CLOSED | O91: =+Harvest!O91/Effort!O91 -> 10.944588
A93: 45742 | B93: Wed | C93: 0.71388889 | D93: 0.03 | F93: 9.8 | G93: * | H93: 10 | J93: CLOSED | L93: =+Harvest!L93/Effort!L93 -> 7.28125 | N93: CLOSED | O93: =+Harvest!O93/Effort!O93 -> 9.0748559
A94: 45743 | B94: Thu | C94: 0.74305556 | D94: -0.11 | E94: * | F94: 12 | G94: * | H94: 12 | J94: CLOSED | L94: =+Harvest!L94/Effort!L94 -> 11.941176 | N94: CLOSED | O94: =+Harvest!O94/Effort!O94 -> 11.979881
A95: 45744 | B95: Fri | C95: 0.77013889 | D95: -0.02 | F95: 3.6 | G95: * | H95: 11 | J95: =+Harvest!J95/Effort!J95 -> 10.944444 | L95: CLOSED | N95: CLOSED | O95: =+Harvest!O95/Effort!O95 -> 8.8853963
A96: 45745 | B96: Sat | C96: 0.29027778 | D96: -0.14 | E96: * | F96: 11 | G96: * | H96: 11 | J96: =+Harvest!J96/Effort!J96 -> 10.563636 | L96: CLOSED | N96: CLOSED | O96: =+Harvest!O96/Effort!O96 -> 10.813834
A97: 45746 | B97: Sun | C97: 0.32152778 | D97: -0.84 | F97: 14.7 | H97: =+Harvest!H97/Effort!H97 -> 14.855769 | J97: CLOSED | L97: =+Harvest!L97/Effort!L97 -> 14.037037 | N97: CLOSED | O97: =+Harvest!O97/Effort!O97 -> 14.494188
A98: 45747 | B98: Mon | C98: 0.35277778 | D98: -1.23 | E98: * | F98: 14.5 | G98: * | H98: 14.5 | J98: CLOSED | L98: =+Harvest!L98/Effort!L98 -> 14.338983 | N98: CLOSED | O98: =+Harvest!O98/Effort!O98 -> 14.441855
A99: 45748 | B99: Tue | C99: 0.38680556 | D99: -1.27 | E99: * | F99: 14.5 | H99: =+Harvest!H99/Effort!H99 -> 14.409091 | J99: =+Harvest!J99/Effort!J99 -> 13.692308 | L99: CLOSED | N99: CLOSED | O99: =+Harvest!O99/Effort!O99 -> 14.064636
A100: 45749 | B100: Wed | C100: 0.42291667 | D100: -0.98 | F100: 15 | H100: =+Harvest!H100/Effort!H100 -> 15 | J100: =+Harvest!J100/Effort!J100 -> 14.314286 | L100: CLOSED | N100: CLOSED | O100: =+Harvest!O100/Effort!O100 -> 14.687029
A101: 45750 | B101: Thu | C101: 0.46319444 | D101: -0.47 | E101: * | F101: 15 | H101: =+Harvest!H101/Effort!H101 -> 15 | J101: CLOSED | L101: =+Harvest!L101/Effort!L101 -> 15 | N101: CLOSED | O101: =+Harvest!O101/Effort!O101 -> 15
A103: 45759 | B103: Sat | C103: 0.28958333 | D103: 0.35 | E103: * | F103: 14 | H103: =+Harvest!H103/Effort!H103 -> 14.014286 | J103: CLOSED | L103: =+Harvest!L103/Effort!L103 -> 12 | N103: CLOSED | O103: =+Harvest!O103/Effort!O103 -> 13.302168
A104: 45760 | B104: Sun | C104: 0.31180556 | D104: 0 | F104: 15 | G104: * | H104: 15 | J104: =+Harvest!J104/Effort!J104 -> 15 | L104: CLOSED | N104: CLOSED | O104: =+Harvest!O104/Effort!O104 -> 15
A105: 45761 | B105: Mon | C105: 0.33333333 | D105: -0.21 | E105: * | F105: 15 | H105: =+Harvest!H105/Effort!H105 -> 15 | J105: =+Harvest!J105/Effort!J105 -> 13.119048 | L105: CLOSED | N105: CLOSED | O105: =+Harvest!O105/Effort!O105 -> 14.218586
A106: 45762 | B106: Tue | C106: 0.35625 | D106: -0.27 | F106: 15 | G106: * | H106: 15 | J106: CLOSED | L106: =+Harvest!L106/Effort!L106 -> 13.064516 | N106: CLOSED | O106: =+Harvest!O106/Effort!O106 -> 14.32001
A107: 45763 | B107: Wed | C107: 0.38055556 | D107: -0.19 | E107: * | F107: 13 | G107: * | H107: 13 | J107: CLOSED | L107: =+Harvest!L107/Effort!L107 -> 11.742857 | N107: CLOSED | O107: =+Harvest!O107/Effort!O107 -> 12.55833
A108: 45764 | B108: Thu | C108: 0.40833333 | D108: 0 | F108: =+Harvest!F108/Effort!F108 -> 15 | H108: =+Harvest!H108/Effort!H108 -> 14.677419 | J108: =+Harvest!J108/Effort!J108 -> 15 | L108: CLOSED | N108: CLOSED | O108: =+Harvest!O108/Effort!O108 -> 14.900895
A109: 45765 | B109: Fri | C109: 0.43958333 | D109: 0.26 | E109: * | F109: 14 | G109: * | H109: 14 | J109: =+Harvest!J109/Effort!J109 -> 13.942308 | L109: CLOSED | N109: CLOSED | O109: =+Harvest!O109/Effort!O109 -> 13.975841
A111: 45773 | B111: Sat | C111: 0.24513889 | D111: -0.55 | F111: 14.5 | H111: =+Harvest!H111/Effort!H111 -> 15 | J111: =+Harvest!J111/Effort!J111 -> 10.862745 | L111: CLOSED | N111: CLOSED | O111: =+Harvest!O111/Effort!O111 -> 13.188829
A112: 45774 | B112: Sun | C112: 0.27777778 | D112: -1.45 | F112: 14.3 | G112: * | H112: 14 | J112: CLOSED | L112: =+Harvest!L112/Effort!L112 -> 13.193548 | N112: CLOSED | O112: =+Harvest!O112/Effort!O112 -> 13.739239
A113: 45775 | B113: Mon | C113: 0.30902778 | D113: -2.03 | E113: * | F113: 14 | H113: =+Harvest!H113/Effort!H113 -> 15 | J113: CLOSED | L113: =+Harvest!L113/Effort!L113 -> 14.292683 | N113: CLOSED | O113: =+Harvest!O113/Effort!O113 -> 14.337307
A114: 45776 | B114: Tue | C114: 0.34166667 | D114: -2.22 | E114: * | F114: 14 | H114: =+Harvest!H114/Effort!H114 -> 13.925926 | J114: =+Harvest!J114/Effort!J114 -> 15 | L114: CLOSED | N114: CLOSED | O114: =+Harvest!O114/Effort!O114 -> 14.423926
...

Sheet Summary Table
A1: 2024-2025 State (non-Tribal) Recreational Razor Clam Effort, Harvest and CPUE totals.
E2: LONG BEACH | H2: TWIN HARBORS | K2: COPALIS | N2: MOCROCKS | Q2: KALALOCH | T2: DAILY TOTALS | W2: CROSS | X2: CHECK
A3: DATE | B3: DAY | C3: TIME | D3: TIDE | E3: Effort | F3: Harvest | G3: CPUE | H3: Effort | I3: Harvest | J3: CPUE | K3: Effort | L3: Harvest | M3: CPUE | N3: Effort | O3: Harvest | P3: CPUE | Q3: Effort | R3: Harvest | S3: CPUE | T3: Effort | U3: Harvest
A4: 45568 | B4: Thu | C4: 0.81805556 | D4: 0.33 | E4: =Effort!F2 -> 1477.3374 | F4: =Harvest!F2 -> 18842.126 | G4: =+CPUE!F2 -> 12.754112 | H4: =Effort!H2 -> 1638.3428 | I4: =Harvest!H2 -> 23619.442 | J4: =CPUE!H2 -> 14.416667 | K4: =Effort!J2 -> CLOSED | L4: =Harvest!J2 -> CLOSED | M4: =CPUE!J2 -> CLOSED | N4: =Effort!L2 -> 842.90279 | O4: =Harvest!L2 -> 12300.137 | P4: =CPUE!L2 -> 14.592593 | Q4: CLOSED | R4: CLOSED | S4: CLOSED | T4: =SUM(E4,H4,K4,N4) -> 3958.5829 | U4: =SUM(F4,I4,L4,O4) -> 54761.705
A5: 45569 | B5: Fri | C5: 0.84027778 | D5: 0.13 | E5: =Effort!F3 -> 936.60758 | F5: =Harvest!F3 -> 14049.114 | G5: =+CPUE!F3 -> 15 | H5: =Effort!H3 -> 915.05695 | I5: =Harvest!H3 -> 13725.854 | J5: =CPUE!H3 -> 15 | K5: =Effort!J3 -> 1689.802 | L5: =Harvest!J3 -> 25230.491 | M5: =CPUE!J3 -> 14.931034 | N5: =Effort!L3 -> CLOSED | O5: =Harvest!L3 -> CLOSED | P5: =CPUE!L3 -> CLOSED | Q5: CLOSED | R5: CLOSED | S5: CLOSED | T5: =SUM(E5,H5,K5,N5) -> 3541.4665 | U5: =SUM(F5,I5,L5,O5) -> 53005.459
A6: 45570 | B6: Sat | C6: 0.86388889 | D6: 0.07 | E6: =Effort!F4 -> 1621.6754 | F6: =Harvest!F4 -> 22703.455 | G6: =+CPUE!F4 -> 14 | H6: =Effort!H4 -> 1584.3619 | I6: =Harvest!H4 -> 22242.003 | J6: =CPUE!H4 -> 14.038462 | K6: =Effort!J4 -> 2925.7827 | L6: =Harvest!J4 -> 36243.88 | M6: =CPUE!J4 -> 12.387755 | N6: =Effort!L4 -> CLOSED | O6: =Harvest!L4 -> CLOSED | P6: =CPUE!L4 -> CLOSED | Q6: CLOSED | R6: CLOSED | S6: CLOSED | T6: =SUM(E6,H6,K6,N6) -> 6131.82 | U6: =SUM(F6,I6,L6,O6) -> 81189.338
A7: 45571 | B7: Sun | C7: 0.88888889 | D7: 0.13 | E7: =Effort!F5 -> 472.51044 | F7: =Harvest!F5 -> 7087.6567 | G7: =+CPUE!F5 -> 15 | H7: =Effort!H5 -> 524.0063 | I7: =Harvest!H5 -> 7860.0945 | J7: =CPUE!H5 -> 15 | K7: =Effort!J5 -> CLOSED | L7: =Harvest!J5 -> CLOSED | M7: =CPUE!J5 -> CLOSED | N7: =Effort!L5 -> 269.59338 | O7: =Harvest!L5 -> 4043.9007 | P7: =CPUE!L5 -> 15 | Q7: CLOSED | R7: CLOSED | S7: CLOSED | T7: =SUM(E7,H7,K7,N7) -> 1266.1101 | U7: =SUM(F7,I7,L7,O7) -> 18991.652
A8: 45572 | B8: Mon | C8: 0.91805556 | D8: 0.3 | E8: =Effort!F6 -> 90.191841 | F8: =Harvest!F6 -> 1352.8776 | G8: =+CPUE!F6 -> 15 | H8: =Effort!H6 -> 158.78994 | I8: =Harvest!H6 -> 2381.8491 | J8: =CPUE!H6 -> 15 | K8: =Effort!J6 -> CLOSED | L8: =Harvest!J6 -> CLOSED | M8: =CPUE!J6 -> CLOSED | N8: =Effort!L6 -> 176.66393 | O8: =Harvest!L6 -> 2649.959 | P8: =CPUE!L6 -> 15 | Q8: CLOSED | R8: CLOSED | S8: CLOSED | T8: =SUM(E8,H8,K8,N8) -> 425.64571 | U8: =SUM(F8,I8,L8,O8) -> 6384.6857
A9: Tide Series Totals | E9: =SUM(E4:E8) -> 4598.3226 | F9: =SUM(F4:F8) -> 64035.23 | G9: =+F9/E9 -> 13.92578 | H9: =SUM(H4:H8) -> 4820.5578 | I9: =SUM(I4:I8) -> 69829.243 | J9: =+I9/H9 -> 14.485718 | K9: =SUM(K4:K8) -> 4615.5847 | L9: =SUM(L4:L8) -> 61474.371 | M9: =+L9/K9 -> 13.31887 | N9: =SUM(N4:N8) -> 1289.1601 | O9: =SUM(O4:O8) -> 18993.997 | P9: =+O9/N9 -> 14.733621 | T9: =SUM(T4:T8) -> 15323.625 | U9: =SUM(U4:U8) -> 214332.84 | W9: =SUM(H9,K9,N9,Q9,E9) -> 15323.625 | X9: =SUM(R9,O9,L9,I9,F9) -> 214332.84
A10: 45580 | B10: Tue | C10: 0.72986111 | D10: 0.53 | E10: =Effort!F8 -> 1395.632 | F10: =Harvest!F8 -> 20236.664 | G10: =+CPUE!F8 -> 14.5 | H10: =Effort!H8 -> 1116.866 | I10: =Harvest!H8 -> 15785.039 | J10: =CPUE!H8 -> 14.133333 | K10: =Effort!J8 -> CLOSED | L10: =Harvest!J8 -> CLOSED | M10: =CPUE!J8 -> CLOSED | N10: =Effort!L8 -> 1020.3701 | O10: =Harvest!L8 -> 15184.078 | P10: =CPUE!L8 -> 14.880952 | Q10: CLOSED | R10: CLOSED | S10: CLOSED | T10: =SUM(E10,H10,K10,N10) -> 3532.8681 | U10: =SUM(F10,I10,L10,O10) -> 51205.782
A11: 45581 | B11: Wed | C11: 0.7625 | D11: -0.48 | E11: =Effort!F9 -> 1152.5828 | F11: =Harvest!F9 -> 14773.165 | G11: =+CPUE!F9 -> 12.817444 | H11: =Effort!H9 -> 1190.0248 | I11: =Harvest!H9 -> 17850.372 | J11: =CPUE!H9 -> 15 | K11: =Effort!J9 -> 1560.3596 | L11: =Harvest!J9 -> 23405.395 | M11: =CPUE!J9 -> 15 | N11: =Effort!L9 -> CLOSED | O11: =Harvest!L9 -> CLOSED | P11: =CPUE!L9 -> CLOSED | Q11: CLOSED | R11: CLOSED | S11: CLOSED | T11: =SUM(E11,H11,K11,N11) -> 3902.9672 | U11: =SUM(F11,I11,L11,O11) -> 56028.932
A12: 45582 | B12: Thu | C12: 0.79375 | D12: -1.25 | E12: =Effort!F10 -> 1631.7989 | F12: =Harvest!F10 -> 23661.084 | G12: =+CPUE!F10 -> 14.5 | H12: =Effort!H10 -> 1684.8084 | I12: =Harvest!H10 -> 24968.308 | J12: =CPUE!H10 -> 14.819672 | K12: =Effort!J10 -> 2209.1196 | L12: =Harvest!J10 -> 32203.363 | M12: =CPUE!J10 -> 14.577465 | N12: =Effort!L10 -> CLOSED | O12: =Harvest!L10 -> CLOSED | P12: =CPUE!L10 -> CLOSED | Q12: CLOSED | R12: CLOSED | S12: CLOSED | T12: =SUM(E12,H12,K12,N12) -> 5525.7269 | U12: =SUM(F12,I12,L12,O12) -> 80832.755
A13: 45583 | B13: Fri | C13: 0.82569444 | D13: -1.66 | E13: =Effort!F11 -> 1240.2797 | F13: =Harvest!F11 -> 4340.9791 | G13: =+CPUE!F11 -> 3.5 | H13: =Effort!H11 -> 954.45189 | I13: =Harvest!H11 -> 4854.0696 | J13: =CPUE!H11 -> 5.0857143 | K13: =Effort!J11 -> CLOSED | L13: =Harvest!J11 -> CLOSED | M13: =CPUE!J11 -> CLOSED | N13: =Effort!L11 -> 906.78938 | O13: =Harvest!L11 -> 2593.8394 | P13: =CPUE!L11 -> 2.8604651 | Q13: CLOSED | R13: CLOSED | S13: CLOSED | T13: =SUM(E13,H13,K13,N13) -> 3101.521 | U13: =SUM(F13,I13,L13,O13) -> 11788.888
A14: 45584 | B14: Sat | C14: 0.85763889 | D14: -1.69 | E14: =Effort!F12 -> 2309.9187 | F14: =Harvest!F12 -> 26102.081 | G14: =+CPUE!F12 -> 11.3 | H14: =Effort!H12 -> 1735.9676 | I14: =Harvest!H12 -> 15623.708 | J14: =CPUE!H12 -> 9 | K14: =Effort!J12 -> CLOSED | L14: =Harvest!J12 -> CLOSED | M14: =CPUE!J12 -> CLOSED | N14: =Effort!L12 -> 1649.2785 | O14: =Harvest!L12 -> 13531.58 | P14: =CPUE!L12 -> 8.2045455 | Q14: CLOSED | R14: CLOSED | S14: CLOSED | T14: =SUM(E14,H14,K14,N14) -> 5695.1647 | U14: =SUM(F14,I14,L14,O14) -> 55257.37
A15: 45585 | B15: Sun | C15: 0.89166667 | D15: -1.36 | E15: =Effort!F13 -> 384.93669 | F15: =Harvest!F13 -> 5774.0504 | G15: =+CPUE!F13 -> 15 | H15: =Effort!H13 -> 397.44148 | I15: =Harvest!H13 -> 5961.6221 | J15: =CPUE!H13 -> 15 | K15: =Effort!J13 -> 521.12498 | L15: =Harvest!J13 -> 7816.8747 | M15: =CPUE!J13 -> 15 | N15: =Effort!L13 -> CLOSED | O15: =Harvest!L13 -> CLOSED | P15: =CPUE!L13 -> CLOSED | Q15: CLOSED | R15: CLOSED | S15: CLOSED | T15: =SUM(E15,H15,K15,N15) -> 1303.5031 | U15: =SUM(F15,I15,L15,O15) -> 19552.547
A16: 45586 | B16: Mon | C16: 0.92777778 | D16: -0.78 | E16: =Effort!F14 -> 206.92418 | F16: =Harvest!F14 -> 3103.8626 | G16: =+CPUE!F14 -> 15 | H16: =Effort!H14 -> 213.64617 | I16: =Harvest!H14 -> 3204.6926 | J16: =CPUE!H14 -> 15 | K16: =Effort!J14 -> 280.13271 | L16: =Harvest!J14 -> 4201.9906 | M16: =CPUE!J14 -> 15 | N16: =Effort!L14 -> CLOSED | O16: =Harvest!L14 -> CLOSED | P16: =CPUE!L14 -> CLOSED | Q16: CLOSED | R16: CLOSED | S16: CLOSED | T16: =SUM(E16,H16,K16,N16) -> 700.70305 | U16: =SUM(F16,I16,L16,O16) -> 10510.546
A17: Tide Series Totals | E17: =SUM(E10:E16) -> 8322.073 | F17: =SUM(F10:F16) -> 97991.887 | G17: =+F17/E17 -> 11.774937 | H17: =SUM(H10:H16) -> 7293.2063 | I17: =SUM(I10:I16) -> 88247.811 | J17: =+I17/H17 -> 12.100002 | K17: =SUM(K10:K16) -> 4570.7369 | L17: =SUM(L10:L16) -> 67627.623 | M17: =+L17/K17 -> 14.795781 | N17: =SUM(N10:N16) -> 3576.4379 | O17: =SUM(O10:O16) -> 31309.498 | P17: =+O17/N17 -> 8.7543804 | T17: =SUM(T10:T16) -> 23762.454 | U17: =SUM(U10:U16) -> 285176.82 | W17: =SUM(H17,K17,N17,Q17,E17) -> 23762.454 | X17: =SUM(R17,O17,L17,I17,F17) -> 285176.82
A18: 45597 | B18: Fri | C18: 0.80208333 | D18: -0.19 | E18: =Effort!F16 -> 768.48287 | F18: =Harvest!F16 -> 9423.2495 | G18: =+CPUE!F16 -> 12.262147 | H18: =Effort!H16 -> 1078.629 | I18: =Harvest!H16 -> 14022.177 | J18: =CPUE!H16 -> 13 | K18: =Effort!J16 -> CLOSED | L18: =Harvest!J16 -> CLOSED | M18: =CPUE!J16 -> CLOSED | N18: =Effort!L16 -> 947.32683 | O18: =Harvest!L16 -> 12543.914 | P18: =CPUE!L16 -> 13.241379 | Q18: CLOSED | R18: CLOSED | S18: CLOSED | T18: =SUM(E18,H18,K18,N18) -> 2794.4387 | U18: =SUM(F18,I18,L18,O18) -> 35989.34
A19: 45598 | B19: Sat | C19: 0.82430556 | D19: -0.36 | E19: =Effort!F17 -> 847.38926 | F19: =Harvest!F17 -> 11016.06 | G19: =+CPUE!F17 -> 13 | H19: =Effort!H17 -> 1189.3806 | I19: =Harvest!H17 -> 15635.399 | J19: =CPUE!H17 -> 13.145833 | K19: =Effort!J17 -> CLOSED | L19: =Harvest!J17 -> CLOSED | M19: =CPUE!J17 -> CLOSED | N19: =Effort!L17 -> 1044.5966 | O19: =Harvest!L17 -> 10012.84 | P19: =CPUE!L17 -> 9.5853659 | Q19: CLOSED | R19: CLOSED | S19: CLOSED | T19: =SUM(E19,H19,K19,N19) -> 3081.3664 | U19: =SUM(F19,I19,L19,O19) -> 36664.3
A20: 45599 | B20: Sun | C20: 0.80694444 | D20: -0.39 | E20: =Effort!F18 -> 260.3776 | F20: =Harvest!F18 -> 1353.9635 | G20: =+CPUE!F18 -> 5.2 | H20: =Effort!H18 -> 450.80604 | I20: =Harvest!H18 -> 829.48311 | J20: =CPUE!H18 -> 1.84 | K20: =Effort!J18 -> 547.69196 | L20: =Harvest!J18 -> 2243.7703 | M20: =CPUE!J18 -> 4.0967742 | N20: =Effort!L18 -> CLOSED | O20: =Harvest!L18 -> CLOSED | P20: =CPUE!L18 -> CLOSED | Q20: CLOSED | R20: CLOSED | S20: CLOSED | T20: =SUM(E20,H20,K20,N20) -> 1258.8756 | U20: =SUM(F20,I20,L20,O20) -> 4427.2169
A21: 45600 | B21: Mon | C21: 0.83333333 | D21: -0.29 | E21: =Effort!F19 -> 51.10981 | F21: =Harvest!F19 -> 459.98829 | G21: =+CPUE!F19 -> 9 | H21: =Effort!H19 -> 88.489223 | I21: =Harvest!H19 -> 796.40301 | J21: =CPUE!H19 -> 9 | K21: =Effort!J19 -> 107.50707 | L21: =Harvest!J19 -> 967.56363 | M21: =CPUE!J19 -> 9 | N21: =Effort!L19 -> CLOSED | O21: =Harvest!L19 -> CLOSED | P21: =CPUE!L19 -> CLOSED | Q21: CLOSED | R21: CLOSED | S21: CLOSED | T21: =SUM(E21,H21,K21,N21) -> 247.1061 | U21: =SUM(F21,I21,L21,O21) -> 2223.9549
A22: 45601 | B22: Tue | C22: 0.8625 | D22: -0.09 | E22: =Effort!F20 -> 79.464009 | F22: =Harvest!F20 -> 1033.0321 | G22: =+CPUE!F20 -> 13 | H22: =Effort!H20 -> 109.375 | I22: =Harvest!H20 -> 1531.25 | J22: =CPUE!H20 -> 14 | K22: =Effort!J20 -> CLOSED | L22: =Harvest!J20 -> CLOSED | M22: =CPUE!J20 -> CLOSED | N22: =Effort!L20 -> 97.957146 | O22: =Harvest!L20 -> 1098.5194 | P22: =CPUE!L20 -> 11.214286 | Q22: CLOSED | R22: CLOSED | S22: CLOSED | T22: =SUM(E22,H22,K22,N22) -> 286.79616 | U22: =SUM(F22,I22,L22,O22) -> 3662.8016
A23: Tide Series Totals | E23: =SUM(E18:E22) -> 2006.8235 | F23: =SUM(F18:F22) -> 23286.294 | G23: =+F23/E23 -> 11.603558 | H23: =SUM(H18:H22) -> 2916.6798 | I23: =SUM(I18:I22) -> 32814.712 | J23: =+I23/H23 -> 11.250708 | K23: =SUM(K18:K22) -> 655.19903 | L23: =SUM(L18:L22) -> 3211.3339 | M23: =+L23/K23 -> 4.9013105 | N23: =SUM(N18:N22) -> 2089.8806 | O23: =SUM(O18:O22) -> 23655.274 | P23: =+O23/N23 -> 11.31896 | T23: =SUM(T18:T22) -> 7668.583 | U23: =SUM(U18:U22) -> 82967.613 | W23: =SUM(H23,K23,N23,Q23,E23) -> 7668.583 | X23: =SUM(R23,O23,L23,I23,F23) -> 82967.613
A24: 45609 | B24: Wed | C24: 0.67708333 | D24: -0.17 | E24: =Effort!F22 -> 451.62536 | F24: =Harvest!F22 -> 5464.6668 | G24: =+CPUE!F22 -> 12.1 | H24: =Effort!H22 -> 592.09054 | I24: =Harvest!H22 -> 7697.177 | J24: =CPUE!H22 -> 13 | K24: =Effort!J22 -> CLOSED | L24: =Harvest!J22 -> CLOSED | M24: =CPUE!J22 -> CLOSED | N24: =Effort!L22 -> 514.83341 | O24: =Harvest!L22 -> 7022.8558 | P24: =CPUE!L22 -> 13.641026 | Q24: CLOSED | R24: CLOSED | S24: CLOSED | T24: =SUM(E24,H24,K24,N24) -> 1558.5493 | U24: =SUM(F24,I24,L24,O24) -> 20184.7
A25: 45610 | B25: Thu | C25: 0.70972222 | D25: -1.09 | E25: =Effort!F23 -> 1081.0979 | F25: =Harvest!F23 -> 12973.174 | G25: =+CPUE!F23 -> 12 | H25: =Effort!H23 -> 1307.5849 | I25: =Harvest!H23 -> 16148.674 | J25: =CPUE!H23 -> 12.35 | K25: =Effort!J23 -> CLOSED | L25: =Harvest!J23 -> CLOSED | M25: =CPUE!J23 -> CLOSED | N25: =Effort!L23 -> 1136.9687 | O25: =Harvest!L23 -> 16343.925 | P25: =CPUE!L23 -> 14.375 | Q25: CLOSED | R25: CLOSED | S25: CLOSED | T25: =SUM(E25,H25,K25,N25) -> 3525.6515 | U25: =SUM(F25,I25,L25,O25) -> 45465.773
A26: 45611 | B26: Fri | C26: 0.74166667 | D26: -1.68 | E26: =Effort!F24 -> 2116.6716 | F26: =Harvest!F24 -> 31750.074 | G26: =+CPUE!F24 -> 15 | H26: =Effort!H24 -> 2175.2661 | I26: =Harvest!H24 -> 31178.814 | J26: =CPUE!H24 -> 14.333333 | K26: =Effort!J24 -> 3896.9949 | L26: =Harvest!J24 -> 55348.623 | M26: =CPUE!J24 -> 14.202899 | N26: =Effort!L24 -> CLOSED | O26: =Harvest!L24 -> CLOSED | P26: =CPUE!L24 -> CLOSED | Q26: CLOSED | R26: CLOSED | S26: CLOSED | T26: =SUM(E26,H26,K26,N26) -> 8188.9326 | U26: =SUM(F26,I26,L26,O26) -> 118277.51
A27: 45612 | B27: Sat | C27: 0.77291667 | D27: -1.9 | E27: =Effort!F25 -> 686.13439 | F27: =Harvest!F25 -> 1715.336 | G27: =+CPUE!F25 -> 2.5 | H27: =Effort!H25 -> 705.12824 | I27: =Harvest!H25 -> 761.5385 | J27: =CPUE!H25 -> 1.08 | K27: =Effort!J25 -> 2469.621 | L27: =Harvest!J25 -> 6275.2664 | M27: =CPUE!J25 -> 2.5409836 | N27: =Effort!L25 -> CLOSED | O27: =Harvest!L25 -> CLOSED | P27: =CPUE!L25 -> CLOSED | Q27: CLOSED | R27: CLOSED | S27: CLOSED | T27: =SUM(E27,H27,K27,N27) -> 3860.8836 | U27: =SUM(F27,I27,L27,O27) -> 8752.1409
A28: 45613 | B28: Sun | C28: 0.80486111 | D28: -1.75 | E28: =Effort!F26 -> 503.29155 | F28: =Harvest!F26 -> 5284.5613 | G28: =+CPUE!F26 -> 10.5 | H28: =Effort!H26 -> 608.72976 | I28: =Harvest!H26 -> 6391.6625 | J28: =CPUE!H26 -> 10.5 | K28: =Effort!J26 -> CLOSED | L28: =Harvest!J26 -> CLOSED | M28: =CPUE!J26 -> CLOSED | N28: =Effort!L26 -> 529.30152 | O28: =Harvest!L26 -> 5487.0924 | P28: =CPUE!L26 -> 10.366667 | Q28: CLOSED | R28: CLOSED | S28: CLOSED | T28: =SUM(E28,H28,K28,N28) -> 1641.3228 | U28: =SUM(F28,I28,L28,O28) -> 17163.316
A29: 45614 | B29: Mon | C29: 0.83680556 | D29: -1.31 | E29: =Effort!F27 -> 76.930917 | F29: =Harvest!F27 -> 738.53681 | G29: =+CPUE!F27 -> 9.6 | H29: =Effort!H27 -> 135.5677 | I29: =Harvest!H27 -> 101.67577 | J29: =CPUE!H27 -> 8 | K29: =Effort!J27 -> CLOSED | L29: =Harvest!J27 -> CLOSED | M29: =CPUE!J27 -> CLOSED | N29: =Effort!L27 -> 167.95984 | O29: =Harvest!L27 -> 1301.6887 | P29: =CPUE!L27 -> 7.75 | Q29: CLOSED | R29: CLOSED | S29: CLOSED | T29: =SUM(E29,H29,K29,N29) -> 380.45845 | U29: =SUM(F29,I29,L29,O29) -> 2141.9013
A30: 45615 | B30: Tue | C30: 0.87083333 | D30: -0.69 | E30: =Effort!F28 -> 28.112381 | F30: =Harvest!F28 -> 323.29238 | G30: =+CPUE!F28 -> 11.5 | H30: =Effort!H28 -> 28.890599 | I30: =Harvest!H28 -> 335.13095 | J30: =CPUE!H28 -> 11.6 | K30: =Effort!J28 -> 51.757584 | L30: =Harvest!J28 -> 595.21221 | M30: =CPUE!J28 -> 11.5 | N30: =Effort!L28 -> CLOSED | O30: =Harvest!L28 -> CLOSED | P30: =CPUE!L28 -> CLOSED | Q30: CLOSED | R30: CLOSED | S30: CLOSED | T30: =SUM(E30,H30,K30,N30) -> 108.76056 | U30: =SUM(F30,I30,L30,O30) -> 1253.6356
A31: Tide Series Totals | E31: =SUM(E24:E30) -> 4943.864 | F31: =SUM(F24:F30) -> 58249.641 | G31: =+F31/E31 -> 11.782209 | H31: =SUM(H24:H30) -> 5553.2579 | I31: =SUM(I24:I30) -> 62614.673 | J31: =+I31/H31 -> 11.275304 | K31: =SUM(K24:K30) -> 6418.3735 | L31: =SUM(L24:L30) -> 62219.102 | M31: =+L31/K31 -> 9.6939049 | N31: =SUM(N24:N30) -> 2349.0635 | O31: =SUM(O24:O30) -> 30155.562 | P31: =+O31/N31 -> 12.83727 | T31: =SUM(T24:T30) -> 19264.559 | U31: =SUM(U24:U30) -> 213238.98 | W31: =SUM(H31,K31,N31,Q31,E31) -> 19264.559 | X31: =SUM(R31,O31,L31,I31,F31) -> 213238.98
A32: 45625 | B32: Fri | C32: 0.72222222 | D32: -0.07 | E32: =Effort!F30 -> 1991.8048 | F32: =Harvest!F30 -> 27885.267 | G32: =+CPUE!F30 -> 14 | H32: =Effort!H30 -> 2295.0727 | I32: =Harvest!H30 -> 33406.058 | J32: =CPUE!H30 -> 14.555556 | K32: =Effort!J30 -> CLOSED | L32: =Harvest!J30 -> CLOSED | M32: =CPUE!J30 -> CLOSED | N32: =Effort!L30 -> 2134.1853 | O32: =Harvest!L30 -> 29980.222 | P32: =CPUE!L30 -> 14.047619 | Q32: CLOSED | R32: CLOSED | S32: CLOSED | T32: =SUM(E32,H32,K32,N32) -> 6421.0628 | U32: =SUM(F32,I32,L32,O32) -> 91271.547
A33: 45626 | B33: Sat | C33: 0.74583333 | D33: -0.41 | E33: =Effort!F31 -> 1769.2525 | F33: =Harvest!F31 -> 25123.385 | G33: =+CPUE!F31 -> 14.2 | H33: =Effort!H31 -> 2038.635 | I33: =Harvest!H31 -> 28540.891 | J33: =CPUE!H31 -> 14 | K33: =Effort!J31 -> CLOSED | L33: =Harvest!J31 -> CLOSED | M33: =CPUE!J31 -> CLOSED | N33: =Effort!L31 -> 1895.7243 | O33: =Harvest!L31 -> 22228.296 | P33: =CPUE!L31 -> 11.72549 | Q33: CLOSED | R33: CLOSED | S33: CLOSED | T33: =SUM(E33,H33,K33,N33) -> 5703.6118 | U33: =SUM(F33,I33,L33,O33) -> 75892.572
A34: 45627 | B34: Sun | C34: 0.77083333 | D34: -0.62 | E34: =Effort!F32 -> 607.36502 | F34: =Harvest!F32 -> 8503.1103 | G34: =+CPUE!F32 -> 14 | H34: =Effort!H32 -> 773.56627 | I34: =Harvest!H32 -> 10854.881 | J34: =CPUE!H32 -> 14.032258 | K34: =Effort!J32 -> 982.30745 | L34: =Harvest!J32 -> 12260.652 | M34: =CPUE!J32 -> 12.481481 | N34: =Effort!L32 -> CLOSED | O34: =Harvest!L32 -> CLOSED | P34: =CPUE!L32 -> CLOSED | Q34: CLOSED | R34: CLOSED | S34: CLOSED | T34: =SUM(E34,H34,K34,N34) -> 2363.2387 | U34: =SUM(F34,I34,L34,O34) -> 31618.644
A35: 45628 | B35: Mon | C35: 0.79583333 | D35: -0.69 | E35: =Effort!F33 -> 279.16066 | F35: =Harvest!F33 -> 4187.4099 | G35: =+CPUE!F33 -> 15 | H35: =Effort!H33 -> 355.55105 | I35: =Harvest!H33 -> 4977.7146 | J35: =CPUE!H33 -> 14 | K35: =Effort!J33 -> 451.49389 | L35: =Harvest!J33 -> 5327.6279 | M35: =CPUE!J33 -> 11.8 | N35: =Effort!L33 -> CLOSED | O35: =Harvest!L33 -> CLOSED | P35: =CPUE!L33 -> CLOSED | Q35: CLOSED | R35: CLOSED | S35: CLOSED | T35: =SUM(E35,H35,K35,N35) -> 1086.2056 | U35: =SUM(F35,I35,L35,O35) -> 14492.752
A36: 45629 | B36: Tue | C36: 0.82361111 | D36: -0.63 | E36: =Effort!F34 -> 142.59828 | F36: =Harvest!F34 -> 2138.9742 | G36: =+CPUE!F34 -> 15 | H36: =Effort!H34 -> 233.79414 | I36: =Harvest!H34 -> 3273.118 | J36: =CPUE!H34 -> 14 | K36: =Effort!J34 -> CLOSED | L36: =Harvest!J34 -> CLOSED | M36: =CPUE!J34 -> CLOSED | N36: =Effort!L34 -> 217.40489 | O36: =Harvest!L34 -> 2853.4392 | P36: =CPUE!L34 -> 13.125 | Q36: CLOSED | R36: CLOSED | S36: CLOSED | T36: =SUM(E36,H36,K36,N36) -> 593.79732 | U36: =SUM(F36,I36,L36,O36) -> 8265.5314
A37: 45630 | B37: Wed | C37: 0.85277778 | D37: -0.46 | E37: =Effort!F35 -> 49.09604 | F37: =Harvest!F35 -> 589.15247 | G37: =+CPUE!F35 -> 12 | H37: =Effort!H35 -> 153.76891 | I37: =Harvest!H35 -> 1977.0289 | J37: =CPUE!H35 -> 12.857143 | K37: =Effort!J35 -> CLOSED | L37: =Harvest!J35 -> CLOSED | M37: =CPUE!J35 -> CLOSED | N37: =Effort!L35 -> 74.851666 | O37: =Harvest!L35 -> 673.665 | P37: =CPUE!L35 -> 9 | Q37: CLOSED | R37: CLOSED | S37: CLOSED | T37: =SUM(E37,H37,K37,N37) -> 277.71662 | U37: =SUM(F37,I37,L37,O37) -> 3239.8464
A38: 45631 | B38: Thu | C38: 0.88402778 | D38: -0.17 | E38: =Effort!F36 -> 26.408701 | F38: =Harvest!F36 -> 132.04351 | G38: =+CPUE!F36 -> 5 | H38: =Effort!H36 -> 33.63526 | I38: =Harvest!H36 -> 168.1763 | J38: =CPUE!H36 -> 5 | K38: =Effort!J36 -> 42.711489 | L38: =Harvest!J36 -> 213.55744 | M38: =CPUE!J36 -> 5 | N38: =Effort!L36 -> CLOSED | O38: =Harvest!L36 -> CLOSED | P38: =CPUE!L36 -> CLOSED | Q38: CLOSED | R38: CLOSED | S38: CLOSED | T38: =SUM(E38,H38,K38,N38) -> 102.75545 | U38: =SUM(F38,I38,L38,O38) -> 513.77725
A39: Tide Series Totals | E39: =SUM(E32:E38) -> 4865.686 | F39: =SUM(F32:F38) -> 68559.342 | G39: =+F39/E39 -> 14.090376 | H39: =SUM(H32:H38) -> 5884.0234 | I39: =SUM(I32:I38) -> 83197.868 | J39: =+I39/H39 -> 14.139622 | K39: =SUM(K32:K38) -> 1476.5128 | L39: =SUM(L32:L38) -> 17801.838 | M39: =+L39/K39 -> 12.056677 | N39: =SUM(N32:N38) -> 4322.1661 | O39: =SUM(O32:O38) -> 55735.623 | P39: =+O39/N39 -> 12.895299 | T39: =SUM(T32:T38) -> 16548.388 | U39: =SUM(U32:U38) -> 225294.67 | W39: =SUM(H39,K39,N39,Q39,E39) -> 16548.388 | X39: =SUM(R39,O39,L39,I39,F39) -> 225294.67
A40: 45638 | B40: Thu | C40: 0.66666667 | D40: -0.48 | E40: =Effort!F38 -> 552.43471 | F40: =Harvest!F38 -> 7070.1462 | G40: =+CPUE!F38 -> 12.798157 | H40: =Effort!H38 -> 850.62084 | I40: =Harvest!H38 -> 11589.709 | J40: =CPUE!H38 -> 13.625 | K40: =Effort!J38 -> 961.07792 | L40: =Harvest!J38 -> 13885.047 | M40: =CPUE!J38 -> 14.447368 | N40: =Effort!L38 -> CLOSED | O40: =Harvest!L38 -> CLOSED | P40: =CPUE!L38 -> CLOSED | Q40: CLOSED | R40: CLOSED | S40: CLOSED | T40: =SUM(E40,H40,K40,N40) -> 2364.1335 | U40: =SUM(F40,I40,L40,O40) -> 32544.902
A41: 45639 | B41: Fri | C41: 0.70138889 | D41: -1.17 | E41: =Effort!F39 -> 640.69608 | F41: =Harvest!F39 -> 8521.2579 | G41: =+CPUE!F39 -> 13.3 | H41: =Effort!H39 -> 629.1739 | I41: =Harvest!H39 -> 7864.6738 | J41: =CPUE!H39 -> 12.5 | K41: =Effort!J39 -> CLOSED | L41: =Harvest!J39 -> CLOSED | M41: =CPUE!J39 -> CLOSED | N41: =Effort!L39 -> 593.33638 | O41: =Harvest!L39 -> 6384.2995 | P41: =CPUE!L39 -> 10.76 | Q41: CLOSED | R41: CLOSED | S41: CLOSED | T41: =SUM(E41,H41,K41,N41) -> 1863.2064 | U41: =SUM(F41,I41,L41,O41) -> 22770.231
A42: 45640 | B42: Sat | C42: 0.73333333 | D42: -1.55 | E42: =Effort!F40 -> 1422.6126 | F42: =Harvest!F40 -> 8535.6757 | G42: =+CPUE!F40 -> 6 | H42: =Effort!H40 -> 1397.0286 | I42: =Harvest!H40 -> 8382.1714 | J42: =CPUE!H40 -> 6 | K42: =Effort!J40 -> CLOSED | L42: =Harvest!J40 -> CLOSED | M42: =CPUE!J40 -> CLOSED | N42: =Effort!L40 -> 1317.4543 | O42: =Harvest!L40 -> 7616.5328 | P42: =CPUE!L40 -> 5.78125 | Q42: CLOSED | R42: CLOSED | S42: CLOSED | T42: =SUM(E42,H42,K42,N42) -> 4137.0955 | U42: =SUM(F42,I42,L42,O42) -> 24534.38
A43: 45641 | B43: Sun | C43: 0.76458333 | D43: -1.63 | E43: =Effort!F41 -> 370.07761 | F43: =Harvest!F41 -> 2220.4657 | G43: =+CPUE!F41 -> 6 | H43: =Effort!H41 -> 438.47677 | I43: =Harvest!H41 -> 2077.9986 | J43: =CPUE!H41 -> 4.7391304 | K43: =Effort!J41 -> 871.55056 | L43: =Harvest!J41 -> 9629.5708 | M43: =CPUE!J41 -> 11.04878 | N43: =Effort!L41 -> CLOSED | O43: =Harvest!L41 -> CLOSED | P43: =CPUE!L41 -> CLOSED | Q43: CLOSED | R43: CLOSED | S43: CLOSED | T43: =SUM(E43,H43,K43,N43) -> 1680.1049 | U43: =SUM(F43,I43,L43,O43) -> 13928.035
A44: 45642 | B44: Mon | C44: 0.79513889 | D44: -1.45 | E44: =Effort!F42 -> 161.47018 | F44: =Harvest!F42 -> 1550.1137 | G44: =+CPUE!F42 -> 9.6 | H44: =Effort!H42 -> 336.56544 | I44: =Harvest!H42 -> 3365.6544 | J44: =CPUE!H42 -> 10 | K44: =Effort!J42 -> 380.27003 | L44: =Harvest!J42 -> 3802.7003 | M44: =CPUE!J42 -> 10 | N44: =Effort!L42 -> CLOSED | O44: =Harvest!L42 -> CLOSED | P44: =CPUE!L42 -> CLOSED | Q44: CLOSED | R44: CLOSED | S44: CLOSED | T44: =SUM(E44,H44,K44,N44) -> 878.30564 | U44: =SUM(F44,I44,L44,O44) -> 8718.4684
A45: 45643 | B45: Tue | C45: 0.825 | D45: -1.05 | E45: =Effort!F43 -> 30.549396 | F45: =Harvest!F43 -> 61.098791 | G45: =+CPUE!F43 -> 2 | H45: =Effort!H43 -> 30 | I45: =Harvest!H43 -> 60 | J45: =CPUE!H43 -> 2 | K45: =Effort!J43 -> CLOSED | L45: =Harvest!J43 -> CLOSED | M45: =CPUE!J43 -> CLOSED | N45: =Effort!L43 -> 28.291211 | O45: =Harvest!L43 -> 56.582421 | P45: =CPUE!L43 -> 2 | Q45: CLOSED | R45: CLOSED | S45: CLOSED | T45: =SUM(E45,H45,K45,N45) -> 88.840606 | U45: =SUM(F45,I45,L45,O45) -> 177.68121
A46: 45644 | B46: Wed | C46: 0.85486111 | D46: -0.51 | E46: =Effort!F44 -> 87.594256 | F46: =Harvest!F44 -> 875.94256 | G46: =+CPUE!F44 -> 10 | H46: =Effort!H44 -> 134.87476 | I46: =Harvest!H44 -> 1310.212 | J46: =CPUE!H44 -> 9.7142857 | K46: =Effort!J44 -> CLOSED | L46: =Harvest!J44 -> CLOSED | M46: =CPUE!J44 -> CLOSED | N46: =Effort!L44 -> 127.19234 | O46: =Harvest!L44 -> 1271.9234 | P46: =CPUE!L44 -> 10 | Q46: CLOSED | R46: CLOSED | S46: CLOSED | T46: =SUM(E46,H46,K46,N46) -> 349.66136 | U46: =SUM(F46,I46,L46,O46) -> 3458.0779
A47: Tide Series Totals | E47: =SUM(E40:E46) -> 3265.4348 | F47: =SUM(F40:F46) -> 28834.701 | G47: =+F47/E47 -> 8.8302789 | H47: =SUM(H40:H46) -> 3816.7403 | I47: =SUM(I40:I46) -> 34650.419 | J47: =+I47/H47 -> 9.0785373 | K47: =SUM(K40:K46) -> 2212.8985 | L47: =SUM(L40:L46) -> 27317.318 | M47: =+L47/K47 -> 12.344587 | N47: =SUM(N40:N46) -> 2066.2743 | O47: =SUM(O40:O46) -> 15329.338 | P47: =+O47/N47 -> 7.4188303 | T47: =SUM(T40:T46) -> 11361.348 | U47: =SUM(U40:U46) -> 106131.78 | W47: =SUM(H47,K47,N47,Q47,E47) -> 11361.348 | X47: =SUM(R47,O47,L47,I47,F47) -> 106131.78
A48: 45654 | B48: Sat | C48: 0.70694444 | D48: -0.03 | E48: =Effort!F46 -> 1154.5359 | F48: =Harvest!F46 -> 3232.7007 | G48: =+CPUE!F46 -> 2.8 | H48: =Effort!H46 -> 1237.2669 | I48: =Harvest!H46 -> 1903.4875 | J48: =CPUE!H46 -> 1.5384615 | K48: =Effort!J46 -> 2133.0631 | L48: =Harvest!J46 -> 5992.8916 | M48: =CPUE!J46 -> 2.8095238 | N48: =Effort!L46 -> CLOSED | O48: =Harvest!L46 -> CLOSED | P48: =CPUE!L46 -> CLOSED | Q48: CLOSED | R48: CLOSED | S48: CLOSED | T48: =SUM(E48,H48,K48,N48) -> 4524.866 | U48: =SUM(F48,I48,L48,O48) -> 11129.08
A49: 45655 | B49: Sun | C49: 0.73333333 | D49: -0.44 | E49: =Effort!F47 -> 823.44751 | F49: =Harvest!F47 -> 9881.3702 | G49: =+CPUE!F47 -> 12 | H49: =Effort!H47 -> 903.24667 | I49: =Harvest!H47 -> 11153.133 | J49: =CPUE!H47 -> 12.347826 | K49: =Effort!J47 -> CLOSED | L49: =Harvest!J47 -> CLOSED | M49: =CPUE!J47 -> CLOSED | N49: =Effort!L47 -> 1369.3868 | O49: =Harvest!L47 -> 10984.231 | P49: =CPUE!L47 -> 8.0212766 | Q49: CLOSED | R49: CLOSED | S49: CLOSED | T49: =SUM(E49,H49,K49,N49) -> 3096.081 | U49: =SUM(F49,I49,L49,O49) -> 32018.734
A50: 45656 | B50: Mon | C50: 0.75972222 | D50: -0.74 | E50: =Effort!F48 -> 1086.302 | F50: =Harvest!F48 -> 13796.036 | G50: =+CPUE!F48 -> 12.7 | H50: =Effort!H48 -> 1153.2393 | I50: =Harvest!H48 -> 14415.492 | J50: =CPUE!H48 -> 12.5 | K50: =Effort!J48 -> CLOSED | L50: =Harvest!J48 -> CLOSED | M50: =CPUE!J48 -> CLOSED | N50: =Effort!L48 -> 894.00226 | O50: =Harvest!L48 -> 11175.028 | P50: =CPUE!L48 -> 12.5 | Q50: CLOSED | R50: CLOSED | S50: CLOSED | T50: =SUM(E50,H50,K50,N50) -> 3133.5436 | U50: =SUM(F50,I50,L50,O50) -> 39386.556
A51: 45657 | B51: Tue | C51: 0.78541667 | D51: -0.95 | E51: =Effort!F49 -> 787.7714 | F51: =Harvest!F49 -> 9453.2568 | G51: =+CPUE!F49 -> 12 | H51: =Effort!H49 -> 844.22098 | I51: =Harvest!H49 -> 10130.652 | J51: =CPUE!H49 -> 12 | K51: =Effort!J49 -> 1455.4472 | L51: =Harvest!J49 -> 17513.881 | M51: =CPUE!J49 -> 12.033333 | N51: =Effort!L49 -> CLOSED | O51: =Harvest!L49 -> CLOSED | P51: =CPUE!L49 -> CLOSED | Q51: CLOSED | R51: CLOSED | S51: CLOSED | T51: =SUM(E51,H51,K51,N51) -> 3087.4396 | U51: =SUM(F51,I51,L51,O51) -> 37097.79
A52: 45658 | B52: Wed | C52: 0.81180556 | D52: -0.95 | E52: =Effort!F50 -> 696.9038 | F52: =Harvest!F50 -> 1393.8076 | G52: =+CPUE!F50 -> 2 | H52: =Effort!H50 -> 746.84205 | I52: =Harvest!H50 -> 1493.6841 | J52: =CPUE!H50 -> 2 | K52: =Effort!J50 -> 1287.5648 | L52: =Harvest!J50 -> 2125.979 | M52: =CPUE!J50 -> 1.6511628 | N52: =Effort!L50 -> CLOSED | O52: =Harvest!L50 -> CLOSED | P52: =CPUE!L50 -> CLOSED | Q52: CLOSED | R52: CLOSED | S52: CLOSED | T52: =SUM(E52,H52,K52,N52) -> 2731.3106 | U52: =SUM(F52,I52,L52,O52) -> 5013.4707
A53: 45659 | B53: Thu | C53: 0.83888889 | D53: -0.75 | E53: =Effort!F51 -> 204.1373 | F53: =Harvest!F51 -> 796.13546 | G53: =+CPUE!F51 -> 3.9 | H53: =Effort!H51 -> 223.91996 | I53: =Harvest!H51 -> 1716.7197 | J53: =CPUE!H51 -> 7.6666667 | K53: =Effort!J51 -> CLOSED | L53: =Harvest!J51 -> CLOSED | M53: =CPUE!J51 -> CLOSED | N53: =Effort!L51 -> 173.58492 | O53: =Harvest!L51 -> 1301.8869 | P53: =CPUE!L51 -> 7.5 | Q53: CLOSED | R53: CLOSED | S53: CLOSED | T53: =SUM(E53,H53,K53,N53) -> 601.64217 | U53: =SUM(F53,I53,L53,O53) -> 3814.742
A54: 45660 | B54: Fri | C54: 0.86666667 | D54: -0.34 | E54: =Effort!F52 -> 197.40614 | F54: =Harvest!F52 -> 493.51535 | G54: =+CPUE!F52 -> 2.5 | H54: =Effort!H52 -> 216.5365 | I54: =Harvest!H52 -> 541.34124 | J54: =CPUE!H52 -> 2.5 | K54: =Effort!J52 -> CLOSED | L54: =Harvest!J52 -> CLOSED | M54: =CPUE!J52 -> CLOSED | N54: =Effort!L52 -> 167.86118 | O54: =Harvest!L52 -> 419.65296 | P54: =CPUE!L52 -> 2.5 | Q54: CLOSED | R54: CLOSED | S54: CLOSED | T54: =SUM(E54,H54,K54,N54) -> 581.80382 | U54: =SUM(F54,I54,L54,O54) -> 1454.5096
A55: Tide Series Totals | E55: =SUM(E48:E54) -> 4950.5041 | F55: =SUM(F48:F54) -> 39046.822 | G55: =+F55/E55 -> 7.8874436 | H55: =SUM(H48:H54) -> 5325.2724 | I55: =SUM(I48:I54) -> 41354.509 | J55: =+I55/H55 -> 7.7657077 | K55: =SUM(K48:K54) -> 4876.0751 | L55: =SUM(L48:L54) -> 25632.752 | M55: =+L55/K55 -> 5.2568411 | N55: =SUM(N48:N54) -> 2604.8352 | O55: =SUM(O48:O54) -> 23880.799 | P55: =+O55/N55 -> 9.1678732 | T55: =SUM(T48:T54) -> 17756.687 | U55: =SUM(U48:U54) -> 129914.88 | W55: =SUM(H55,K55,N55,Q55,E55) -> 17756.687 | X55: =SUM(R55,O55,L55,I55,F55) -> 129914.88
A56: 45667 | B56: Fri | C56: 0.65763889 | D56: -0.31 | E56: =Effort!F54 -> 816.30994 | F56: =Harvest!F54 -> 4605.2225 | G56: =+CPUE!F54 -> 5.6415122 | H56: =Effort!H54 -> 1207.3884 | I56: =Harvest!H54 -> 9055.4131 | J56: =CPUE!H54 -> 7.5 | K56: =Effort!J54 -> CLOSED | L56: =Harvest!J54 -> CLOSED | M56: =CPUE!J54 -> CLOSED | N56: =Effort!L54 -> 1150.1384 | O56: =Harvest!L54 -> 10823.097 | P56: =CPUE!L54 -> 9.4102564 | Q56: CLOSED | R56: CLOSED | S56: CLOSED | T56: =SUM(E56,H56,K56,N56) -> 3173.8367 | U56: =SUM(F56,I56,L56,O56) -> 24483.733
A57: 45668 | B57: Sat | C57: 0.69375 | D57: -0.76 | E57: =Effort!F55 -> 3609.4652 | F57: =Harvest!F55 -> 54141.978 | G57: =+CPUE!F55 -> 15 | H57: =Effort!H55 -> 3202.2865 | I57: =Harvest!H55 -> 45891.034 | J57: =CPUE!H55 -> 14.330709 | K57: =Effort!J55 -> CLOSED | L57: =Harvest!J55 -> CLOSED | M57: =CPUE!J55 -> CLOSED | N57: =Effort!L55 -> 3050.4455 | O57: =Harvest!L55 -> 41181.014 | P57: =CPUE!L55 -> 13.5 | Q57: CLOSED | R57: CLOSED | S57: CLOSED | T57: =SUM(E57,H57,K57,N57) -> 9862.1971 | U57: =SUM(F57,I57,L57,O57) -> 141214.03
A58: 45669 | B58: Sun | C58: 0.72708333 | D58: -1.02 | E58: =Effort!F56 -> 2267.4424 | F58: =Harvest!F56 -> 30610.473 | G58: =+CPUE!F56 -> 13.5 | H58: =Effort!H56 -> 2011.6554 | I58: =Harvest!H56 -> 27092.456 | J58: =CPUE!H56 -> 13.467742 | K58: =Effort!J56 -> 2864.4528 | L58: =Harvest!J56 -> 39693.131 | M58: =CPUE!J56 -> 13.857143 | N58: =Effort!L56 -> CLOSED | O58: =Harvest!L56 -> CLOSED | P58: =CPUE!L56 -> CLOSED | Q58: CLOSED | R58: CLOSED | S58: CLOSED | T58: =SUM(E58,H58,K58,N58) -> 7143.5506 | U58: =SUM(F58,I58,L58,O58) -> 97396.06
A59: 45670 | B59: Mon | C59: 0.75694444 | D59: -1.07 | E59: =Effort!F57 -> 948.66877 | F59: =Harvest!F57 -> 10909.691 | G59: =+CPUE!F57 -> 11.5 | H59: =Effort!H57 -> 841.65078 | I59: =Harvest!H57 -> 9678.9839 | J59: =CPUE!H57 -> 11.5 | K59: =Effort!J57 -> 1198.4502 | L59: =Harvest!J57 -> 13709.101 | M59: =CPUE!J57 -> 11.439024 | N59: =Effort!L57 -> CLOSED | O59: =Harvest!L57 -> CLOSED | P59: =CPUE!L57 -> CLOSED | Q59: CLOSED | R59: CLOSED | S59: CLOSED | T59: =SUM(E59,H59,K59,N59) -> 2988.7698 | U59: =SUM(F59,I59,L59,O59) -> 34297.776
A60: 45671 | B60: Tue | C60: 0.78472222 | D60: -0.93 | E60: =Effort!F58 -> 186.54492 | F60: =Harvest!F58 -> 932.7246 | G60: =+CPUE!F58 -> 5 | H60: =Effort!H58 -> 275.91502 | I60: =Harvest!H58 -> 1379.5751 | J60: =CPUE!H58 -> 5 | K60: =Effort!J58 -> CLOSED | L60: =Harvest!J58 -> CLOSED | M60: =CPUE!J58 -> CLOSED | N60: =Effort!L58 -> 262.83212 | O60: =Harvest!L58 -> 1145.1971 | P60: =CPUE!L58 -> 4.3571429 | Q60: CLOSED | R60: CLOSED | S60: CLOSED | T60: =SUM(E60,H60,K60,N60) -> 725.29206 | U60: =SUM(F60,I60,L60,O60) -> 3457.4968
A61: 45672 | B61: Wed | C61: 0.81111111 | D61: -0.62 | E61: =Effort!F59 -> 92.512906 | F61: =Harvest!F59 -> 850.91485 | G61: =+CPUE!F59 -> 9.1977962 | H61: =Effort!H59 -> 219.95358 | I61: =Harvest!H59 -> 2452.4825 | J61: =CPUE!H59 -> 11.15 | K61: =Effort!J59 -> CLOSED | L61: =Harvest!J59 -> CLOSED | M61: =CPUE!J59 -> CLOSED | N61: =Effort!L59 -> 186.21634 | O61: =Harvest!L59 -> 658.91936 | P61: =CPUE!L59 -> 3.5384615 | Q61: CLOSED | R61: CLOSED | S61: CLOSED | T61: =SUM(E61,H61,K61,N61) -> 498.68283 | U61: =SUM(F61,I61,L61,O61) -> 3962.3167
A62: 45673 | B62: Thu | C62: 0.83541667 | D62: -0.16 | E62: =Effort!F60 -> 121.08224 | F62: =Harvest!F60 -> 484.32894 | G62: =+CPUE!F60 -> 4 | H62: =Effort!H60 -> 107.42312 | I62: =Harvest!H60 -> 429.69247 | J62: =CPUE!H60 -> 4 | K62: =Effort!J60 -> 152.9628 | L62: =Harvest!J60 -> 638.84465 | M62: =CPUE!J60 -> 4.1764706 | N62: =Effort!L60 -> CLOSED | O62: =Harvest!L60 -> CLOSED | P62: =CPUE!L60 -> CLOSED | Q62: CLOSED | R62: CLOSED | S62: CLOSED | T62: =SUM(E62,H62,K62,N62) -> 381.46816 | U62: =SUM(F62,I62,L62,O62) -> 1552.8661
A63: Tide Series Totals | E63: =SUM(E56:E62) -> 8042.0263 | F63: =SUM(F56:F62) -> 102535.33 | G63: =+F63/E63 -> 12.749937 | H63: =SUM(H56:H62) -> 7866.2728 | I63: =SUM(I56:I62) -> 95979.638 | J63: =+I63/H63 -> 12.201412 | K63: =SUM(K56:K62) -> 4215.8658 | L63: =SUM(L56:L62) -> 54041.078 | M63: =+L63/K63 -> 12.8185 | N63: =SUM(N56:N62) -> 4649.6323 | O63: =SUM(O56:O62) -> 53808.228 | P63: =+O63/N63 -> 11.572577 | T63: =SUM(T56:T62) -> 24773.797 | U63: =SUM(U56:U62) -> 306364.27 | W63: =SUM(H63,K63,N63,Q63,E63) -> 24773.797 | X63: =SUM(R63,O63,L63,I63,F63) -> 306364.27
A64: 45683 | B64: Sun | C64: 0.69027778 | D64: 0.07 | E64: =Effort!F62 -> 1742.5634 | F64: =Harvest!F62 -> 24395.887 | G64: =+CPUE!F62 -> 14 | H64: =Effort!H62 -> 2096.5702 | I64: =Harvest!H62 -> 31396.138 | J64: =CPUE!H62 -> 14.975 | K64: =Effort!J62 -> CLOSED | L64: =Harvest!J62 -> CLOSED | M64: =CPUE!J62 -> CLOSED | N64: =Effort!L62 -> 1468.5373 | O64: =Harvest!L62 -> 21468.617 | P64: =CPUE!L62 -> 14.619048 | Q64: CLOSED | R64: CLOSED | S64: CLOSED | T64: =SUM(E64,H64,K64,N64) -> 5307.6708 | U64: =SUM(F64,I64,L64,O64) -> 77260.642
A65: 45684 | B65: Mon | C65: 0.71875 | D65: -0.44 | E65: =Effort!F63 -> 1065.5686 | F65: =Harvest!F63 -> 15983.528 | G65: =+CPUE!F63 -> 15 | H65: =Effort!H63 -> 1282.0419 | I65: =Harvest!H63 -> 17948.587 | J65: =CPUE!H63 -> 14 | K65: =Effort!J63 -> CLOSED | L65: =Harvest!J63 -> CLOSED | M65: =CPUE!J63 -> CLOSED | N65: =Effort!L63 -> 898.00303 | O65: =Harvest!L63 -> 11702.102 | P65: =CPUE!L63 -> 13.03125 | Q65: CLOSED | R65: CLOSED | S65: CLOSED | T65: =SUM(E65,H65,K65,N65) -> 3245.6135 | U65: =SUM(F65,I65,L65,O65) -> 45634.217
A66: 45685 | B66: Tue | C66: 0.74583333 | D66: -0.82 | E66: =Effort!F64 -> 1778.8139 | F66: =Harvest!F64 -> 24903.395 | G66: =+CPUE!F64 -> 14 | H66: =Effort!H64 -> 878.35495 | I66: =Harvest!H64 -> 12296.969 | J66: =CPUE!H64 -> 14 | K66: =Effort!J64 -> 1139.4029 | L66: =Harvest!J64 -> 17091.044 | M66: =CPUE!J64 -> 15 | N66: =Effort!L64 -> CLOSED | O66: =Harvest!L64 -> CLOSED | P66: =CPUE!L64 -> CLOSED | Q66: CLOSED | R66: CLOSED | S66: CLOSED | T66: =SUM(E66,H66,K66,N66) -> 3796.5718 | U66: =SUM(F66,I66,L66,O66) -> 54291.408
A67: 45686 | B67: Wed | C67: 0.77152778 | D67: -1.01 | E67: =Effort!F65 -> 1429.9795 | F67: =Harvest!F65 -> 21449.692 | G67: =+CPUE!F65 -> 15 | H67: =Effort!H65 -> 706.10509 | I67: =Harvest!H65 -> 10419.356 | J67: =CPUE!H65 -> 14.756098 | K67: =Effort!J65 -> 915.96023 | L67: =Harvest!J65 -> 11805.71 | M67: =CPUE!J65 -> 12.888889 | N67: =Effort!L65 -> CLOSED | O67: =Harvest!L65 -> CLOSED | P67: =CPUE!L65 -> CLOSED | Q67: CLOSED | R67: CLOSED | S67: CLOSED | T67: =SUM(E67,H67,K67,N67) -> 3052.0448 | U67: =SUM(F67,I67,L67,O67) -> 43674.758
A68: 45687 | B68: Thu | C68: 0.79652778 | D68: -0.97 | E68: =Effort!F66 -> 187.57763 | F68: =Harvest!F66 -> 2719.8756 | G68: =+CPUE!F66 -> 14.5 | H68: =Effort!H66 -> 225.68457 | I68: =Harvest!H66 -> 2821.0571 | J68: =CPUE!H66 -> 12.5 | K68: =Effort!J66 -> CLOSED | L68: =Harvest!J66 -> CLOSED | M68: =CPUE!J66 -> CLOSED | N68: =Effort!L66 -> 158.08019 | O68: =Harvest!L66 -> 829.92098 | P68: =CPUE!L66 -> 5.25 | Q68: CLOSED | R68: CLOSED | S68: CLOSED | T68: =SUM(E68,H68,K68,N68) -> 571.34238 | U68: =SUM(F68,I68,L68,O68) -> 6370.8537
A69: 45688 | B69: Fri | C69: 0.82222222 | D69: -0.66 | E69: =Effort!F67 -> 183.25674 | F69: =Harvest!F67 -> 2657.2227 | G69: =+CPUE!F67 -> 14.5 | H69: =Effort!H67 -> 587.186 | I69: =Harvest!H67 -> 4403.895 | J69: =CPUE!H67 -> 7.5 | K69: =Effort!J67 -> CLOSED | L69: =Harvest!J67 -> CLOSED | M69: =CPUE!J67 -> CLOSED | N69: =Effort!L67 -> 411.29295 | O69: =Harvest!L67 -> 974.11489 | P69: =CPUE!L67 -> 2.3684211 | Q69: CLOSED | R69: CLOSED | S69: CLOSED | T69: =SUM(E69,H69,K69,N69) -> 1181.7357 | U69: =SUM(F69,I69,L69,O69) -> 8035.2326
A70: 45689 | B70: Sat | C70: 0.84791667 | D70: -0.09 | E70: =Effort!F68 -> 449.952 | F70: =Harvest!F68 -> 5399.424 | G70: =+CPUE!F68 -> 12 | H70: =Effort!H68 -> 222.18039 | I70: =Harvest!H68 -> 1599.6988 | J70: =CPUE!H68 -> 7.2 | K70: =Effort!J68 -> 472.58195 | L70: =Harvest!J68 -> 382.56634 | M70: =CPUE!J68 -> 0.80952381 | N70: =Effort!L68 -> CLOSED | O70: =Harvest!L68 -> CLOSED | P70: =CPUE!L68 -> CLOSED | Q70: CLOSED | R70: CLOSED | S70: CLOSED | T70: =SUM(E70,H70,K70,N70) -> 1144.7143 | U70: =SUM(F70,I70,L70,O70) -> 7381.6892
A71: Tide Series Totals | E71: =SUM(E64:E70) -> 6837.7117 | F71: =SUM(F64:F70) -> 97509.025 | G71: =+F71/E71 -> 14.260476 | H71: =SUM(H64:H70) -> 5998.1231 | I71: =SUM(I64:I70) -> 80885.701 | J71: =+I71/H71 -> 13.485169 | K71: =SUM(K64:K70) -> 2527.9451 | L71: =SUM(L64:L70) -> 29279.32 | M71: =+L71/K71 -> 11.582261 | N71: =SUM(N64:N70) -> 2935.9135 | O71: =SUM(O64:O70) -> 34974.755 | P71: =+O71/N71 -> 11.912733 | T71: =SUM(T64:T70) -> 18299.693 | U71: =SUM(U64:U70) -> 242648.8 | W71: =SUM(H71,K71,N71,Q71,E71) -> 18299.693 | X71: =SUM(R71,O71,L71,I71,F71) -> 242648.8
A72: 45696 | B72: Sat | C72: 0.65 | D72: 0.05 | E72: =Effort!F70 -> 1408.0855 | F72: =Harvest!F70 -> 21121.282 | G72: =+CPUE!F70 -> 15 | H72: =Effort!H70 -> 1739.2334 | I72: =Harvest!H70 -> 26088.501 | J72: =CPUE!H70 -> 15 | K72: =Effort!J70 -> CLOSED | L72: =Harvest!J70 -> CLOSED | M72: =CPUE!J70 -> CLOSED | N72: =Effort!L70 -> 1552.9023 | O72: =Harvest!L70 -> 21956.314 | P72: =CPUE!L70 -> 14.138889 | Q72: CLOSED | R72: CLOSED | S72: CLOSED | T72: =SUM(E72,H72,K72,N72) -> 4700.2212 | U72: =SUM(F72,I72,L72,O72) -> 69166.097
A73: 45697 | B73: Sun | C73: 0.68680556 | D73: -0.27 | E73: =Effort!F71 -> 1013.1366 | F73: =Harvest!F71 -> 15197.049 | G73: =+CPUE!F71 -> 15 | H73: =Effort!H71 -> 1188.9391 | I73: =Harvest!H71 -> 17834.087 | J73: =CPUE!H71 -> 15 | K73: =Effort!J71 -> 1220.3282 | L73: =Harvest!J71 -> 18182.891 | M73: =CPUE!J71 -> 14.9 | N73: =Effort!L71 -> CLOSED | O73: =Harvest!L71 -> CLOSED | P73: =CPUE!L71 -> CLOSED | Q73: CLOSED | R73: CLOSED | S73: CLOSED | T73: =SUM(E73,H73,K73,N73) -> 3422.404 | U73: =SUM(F73,I73,L73,O73) -> 51214.027
A74: 45698 | B74: Mon | C74: 0.71875 | D74: -0.46 | E74: =Effort!F72 -> 778.68208 | F74: =Harvest!F72 -> 11446.627 | G74: =+CPUE!F72 -> 14.7 | H74: =Effort!H72 -> 913.80132 | I74: =Harvest!H72 -> 13707.02 | J74: =CPUE!H72 -> 15 | K74: =Effort!J72 -> 937.92654 | L74: =Harvest!J72 -> 14068.898 | M74: =CPUE!J72 -> 15 | N74: =Effort!L72 -> CLOSED | O74: =Harvest!L72 -> CLOSED | P74: =CPUE!L72 -> CLOSED | Q74: CLOSED | R74: CLOSED | S74: CLOSED | T74: =SUM(E74,H74,K74,N74) -> 2630.4099 | U74: =SUM(F74,I74,L74,O74) -> 39222.544
A75: 45699 | B75: Tue | C75: 0.74583333 | D75: -0.5 | E75: =Effort!F73 -> 460.09228 | F75: =Harvest!F73 -> 6901.3842 | G75: =+CPUE!F73 -> 15 | H75: =Effort!H73 -> 568.29494 | I75: =Harvest!H73 -> 8524.4241 | J75: =CPUE!H73 -> 15 | K75: =Effort!J73 -> CLOSED | L75: =Harvest!J73 -> CLOSED | M75: =CPUE!J73 -> CLOSED | N75: =Effort!L73 -> 303.05797 | O75: =Harvest!L73 -> 4322.5636 | P75: =CPUE!L73 -> 14.263158 | Q75: CLOSED | R75: CLOSED | S75: CLOSED | T75: =SUM(E75,H75,K75,N75) -> 1331.4452 | U75: =SUM(F75,I75,L75,O75) -> 19748.372
A76: 45700 | B76: Wed | C76: 0.77013889 | D76: -0.37 | E76: =Effort!F74 -> 413.59031 | F76: =Harvest!F74 -> 5790.2644 | G76: =+CPUE!F74 -> 14 | H76: =Effort!H74 -> 305.1159 | I76: =Harvest!H74 -> 4271.6226 | J76: =CPUE!H74 -> 14 | K76: =Effort!J74 -> CLOSED | L76: =Harvest!J74 -> CLOSED | M76: =CPUE!J74 -> CLOSED | N76: =Effort!L74 -> 272.42761 | O76: =Harvest!L74 -> 3846.0368 | P76: =CPUE!L74 -> 14.117647 | Q76: CLOSED | R76: CLOSED | S76: CLOSED | T76: =SUM(E76,H76,K76,N76) -> 991.13382 | U76: =SUM(F76,I76,L76,O76) -> 13907.924
A77: 45701 | B77: Thu | C77: 0.79236111 | D77: -0.08 | E77: =Effort!F75 -> 68.992292 | F77: =Harvest!F75 -> 448.4499 | G77: =+CPUE!F75 -> 6.5 | H77: =Effort!H75 -> 80.964041 | I77: =Harvest!H75 -> 520.48312 | J77: =CPUE!H75 -> 6.4285714 | K77: =Effort!J75 -> 83.101569 | L77: =Harvest!J75 -> 488.22172 | M77: =CPUE!J75 -> 5.875 | N77: =Effort!L75 -> CLOSED | O77: =Harvest!L75 -> CLOSED | P77: =CPUE!L75 -> CLOSED | Q77: CLOSED | R77: CLOSED | S77: CLOSED | T77: =SUM(E77,H77,K77,N77) -> 233.0579 | U77: =SUM(F77,I77,L77,O77) -> 1457.1547
A78: 45702 | B78: Fri | C78: 0.81388889 | D78: 0.36 | E78: =Effort!F76 -> 310.60441 | F78: =Harvest!F76 -> 1242.4176 | G78: =+CPUE!F76 -> 4 | H78: =Effort!H76 -> 364.50142 | I78: =Harvest!H76 -> 1458.0057 | J78: =CPUE!H76 -> 4 | K78: =Effort!J76 -> 374.1246 | L78: =Harvest!J76 -> 1402.9673 | M78: =CPUE!J76 -> 3.75 | N78: =Effort!L76 -> CLOSED | O78: =Harvest!L76 -> CLOSED | P78: =CPUE!L76 -> CLOSED | Q78: CLOSED | R78: CLOSED | S78: CLOSED | T78: =SUM(E78,H78,K78,N78) -> 1049.2304 | U78: =SUM(F78,I78,L78,O78) -> 4103.3906
A79: Tide Series Totals | E79: =SUM(E72:E78) -> 4453.1835 | F79: =SUM(F72:F78) -> 62147.474 | G79: =+F79/E79 -> 13.955741 | H79: =SUM(H72:H78) -> 5160.8501 | I79: =SUM(I72:I78) -> 72404.143 | J79: =+I79/H79 -> 14.029499 | K79: =SUM(K72:K78) -> 2615.481 | L79: =SUM(L72:L78) -> 34142.978 | M79: =+L79/K79 -> 13.054187 | N79: =SUM(N72:N78) -> 2128.3879 | O79: =SUM(O72:O78) -> 30124.914 | P79: =+O79/N79 -> 14.153864 | T79: =SUM(T72:T78) -> 14357.902 | U79: =SUM(U72:U78) -> 198819.51 | W79: =SUM(H79,K79,N79,Q79,E79) -> 14357.902 | X79: =SUM(R79,O79,L79,I79,F79) -> 198819.51
A80: 45712 | B80: Mon | C80: 0.66944444 | D80: 0.21 | E80: =Effort!F78 -> 149.43162 | F80: =Harvest!F78 -> 747.15809 | G80: =+CPUE!F78 -> 5 | H80: =Effort!H78 -> 272.44494 | I80: =Harvest!H78 -> 1362.2247 | J80: =CPUE!H78 -> 5 | K80: =Effort!J78 -> CLOSED | L80: =Harvest!J78 -> CLOSED | M80: =CPUE!J78 -> CLOSED | N80: =Effort!L78 -> 149.70333 | O80: =Harvest!L78 -> 764.27491 | P80: =CPUE!L78 -> 5.1052632 | Q80: CLOSED | R80: CLOSED | S80: CLOSED | T80: =SUM(E80,H80,K80,N80) -> 571.57989 | U80: =SUM(F80,I80,L80,O80) -> 2873.6577
A81: 45713 | B81: Tue | C81: 0.69861111 | D81: -0.3 | E81: =Effort!F79 -> 375.61184 | F81: =Harvest!F79 -> 4695.148 | G81: =+CPUE!F79 -> 12.5 | H81: =Effort!H79 -> 309.14696 | I81: =Harvest!H79 -> 3864.3371 | J81: =CPUE!H79 -> 12.5 | K81: =Effort!J79 -> 495.07006 | L81: =Harvest!J79 -> 6105.864 | M81: =CPUE!J79 -> 12.333333 | N81: =Effort!L79 -> CLOSED | O81: =Harvest!L79 -> CLOSED | P81: =CPUE!L79 -> CLOSED | Q81: CLOSED | R81: CLOSED | S81: CLOSED | T81: =SUM(E81,H81,K81,N81) -> 1179.8289 | U81: =SUM(F81,I81,L81,O81) -> 14665.349
A82: 45714 | B82: Wed | C82: 0.72569444 | D82: -0.63 | E82: =Effort!F80 -> 1038.3664 | F82: =Harvest!F80 -> 15575.496 | G82: =+CPUE!F80 -> 15 | H82: =Effort!H80 -> 854.62649 | I82: =Harvest!H80 -> 12586.317 | J82: =CPUE!H80 -> 14.727273 | K82: =Effort!J80 -> 1368.6047 | L82: =Harvest!J80 -> 20529.07 | M82: =CPUE!J80 -> 15 | N82: =Effort!L80 -> CLOSED | O82: =Harvest!L80 -> CLOSED | P82: =CPUE!L80 -> CLOSED | Q82: CLOSED | R82: CLOSED | S82: CLOSED | T82: =SUM(E82,H82,K82,N82) -> 3261.5976 | U82: =SUM(F82,I82,L82,O82) -> 48690.884
A83: 45715 | B83: Thu | C83: 0.75208333 | D83: -0.73 | E83: =Effort!F81 -> 903.28993 | F83: =Harvest!F81 -> 13188.033 | G83: =+CPUE!F81 -> 14.6 | H83: =Effort!H81 -> 1564.3157 | I83: =Harvest!H81 -> 23204.016 | J83: =CPUE!H81 -> 14.833333 | K83: =Effort!J81 -> CLOSED | L83: =Harvest!J81 -> CLOSED | M83: =CPUE!J81 -> CLOSED | N83: =Effort!L81 -> 859.56185 | O83: =Harvest!L81 -> 8897.6267 | P83: =CPUE!L81 -> 10.351351 | Q83: CLOSED | R83: CLOSED | S83: CLOSED | T83: =SUM(E83,H83,K83,N83) -> 3327.1675 | U83: =SUM(F83,I83,L83,O83) -> 45289.676
A84: 45716 | B84: Fri | C84: 0.77708333 | D84: -0.55 | E84: =Effort!F82 -> 1351.4942 | F84: =Harvest!F82 -> 18650.62 | G84: =+CPUE!F82 -> 13.8 | H84: =Effort!H82 -> 1112.346 | I84: =Harvest!H82 -> 15572.844 | J84: =CPUE!H82 -> 14 | K84: =Effort!J82 -> CLOSED | L84: =Harvest!J82 -> CLOSED | M84: =CPUE!J82 -> CLOSED | N84: =Effort!L82 -> 1353.9517 | O84: =Harvest!L82 -> 17157.106 | P84: =CPUE!L82 -> 12.671875 | Q84: CLOSED | R84: CLOSED | S84: CLOSED | T84: =SUM(E84,H84,K84,N84) -> 3817.7919 | U84: =SUM(F84,I84,L84,O84) -> 51380.571
A85: 45717 | B85: Sat | C85: 0.80208333 | D85: -0.1 | E85: =Effort!F83 -> 1456.8371 | F85: =Harvest!F83 -> 5827.3482 | G85: =+CPUE!F83 -> 4 | H85: =Effort!H83 -> 1199.0483 | I85: =Harvest!H83 -> 5739.7068 | J85: =CPUE!H83 -> 4.7868852 | K85: =Effort!J83 -> 2149.0593 | L85: =Harvest!J83 -> 3420.9515 | M85: =CPUE!J83 -> 1.5918367 | N85: =Effort!L83 -> CLOSED | O85: =Harvest!L83 -> CLOSED | P85: =CPUE!L83 -> CLOSED | Q85: CLOSED | R85: CLOSED | S85: CLOSED | T85: =SUM(E85,H85,K85,N85) -> 4804.9447 | U85: =SUM(F85,I85,L85,O85) -> 14988.007
A86: Tide Series Totals | E86: =SUM(E80:E85) -> 5275.0311 | F86: =SUM(F80:F85) -> 58683.804 | G86: =+F86/E86 -> 11.124826 | H86: =SUM(H80:H85) -> 5311.9285 | I86: =SUM(I80:I85) -> 62329.447 | J86: =+I86/H86 -> 11.733864 | K86: =SUM(K80:K85) -> 4012.734 | L86: =SUM(L80:L85) -> 30055.886 | M86: =+L86/K86 -> 7.4901266 | N86: =SUM(N80:N85) -> 2363.2169 | O86: =SUM(O80:O85) -> 26819.008 | P86: =+O86/N86 -> 11.348518 | T86: =SUM(T80:T85) -> 16962.91 | U86: =SUM(U80:U85) -> 177888.14 | W86: =SUM(H86,K86,N86,Q86,E86) -> 16962.91 | X86: =SUM(R86,O86,L86,I86,F86) -> 177888.14
A87: 45724 | B87: Sat | C87: 0.59236111 | D87: 0.59 | E87: =Effort!F85 -> 1257.3969 | F87: =Harvest!F85 -> 10059.175 | G87: =+CPUE!F85 -> 8 | H87: =Effort!H85 -> 1587.8643 | I87: =Harvest!H85 -> 13095.95 | J87: =CPUE!H85 -> 8.2475248 | K87: =Effort!J85 -> CLOSED | L87: =Harvest!J85 -> CLOSED | M87: =CPUE!J85 -> CLOSED | N87: =Effort!L85 -> 1520.7199 | O87: =Harvest!L85 -> 4360.888 | P87: =CPUE!L85 -> 2.8676471 | Q87: CLOSED | R87: CLOSED | S87: CLOSED | T87: =SUM(E87,H87,K87,N87) -> 4365.9811 | U87: =SUM(F87,I87,L87,O87) -> 27516.013
A88: 45725 | B88: Sun | C88: 0.67916667 | D88: 0.41 | E88: =Effort!F86 -> 439.43661 | F88: =Harvest!F86 -> 2197.1831 | G88: =+CPUE!F86 -> 5 | H88: =Effort!H86 -> 646.66769 | I88: =Harvest!H86 -> 8437.4737 | J88: =CPUE!H86 -> 13.047619 | K88: =Effort!J86 -> 772.35342 | L88: =Harvest!J86 -> 7105.6515 | M88: =CPUE!J86 -> 9.2 | N88: =Effort!L86 -> CLOSED | O88: =Harvest!L86 -> CLOSED | P88: =CPUE!L86 -> CLOSED | Q88: CLOSED | R88: CLOSED | S88: CLOSED | T88: =SUM(E88,H88,K88,N88) -> 1858.4577 | U88: =SUM(F88,I88,L88,O88) -> 17740.308
A89: 45726 | B89: Mon | C89: 0.71527778 | D89: 0.22 | E89: =Effort!F87 -> 506.81531 | F89: =Harvest!F87 -> 6081.7837 | G89: =+CPUE!F87 -> 12 | H89: =Effort!H87 -> 745.82107 | I89: =Harvest!H87 -> 8949.8528 | J89: =CPUE!H87 -> 12 | K89: =Effort!J87 -> 890.77815 | L89: =Harvest!J87 -> 10792.12 | M89: =CPUE!J87 -> 12.115385 | N89: =Effort!L87 -> CLOSED | O89: =Harvest!L87 -> CLOSED | P89: =CPUE!L87 -> CLOSED | Q89: CLOSED | R89: CLOSED | S89: CLOSED | T89: =SUM(E89,H89,K89,N89) -> 2143.4145 | U89: =SUM(F89,I89,L89,O89) -> 25823.756
A90: 45727 | B90: Tue | C90: 0.74444444 | D90: 0.14 | E90: =Effort!F88 -> 245.25079 | F90: =Harvest!F88 -> 3482.5612 | G90: =+CPUE!F88 -> 14.2 | H90: =Effort!H88 -> 415.24458 | I90: =Harvest!H88 -> 6102.837 | J90: =CPUE!H88 -> 14.69697 | K90: =Effort!J88 -> CLOSED | L90: =Harvest!J88 -> CLOSED | M90: =CPUE!J88 -> CLOSED | N90: =Effort!L88 -> 296.61101 | O90: =Harvest!L88 -> 4061.923 | P90: =CPUE!L88 -> 13.694444 | Q90: CLOSED | R90: CLOSED | S90: CLOSED | T90: =SUM(E90,H90,K90,N90) -> 957.10638 | U90: =SUM(F90,I90,L90,O90) -> 13647.321
A91: 45728 | B91: Wed | C91: 0.76944444 | D91: 0.18 | E91: =Effort!F89 -> 153.82795 | F91: =Harvest!F89 -> 1538.2795 | G91: =+CPUE!F89 -> 10 | H91: =Effort!H89 -> 194.2568 | I91: =Harvest!H89 -> 1942.568 | J91: =CPUE!H89 -> 10 | K91: =Effort!J89 -> CLOSED | L91: =Harvest!J89 -> CLOSED | M91: =CPUE!J89 -> CLOSED | N91: =Effort!L89 -> 186.04247 | O91: =Harvest!L89 -> 1720.8928 | P91: =CPUE!L89 -> 9.25 | Q91: CLOSED | R91: CLOSED | S91: CLOSED | T91: =SUM(E91,H91,K91,N91) -> 534.12722 | U91: =SUM(F91,I91,L91,O91) -> 5201.7403
A92: 45729 | B92: Thu | C92: 0.79166667 | D92: 0.37 | E92: =Effort!F90 -> 290.278 | F92: =Harvest!F90 -> 1103.0564 | G92: =+CPUE!F90 -> 3.8 | H92: =Effort!H90 -> 294.06291 | I92: =Harvest!H90 -> 2777.2608 | J92: =CPUE!H90 -> 9.4444444 | K92: =Effort!J90 -> 287.87175 | L92: =Harvest!J90 -> 3166.5893 | M92: =CPUE!J90 -> 11 | N92: =Effort!L90 -> CLOSED | O92: =Harvest!L90 -> CLOSED | P92: =CPUE!L90 -> CLOSED | Q92: CLOSED | R92: CLOSED | S92: CLOSED | T92: =SUM(E92,H92,K92,N92) -> 872.21267 | U92: =SUM(F92,I92,L92,O92) -> 7046.9065
A93: 45730 | B93: Fri | C93: 0.8125 | D93: 0.69 | E93: =Effort!F91 -> 282.06726 | F93: =Harvest!F91 -> 3102.7398 | G93: =+CPUE!F91 -> 11 | H93: =Effort!H91 -> 415.08554 | I93: =Harvest!H91 -> 4565.9409 | J93: =CPUE!H91 -> 11 | K93: =Effort!J91 -> 495.76117 | L93: =Harvest!J91 -> 5387.2714 | M93: =CPUE!J91 -> 10.866667 | N93: =Effort!L91 -> CLOSED | O93: =Harvest!L91 -> CLOSED | P93: =CPUE!L91 -> CLOSED | Q93: CLOSED | R93: CLOSED | S93: CLOSED | T93: =SUM(E93,H93,K93,N93) -> 1192.914 | U93: =SUM(F93,I93,L93,O93) -> 13055.952
A94: Tide Series Totals | E94: =SUM(E87:E93) -> 3175.0728 | F94: =SUM(F87:F93) -> 27564.779 | G94: =+F94/E94 -> 8.681621 | H94: =SUM(H87:H93) -> 4299.0029 | I94: =SUM(I87:I93) -> 45871.883 | J94: =+I94/H94 -> 10.670354 | K94: =SUM(K87:K93) -> 2446.7645 | L94: =SUM(L87:L93) -> 26451.632 | M94: =+L94/K94 -> 10.810861 | N94: =SUM(N87:N93) -> 2003.3734 | O94: =SUM(O87:O93) -> 10143.704 | P94: =+O94/N94 -> 5.0633116 | T94: =SUM(T87:T93) -> 11924.214 | U94: =SUM(U87:U93) -> 110032 | W94: =SUM(H94,K94,N94,Q94,E94) -> 11924.214 | X94: =SUM(R94,O94,L94,I94,F94) -> 110032
A95: 45742 | B95: Wed | C95: 0.71388889 | D95: 0.03 | E95: =Effort!F93 -> 457.68096 | F95: =Harvest!F93 -> 4485.2734 | G95: =+CPUE!F93 -> 9.8 | H95: =Effort!H93 -> 437.63693 | I95: =Harvest!H93 -> 4376.3693 | J95: =CPUE!H93 -> 10 | K95: =Effort!J93 -> CLOSED | L95: =Harvest!J93 -> CLOSED | M95: =CPUE!J93 -> CLOSED | N95: =Effort!L93 -> 410.77134 | O95: =Harvest!L93 -> 2990.9288 | P95: =CPUE!L93 -> 7.28125 | Q95: CLOSED | R95: CLOSED | S95: CLOSED | T95: =SUM(E95,H95,K95,N95) -> 1306.0892 | U95: =SUM(F95,I95,L95,O95) -> 11852.571
A96: 45743 | B96: Thu | C96: 0.74305556 | D96: -0.11 | E96: =Effort!F94 -> 340.56903 | F96: =Harvest!F94 -> 4086.8284 | G96: =+CPUE!F94 -> 12 | H96: =Effort!H94 -> 325.65389 | I96: =Harvest!H94 -> 3907.8467 | J96: =CPUE!H94 -> 12 | K96: =Effort!J94 -> CLOSED | L96: =Harvest!J94 -> CLOSED | M96: =CPUE!J94 -> CLOSED | N96: =Effort!L94 -> 346.29705 | O96: =Harvest!L94 -> 4135.1942 | P96: =CPUE!L94 -> 11.941176 | Q96: CLOSED | R96: CLOSED | S96: CLOSED | T96: =SUM(E96,H96,K96,N96) -> 1012.52 | U96: =SUM(F96,I96,L96,O96) -> 12129.869
A97: 45744 | B97: Fri | C97: 0.77013889 | D97: -0.02 | E97: =Effort!F95 -> 698.21191 | F97: =Harvest!F95 -> 2513.5629 | G97: =+CPUE!F95 -> 3.6 | H97: =Effort!H95 -> 789.94867 | I97: =Harvest!H95 -> 8689.4354 | J97: =CPUE!H95 -> 11 | K97: =Effort!J95 -> 980.98645 | L97: =Harvest!J95 -> 10736.352 | M97: =CPUE!J95 -> 10.944444 | N97: =Effort!L95 -> CLOSED | O97: =Harvest!L95 -> CLOSED | P97: =CPUE!L95 -> CLOSED | Q97: CLOSED | R97: CLOSED | S97: CLOSED | T97: =SUM(E97,H97,K97,N97) -> 2469.147 | U97: =SUM(F97,I97,L97,O97) -> 21939.35
A98: 45745 | B98: Sat | C98: 0.29027778 | D98: -0.14 | E98: =Effort!F96 -> 1908.2393 | F98: =Harvest!F96 -> 20990.632 | G98: =+CPUE!F96 -> 11 | H98: =Effort!H96 -> 1694.9773 | I98: =Harvest!H96 -> 18644.75 | J98: =CPUE!H96 -> 11 | K98: =Effort!J96 -> 2681.0727 | L98: =Harvest!J96 -> 28321.877 | M98: =CPUE!J96 -> 10.563636 | N98: =Effort!L96 -> CLOSED | O98: =Harvest!L96 -> CLOSED | P98: =CPUE!L96 -> CLOSED | Q98: CLOSED | R98: CLOSED | S98: CLOSED | T98: =SUM(E98,H98,K98,N98) -> 6284.2893 | U98: =SUM(F98,I98,L98,O98) -> 67957.26
A99: 45746 | B99: Sun | C99: 0.32152778 | D99: -0.84 | E99: =Effort!F97 -> 2266.7179 | F99: =Harvest!F97 -> 33320.754 | G99: =+CPUE!F97 -> 14.7 | H99: =Effort!H97 -> 2167.4476 | I99: =Harvest!H97 -> 32199.101 | J99: =CPUE!H97 -> 14.855769 | K99: =Effort!J97 -> CLOSED | L99: =Harvest!J97 -> CLOSED | M99: =CPUE!J97 -> CLOSED | N99: =Effort!L97 -> 2734.817 | O99: =Harvest!L97 -> 38388.728 | P99: =CPUE!L97 -> 14.037037 | Q99: CLOSED | R99: CLOSED | S99: CLOSED | T99: =SUM(E99,H99,K99,N99) -> 7168.9825 | U99: =SUM(F99,I99,L99,O99) -> 103908.58
A100: 45747 | B100: Mon | C100: 0.35277778 | D100: -1.23 | E100: =Effort!F98 -> 1199.4682 | F100: =Harvest!F98 -> 17392.288 | G100: =+CPUE!F98 -> 14.5 | H100: =Effort!H98 -> 1360.9024 | I100: =Harvest!H98 -> 19733.085 | J100: =CPUE!H98 -> 14.5 | K100: =Effort!J98 -> CLOSED | L100: =Harvest!J98 -> CLOSED | M100: =CPUE!J98 -> CLOSED | N100: =Effort!L98 -> 1447.1699 | O100: =Harvest!L98 -> 20750.945 | P100: =CPUE!L98 -> 14.338983 | Q100: CLOSED | R100: CLOSED | S100: CLOSED | T100: =SUM(E100,H100,K100,N100) -> 4007.5405 | U100: =SUM(F100,I100,L100,O100) -> 57876.318
...

Sheet Summary Table Public
A1: 2024-2025 State (non-Tribal) Recreational Razor Clam Effort, Harvest and CPUE totals.
E2: LONG BEACH | H2: TWIN HARBORS | K2: COPALIS | N2: MOCROCKS | Q2: KALALOCH | T2: DAILY TOTALS | W2: CROSS | X2: CHECK
A3: DATE | B3: DAY | C3: TIME | D3: TIDE | E3: Effort | F3: Harvest | G3: CPUE | H3: Effort | I3: Harvest | J3: CPUE | K3: Effort | L3: Harvest | M3: CPUE | N3: Effort | O3: Harvest | P3: CPUE | Q3: Effort | R3: Harvest | S3: CPUE | T3: Effort | U3: Harvest
A4: 45568 | B4: Thu | C4: 0.81805556 | D4: 0.33 | E4: =Effort!F2 -> 1477.3374 | F4: =Harvest!F2 -> 18842.126 | G4: =+CPUE!F2 -> 12.754112 | H4: =Effort!H2 -> 1638.3428 | I4: =Harvest!H2 -> 23619.442 | J4: =CPUE!H2 -> 14.416667 | K4: =Effort!J2 -> CLOSED | L4: =Harvest!J2 -> CLOSED | M4: =CPUE!J2 -> CLOSED | N4: =Effort!L2 -> 842.90279 | O4: =Harvest!L2 -> 12300.137 | P4: =CPUE!L2 -> 14.592593 | Q4: CLOSED | R4: CLOSED | S4: CLOSED | T4: =SUM(E4,H4,K4,N4) -> 3958.5829 | U4: =SUM(F4,I4,L4,O4) -> 54761.705
A5: 45569 | B5: Fri | C5: 0.84027778 | D5: 0.13 | E5: =Effort!F3 -> 936.60758 | F5: =Harvest!F3 -> 14049.114 | G5: =+CPUE!F3 -> 15 | H5: =Effort!H3 -> 915.05695 | I5: =Harvest!H3 -> 13725.854 | J5: =CPUE!H3 -> 15 | K5: =Effort!J3 -> 1689.802 | L5: =Harvest!J3 -> 25230.491 | M5: =CPUE!J3 -> 14.931034 | N5: =Effort!L3 -> CLOSED | O5: =Harvest!L3 -> CLOSED | P5: =CPUE!L3 -> CLOSED | Q5: CLOSED | R5: CLOSED | S5: CLOSED | T5: =SUM(E5,H5,K5,N5) -> 3541.4665 | U5: =SUM(F5,I5,L5,O5) -> 53005.459
A6: 45570 | B6: Sat | C6: 0.86388889 | D6: 0.07 | E6: =Effort!F4 -> 1621.6754 | F6: =Harvest!F4 -> 22703.455 | G6: =+CPUE!F4 -> 14 | H6: =Effort!H4 -> 1584.3619 | I6: =Harvest!H4 -> 22242.003 | J6: =CPUE!H4 -> 14.038462 | K6: =Effort!J4 -> 2925.7827 | L6: =Harvest!J4 -> 36243.88 | M6: =CPUE!J4 -> 12.387755 | N6: =Effort!L4 -> CLOSED | O6: =Harvest!L4 -> CLOSED | P6: =CPUE!L4 -> CLOSED | Q6: CLOSED | R6: CLOSED | S6: CLOSED | T6: =SUM(E6,H6,K6,N6) -> 6131.82 | U6: =SUM(F6,I6,L6,O6) -> 81189.338
A7: 45571 | B7: Sun | C7: 0.88888889 | D7: 0.13 | E7: =Effort!F5 -> 472.51044 | F7: =Harvest!F5 -> 7087.6567 | G7: =+CPUE!F5 -> 15 | H7: =Effort!H5 -> 524.0063 | I7: =Harvest!H5 -> 7860.0945 | J7: =CPUE!H5 -> 15 | K7: =Effort!J5 -> CLOSED | L7: =Harvest!J5 -> CLOSED | M7: =CPUE!J5 -> CLOSED | N7: =Effort!L5 -> 269.59338 | O7: =Harvest!L5 -> 4043.9007 | P7: =CPUE!L5 -> 15 | Q7: CLOSED | R7: CLOSED | S7: CLOSED | T7: =SUM(E7,H7,K7,N7) -> 1266.1101 | U7: =SUM(F7,I7,L7,O7) -> 18991.652
A8: 45572 | B8: Mon | C8: 0.91805556 | D8: 0.3 | E8: =Effort!F6 -> 90.191841 | F8: =Harvest!F6 -> 1352.8776 | G8: =+CPUE!F6 -> 15 | H8: =Effort!H6 -> 158.78994 | I8: =Harvest!H6 -> 2381.8491 | J8: =CPUE!H6 -> 15 | K8: =Effort!J6 -> CLOSED | L8: =Harvest!J6 -> CLOSED | M8: =CPUE!J6 -> CLOSED | N8: =Effort!L6 -> 176.66393 | O8: =Harvest!L6 -> 2649.959 | P8: =CPUE!L6 -> 15 | Q8: CLOSED | R8: CLOSED | S8: CLOSED | T8: =SUM(E8,H8,K8,N8) -> 425.64571 | U8: =SUM(F8,I8,L8,O8) -> 6384.6857
A9: Tide Series Totals | E9: =SUM(E4:E8) -> 4598.3226 | F9: =SUM(F4:F8) -> 64035.23 | G9: =+F9/E9 -> 13.92578 | H9: =SUM(H4:H8) -> 4820.5578 | I9: =SUM(I4:I8) -> 69829.243 | J9: =+I9/H9 -> 14.485718 | K9: =SUM(K4:K8) -> 4615.5847 | L9: =SUM(L4:L8) -> 61474.371 | M9: =+L9/K9 -> 13.31887 | N9: =SUM(N4:N8) -> 1289.1601 | O9: =SUM(O4:O8) -> 18993.997 | P9: =+O9/N9 -> 14.733621 | T9: =SUM(T4:T8) -> 15323.625 | U9: =SUM(U4:U8) -> 214332.84 | W9: =SUM(H9,K9,N9,Q9,E9) -> 15323.625 | X9: =SUM(R9,O9,L9,I9,F9) -> 214332.84
A10: 45580 | B10: Tue | C10: 0.72986111 | D10: 0.53 | E10: =Effort!F8 -> 1395.632 | F10: =Harvest!F8 -> 20236.664 | G10: =+CPUE!F7 -> 0 | H10: =Effort!H8 -> 1116.866 | I10: =Harvest!H8 -> 15785.039 | J10: =CPUE!H8 -> 14.133333 | K10: =Effort!J8 -> CLOSED | L10: =Harvest!J8 -> CLOSED | M10: =CPUE!J8 -> CLOSED | N10: =Effort!L8 -> 1020.3701 | O10: =Harvest!L8 -> 15184.078 | P10: =CPUE!L8 -> 14.880952 | Q10: CLOSED | R10: CLOSED | S10: CLOSED | T10: =SUM(E10,H10,K10,N10) -> 3532.8681 | U10: =SUM(F10,I10,L10,O10) -> 51205.782
A11: 45581 | B11: Wed | C11: 0.7625 | D11: -0.48 | E11: =Effort!F9 -> 1152.5828 | F11: =Harvest!F9 -> 14773.165 | G11: =+CPUE!F8 -> 14.5 | H11: =Effort!H9 -> 1190.0248 | I11: =Harvest!H9 -> 17850.372 | J11: =CPUE!H9 -> 15 | K11: =Effort!J9 -> 1560.3596 | L11: =Harvest!J9 -> 23405.395 | M11: =CPUE!J9 -> 15 | N11: =Effort!L9 -> CLOSED | O11: =Harvest!L9 -> CLOSED | P11: =CPUE!L9 -> CLOSED | Q11: CLOSED | R11: CLOSED | S11: CLOSED | T11: =SUM(E11,H11,K11,N11) -> 3902.9672 | U11: =SUM(F11,I11,L11,O11) -> 56028.932
A12: 45582 | B12: Thu | C12: 0.79375 | D12: -1.25 | E12: =Effort!F10 -> 1631.7989 | F12: =Harvest!F10 -> 23661.084 | G12: =+CPUE!F9 -> 12.817444 | H12: =Effort!H10 -> 1684.8084 | I12: =Harvest!H10 -> 24968.308 | J12: =CPUE!H10 -> 14.819672 | K12: =Effort!J10 -> 2209.1196 | L12: =Harvest!J10 -> 32203.363 | M12: =CPUE!J10 -> 14.577465 | N12: =Effort!L10 -> CLOSED | O12: =Harvest!L10 -> CLOSED | P12: =CPUE!L10 -> CLOSED | Q12: CLOSED | R12: CLOSED | S12: CLOSED | T12: =SUM(E12,H12,K12,N12) -> 5525.7269 | U12: =SUM(F12,I12,L12,O12) -> 80832.755
A13: 45583 | B13: Fri | C13: 0.82569444 | D13: -1.66 | E13: =Effort!F11 -> 1240.2797 | F13: =Harvest!F11 -> 4340.9791 | G13: =+CPUE!F10 -> 14.5 | H13: =Effort!H11 -> 954.45189 | I13: =Harvest!H11 -> 4854.0696 | J13: =CPUE!H11 -> 5.0857143 | K13: =Effort!J11 -> CLOSED | L13: =Harvest!J11 -> CLOSED | M13: =CPUE!J11 -> CLOSED | N13: =Effort!L11 -> 906.78938 | O13: =Harvest!L11 -> 2593.8394 | P13: =CPUE!L11 -> 2.8604651 | Q13: CLOSED | R13: CLOSED | S13: CLOSED | T13: =SUM(E13,H13,K13,N13) -> 3101.521 | U13: =SUM(F13,I13,L13,O13) -> 11788.888
A14: 45584 | B14: Sat | C14: 0.85763889 | D14: -1.69 | E14: =Effort!F12 -> 2309.9187 | F14: =Harvest!F12 -> 26102.081 | G14: =+CPUE!F11 -> 3.5 | H14: =Effort!H12 -> 1735.9676 | I14: =Harvest!H12 -> 15623.708 | J14: =CPUE!H12 -> 9 | K14: =Effort!J12 -> CLOSED | L14: =Harvest!J12 -> CLOSED | M14: =CPUE!J12 -> CLOSED | N14: =Effort!L12 -> 1649.2785 | O14: =Harvest!L12 -> 13531.58 | P14: =CPUE!L12 -> 8.2045455 | Q14: CLOSED | R14: CLOSED | S14: CLOSED | T14: =SUM(E14,H14,K14,N14) -> 5695.1647 | U14: =SUM(F14,I14,L14,O14) -> 55257.37
A15: 45585 | B15: Sun | C15: 0.89166667 | D15: -1.36 | E15: =Effort!F13 -> 384.93669 | F15: =Harvest!F13 -> 5774.0504 | G15: =+CPUE!F12 -> 11.3 | H15: =Effort!H13 -> 397.44148 | I15: =Harvest!H13 -> 5961.6221 | J15: =CPUE!H13 -> 15 | K15: =Effort!J13 -> 521.12498 | L15: =Harvest!J13 -> 7816.8747 | M15: =CPUE!J13 -> 15 | N15: =Effort!L13 -> CLOSED | O15: =Harvest!L13 -> CLOSED | P15: =CPUE!L13 -> CLOSED | Q15: CLOSED | R15: CLOSED | S15: CLOSED | T15: =SUM(E15,H15,K15,N15) -> 1303.5031 | U15: =SUM(F15,I15,L15,O15) -> 19552.547
A16: 45586 | B16: Mon | C16: 0.92777778 | D16: -0.78 | E16: =Effort!F14 -> 206.92418 | F16: =Harvest!F14 -> 3103.8626 | G16: =+CPUE!F13 -> 15 | H16: =Effort!H14 -> 213.64617 | I16: =Harvest!H14 -> 3204.6926 | J16: =CPUE!H14 -> 15 | K16: =Effort!J14 -> 280.13271 | L16: =Harvest!J14 -> 4201.9906 | M16: =CPUE!J14 -> 15 | N16: =Effort!L14 -> CLOSED | O16: =Harvest!L14 -> CLOSED | P16: =CPUE!L14 -> CLOSED | Q16: CLOSED | R16: CLOSED | S16: CLOSED | T16: =SUM(E16,H16,K16,N16) -> 700.70305 | U16: =SUM(F16,I16,L16,O16) -> 10510.546
A17: Tide Series Totals | E17: =SUM(E10:E16) -> 8322.073 | F17: =SUM(F10:F16) -> 97991.887 | G17: =+F17/E17 -> 11.774937 | H17: =SUM(H10:H16) -> 7293.2063 | I17: =SUM(I10:I16) -> 88247.811 | J17: =+I17/H17 -> 12.100002 | K17: =SUM(K10:K16) -> 4570.7369 | L17: =SUM(L10:L16) -> 67627.623 | M17: =+L17/K17 -> 14.795781 | N17: =SUM(N10:N16) -> 3576.4379 | O17: =SUM(O10:O16) -> 31309.498 | P17: =+O17/N17 -> 8.7543804 | T17: =SUM(T10:T16) -> 23762.454 | U17: =SUM(U10:U16) -> 285176.82 | W17: =SUM(H17,K17,N17,Q17,E17) -> 23762.454 | X17: =SUM(R17,O17,L17,I17,F17) -> 285176.82
A18: 45597 | B18: Fri | C18: 0.80208333 | D18: -0.19 | E18: =Effort!F16 -> 768.48287 | F18: =Harvest!F16 -> 9423.2495 | G18: =+CPUE!F16 -> 12.262147 | H18: =Effort!H16 -> 1078.629 | I18: =Harvest!H16 -> 14022.177 | J18: =CPUE!H16 -> 13 | K18: =Effort!J16 -> CLOSED | L18: =Harvest!J16 -> CLOSED | M18: =CPUE!J16 -> CLOSED | N18: =Effort!L16 -> 947.32683 | O18: =Harvest!L16 -> 12543.914 | P18: =CPUE!L16 -> 13.241379 | Q18: CLOSED | R18: CLOSED | S18: CLOSED | T18: =SUM(E18,H18,K18,N18) -> 2794.4387 | U18: =SUM(F18,I18,L18,O18) -> 35989.34
A19: 45598 | B19: Sat | C19: 0.82430556 | D19: -0.36 | E19: =Effort!F17 -> 847.38926 | F19: =Harvest!F17 -> 11016.06 | G19: =+CPUE!F17 -> 13 | H19: =Effort!H17 -> 1189.3806 | I19: =Harvest!H17 -> 15635.399 | J19: =CPUE!H17 -> 13.145833 | K19: =Effort!J17 -> CLOSED | L19: =Harvest!J17 -> CLOSED | M19: =CPUE!J17 -> CLOSED | N19: =Effort!L17 -> 1044.5966 | O19: =Harvest!L17 -> 10012.84 | P19: =CPUE!L17 -> 9.5853659 | Q19: CLOSED | R19: CLOSED | S19: CLOSED | T19: =SUM(E19,H19,K19,N19) -> 3081.3664 | U19: =SUM(F19,I19,L19,O19) -> 36664.3
A20: 45599 | B20: Sun | C20: 0.80694444 | D20: -0.39 | E20: =Effort!F18 -> 260.3776 | F20: =Harvest!F18 -> 1353.9635 | G20: =+CPUE!F18 -> 5.2 | H20: =Effort!H18 -> 450.80604 | I20: =Harvest!H18 -> 829.48311 | J20: =CPUE!H18 -> 1.84 | K20: =Effort!J18 -> 547.69196 | L20: =Harvest!J18 -> 2243.7703 | M20: =CPUE!J18 -> 4.0967742 | N20: =Effort!L18 -> CLOSED | O20: =Harvest!L18 -> CLOSED | P20: =CPUE!L18 -> CLOSED | Q20: CLOSED | R20: CLOSED | S20: CLOSED | T20: =SUM(E20,H20,K20,N20) -> 1258.8756 | U20: =SUM(F20,I20,L20,O20) -> 4427.2169
A21: 45600 | B21: Mon | C21: 0.83333333 | D21: -0.29 | E21: =Effort!F19 -> 51.10981 | F21: =Harvest!F19 -> 459.98829 | G21: =+CPUE!F19 -> 9 | H21: =Effort!H19 -> 88.489223 | I21: =Harvest!H19 -> 796.40301 | J21: =CPUE!H19 -> 9 | K21: =Effort!J19 -> 107.50707 | L21: =Harvest!J19 -> 967.56363 | M21: =CPUE!J19 -> 9 | N21: =Effort!L19 -> CLOSED | O21: =Harvest!L19 -> CLOSED | P21: =CPUE!L19 -> CLOSED | Q21: CLOSED | R21: CLOSED | S21: CLOSED | T21: =SUM(E21,H21,K21,N21) -> 247.1061 | U21: =SUM(F21,I21,L21,O21) -> 2223.9549
A22: 45601 | B22: Tue | C22: 0.8625 | D22: -0.09 | E22: =Effort!F20 -> 79.464009 | F22: =Harvest!F20 -> 1033.0321 | G22: =+CPUE!F20 -> 13 | H22: =Effort!H20 -> 109.375 | I22: =Harvest!H20 -> 1531.25 | J22: =CPUE!H20 -> 14 | K22: =Effort!J20 -> CLOSED | L22: =Harvest!J20 -> CLOSED | M22: =CPUE!J20 -> CLOSED | N22: =Effort!L20 -> 97.957146 | O22: =Harvest!L20 -> 1098.5194 | P22: =CPUE!L20 -> 11.214286 | Q22: CLOSED | R22: CLOSED | S22: CLOSED | T22: =SUM(E22,H22,K22,N22) -> 286.79616 | U22: =SUM(F22,I22,L22,O22) -> 3662.8016
A23: Tide Series Totals | E23: =SUM(E18:E22) -> 2006.8235 | F23: =SUM(F18:F22) -> 23286.294 | G23: =+F23/E23 -> 11.603558 | H23: =SUM(H18:H22) -> 2916.6798 | I23: =SUM(I18:I22) -> 32814.712 | J23: =+I23/H23 -> 11.250708 | K23: =SUM(K18:K22) -> 655.19903 | L23: =SUM(L18:L22) -> 3211.3339 | M23: =+L23/K23 -> 4.9013105 | N23: =SUM(N18:N22) -> 2089.8806 | O23: =SUM(O18:O22) -> 23655.274 | P23: =+O23/N23 -> 11.31896 | T23: =SUM(T18:T22) -> 7668.583 | U23: =SUM(U18:U22) -> 82967.613 | W23: =SUM(H23,K23,N23,Q23,E23) -> 7668.583 | X23: =SUM(R23,O23,L23,I23,F23) -> 82967.613
A24: 45609 | B24: Wed | C24: 0.67708333 | D24: -0.17 | E24: =Effort!F22 -> 451.62536 | F24: =Harvest!F22 -> 5464.6668 | G24: =+CPUE!F22 -> 12.1 | H24: =Effort!H22 -> 592.09054 | I24: =Harvest!H22 -> 7697.177 | J24: =CPUE!H22 -> 13 | K24: =Effort!J22 -> CLOSED | L24: =Harvest!J22 -> CLOSED | M24: =CPUE!J22 -> CLOSED | N24: =Effort!L22 -> 514.83341 | O24: =Harvest!L22 -> 7022.8558 | P24: =CPUE!L22 -> 13.641026 | Q24: CLOSED | R24: CLOSED | S24: CLOSED | T24: =SUM(E24,H24,K24,N24) -> 1558.5493 | U24: =SUM(F24,I24,L24,O24) -> 20184.7
A25: 45610 | B25: Thu | C25: 0.70972222 | D25: -1.09 | E25: =Effort!F23 -> 1081.0979 | F25: =Harvest!F23 -> 12973.174 | G25: =+CPUE!F23 -> 12 | H25: =Effort!H23 -> 1307.5849 | I25: =Harvest!H23 -> 16148.674 | J25: =CPUE!H23 -> 12.35 | K25: =Effort!J23 -> CLOSED | L25: =Harvest!J23 -> CLOSED | M25: =CPUE!J23 -> CLOSED | N25: =Effort!L23 -> 1136.9687 | O25: =Harvest!L23 -> 16343.925 | P25: =CPUE!L23 -> 14.375 | Q25: CLOSED | R25: CLOSED | S25: CLOSED | T25: =SUM(E25,H25,K25,N25) -> 3525.6515 | U25: =SUM(F25,I25,L25,O25) -> 45465.773
A26: 45611 | B26: Fri | C26: 0.74166667 | D26: -1.68 | E26: =Effort!F24 -> 2116.6716 | F26: =Harvest!F24 -> 31750.074 | G26: =+CPUE!F24 -> 15 | H26: =Effort!H24 -> 2175.2661 | I26: =Harvest!H24 -> 31178.814 | J26: =CPUE!H24 -> 14.333333 | K26: =Effort!J24 -> 3896.9949 | L26: =Harvest!J24 -> 55348.623 | M26: =CPUE!J24 -> 14.202899 | N26: =Effort!L24 -> CLOSED | O26: =Harvest!L24 -> CLOSED | P26: =CPUE!L24 -> CLOSED | Q26: CLOSED | R26: CLOSED | S26: CLOSED | T26: =SUM(E26,H26,K26,N26) -> 8188.9326 | U26: =SUM(F26,I26,L26,O26) -> 118277.51
A27: 45612 | B27: Sat | C27: 0.77291667 | D27: -1.9 | E27: =Effort!F25 -> 686.13439 | F27: =Harvest!F25 -> 1715.336 | G27: =+CPUE!F25 -> 2.5 | H27: =Effort!H25 -> 705.12824 | I27: =Harvest!H25 -> 761.5385 | J27: =CPUE!H25 -> 1.08 | K27: =Effort!J25 -> 2469.621 | L27: =Harvest!J25 -> 6275.2664 | M27: =CPUE!J25 -> 2.5409836 | N27: =Effort!L25 -> CLOSED | O27: =Harvest!L25 -> CLOSED | P27: =CPUE!L25 -> CLOSED | Q27: CLOSED | R27: CLOSED | S27: CLOSED | T27: =SUM(E27,H27,K27,N27) -> 3860.8836 | U27: =SUM(F27,I27,L27,O27) -> 8752.1409
A28: 45613 | B28: Sun | C28: 0.80486111 | D28: -1.75 | E28: =Effort!F26 -> 503.29155 | F28: =Harvest!F26 -> 5284.5613 | G28: =+CPUE!F26 -> 10.5 | H28: =Effort!H26 -> 608.72976 | I28: =Harvest!H26 -> 6391.6625 | J28: =CPUE!H26 -> 10.5 | K28: =Effort!J26 -> CLOSED | L28: =Harvest!J26 -> CLOSED | M28: =CPUE!J26 -> CLOSED | N28: =Effort!L26 -> 529.30152 | O28: =Harvest!L26 -> 5487.0924 | P28: =CPUE!L26 -> 10.366667 | Q28: CLOSED | R28: CLOSED | S28: CLOSED | T28: =SUM(E28,H28,K28,N28) -> 1641.3228 | U28: =SUM(F28,I28,L28,O28) -> 17163.316
A29: 45614 | B29: Mon | C29: 0.83680556 | D29: -1.31 | E29: =Effort!F27 -> 76.930917 | F29: =Harvest!F27 -> 738.53681 | G29: =+CPUE!F27 -> 9.6 | H29: =Effort!H27 -> 135.5677 | I29: =Harvest!H27 -> 101.67577 | J29: =CPUE!H27 -> 8 | K29: =Effort!J27 -> CLOSED | L29: =Harvest!J27 -> CLOSED | M29: =CPUE!J27 -> CLOSED | N29: =Effort!L27 -> 167.95984 | O29: =Harvest!L27 -> 1301.6887 | P29: =CPUE!L27 -> 7.75 | Q29: CLOSED | R29: CLOSED | S29: CLOSED | T29: =SUM(E29,H29,K29,N29) -> 380.45845 | U29: =SUM(F29,I29,L29,O29) -> 2141.9013
A30: 45615 | B30: Tue | C30: 0.87083333 | D30: -0.69 | E30: =Effort!F28 -> 28.112381 | F30: =Harvest!F28 -> 323.29238 | G30: =+CPUE!F28 -> 11.5 | H30: =Effort!H28 -> 28.890599 | I30: =Harvest!H28 -> 335.13095 | J30: =CPUE!H28 -> 11.6 | K30: =Effort!J28 -> 51.757584 | L30: =Harvest!J28 -> 595.21221 | M30: =CPUE!J28 -> 11.5 | N30: =Effort!L28 -> CLOSED | O30: =Harvest!L28 -> CLOSED | P30: =CPUE!L28 -> CLOSED | Q30: CLOSED | R30: CLOSED | S30: CLOSED | T30: =SUM(E30,H30,K30,N30) -> 108.76056 | U30: =SUM(F30,I30,L30,O30) -> 1253.6356
A31: Tide Series Totals | E31: =SUM(E24:E30) -> 4943.864 | F31: =SUM(F24:F30) -> 58249.641 | G31: =+F31/E31 -> 11.782209 | H31: =SUM(H24:H30) -> 5553.2579 | I31: =SUM(I24:I30) -> 62614.673 | J31: =+I31/H31 -> 11.275304 | K31: =SUM(K24:K30) -> 6418.3735 | L31: =SUM(L24:L30) -> 62219.102 | M31: =+L31/K31 -> 9.6939049 | N31: =SUM(N24:N30) -> 2349.0635 | O31: =SUM(O24:O30) -> 30155.562 | P31: =+O31/N31 -> 12.83727 | T31: =SUM(T24:T30) -> 19264.559 | U31: =SUM(U24:U30) -> 213238.98 | W31: =SUM(H31,K31,N31,Q31,E31) -> 19264.559 | X31: =SUM(R31,O31,L31,I31,F31) -> 213238.98
A32: 45625 | B32: Fri | C32: 0.72222222 | D32: -0.07 | E32: =Effort!F30 -> 1991.8048 | F32: =Harvest!F30 -> 27885.267 | G32: =+CPUE!F30 -> 14 | H32: =Effort!H30 -> 2295.0727 | I32: =Harvest!H30 -> 33406.058 | J32: =CPUE!H30 -> 14.555556 | K32: =Effort!J30 -> CLOSED | L32: =Harvest!J30 -> CLOSED | M32: =CPUE!J30 -> CLOSED | N32: =Effort!L30 -> 2134.1853 | O32: =Harvest!L30 -> 29980.222 | P32: =CPUE!L30 -> 14.047619 | Q32: CLOSED | R32: CLOSED | S32: CLOSED | T32: =SUM(E32,H32,K32,N32) -> 6421.0628 | U32: =SUM(F32,I32,L32,O32) -> 91271.547
A33: 45626 | B33: Sat | C33: 0.74583333 | D33: -0.41 | E33: =Effort!F31 -> 1769.2525 | F33: =Harvest!F31 -> 25123.385 | G33: =+CPUE!F31 -> 14.2 | H33: =Effort!H31 -> 2038.635 | I33: =Harvest!H31 -> 28540.891 | J33: =CPUE!H31 -> 14 | K33: =Effort!J31 -> CLOSED | L33: =Harvest!J31 -> CLOSED | M33: =CPUE!J31 -> CLOSED | N33: =Effort!L31 -> 1895.7243 | O33: =Harvest!L31 -> 22228.296 | P33: =CPUE!L31 -> 11.72549 | Q33: CLOSED | R33: CLOSED | S33: CLOSED | T33: =SUM(E33,H33,K33,N33) -> 5703.6118 | U33: =SUM(F33,I33,L33,O33) -> 75892.572
A34: 45627 | B34: Sun | C34: 0.77083333 | D34: -0.62 | E34: =Effort!F32 -> 607.36502 | F34: =Harvest!F32 -> 8503.1103 | G34: =+CPUE!F32 -> 14 | H34: =Effort!H32 -> 773.56627 | I34: =Harvest!H32 -> 10854.881 | J34: =CPUE!H32 -> 14.032258 | K34: =Effort!J32 -> 982.30745 | L34: =Harvest!J32 -> 12260.652 | M34: =CPUE!J32 -> 12.481481 | N34: =Effort!L32 -> CLOSED | O34: =Harvest!L32 -> CLOSED | P34: =CPUE!L32 -> CLOSED | Q34: CLOSED | R34: CLOSED | S34: CLOSED | T34: =SUM(E34,H34,K34,N34) -> 2363.2387 | U34: =SUM(F34,I34,L34,O34) -> 31618.644
A35: 45628 | B35: Mon | C35: 0.79583333 | D35: -0.69 | E35: =Effort!F33 -> 279.16066 | F35: =Harvest!F33 -> 4187.4099 | G35: =+CPUE!F33 -> 15 | H35: =Effort!H33 -> 355.55105 | I35: =Harvest!H33 -> 4977.7146 | J35: =CPUE!H33 -> 14 | K35: =Effort!J33 -> 451.49389 | L35: =Harvest!J33 -> 5327.6279 | M35: =CPUE!J33 -> 11.8 | N35: =Effort!L33 -> CLOSED | O35: =Harvest!L33 -> CLOSED | P35: =CPUE!L33 -> CLOSED | Q35: CLOSED | R35: CLOSED | S35: CLOSED | T35: =SUM(E35,H35,K35,N35) -> 1086.2056 | U35: =SUM(F35,I35,L35,O35) -> 14492.752
A36: 45629 | B36: Tue | C36: 0.82361111 | D36: -0.63 | E36: =Effort!F34 -> 142.59828 | F36: =Harvest!F34 -> 2138.9742 | G36: =+CPUE!F34 -> 15 | H36: =Effort!H34 -> 233.79414 | I36: =Harvest!H34 -> 3273.118 | J36: =CPUE!H34 -> 14 | K36: =Effort!J34 -> CLOSED | L36: =Harvest!J34 -> CLOSED | M36: =CPUE!J34 -> CLOSED | N36: =Effort!L34 -> 217.40489 | O36: =Harvest!L34 -> 2853.4392 | P36: =CPUE!L34 -> 13.125 | Q36: CLOSED | R36: CLOSED | S36: CLOSED | T36: =SUM(E36,H36,K36,N36) -> 593.79732 | U36: =SUM(F36,I36,L36,O36) -> 8265.5314
A37: 45630 | B37: Wed | C37: 0.85277778 | D37: -0.46 | E37: =Effort!F35 -> 49.09604 | F37: =Harvest!F35 -> 589.15247 | G37: =+CPUE!F35 -> 12 | H37: =Effort!H35 -> 153.76891 | I37: =Harvest!H35 -> 1977.0289 | J37: =CPUE!H35 -> 12.857143 | K37: =Effort!J35 -> CLOSED | L37: =Harvest!J35 -> CLOSED | M37: =CPUE!J35 -> CLOSED | N37: =Effort!L35 -> 74.851666 | O37: =Harvest!L35 -> 673.665 | P37: =CPUE!L35 -> 9 | Q37: CLOSED | R37: CLOSED | S37: CLOSED | T37: =SUM(E37,H37,K37,N37) -> 277.71662 | U37: =SUM(F37,I37,L37,O37) -> 3239.8464
A38: 45631 | B38: Thu | C38: 0.88402778 | D38: -0.17 | E38: =Effort!F36 -> 26.408701 | F38: =Harvest!F36 -> 132.04351 | G38: =+CPUE!F36 -> 5 | H38: =Effort!H36 -> 33.63526 | I38: =Harvest!H36 -> 168.1763 | J38: =CPUE!H36 -> 5 | K38: =Effort!J36 -> 42.711489 | L38: =Harvest!J36 -> 213.55744 | M38: =CPUE!J36 -> 5 | N38: =Effort!L36 -> CLOSED | O38: =Harvest!L36 -> CLOSED | P38: =CPUE!L36 -> CLOSED | Q38: CLOSED | R38: CLOSED | S38: CLOSED | T38: =SUM(E38,H38,K38,N38) -> 102.75545 | U38: =SUM(F38,I38,L38,O38) -> 513.77725
A39: Tide Series Totals | E39: =SUM(E32:E38) -> 4865.686 | F39: =SUM(F32:F38) -> 68559.342 | G39: =+F39/E39 -> 14.090376 | H39: =SUM(H32:H38) -> 5884.0234 | I39: =SUM(I32:I38) -> 83197.868 | J39: =+I39/H39 -> 14.139622 | K39: =SUM(K32:K38) -> 1476.5128 | L39: =SUM(L32:L38) -> 17801.838 | M39: =+L39/K39 -> 12.056677 | N39: =SUM(N32:N38) -> 4322.1661 | O39: =SUM(O32:O38) -> 55735.623 | P39: =+O39/N39 -> 12.895299 | T39: =SUM(T32:T38) -> 16548.388 | U39: =SUM(U32:U38) -> 225294.67 | W39: =SUM(H39,K39,N39,Q39,E39) -> 16548.388 | X39: =SUM(R39,O39,L39,I39,F39) -> 225294.67
A40: 45638 | B40: Thu | C40: 0.66666667 | D40: -0.48 | E40: =Effort!F38 -> 552.43471 | F40: =Harvest!F38 -> 7070.1462 | G40: =+CPUE!F38 -> 12.798157 | H40: =Effort!H38 -> 850.62084 | I40: =Harvest!H38 -> 11589.709 | J40: =CPUE!H38 -> 13.625 | K40: =Effort!J38 -> 961.07792 | L40: =Harvest!J38 -> 13885.047 | M40: =CPUE!J38 -> 14.447368 | N40: =Effort!L38 -> CLOSED | O40: =Harvest!L38 -> CLOSED | P40: =CPUE!L38 -> CLOSED | Q40: CLOSED | R40: CLOSED | S40: CLOSED | T40: =SUM(E40,H40,K40,N40) -> 2364.1335 | U40: =SUM(F40,I40,L40,O40) -> 32544.902
A41: 45639 | B41: Fri | C41: 0.70138889 | D41: -1.17 | E41: =Effort!F39 -> 640.69608 | F41: =Harvest!F39 -> 8521.2579 | G41: =+CPUE!F39 -> 13.3 | H41: =Effort!H39 -> 629.1739 | I41: =Harvest!H39 -> 7864.6738 | J41: =CPUE!H39 -> 12.5 | K41: =Effort!J39 -> CLOSED | L41: =Harvest!J39 -> CLOSED | M41: =CPUE!J39 -> CLOSED | N41: =Effort!L39 -> 593.33638 | O41: =Harvest!L39 -> 6384.2995 | P41: =CPUE!L39 -> 10.76 | Q41: CLOSED | R41: CLOSED | S41: CLOSED | T41: =SUM(E41,H41,K41,N41) -> 1863.2064 | U41: =SUM(F41,I41,L41,O41) -> 22770.231
A42: 45640 | B42: Sat | C42: 0.73333333 | D42: -1.55 | E42: =Effort!F40 -> 1422.6126 | F42: =Harvest!F40 -> 8535.6757 | G42: =+CPUE!F40 -> 6 | H42: =Effort!H40 -> 1397.0286 | I42: =Harvest!H40 -> 8382.1714 | J42: =CPUE!H40 -> 6 | K42: =Effort!J40 -> CLOSED | L42: =Harvest!J40 -> CLOSED | M42: =CPUE!J40 -> CLOSED | N42: =Effort!L40 -> 1317.4543 | O42: =Harvest!L40 -> 7616.5328 | P42: =CPUE!L40 -> 5.78125 | Q42: CLOSED | R42: CLOSED | S42: CLOSED | T42: =SUM(E42,H42,K42,N42) -> 4137.0955 | U42: =SUM(F42,I42,L42,O42) -> 24534.38
A43: 45641 | B43: Sun | C43: 0.76458333 | D43: -1.63 | E43: =Effort!F41 -> 370.07761 | F43: =Harvest!F41 -> 2220.4657 | G43: =+CPUE!F41 -> 6 | H43: =Effort!H41 -> 438.47677 | I43: =Harvest!H41 -> 2077.9986 | J43: =CPUE!H41 -> 4.7391304 | K43: =Effort!J41 -> 871.55056 | L43: =Harvest!J41 -> 9629.5708 | M43: =CPUE!J41 -> 11.04878 | N43: =Effort!L41 -> CLOSED | O43: =Harvest!L41 -> CLOSED | P43: =CPUE!L41 -> CLOSED | Q43: CLOSED | R43: CLOSED | S43: CLOSED | T43: =SUM(E43,H43,K43,N43) -> 1680.1049 | U43: =SUM(F43,I43,L43,O43) -> 13928.035
A44: 45642 | B44: Mon | C44: 0.79513889 | D44: -1.45 | E44: =Effort!F42 -> 161.47018 | F44: =Harvest!F42 -> 1550.1137 | G44: =+CPUE!F42 -> 9.6 | H44: =Effort!H42 -> 336.56544 | I44: =Harvest!H42 -> 3365.6544 | J44: =CPUE!H42 -> 10 | K44: =Effort!J42 -> 380.27003 | L44: =Harvest!J42 -> 3802.7003 | M44: =CPUE!J42 -> 10 | N44: =Effort!L42 -> CLOSED | O44: =Harvest!L42 -> CLOSED | P44: =CPUE!L42 -> CLOSED | Q44: CLOSED | R44: CLOSED | S44: CLOSED | T44: =SUM(E44,H44,K44,N44) -> 878.30564 | U44: =SUM(F44,I44,L44,O44) -> 8718.4684
A45: 45643 | B45: Tue | C45: 0.825 | D45: -1.05 | E45: =Effort!F43 -> 30.549396 | F45: =Harvest!F43 -> 61.098791 | G45: =+CPUE!F43 -> 2 | H45: =Effort!H43 -> 30 | I45: =Harvest!H43 -> 60 | J45: =CPUE!H43 -> 2 | K45: =Effort!J43 -> CLOSED | L45: =Harvest!J43 -> CLOSED | M45: =CPUE!J43 -> CLOSED | N45: =Effort!L43 -> 28.291211 | O45: =Harvest!L43 -> 56.582421 | P45: =CPUE!L43 -> 2 | Q45: CLOSED | R45: CLOSED | S45: CLOSED | T45: =SUM(E45,H45,K45,N45) -> 88.840606 | U45: =SUM(F45,I45,L45,O45) -> 177.68121
A46: 45644 | B46: Wed | C46: 0.85486111 | D46: -0.51 | E46: =Effort!F44 -> 87.594256 | F46: =Harvest!F44 -> 875.94256 | G46: =+CPUE!F44 -> 10 | H46: =Effort!H44 -> 134.87476 | I46: =Harvest!H44 -> 1310.212 | J46: =CPUE!H44 -> 9.7142857 | K46: =Effort!J44 -> CLOSED | L46: =Harvest!J44 -> CLOSED | M46: =CPUE!J44 -> CLOSED | N46: =Effort!L44 -> 127.19234 | O46: =Harvest!L44 -> 1271.9234 | P46: =CPUE!L44 -> 10 | Q46: CLOSED | R46: CLOSED | S46: CLOSED | T46: =SUM(E46,H46,K46,N46) -> 349.66136 | U46: =SUM(F46,I46,L46,O46) -> 3458.0779
A47: Tide Series Totals | E47: =SUM(E40:E46) -> 3265.4348 | F47: =SUM(F40:F46) -> 28834.701 | G47: =+F47/E47 -> 8.8302789 | H47: =SUM(H40:H46) -> 3816.7403 | I47: =SUM(I40:I46) -> 34650.419 | J47: =+I47/H47 -> 9.0785373 | K47: =SUM(K40:K46) -> 2212.8985 | L47: =SUM(L40:L46) -> 27317.318 | M47: =+L47/K47 -> 12.344587 | N47: =SUM(N40:N46) -> 2066.2743 | O47: =SUM(O40:O46) -> 15329.338 | P47: =+O47/N47 -> 7.4188303 | T47: =SUM(T40:T46) -> 11361.348 | U47: =SUM(U40:U46) -> 106131.78 | W47: =SUM(H47,K47,N47,Q47,E47) -> 11361.348 | X47: =SUM(R47,O47,L47,I47,F47) -> 106131.78
A48: 45654 | B48: Sat | C48: 0.70694444 | D48: -0.03 | E48: =Effort!F46 -> 1154.5359 | F48: =Harvest!F46 -> 3232.7007 | G48: =+CPUE!F46 -> 2.8 | H48: =Effort!H46 -> 1237.2669 | I48: =Harvest!H46 -> 1903.4875 | J48: =CPUE!H46 -> 1.5384615 | K48: =Effort!J46 -> 2133.0631 | L48: =Harvest!J46 -> 5992.8916 | M48: =CPUE!J46 -> 2.8095238 | N48: =Effort!L46 -> CLOSED | O48: =Harvest!L46 -> CLOSED | P48: =CPUE!L46 -> CLOSED | Q48: CLOSED | R48: CLOSED | S48: CLOSED | T48: =SUM(E48,H48,K48,N48) -> 4524.866 | U48: =SUM(F48,I48,L48,O48) -> 11129.08
A49: 45655 | B49: Sun | C49: 0.73333333 | D49: -0.44 | E49: =Effort!F47 -> 823.44751 | F49: =Harvest!F47 -> 9881.3702 | G49: =+CPUE!F47 -> 12 | H49: =Effort!H47 -> 903.24667 | I49: =Harvest!H47 -> 11153.133 | J49: =CPUE!H47 -> 12.347826 | K49: =Effort!J47 -> CLOSED | L49: =Harvest!J47 -> CLOSED | M49: =CPUE!J47 -> CLOSED | N49: =Effort!L47 -> 1369.3868 | O49: =Harvest!L47 -> 10984.231 | P49: =CPUE!L47 -> 8.0212766 | Q49: CLOSED | R49: CLOSED | S49: CLOSED | T49: =SUM(E49,H49,K49,N49) -> 3096.081 | U49: =SUM(F49,I49,L49,O49) -> 32018.734
A50: 45656 | B50: Mon | C50: 0.75972222 | D50: -0.74 | E50: =Effort!F48 -> 1086.302 | F50: =Harvest!F48 -> 13796.036 | G50: =+CPUE!F48 -> 12.7 | H50: =Effort!H48 -> 1153.2393 | I50: =Harvest!H48 -> 14415.492 | J50: =CPUE!H48 -> 12.5 | K50: =Effort!J48 -> CLOSED | L50: =Harvest!J48 -> CLOSED | M50: =CPUE!J48 -> CLOSED | N50: =Effort!L48 -> 894.00226 | O50: =Harvest!L48 -> 11175.028 | P50: =CPUE!L48 -> 12.5 | Q50: CLOSED | R50: CLOSED | S50: CLOSED | T50: =SUM(E50,H50,K50,N50) -> 3133.5436 | U50: =SUM(F50,I50,L50,O50) -> 39386.556
A51: 45657 | B51: Tue | C51: 0.78541667 | D51: -0.95 | E51: =Effort!F49 -> 787.7714 | F51: =Harvest!F49 -> 9453.2568 | G51: =+CPUE!F49 -> 12 | H51: =Effort!H49 -> 844.22098 | I51: =Harvest!H49 -> 10130.652 | J51: =CPUE!H49 -> 12 | K51: =Effort!J49 -> 1455.4472 | L51: =Harvest!J49 -> 17513.881 | M51: =CPUE!J49 -> 12.033333 | N51: =Effort!L49 -> CLOSED | O51: =Harvest!L49 -> CLOSED | P51: =CPUE!L49 -> CLOSED | Q51: CLOSED | R51: CLOSED | S51: CLOSED | T51: =SUM(E51,H51,K51,N51) -> 3087.4396 | U51: =SUM(F51,I51,L51,O51) -> 37097.79
A52: 45658 | B52: Wed | C52: 0.81180556 | D52: -0.95 | E52: =Effort!F50 -> 696.9038 | F52: =Harvest!F50 -> 1393.8076 | G52: =+CPUE!F50 -> 2 | H52: =Effort!H50 -> 746.84205 | I52: =Harvest!H50 -> 1493.6841 | J52: =CPUE!H50 -> 2 | K52: =Effort!J50 -> 1287.5648 | L52: =Harvest!J50 -> 2125.979 | M52: =CPUE!J50 -> 1.6511628 | N52: =Effort!L50 -> CLOSED | O52: =Harvest!L50 -> CLOSED | P52: =CPUE!L50 -> CLOSED | Q52: CLOSED | R52: CLOSED | S52: CLOSED | T52: =SUM(E52,H52,K52,N52) -> 2731.3106 | U52: =SUM(F52,I52,L52,O52) -> 5013.4707
A53: 45659 | B53: Thu | C53: 0.83888889 | D53: -0.75 | E53: =Effort!F51 -> 204.1373 | F53: =Harvest!F51 -> 796.13546 | G53: =+CPUE!F51 -> 3.9 | H53: =Effort!H51 -> 223.91996 | I53: =Harvest!H51 -> 1716.7197 | J53: =CPUE!H51 -> 7.6666667 | K53: =Effort!J51 -> CLOSED | L53: =Harvest!J51 -> CLOSED | M53: =CPUE!J51 -> CLOSED | N53: =Effort!L51 -> 173.58492 | O53: =Harvest!L51 -> 1301.8869 | P53: =CPUE!L51 -> 7.5 | Q53: CLOSED | R53: CLOSED | S53: CLOSED | T53: =SUM(E53,H53,K53,N53) -> 601.64217 | U53: =SUM(F53,I53,L53,O53) -> 3814.742
A54: 45660 | B54: Fri | C54: 0.86666667 | D54: -0.34 | E54: =Effort!F52 -> 197.40614 | F54: =Harvest!F52 -> 493.51535 | G54: =+CPUE!F52 -> 2.5 | H54: =Effort!H52 -> 216.5365 | I54: =Harvest!H52 -> 541.34124 | J54: =CPUE!H52 -> 2.5 | K54: =Effort!J52 -> CLOSED | L54: =Harvest!J52 -> CLOSED | M54: =CPUE!J52 -> CLOSED | N54: =Effort!L52 -> 167.86118 | O54: =Harvest!L52 -> 419.65296 | P54: =CPUE!L52 -> 2.5 | Q54: CLOSED | R54: CLOSED | S54: CLOSED | T54: =SUM(E54,H54,K54,N54) -> 581.80382 | U54: =SUM(F54,I54,L54,O54) -> 1454.5096
A55: Tide Series Totals | E55: =SUM(E48:E54) -> 4950.5041 | F55: =SUM(F48:F54) -> 39046.822 | G55: =+F55/E55 -> 7.8874436 | H55: =SUM(H48:H54) -> 5325.2724 | I55: =SUM(I48:I54) -> 41354.509 | J55: =+I55/H55 -> 7.7657077 | K55: =SUM(K48:K54) -> 4876.0751 | L55: =SUM(L48:L54) -> 25632.752 | M55: =+L55/K55 -> 5.2568411 | N55: =SUM(N48:N54) -> 2604.8352 | O55: =SUM(O48:O54) -> 23880.799 | P55: =+O55/N55 -> 9.1678732 | T55: =SUM(T48:T54) -> 17756.687 | U55: =SUM(U48:U54) -> 129914.88 | W55: =SUM(H55,K55,N55,Q55,E55) -> 17756.687 | X55: =SUM(R55,O55,L55,I55,F55) -> 129914.88
A56: 45667 | B56: Fri | C56: 0.65763889 | D56: -0.31 | E56: =Effort!F54 -> 816.30994 | F56: =Harvest!F54 -> 4605.2225 | G56: =+CPUE!F54 -> 5.6415122 | H56: =Effort!H54 -> 1207.3884 | I56: =Harvest!H54 -> 9055.4131 | J56: =CPUE!H54 -> 7.5 | K56: =Effort!J54 -> CLOSED | L56: =Harvest!J54 -> CLOSED | M56: =CPUE!J54 -> CLOSED | N56: =Effort!L54 -> 1150.1384 | O56: =Harvest!L54 -> 10823.097 | P56: =CPUE!L54 -> 9.4102564 | Q56: CLOSED | R56: CLOSED | S56: CLOSED | T56: =SUM(E56,H56,K56,N56) -> 3173.8367 | U56: =SUM(F56,I56,L56,O56) -> 24483.733
A57: 45668 | B57: Sat | C57: 0.69375 | D57: -0.76 | E57: =Effort!F55 -> 3609.4652 | F57: =Harvest!F55 -> 54141.978 | G57: =+CPUE!F55 -> 15 | H57: =Effort!H55 -> 3202.2865 | I57: =Harvest!H55 -> 45891.034 | J57: =CPUE!H55 -> 14.330709 | K57: =Effort!J55 -> CLOSED | L57: =Harvest!J55 -> CLOSED | M57: =CPUE!J55 -> CLOSED | N57: =Effort!L55 -> 3050.4455 | O57: =Harvest!L55 -> 41181.014 | P57: =CPUE!L55 -> 13.5 | Q57: CLOSED | R57: CLOSED | S57: CLOSED | T57: =SUM(E57,H57,K57,N57) -> 9862.1971 | U57: =SUM(F57,I57,L57,O57) -> 141214.03
A58: 45669 | B58: Sun | C58: 0.72708333 | D58: -1.02 | E58: =Effort!F56 -> 2267.4424 | F58: =Harvest!F56 -> 30610.473 | G58: =+CPUE!F56 -> 13.5 | H58: =Effort!H56 -> 2011.6554 | I58: =Harvest!H56 -> 27092.456 | J58: =CPUE!H56 -> 13.467742 | K58: =Effort!J56 -> 2864.4528 | L58: =Harvest!J56 -> 39693.131 | M58: =CPUE!J56 -> 13.857143 | N58: =Effort!L56 -> CLOSED | O58: =Harvest!L56 -> CLOSED | P58: =CPUE!L56 -> CLOSED | Q58: CLOSED | R58: CLOSED | S58: CLOSED | T58: =SUM(E58,H58,K58,N58) -> 7143.5506 | U58: =SUM(F58,I58,L58,O58) -> 97396.06
A59: 45670 | B59: Mon | C59: 0.75694444 | D59: -1.07 | E59: =Effort!F57 -> 948.66877 | F59: =Harvest!F57 -> 10909.691 | G59: =+CPUE!F57 -> 11.5 | H59: =Effort!H57 -> 841.65078 | I59: =Harvest!H57 -> 9678.9839 | J59: =CPUE!H57 -> 11.5 | K59: =Effort!J57 -> 1198.4502 | L59: =Harvest!J57 -> 13709.101 | M59: =CPUE!J57 -> 11.439024 | N59: =Effort!L57 -> CLOSED | O59: =Harvest!L57 -> CLOSED | P59: =CPUE!L57 -> CLOSED | Q59: CLOSED | R59: CLOSED | S59: CLOSED | T59: =SUM(E59,H59,K59,N59) -> 2988.7698 | U59: =SUM(F59,I59,L59,O59) -> 34297.776
A60: 45671 | B60: Tue | C60: 0.78472222 | D60: -0.93 | E60: =Effort!F58 -> 186.54492 | F60: =Harvest!F58 -> 932.7246 | G60: =+CPUE!F58 -> 5 | H60: =Effort!H58 -> 275.91502 | I60: =Harvest!H58 -> 1379.5751 | J60: =CPUE!H58 -> 5 | K60: =Effort!J58 -> CLOSED | L60: =Harvest!J58 -> CLOSED | M60: =CPUE!J58 -> CLOSED | N60: =Effort!L58 -> 262.83212 | O60: =Harvest!L58 -> 1145.1971 | P60: =CPUE!L58 -> 4.3571429 | Q60: CLOSED | R60: CLOSED | S60: CLOSED | T60: =SUM(E60,H60,K60,N60) -> 725.29206 | U60: =SUM(F60,I60,L60,O60) -> 3457.4968
A61: 45672 | B61: Wed | C61: 0.81111111 | D61: -0.62 | E61: =Effort!F59 -> 92.512906 | F61: =Harvest!F59 -> 850.91485 | G61: =+CPUE!F59 -> 9.1977962 | H61: =Effort!H59 -> 219.95358 | I61: =Harvest!H59 -> 2452.4825 | J61: =CPUE!H59 -> 11.15 | K61: =Effort!J59 -> CLOSED | L61: =Harvest!J59 -> CLOSED | M61: =CPUE!J59 -> CLOSED | N61: =Effort!L59 -> 186.21634 | O61: =Harvest!L59 -> 658.91936 | P61: =CPUE!L59 -> 3.5384615 | Q61: CLOSED | R61: CLOSED | S61: CLOSED | T61: =SUM(E61,H61,K61,N61) -> 498.68283 | U61: =SUM(F61,I61,L61,O61) -> 3962.3167
A62: 45673 | B62: Thu | C62: 0.83541667 | D62: -0.16 | E62: =Effort!F60 -> 121.08224 | F62: =Harvest!F60 -> 484.32894 | G62: =+CPUE!F60 -> 4 | H62: =Effort!H60 -> 107.42312 | I62: =Harvest!H60 -> 429.69247 | J62: =CPUE!H60 -> 4 | K62: =Effort!J60 -> 152.9628 | L62: =Harvest!J60 -> 638.84465 | M62: =CPUE!J60 -> 4.1764706 | N62: =Effort!L60 -> CLOSED | O62: =Harvest!L60 -> CLOSED | P62: =CPUE!L60 -> CLOSED | Q62: CLOSED | R62: CLOSED | S62: CLOSED | T62: =SUM(E62,H62,K62,N62) -> 381.46816 | U62: =SUM(F62,I62,L62,O62) -> 1552.8661
A63: Tide Series Totals | E63: =SUM(E56:E62) -> 8042.0263 | F63: =SUM(F56:F62) -> 102535.33 | G63: =+F63/E63 -> 12.749937 | H63: =SUM(H56:H62) -> 7866.2728 | I63: =SUM(I56:I62) -> 95979.638 | J63: =+I63/H63 -> 12.201412 | K63: =SUM(K56:K62) -> 4215.8658 | L63: =SUM(L56:L62) -> 54041.078 | M63: =+L63/K63 -> 12.8185 | N63: =SUM(N56:N62) -> 4649.6323 | O63: =SUM(O56:O62) -> 53808.228 | P63: =+O63/N63 -> 11.572577 | T63: =SUM(T56:T62) -> 24773.797 | U63: =SUM(U56:U62) -> 306364.27 | W63: =SUM(H63,K63,N63,Q63,E63) -> 24773.797 | X63: =SUM(R63,O63,L63,I63,F63) -> 306364.27
A64: 45683 | B64: Sun | C64: 0.69027778 | D64: 0.07 | E64: =Effort!F62 -> 1742.5634 | F64: =Harvest!F62 -> 24395.887 | G64: =+CPUE!F62 -> 14 | H64: =Effort!H62 -> 2096.5702 | I64: =Harvest!H62 -> 31396.138 | J64: =CPUE!H62 -> 14.975 | K64: =Effort!J62 -> CLOSED | L64: =Harvest!J62 -> CLOSED | M64: =CPUE!J62 -> CLOSED | N64: =Effort!L62 -> 1468.5373 | O64: =Harvest!L62 -> 21468.617 | P64: =CPUE!L62 -> 14.619048 | Q64: CLOSED | R64: CLOSED | S64: CLOSED | T64: =SUM(E64,H64,K64,N64) -> 5307.6708 | U64: =SUM(F64,I64,L64,O64) -> 77260.642
A65: 45684 | B65: Mon | C65: 0.71875 | D65: -0.44 | E65: =Effort!F63 -> 1065.5686 | F65: =Harvest!F63 -> 15983.528 | G65: =+CPUE!F63 -> 15 | H65: =Effort!H63 -> 1282.0419 | I65: =Harvest!H63 -> 17948.587 | J65: =CPUE!H63 -> 14 | K65: =Effort!J63 -> CLOSED | L65: =Harvest!J63 -> CLOSED | M65: =CPUE!J63 -> CLOSED | N65: =Effort!L63 -> 898.00303 | O65: =Harvest!L63 -> 11702.102 | P65: =CPUE!L63 -> 13.03125 | Q65: CLOSED | R65: CLOSED | S65: CLOSED | T65: =SUM(E65,H65,K65,N65) -> 3245.6135 | U65: =SUM(F65,I65,L65,O65) -> 45634.217
A66: 45685 | B66: Tue | C66: 0.74583333 | D66: -0.82 | E66: =Effort!F64 -> 1778.8139 | F66: =Harvest!F64 -> 24903.395 | G66: =+CPUE!F64 -> 14 | H66: =Effort!H64 -> 878.35495 | I66: =Harvest!H64 -> 12296.969 | J66: =CPUE!H64 -> 14 | K66: =Effort!J64 -> 1139.4029 | L66: =Harvest!J64 -> 17091.044 | M66: =CPUE!J64 -> 15 | N66: =Effort!L64 -> CLOSED | O66: =Harvest!L64 -> CLOSED | P66: =CPUE!L64 -> CLOSED | Q66: CLOSED | R66: CLOSED | S66: CLOSED | T66: =SUM(E66,H66,K66,N66) -> 3796.5718 | U66: =SUM(F66,I66,L66,O66) -> 54291.408
A67: 45686 | B67: Wed | C67: 0.77152778 | D67: -1.01 | E67: =Effort!F65 -> 1429.9795 | F67: =Harvest!F65 -> 21449.692 | G67: =+CPUE!F65 -> 15 | H67: =Effort!H65 -> 706.10509 | I67: =Harvest!H65 -> 10419.356 | J67: =CPUE!H65 -> 14.756098 | K67: =Effort!J65 -> 915.96023 | L67: =Harvest!J65 -> 11805.71 | M67: =CPUE!J65 -> 12.888889 | N67: =Effort!L65 -> CLOSED | O67: =Harvest!L65 -> CLOSED | P67: =CPUE!L65 -> CLOSED | Q67: CLOSED | R67: CLOSED | S67: CLOSED | T67: =SUM(E67,H67,K67,N67) -> 3052.0448 | U67: =SUM(F67,I67,L67,O67) -> 43674.758
A68: 45687 | B68: Thu | C68: 0.79652778 | D68: -0.97 | E68: =Effort!F66 -> 187.57763 | F68: =Harvest!F66 -> 2719.8756 | G68: =+CPUE!F66 -> 14.5 | H68: =Effort!H66 -> 225.68457 | I68: =Harvest!H66 -> 2821.0571 | J68: =CPUE!H66 -> 12.5 | K68: =Effort!J66 -> CLOSED | L68: =Harvest!J66 -> CLOSED | M68: =CPUE!J66 -> CLOSED | N68: =Effort!L66 -> 158.08019 | O68: =Harvest!L66 -> 829.92098 | P68: =CPUE!L66 -> 5.25 | Q68: CLOSED | R68: CLOSED | S68: CLOSED | T68: =SUM(E68,H68,K68,N68) -> 571.34238 | U68: =SUM(F68,I68,L68,O68) -> 6370.8537
A69: 45688 | B69: Fri | C69: 0.82222222 | D69: -0.66 | E69: =Effort!F67 -> 183.25674 | F69: =Harvest!F67 -> 2657.2227 | G69: =+CPUE!F67 -> 14.5 | H69: =Effort!H67 -> 587.186 | I69: =Harvest!H67 -> 4403.895 | J69: =CPUE!H67 -> 7.5 | K69: =Effort!J67 -> CLOSED | L69: =Harvest!J67 -> CLOSED | M69: =CPUE!J67 -> CLOSED | N69: =Effort!L67 -> 411.29295 | O69: =Harvest!L67 -> 974.11489 | P69: =CPUE!L67 -> 2.3684211 | Q69: CLOSED | R69: CLOSED | S69: CLOSED | T69: =SUM(E69,H69,K69,N69) -> 1181.7357 | U69: =SUM(F69,I69,L69,O69) -> 8035.2326
A70: 45689 | B70: Sat | C70: 0.84791667 | D70: -0.09 | E70: =Effort!F68 -> 449.952 | F70: =Harvest!F68 -> 5399.424 | G70: =+CPUE!F68 -> 12 | H70: =Effort!H68 -> 222.18039 | I70: =Harvest!H68 -> 1599.6988 | J70: =CPUE!H68 -> 7.2 | K70: =Effort!J68 -> 472.58195 | L70: =Harvest!J68 -> 382.56634 | M70: =CPUE!J68 -> 0.80952381 | N70: =Effort!L68 -> CLOSED | O70: =Harvest!L68 -> CLOSED | P70: =CPUE!L68 -> CLOSED | Q70: CLOSED | R70: CLOSED | S70: CLOSED | T70: =SUM(E70,H70,K70,N70) -> 1144.7143 | U70: =SUM(F70,I70,L70,O70) -> 7381.6892
A71: Tide Series Totals | E71: =SUM(E64:E70) -> 6837.7117 | F71: =SUM(F64:F70) -> 97509.025 | G71: =+F71/E71 -> 14.260476 | H71: =SUM(H64:H70) -> 5998.1231 | I71: =SUM(I64:I70) -> 80885.701 | J71: =+I71/H71 -> 13.485169 | K71: =SUM(K64:K70) -> 2527.9451 | L71: =SUM(L64:L70) -> 29279.32 | M71: =+L71/K71 -> 11.582261 | N71: =SUM(N64:N70) -> 2935.9135 | O71: =SUM(O64:O70) -> 34974.755 | P71: =+O71/N71 -> 11.912733 | T71: =SUM(T64:T70) -> 18299.693 | U71: =SUM(U64:U70) -> 242648.8 | W71: =SUM(H71,K71,N71,Q71,E71) -> 18299.693 | X71: =SUM(R71,O71,L71,I71,F71) -> 242648.8
A72: 45696 | B72: Sat | C72: 0.65 | D72: 0.05 | E72: =Effort!F70 -> 1408.0855 | F72: =Harvest!F70 -> 21121.282 | G72: =+CPUE!F70 -> 15 | H72: =Effort!H70 -> 1739.2334 | I72: =Harvest!H70 -> 26088.501 | J72: =CPUE!H70 -> 15 | K72: =Effort!J70 -> CLOSED | L72: =Harvest!J70 -> CLOSED | M72: =CPUE!J70 -> CLOSED | N72: =Effort!L70 -> 1552.9023 | O72: =Harvest!L70 -> 21956.314 | P72: =CPUE!L70 -> 14.138889 | Q72: CLOSED | R72: CLOSED | S72: CLOSED | T72: =SUM(E72,H72,K72,N72) -> 4700.2212 | U72: =SUM(F72,I72,L72,O72) -> 69166.097
A73: 45697 | B73: Sun | C73: 0.68680556 | D73: -0.27 | E73: =Effort!F71 -> 1013.1366 | F73: =Harvest!F71 -> 15197.049 | G73: =+CPUE!F71 -> 15 | H73: =Effort!H71 -> 1188.9391 | I73: =Harvest!H71 -> 17834.087 | J73: =CPUE!H71 -> 15 | K73: =Effort!J71 -> 1220.3282 | L73: =Harvest!J71 -> 18182.891 | M73: =CPUE!J71 -> 14.9 | N73: =Effort!L71 -> CLOSED | O73: =Harvest!L71 -> CLOSED | P73: =CPUE!L71 -> CLOSED | Q73: CLOSED | R73: CLOSED | S73: CLOSED | T73: =SUM(E73,H73,K73,N73) -> 3422.404 | U73: =SUM(F73,I73,L73,O73) -> 51214.027
A74: 45698 | B74: Mon | C74: 0.71875 | D74: -0.46 | E74: =Effort!F72 -> 778.68208 | F74: =Harvest!F72 -> 11446.627 | G74: =+CPUE!F72 -> 14.7 | H74: =Effort!H72 -> 913.80132 | I74: =Harvest!H72 -> 13707.02 | J74: =CPUE!H72 -> 15 | K74: =Effort!J72 -> 937.92654 | L74: =Harvest!J72 -> 14068.898 | M74: =CPUE!J72 -> 15 | N74: =Effort!L72 -> CLOSED | O74: =Harvest!L72 -> CLOSED | P74: =CPUE!L72 -> CLOSED | Q74: CLOSED | R74: CLOSED | S74: CLOSED | T74: =SUM(E74,H74,K74,N74) -> 2630.4099 | U74: =SUM(F74,I74,L74,O74) -> 39222.544
A75: 45699 | B75: Tue | C75: 0.74583333 | D75: -0.5 | E75: =Effort!F73 -> 460.09228 | F75: =Harvest!F73 -> 6901.3842 | G75: =+CPUE!F73 -> 15 | H75: =Effort!H73 -> 568.29494 | I75: =Harvest!H73 -> 8524.4241 | J75: =CPUE!H73 -> 15 | K75: =Effort!J73 -> CLOSED | L75: =Harvest!J73 -> CLOSED | M75: =CPUE!J73 -> CLOSED | N75: =Effort!L73 -> 303.05797 | O75: =Harvest!L73 -> 4322.5636 | P75: =CPUE!L73 -> 14.263158 | Q75: CLOSED | R75: CLOSED | S75: CLOSED | T75: =SUM(E75,H75,K75,N75) -> 1331.4452 | U75: =SUM(F75,I75,L75,O75) -> 19748.372
A76: 45700 | B76: Wed | C76: 0.77013889 | D76: -0.37 | E76: =Effort!F74 -> 413.59031 | F76: =Harvest!F74 -> 5790.2644 | G76: =+CPUE!F74 -> 14 | H76: =Effort!H74 -> 305.1159 | I76: =Harvest!H74 -> 4271.6226 | J76: =CPUE!H74 -> 14 | K76: =Effort!J74 -> CLOSED | L76: =Harvest!J74 -> CLOSED | M76: =CPUE!J74 -> CLOSED | N76: =Effort!L74 -> 272.42761 | O76: =Harvest!L74 -> 3846.0368 | P76: =CPUE!L74 -> 14.117647 | Q76: CLOSED | R76: CLOSED | S76: CLOSED | T76: =SUM(E76,H76,K76,N76) -> 991.13382 | U76: =SUM(F76,I76,L76,O76) -> 13907.924
A77: 45701 | B77: Thu | C77: 0.79236111 | D77: -0.08 | E77: =Effort!F75 -> 68.992292 | F77: =Harvest!F75 -> 448.4499 | G77: =+CPUE!F75 -> 6.5 | H77: =Effort!H75 -> 80.964041 | I77: =Harvest!H75 -> 520.48312 | J77: =CPUE!H75 -> 6.4285714 | K77: =Effort!J75 -> 83.101569 | L77: =Harvest!J75 -> 488.22172 | M77: =CPUE!J75 -> 5.875 | N77: =Effort!L75 -> CLOSED | O77: =Harvest!L75 -> CLOSED | P77: =CPUE!L75 -> CLOSED | Q77: CLOSED | R77: CLOSED | S77: CLOSED | T77: =SUM(E77,H77,K77,N77) -> 233.0579 | U77: =SUM(F77,I77,L77,O77) -> 1457.1547
A78: 45702 | B78: Fri | C78: 0.81388889 | D78: 0.36 | E78: =Effort!F76 -> 310.60441 | F78: =Harvest!F76 -> 1242.4176 | G78: =+CPUE!F76 -> 4 | H78: =Effort!H76 -> 364.50142 | I78: =Harvest!H76 -> 1458.0057 | J78: =CPUE!H76 -> 4 | K78: =Effort!J76 -> 374.1246 | L78: =Harvest!J76 -> 1402.9673 | M78: =CPUE!J76 -> 3.75 | N78: =Effort!L76 -> CLOSED | O78: =Harvest!L76 -> CLOSED | P78: =CPUE!L76 -> CLOSED | Q78: CLOSED | R78: CLOSED | S78: CLOSED | T78: =SUM(E78,H78,K78,N78) -> 1049.2304 | U78: =SUM(F78,I78,L78,O78) -> 4103.3906
A79: Tide Series Totals | E79: =SUM(E72:E78) -> 4453.1835 | F79: =SUM(F72:F78) -> 62147.474 | G79: =+F79/E79 -> 13.955741 | H79: =SUM(H72:H78) -> 5160.8501 | I79: =SUM(I72:I78) -> 72404.143 | J79: =+I79/H79 -> 14.029499 | K79: =SUM(K72:K78) -> 2615.481 | L79: =SUM(L72:L78) -> 34142.978 | M79: =+L79/K79 -> 13.054187 | N79: =SUM(N72:N78) -> 2128.3879 | O79: =SUM(O72:O78) -> 30124.914 | P79: =+O79/N79 -> 14.153864 | T79: =SUM(T72:T78) -> 14357.902 | U79: =SUM(U72:U78) -> 198819.51 | W79: =SUM(H79,K79,N79,Q79,E79) -> 14357.902 | X79: =SUM(R79,O79,L79,I79,F79) -> 198819.51
A80: 45712 | B80: Mon | C80: 0.66944444 | D80: 0.21 | E80: =Effort!F78 -> 149.43162 | F80: =Harvest!F78 -> 747.15809 | G80: =+CPUE!F78 -> 5 | H80: =Effort!H78 -> 272.44494 | I80: =Harvest!H78 -> 1362.2247 | J80: =CPUE!H78 -> 5 | K80: =Effort!J78 -> CLOSED | L80: =Harvest!J78 -> CLOSED | M80: =CPUE!J78 -> CLOSED | N80: =Effort!L78 -> 149.70333 | O80: =Harvest!L78 -> 764.27491 | P80: =CPUE!L78 -> 5.1052632 | Q80: CLOSED | R80: CLOSED | S80: CLOSED | T80: =SUM(E80,H80,K80,N80) -> 571.57989 | U80: =SUM(F80,I80,L80,O80) -> 2873.6577
A81: 45713 | B81: Tue | C81: 0.69861111 | D81: -0.3 | E81: =Effort!F79 -> 375.61184 | F81: =Harvest!F79 -> 4695.148 | G81: =+CPUE!F79 -> 12.5 | H81: =Effort!H79 -> 309.14696 | I81: =Harvest!H79 -> 3864.3371 | J81: =CPUE!H79 -> 12.5 | K81: =Effort!J79 -> 495.07006 | L81: =Harvest!J79 -> 6105.864 | M81: =CPUE!J79 -> 12.333333 | N81: =Effort!L79 -> CLOSED | O81: =Harvest!L79 -> CLOSED | P81: =CPUE!L79 -> CLOSED | Q81: CLOSED | R81: CLOSED | S81: CLOSED | T81: =SUM(E81,H81,K81,N81) -> 1179.8289 | U81: =SUM(F81,I81,L81,O81) -> 14665.349
A82: 45714 | B82: Wed | C82: 0.72569444 | D82: -0.63 | E82: =Effort!F80 -> 1038.3664 | F82: =Harvest!F80 -> 15575.496 | G82: =+CPUE!F80 -> 15 | H82: =Effort!H80 -> 854.62649 | I82: =Harvest!H80 -> 12586.317 | J82: =CPUE!H80 -> 14.727273 | K82: =Effort!J80 -> 1368.6047 | L82: =Harvest!J80 -> 20529.07 | M82: =CPUE!J80 -> 15 | N82: =Effort!L80 -> CLOSED | O82: =Harvest!L80 -> CLOSED | P82: =CPUE!L80 -> CLOSED | Q82: CLOSED | R82: CLOSED | S82: CLOSED | T82: =SUM(E82,H82,K82,N82) -> 3261.5976 | U82: =SUM(F82,I82,L82,O82) -> 48690.884
A83: 45715 | B83: Thu | C83: 0.75208333 | D83: -0.73 | E83: =Effort!F81 -> 903.28993 | F83: =Harvest!F81 -> 13188.033 | G83: =+CPUE!F81 -> 14.6 | H83: =Effort!H81 -> 1564.3157 | I83: =Harvest!H81 -> 23204.016 | J83: =CPUE!H81 -> 14.833333 | K83: =Effort!J81 -> CLOSED | L83: =Harvest!J81 -> CLOSED | M83: =CPUE!J81 -> CLOSED | N83: =Effort!L81 -> 859.56185 | O83: =Harvest!L81 -> 8897.6267 | P83: =CPUE!L81 -> 10.351351 | Q83: CLOSED | R83: CLOSED | S83: CLOSED | T83: =SUM(E83,H83,K83,N83) -> 3327.1675 | U83: =SUM(F83,I83,L83,O83) -> 45289.676
A84: 45716 | B84: Fri | C84: 0.77708333 | D84: -0.55 | E84: =Effort!F82 -> 1351.4942 | F84: =Harvest!F82 -> 18650.62 | G84: =+CPUE!F82 -> 13.8 | H84: =Effort!H82 -> 1112.346 | I84: =Harvest!H82 -> 15572.844 | J84: =CPUE!H82 -> 14 | K84: =Effort!J82 -> CLOSED | L84: =Harvest!J82 -> CLOSED | M84: =CPUE!J82 -> CLOSED | N84: =Effort!L82 -> 1353.9517 | O84: =Harvest!L82 -> 17157.106 | P84: =CPUE!L82 -> 12.671875 | Q84: CLOSED | R84: CLOSED | S84: CLOSED | T84: =SUM(E84,H84,K84,N84) -> 3817.7919 | U84: =SUM(F84,I84,L84,O84) -> 51380.571
A85: 45717 | B85: Sat | C85: 0.80208333 | D85: -0.1 | E85: =Effort!F83 -> 1456.8371 | F85: =Harvest!F83 -> 5827.3482 | G85: =+CPUE!F83 -> 4 | H85: =Effort!H83 -> 1199.0483 | I85: =Harvest!H83 -> 5739.7068 | J85: =CPUE!H83 -> 4.7868852 | K85: =Effort!J83 -> 2149.0593 | L85: =Harvest!J83 -> 3420.9515 | M85: =CPUE!J83 -> 1.5918367 | N85: =Effort!L83 -> CLOSED | O85: =Harvest!L83 -> CLOSED | P85: =CPUE!L83 -> CLOSED | Q85: CLOSED | R85: CLOSED | S85: CLOSED | T85: =SUM(E85,H85,K85,N85) -> 4804.9447 | U85: =SUM(F85,I85,L85,O85) -> 14988.007
A86: Tide Series Totals | E86: =SUM(E80:E85) -> 5275.0311 | F86: =SUM(F80:F85) -> 58683.804 | G86: =+F86/E86 -> 11.124826 | H86: =SUM(H80:H85) -> 5311.9285 | I86: =SUM(I80:I85) -> 62329.447 | J86: =+I86/H86 -> 11.733864 | K86: =SUM(K80:K85) -> 4012.734 | L86: =SUM(L80:L85) -> 30055.886 | M86: =+L86/K86 -> 7.4901266 | N86: =SUM(N80:N85) -> 2363.2169 | O86: =SUM(O80:O85) -> 26819.008 | P86: =+O86/N86 -> 11.348518 | T86: =SUM(T80:T85) -> 16962.91 | U86: =SUM(U80:U85) -> 177888.14 | W86: =SUM(H86,K86,N86,Q86,E86) -> 16962.91 | X86: =SUM(R86,O86,L86,I86,F86) -> 177888.14
A87: 45724 | B87: Sat | C87: 0.59236111 | D87: 0.59 | E87: =Effort!F85 -> 1257.3969 | F87: =Harvest!F85 -> 10059.175 | G87: =+CPUE!F85 -> 8 | H87: =Effort!H85 -> 1587.8643 | I87: =Harvest!H85 -> 13095.95 | J87: =CPUE!H85 -> 8.2475248 | K87: =Effort!J85 -> CLOSED | L87: =Harvest!J85 -> CLOSED | M87: =CPUE!J85 -> CLOSED | N87: =Effort!L85 -> 1520.7199 | O87: =Harvest!L85 -> 4360.888 | P87: =CPUE!L85 -> 2.8676471 | Q87: CLOSED | R87: CLOSED | S87: CLOSED | T87: =SUM(E87,H87,K87,N87) -> 4365.9811 | U87: =SUM(F87,I87,L87,O87) -> 27516.013
A88: 45725 | B88: Sun | C88: 0.67916667 | D88: 0.41 | E88: =Effort!F86 -> 439.43661 | F88: =Harvest!F86 -> 2197.1831 | G88: =+CPUE!F86 -> 5 | H88: =Effort!H86 -> 646.66769 | I88: =Harvest!H86 -> 8437.4737 | J88: =CPUE!H86 -> 13.047619 | K88: =Effort!J86 -> 772.35342 | L88: =Harvest!J86 -> 7105.6515 | M88: =CPUE!J86 -> 9.2 | N88: =Effort!L86 -> CLOSED | O88: =Harvest!L86 -> CLOSED | P88: =CPUE!L86 -> CLOSED | Q88: CLOSED | R88: CLOSED | S88: CLOSED | T88: =SUM(E88,H88,K88,N88) -> 1858.4577 | U88: =SUM(F88,I88,L88,O88) -> 17740.308
A89: 45726 | B89: Mon | C89: 0.71527778 | D89: 0.22 | E89: =Effort!F87 -> 506.81531 | F89: =Harvest!F87 -> 6081.7837 | G89: =+CPUE!F87 -> 12 | H89: =Effort!H87 -> 745.82107 | I89: =Harvest!H87 -> 8949.8528 | J89: =CPUE!H87 -> 12 | K89: =Effort!J87 -> 890.77815 | L89: =Harvest!J87 -> 10792.12 | M89: =CPUE!J87 -> 12.115385 | N89: =Effort!L87 -> CLOSED | O89: =Harvest!L87 -> CLOSED | P89: =CPUE!L87 -> CLOSED | Q89: CLOSED | R89: CLOSED | S89: CLOSED | T89: =SUM(E89,H89,K89,N89) -> 2143.4145 | U89: =SUM(F89,I89,L89,O89) -> 25823.756
A90: 45727 | B90: Tue | C90: 0.74444444 | D90: 0.14 | E90: =Effort!F88 -> 245.25079 | F90: =Harvest!F88 -> 3482.5612 | G90: =+CPUE!F88 -> 14.2 | H90: =Effort!H88 -> 415.24458 | I90: =Harvest!H88 -> 6102.837 | J90: =CPUE!H88 -> 14.69697 | K90: =Effort!J88 -> CLOSED | L90: =Harvest!J88 -> CLOSED | M90: =CPUE!J88 -> CLOSED | N90: =Effort!L88 -> 296.61101 | O90: =Harvest!L88 -> 4061.923 | P90: =CPUE!L88 -> 13.694444 | Q90: CLOSED | R90: CLOSED | S90: CLOSED | T90: =SUM(E90,H90,K90,N90) -> 957.10638 | U90: =SUM(F90,I90,L90,O90) -> 13647.321
A91: 45728 | B91: Wed | C91: 0.76944444 | D91: 0.18 | E91: =Effort!F89 -> 153.82795 | F91: =Harvest!F89 -> 1538.2795 | G91: =+CPUE!F89 -> 10 | H91: =Effort!H89 -> 194.2568 | I91: =Harvest!H89 -> 1942.568 | J91: =CPUE!H89 -> 10 | K91: =Effort!J89 -> CLOSED | L91: =Harvest!J89 -> CLOSED | M91: =CPUE!J89 -> CLOSED | N91: =Effort!L89 -> 186.04247 | O91: =Harvest!L89 -> 1720.8928 | P91: =CPUE!L89 -> 9.25 | Q91: CLOSED | R91: CLOSED | S91: CLOSED | T91: =SUM(E91,H91,K91,N91) -> 534.12722 | U91: =SUM(F91,I91,L91,O91) -> 5201.7403
A92: 45729 | B92: Thu | C92: 0.79166667 | D92: 0.37 | E92: =Effort!F90 -> 290.278 | F92: =Harvest!F90 -> 1103.0564 | G92: =+CPUE!F90 -> 3.8 | H92: =Effort!H90 -> 294.06291 | I92: =Harvest!H90 -> 2777.2608 | J92: =CPUE!H90 -> 9.4444444 | K92: =Effort!J90 -> 287.87175 | L92: =Harvest!J90 -> 3166.5893 | M92: =CPUE!J90 -> 11 | N92: =Effort!L90 -> CLOSED | O92: =Harvest!L90 -> CLOSED | P92: =CPUE!L90 -> CLOSED | Q92: CLOSED | R92: CLOSED | S92: CLOSED | T92: =SUM(E92,H92,K92,N92) -> 872.21267 | U92: =SUM(F92,I92,L92,O92) -> 7046.9065
A93: 45730 | B93: Fri | C93: 0.8125 | D93: 0.69 | E93: =Effort!F91 -> 282.06726 | F93: =Harvest!F91 -> 3102.7398 | G93: =+CPUE!F91 -> 11 | H93: =Effort!H91 -> 415.08554 | I93: =Harvest!H91 -> 4565.9409 | J93: =CPUE!H91 -> 11 | K93: =Effort!J91 -> 495.76117 | L93: =Harvest!J91 -> 5387.2714 | M93: =CPUE!J91 -> 10.866667 | N93: =Effort!L91 -> CLOSED | O93: =Harvest!L91 -> CLOSED | P93: =CPUE!L91 -> CLOSED | Q93: CLOSED | R93: CLOSED | S93: CLOSED | T93: =SUM(E93,H93,K93,N93) -> 1192.914 | U93: =SUM(F93,I93,L93,O93) -> 13055.952
A94: Tide Series Totals | E94: =SUM(E87:E93) -> 3175.0728 | F94: =SUM(F87:F93) -> 27564.779 | G94: =+F94/E94 -> 8.681621 | H94: =SUM(H87:H93) -> 4299.0029 | I94: =SUM(I87:I93) -> 45871.883 | J94: =+I94/H94 -> 10.670354 | K94: =SUM(K87:K93) -> 2446.7645 | L94: =SUM(L87:L93) -> 26451.632 | M94: =+L94/K94 -> 10.810861 | N94: =SUM(N87:N93) -> 2003.3734 | O94: =SUM(O87:O93) -> 10143.704 | P94: =+O94/N94 -> 5.0633116 | T94: =SUM(T87:T93) -> 11924.214 | U94: =SUM(U87:U93) -> 110032 | W94: =SUM(H94,K94,N94,Q94,E94) -> 11924.214 | X94: =SUM(R94,O94,L94,I94,F94) -> 110032
A95: 45742 | B95: Wed | C95: 0.71388889 | D95: 0.03 | E95: =Effort!F93 -> 457.68096 | F95: =Harvest!F93 -> 4485.2734 | G95: =+CPUE!F93 -> 9.8 | H95: =Effort!H93 -> 437.63693 | I95: =Harvest!H93 -> 4376.3693 | J95: =CPUE!H93 -> 10 | K95: =Effort!J93 -> CLOSED | L95: =Harvest!J93 -> CLOSED | M95: =CPUE!J93 -> CLOSED | N95: =Effort!L93 -> 410.77134 | O95: =Harvest!L93 -> 2990.9288 | P95: =CPUE!L93 -> 7.28125 | Q95: CLOSED | R95: CLOSED | S95: CLOSED | T95: =SUM(E95,H95,K95,N95) -> 1306.0892 | U95: =SUM(F95,I95,L95,O95) -> 11852.571
A96: 45743 | B96: Thu | C96: 0.74305556 | D96: -0.11 | E96: =Effort!F94 -> 340.56903 | F96: =Harvest!F94 -> 4086.8284 | G96: =+CPUE!F94 -> 12 | H96: =Effort!H94 -> 325.65389 | I96: =Harvest!H94 -> 3907.8467 | J96: =CPUE!H94 -> 12 | K96: =Effort!J94 -> CLOSED | L96: =Harvest!J94 -> CLOSED | M96: =CPUE!J94 -> CLOSED | N96: =Effort!L94 -> 346.29705 | O96: =Harvest!L94 -> 4135.1942 | P96: =CPUE!L94 -> 11.941176 | Q96: CLOSED | R96: CLOSED | S96: CLOSED | T96: =SUM(E96,H96,K96,N96) -> 1012.52 | U96: =SUM(F96,I96,L96,O96) -> 12129.869
A97: 45744 | B97: Fri | C97: 0.77013889 | D97: -0.02 | E97: =Effort!F95 -> 698.21191 | F97: =Harvest!F95 -> 2513.5629 | G97: =+CPUE!F95 -> 3.6 | H97: =Effort!H95 -> 789.94867 | I97: =Harvest!H95 -> 8689.4354 | J97: =CPUE!H95 -> 11 | K97: =Effort!J95 -> 980.98645 | L97: =Harvest!J95 -> 10736.352 | M97: =CPUE!J95 -> 10.944444 | N97: =Effort!L95 -> CLOSED | O97: =Harvest!L95 -> CLOSED | P97: =CPUE!L95 -> CLOSED | Q97: CLOSED | R97: CLOSED | S97: CLOSED | T97: =SUM(E97,H97,K97,N97) -> 2469.147 | U97: =SUM(F97,I97,L97,O97) -> 21939.35
A98: 45745 | B98: Sat | C98: 0.29027778 | D98: -0.14 | E98: =Effort!F96 -> 1908.2393 | F98: =Harvest!F96 -> 20990.632 | G98: =+CPUE!F96 -> 11 | H98: =Effort!H96 -> 1694.9773 | I98: =Harvest!H96 -> 18644.75 | J98: =CPUE!H96 -> 11 | K98: =Effort!J96 -> 2681.0727 | L98: =Harvest!J96 -> 28321.877 | M98: =CPUE!J96 -> 10.563636 | N98: =Effort!L96 -> CLOSED | O98: =Harvest!L96 -> CLOSED | P98: =CPUE!L96 -> CLOSED | Q98: CLOSED | R98: CLOSED | S98: CLOSED | T98: =SUM(E98,H98,K98,N98) -> 6284.2893 | U98: =SUM(F98,I98,L98,O98) -> 67957.26
A99: 45746 | B99: Sun | C99: 0.32152778 | D99: -0.84 | E99: =Effort!F97 -> 2266.7179 | F99: =Harvest!F97 -> 33320.754 | G99: =+CPUE!F97 -> 14.7 | H99: =Effort!H97 -> 2167.4476 | I99: =Harvest!H97 -> 32199.101 | J99: =CPUE!H97 -> 14.855769 | K99: =Effort!J97 -> CLOSED | L99: =Harvest!J97 -> CLOSED | M99: =CPUE!J97 -> CLOSED | N99: =Effort!L97 -> 2734.817 | O99: =Harvest!L97 -> 38388.728 | P99: =CPUE!L97 -> 14.037037 | Q99: CLOSED | R99: CLOSED | S99: CLOSED | T99: =SUM(E99,H99,K99,N99) -> 7168.9825 | U99: =SUM(F99,I99,L99,O99) -> 103908.58
A100: 45747 | B100: Mon | C100: 0.35277778 | D100: -1.23 | E100: =Effort!F98 -> 1199.4682 | F100: =Harvest!F98 -> 17392.288 | G100: =+CPUE!F98 -> 14.5 | H100: =Effort!H98 -> 1360.9024 | I100: =Harvest!H98 -> 19733.085 | J100: =CPUE!H98 -> 14.5 | K100: =Effort!J98 -> CLOSED | L100: =Harvest!J98 -> CLOSED | M100: =CPUE!J98 -> CLOSED | N100: =Effort!L98 -> 1447.1699 | O100: =Harvest!L98 -> 20750.945 | P100: =CPUE!L98 -> 14.338983 | Q100: CLOSED | R100: CLOSED | S100: CLOSED | T100: =SUM(E100,H100,K100,N100) -> 4007.5405 | U100: =SUM(F100,I100,L100,O100) -> 57876.318
...

Sheet Tribal Update
A1: 2024-2025 State (non-Tribal) Recreational Razor Clam Effort, Harvest and CPUE totals.
E2: COPALIS | I2: MOCROCKS | M2: KALALOCH | Q2: DAILY TOTALS
A3: DATE | B3: DAY | C3: TIME | D3: TIDE | E3: Effort | F3: Harvest | G3: CPUE | H3: Size (mm) | I3: Effort | J3: Harvest | K3: CPUE | L3: Size (mm) | M3: Effort | N3: Harvest | O3: CPUE | P3: Size (mm) | Q3: Effort | R3: Harvest | T3: CROSS | U3: CHECK
A4: 45568 | B4: Thu | C4: 0.81805556 | D4: 0.33 | E4: =Effort!J2 -> CLOSED | F4: =Harvest!J2 -> CLOSED | G4: =CPUE!J2 -> CLOSED | I4: =Effort!L2 -> 842.90279 | J4: =Harvest!L2 -> 12300.137 | K4: =CPUE!L2 -> 14.592593 | M4: CLOSED | N4: CLOSED | O4: CLOSED | Q4: =SUM(E4,I4) -> 842.90279 | R4: =SUM(F4,J4) -> 12300.137
A5: 45569 | B5: Fri | C5: 0.84027778 | D5: 0.13 | E5: =Effort!J3 -> 1689.802 | F5: =Harvest!J3 -> 25230.491 | G5: =CPUE!J3 -> 14.931034 | I5: =Effort!L3 -> CLOSED | J5: =Harvest!L3 -> CLOSED | K5: =CPUE!L3 -> CLOSED | M5: CLOSED | N5: CLOSED | O5: CLOSED | Q5: =SUM(E5,I5) -> 1689.802 | R5: =SUM(F5,J5) -> 25230.491
A6: 45570 | B6: Sat | C6: 0.86388889 | D6: 0.07 | E6: =Effort!J4 -> 2925.7827 | F6: =Harvest!J4 -> 36243.88 | G6: =CPUE!J4 -> 12.387755 | I6: =Effort!L4 -> CLOSED | J6: =Harvest!L4 -> CLOSED | K6: =CPUE!L4 -> CLOSED | M6: CLOSED | N6: CLOSED | O6: CLOSED | Q6: =SUM(E6,I6) -> 2925.7827 | R6: =SUM(F6,J6) -> 36243.88
A7: 45571 | B7: Sun | C7: 0.88888889 | D7: 0.13 | E7: =Effort!J5 -> CLOSED | F7: =Harvest!J5 -> CLOSED | G7: =CPUE!J5 -> CLOSED | I7: =Effort!L5 -> 269.59338 | J7: =Harvest!L5 -> 4043.9007 | K7: =CPUE!L5 -> 15 | M7: CLOSED | N7: CLOSED | O7: CLOSED | Q7: =SUM(E7,I7) -> 269.59338 | R7: =SUM(F7,J7) -> 4043.9007
A8: 45572 | B8: Mon | C8: 0.91805556 | D8: 0.3 | E8: =Effort!J6 -> CLOSED | F8: =Harvest!J6 -> CLOSED | G8: =CPUE!J6 -> CLOSED | I8: =Effort!L6 -> 176.66393 | J8: =Harvest!L6 -> 2649.959 | K8: =CPUE!L6 -> 15 | M8: CLOSED | N8: CLOSED | O8: CLOSED | Q8: =SUM(E8,I8) -> 176.66393 | R8: =SUM(F8,J8) -> 2649.959
A9: Tide Series Totals | E9: =SUM(E4:E8) -> 4615.5847 | F9: =SUM(F4:F8) -> 61474.371 | G9: =+F9/E9 -> 13.31887 | I9: =SUM(I4:I8) -> 1289.1601 | J9: =SUM(J4:J8) -> 18993.997 | K9: =+J9/I9 -> 14.733621 | Q9: =SUM(Q4:Q8) -> 5904.7448 | R9: =SUM(R4:R8) -> 80468.368 | T9: =SUM(E9,I9) -> 5904.7448 | U9: =SUM(F9,J9) -> 80468.368
A10: 45580 | B10: Tue | C10: 0.72986111 | D10: 0.53 | E10: =Effort!J8 -> CLOSED | F10: =Harvest!J8 -> CLOSED | G10: =CPUE!J8 -> CLOSED | I10: =Effort!L8 -> 1020.3701 | J10: =Harvest!L8 -> 15184.078 | K10: =CPUE!L8 -> 14.880952 | M10: CLOSED | N10: CLOSED | O10: CLOSED | Q10: =SUM(E10,I10) -> 1020.3701 | R10: =SUM(F10,J10) -> 15184.078
A11: 45581 | B11: Wed | C11: 0.7625 | D11: -0.48 | E11: =Effort!J9 -> 1560.3596 | F11: =Harvest!J9 -> 23405.395 | G11: =CPUE!J9 -> 15 | I11: =Effort!L9 -> CLOSED | J11: =Harvest!L9 -> CLOSED | K11: =CPUE!L9 -> CLOSED | M11: CLOSED | N11: CLOSED | O11: CLOSED | Q11: =SUM(E11,I11) -> 1560.3596 | R11: =SUM(F11,J11) -> 23405.395
A12: 45582 | B12: Thu | C12: 0.79375 | D12: -1.25 | E12: =Effort!J10 -> 2209.1196 | F12: =Harvest!J10 -> 32203.363 | G12: =CPUE!J10 -> 14.577465 | I12: =Effort!L10 -> CLOSED | J12: =Harvest!L10 -> CLOSED | K12: =CPUE!L10 -> CLOSED | M12: CLOSED | N12: CLOSED | O12: CLOSED | Q12: =SUM(E12,I12) -> 2209.1196 | R12: =SUM(F12,J12) -> 32203.363
A13: 45583 | B13: Fri | C13: 0.82569444 | D13: -1.66 | E13: =Effort!J11 -> CLOSED | F13: =Harvest!J11 -> CLOSED | G13: =CPUE!J11 -> CLOSED | I13: =Effort!L11 -> 906.78938 | J13: =Harvest!L11 -> 2593.8394 | K13: =CPUE!L11 -> 2.8604651 | M13: CLOSED | N13: CLOSED | O13: CLOSED | Q13: =SUM(E13,I13) -> 906.78938 | R13: =SUM(F13,J13) -> 2593.8394
A14: 45584 | B14: Sat | C14: 0.85763889 | D14: -1.69 | E14: =Effort!J12 -> CLOSED | F14: =Harvest!J12 -> CLOSED | G14: =CPUE!J12 -> CLOSED | I14: =Effort!L12 -> 1649.2785 | J14: =Harvest!L12 -> 13531.58 | K14: =CPUE!L12 -> 8.2045455 | M14: CLOSED | N14: CLOSED | O14: CLOSED | Q14: =SUM(E14,I14) -> 1649.2785 | R14: =SUM(F14,J14) -> 13531.58
A15: 45585 | B15: Sun | C15: 0.89166667 | D15: -1.36 | E15: =Effort!J13 -> 521.12498 | F15: =Harvest!J13 -> 7816.8747 | G15: =CPUE!J13 -> 15 | I15: =Effort!L13 -> CLOSED | J15: =Harvest!L13 -> CLOSED | K15: =CPUE!L13 -> CLOSED | M15: CLOSED | N15: CLOSED | O15: CLOSED | Q15: =SUM(E15,I15) -> 521.12498 | R15: =SUM(F15,J15) -> 7816.8747
A16: 45586 | B16: Mon | C16: 0.92777778 | D16: -0.78 | E16: =Effort!J14 -> 280.13271 | F16: =Harvest!J14 -> 4201.9906 | G16: =CPUE!J14 -> 15 | I16: =Effort!L14 -> CLOSED | J16: =Harvest!L14 -> CLOSED | K16: =CPUE!L14 -> CLOSED | M16: CLOSED | N16: CLOSED | O16: CLOSED | Q16: =SUM(E16,I16) -> 280.13271 | R16: =SUM(F16,J16) -> 4201.9906
A17: Tide Series Totals | E17: =SUM(E10:E16) -> 4570.7369 | F17: =SUM(F10:F16) -> 67627.623 | G17: =+F17/E17 -> 14.795781 | I17: =SUM(I10:I16) -> 3576.4379 | J17: =SUM(J10:J16) -> 31309.498 | K17: =+J17/I17 -> 8.7543804 | Q17: =SUM(Q10:Q16) -> 8147.1748 | R17: =SUM(R10:R16) -> 98937.121 | T17: =SUM(E17,I17) -> 8147.1748 | U17: =SUM(F17,J17) -> 98937.121
A18: 45597 | B18: Fri | C18: 0.80208333 | D18: -0.19 | E18: =Effort!J16 -> CLOSED | F18: =Harvest!J16 -> CLOSED | G18: =CPUE!J16 -> CLOSED | I18: =Effort!L16 -> 947.32683 | J18: =Harvest!L16 -> 12543.914 | K18: =CPUE!L16 -> 13.241379 | M18: CLOSED | N18: CLOSED | O18: CLOSED | Q18: =SUM(E18,I18) -> 947.32683 | R18: =SUM(F18,J18) -> 12543.914
A19: 45598 | B19: Sat | C19: 0.82430556 | D19: -0.36 | E19: =Effort!J17 -> CLOSED | F19: =Harvest!J17 -> CLOSED | G19: =CPUE!J17 -> CLOSED | I19: =Effort!L17 -> 1044.5966 | J19: =Harvest!L17 -> 10012.84 | K19: =CPUE!L17 -> 9.5853659 | M19: CLOSED | N19: CLOSED | O19: CLOSED | Q19: =SUM(E19,I19) -> 1044.5966 | R19: =SUM(F19,J19) -> 10012.84
A20: 45599 | B20: Sun | C20: 0.80694444 | D20: -0.39 | E20: =Effort!J18 -> 547.69196 | F20: =Harvest!J18 -> 2243.7703 | G20: =CPUE!J18 -> 4.0967742 | I20: =Effort!L18 -> CLOSED | J20: =Harvest!L18 -> CLOSED | K20: =CPUE!L18 -> CLOSED | M20: CLOSED | N20: CLOSED | O20: CLOSED | Q20: =SUM(E20,I20) -> 547.69196 | R20: =SUM(F20,J20) -> 2243.7703
A21: 45600 | B21: Mon | C21: 0.83333333 | D21: -0.29 | E21: =Effort!J19 -> 107.50707 | F21: =Harvest!J19 -> 967.56363 | G21: =CPUE!J19 -> 9 | I21: =Effort!L19 -> CLOSED | J21: =Harvest!L19 -> CLOSED | K21: =CPUE!L19 -> CLOSED | M21: CLOSED | N21: CLOSED | O21: CLOSED | Q21: =SUM(E21,I21) -> 107.50707 | R21: =SUM(F21,J21) -> 967.56363
A22: 45601 | B22: Tue | C22: 0.8625 | D22: -0.09 | E22: =Effort!J20 -> CLOSED | F22: =Harvest!J20 -> CLOSED | G22: =CPUE!J20 -> CLOSED | I22: =Effort!L20 -> 97.957146 | J22: =Harvest!L20 -> 1098.5194 | K22: =CPUE!L20 -> 11.214286 | M22: CLOSED | N22: CLOSED | O22: CLOSED | Q22: =SUM(E22,I22) -> 97.957146 | R22: =SUM(F22,J22) -> 1098.5194
A23: Tide Series Totals | E23: =SUM(E18:E22) -> 655.19903 | F23: =SUM(F18:F22) -> 3211.3339 | G23: =+F23/E23 -> 4.9013105 | I23: =SUM(I18:I22) -> 2089.8806 | J23: =SUM(J18:J22) -> 23655.274 | K23: =+J23/I23 -> 11.31896 | Q23: =SUM(Q18:Q22) -> 2745.0796 | R23: =SUM(R18:R22) -> 26866.608 | T23: =SUM(E23,I23) -> 2745.0796 | U23: =SUM(F23,J23) -> 26866.608
A24: 45609 | B24: Wed | C24: 0.67708333 | D24: -0.17 | E24: =Effort!J22 -> CLOSED | F24: =Harvest!J22 -> CLOSED | G24: =CPUE!J22 -> CLOSED | I24: =Effort!L22 -> 514.83341 | J24: =Harvest!L22 -> 7022.8558 | K24: =CPUE!L22 -> 13.641026 | M24: CLOSED | N24: CLOSED | O24: CLOSED | Q24: =SUM(E24,I24) -> 514.83341 | R24: =SUM(F24,J24) -> 7022.8558
A25: 45610 | B25: Thu | C25: 0.70972222 | D25: -1.09 | E25: =Effort!J23 -> CLOSED | F25: =Harvest!J23 -> CLOSED | G25: =CPUE!J23 -> CLOSED | I25: =Effort!L23 -> 1136.9687 | J25: =Harvest!L23 -> 16343.925 | K25: =CPUE!L23 -> 14.375 | M25: CLOSED | N25: CLOSED | O25: CLOSED | Q25: =SUM(E25,I25) -> 1136.9687 | R25: =SUM(F25,J25) -> 16343.925
A26: 45611 | B26: Fri | C26: 0.74166667 | D26: -1.68 | E26: =Effort!J24 -> 3896.9949 | F26: =Harvest!J24 -> 55348.623 | G26: =CPUE!J24 -> 14.202899 | I26: =Effort!L24 -> CLOSED | J26: =Harvest!L24 -> CLOSED | K26: =CPUE!L24 -> CLOSED | M26: CLOSED | N26: CLOSED | O26: CLOSED | Q26: =SUM(E26,I26) -> 3896.9949 | R26: =SUM(F26,J26) -> 55348.623
A27: 45612 | B27: Sat | C27: 0.77291667 | D27: -1.9 | E27: =Effort!J25 -> 2469.621 | F27: =Harvest!J25 -> 6275.2664 | G27: =CPUE!J25 -> 2.5409836 | I27: =Effort!L25 -> CLOSED | J27: =Harvest!L25 -> CLOSED | K27: =CPUE!L25 -> CLOSED | M27: CLOSED | N27: CLOSED | O27: CLOSED | Q27: =SUM(E27,I27) -> 2469.621 | R27: =SUM(F27,J27) -> 6275.2664
A28: 45613 | B28: Sun | C28: 0.80486111 | D28: -1.75 | E28: =Effort!J26 -> CLOSED | F28: =Harvest!J26 -> CLOSED | G28: =CPUE!J26 -> CLOSED | I28: =Effort!L26 -> 529.30152 | J28: =Harvest!L26 -> 5487.0924 | K28: =CPUE!L26 -> 10.366667 | M28: CLOSED | N28: CLOSED | O28: CLOSED | Q28: =SUM(E28,I28) -> 529.30152 | R28: =SUM(F28,J28) -> 5487.0924
A29: 45614 | B29: Mon | C29: 0.83680556 | D29: -1.31 | E29: =Effort!J27 -> CLOSED | F29: =Harvest!J27 -> CLOSED | G29: =CPUE!J27 -> CLOSED | I29: =Effort!L27 -> 167.95984 | J29: =Harvest!L27 -> 1301.6887 | K29: =CPUE!L27 -> 7.75 | M29: CLOSED | N29: CLOSED | O29: CLOSED | Q29: =SUM(E29,I29) -> 167.95984 | R29: =SUM(F29,J29) -> 1301.6887
A30: 45615 | B30: Tue | C30: 0.87083333 | D30: -0.69 | E30: =Effort!J28 -> 51.757584 | F30: =Harvest!J28 -> 595.21221 | G30: =CPUE!J28 -> 11.5 | I30: =Effort!L28 -> CLOSED | J30: =Harvest!L28 -> CLOSED | K30: =CPUE!L28 -> CLOSED | M30: CLOSED | N30: CLOSED | O30: CLOSED | Q30: =SUM(E30,I30) -> 51.757584 | R30: =SUM(F30,J30) -> 595.21221
A31: Tide Series Totals | E31: =SUM(E24:E30) -> 6418.3735 | F31: =SUM(F24:F30) -> 62219.102 | G31: =+F31/E31 -> 9.6939049 | I31: =SUM(I24:I30) -> 2349.0635 | J31: =SUM(J24:J30) -> 30155.562 | K31: =+J31/I31 -> 12.83727 | Q31: =SUM(Q24:Q30) -> 8767.4369 | R31: =SUM(R24:R30) -> 92374.664 | T31: =SUM(E31,I31) -> 8767.4369 | U31: =SUM(F31,J31) -> 92374.664
A32: 45625 | B32: Fri | C32: 0.72222222 | D32: -0.07 | E32: =Effort!J30 -> CLOSED | F32: =Harvest!J30 -> CLOSED | G32: =CPUE!J30 -> CLOSED | I32: =Effort!L30 -> 2134.1853 | J32: =Harvest!L30 -> 29980.222 | K32: =CPUE!L30 -> 14.047619 | M32: CLOSED | N32: CLOSED | O32: CLOSED | Q32: =SUM(E32,I32) -> 2134.1853 | R32: =SUM(F32,J32) -> 29980.222
A33: 45626 | B33: Sat | C33: 0.74583333 | D33: -0.41 | E33: =Effort!J31 -> CLOSED | F33: =Harvest!J31 -> CLOSED | G33: =CPUE!J31 -> CLOSED | I33: =Effort!L31 -> 1895.7243 | J33: =Harvest!L31 -> 22228.296 | K33: =CPUE!L31 -> 11.72549 | M33: CLOSED | N33: CLOSED | O33: CLOSED | Q33: =SUM(E33,I33) -> 1895.7243 | R33: =SUM(F33,J33) -> 22228.296
A34: 45627 | B34: Sun | C34: 0.77083333 | D34: -0.62 | E34: =Effort!J32 -> 982.30745 | F34: =Harvest!J32 -> 12260.652 | G34: =CPUE!J32 -> 12.481481 | I34: =Effort!L32 -> CLOSED | J34: =Harvest!L32 -> CLOSED | K34: =CPUE!L32 -> CLOSED | M34: CLOSED | N34: CLOSED | O34: CLOSED | Q34: =SUM(E34,I34) -> 982.30745 | R34: =SUM(F34,J34) -> 12260.652
A35: 45628 | B35: Mon | C35: 0.79583333 | D35: -0.69 | E35: =Effort!J33 -> 451.49389 | F35: =Harvest!J33 -> 5327.6279 | G35: =CPUE!J33 -> 11.8 | I35: =Effort!L33 -> CLOSED | J35: =Harvest!L33 -> CLOSED | K35: =CPUE!L33 -> CLOSED | M35: CLOSED | N35: CLOSED | O35: CLOSED | Q35: =SUM(E35,I35) -> 451.49389 | R35: =SUM(F35,J35) -> 5327.6279
A36: 45629 | B36: Tue | C36: 0.82361111 | D36: -0.63 | E36: =Effort!J34 -> CLOSED | F36: =Harvest!J34 -> CLOSED | G36: =CPUE!J34 -> CLOSED | I36: =Effort!L34 -> 217.40489 | J36: =Harvest!L34 -> 2853.4392 | K36: =CPUE!L34 -> 13.125 | M36: CLOSED | N36: CLOSED | O36: CLOSED | Q36: =SUM(E36,I36) -> 217.40489 | R36: =SUM(F36,J36) -> 2853.4392
A37: 45630 | B37: Wed | C37: 0.85277778 | D37: -0.46 | E37: =Effort!J35 -> CLOSED | F37: =Harvest!J35 -> CLOSED | G37: =CPUE!J35 -> CLOSED | I37: =Effort!L35 -> 74.851666 | J37: =Harvest!L35 -> 673.665 | K37: =CPUE!L35 -> 9 | M37: CLOSED | N37: CLOSED | O37: CLOSED | Q37: =SUM(E37,I37) -> 74.851666 | R37: =SUM(F37,J37) -> 673.665
A38: 45631 | B38: Thu | C38: 0.88402778 | D38: -0.17 | E38: =Effort!J36 -> 42.711489 | F38: =Harvest!J36 -> 213.55744 | G38: =CPUE!J36 -> 5 | I38: =Effort!L36 -> CLOSED | J38: =Harvest!L36 -> CLOSED | K38: =CPUE!L36 -> CLOSED | M38: CLOSED | N38: CLOSED | O38: CLOSED | Q38: =SUM(E38,I38) -> 42.711489 | R38: =SUM(F38,J38) -> 213.55744
A39: Tide Series Totals | E39: =SUM(E32:E38) -> 1476.5128 | F39: =SUM(F32:F38) -> 17801.838 | G39: =+F39/E39 -> 12.056677 | I39: =SUM(I32:I38) -> 4322.1661 | J39: =SUM(J32:J38) -> 55735.623 | K39: =+J39/I39 -> 12.895299 | Q39: =SUM(Q32:Q38) -> 5798.679 | R39: =SUM(R32:R38) -> 73537.461 | T39: =SUM(E39,I39) -> 5798.679 | U39: =SUM(F39,J39) -> 73537.461
A40: 45638 | B40: Thu | C40: 0.66666667 | D40: -0.48 | E40: =Effort!J38 -> 961.07792 | F40: =Harvest!J38 -> 13885.047 | G40: =CPUE!J38 -> 14.447368 | I40: =Effort!L38 -> CLOSED | J40: =Harvest!L38 -> CLOSED | K40: =CPUE!L38 -> CLOSED | M40: CLOSED | N40: CLOSED | O40: CLOSED | Q40: =SUM(E40,I40) -> 961.07792 | R40: =SUM(F40,J40) -> 13885.047
A41: 45639 | B41: Fri | C41: 0.70138889 | D41: -1.17 | E41: =Effort!J39 -> CLOSED | F41: =Harvest!J39 -> CLOSED | G41: =CPUE!J39 -> CLOSED | I41: =Effort!L39 -> 593.33638 | J41: =Harvest!L39 -> 6384.2995 | K41: =CPUE!L39 -> 10.76 | M41: CLOSED | N41: CLOSED | O41: CLOSED | Q41: =SUM(E41,I41) -> 593.33638 | R41: =SUM(F41,J41) -> 6384.2995
A42: 45640 | B42: Sat | C42: 0.73333333 | D42: -1.55 | E42: =Effort!J40 -> CLOSED | F42: =Harvest!J40 -> CLOSED | G42: =CPUE!J40 -> CLOSED | I42: =Effort!L40 -> 1317.4543 | J42: =Harvest!L40 -> 7616.5328 | K42: =CPUE!L40 -> 5.78125 | M42: CLOSED | N42: CLOSED | O42: CLOSED | Q42: =SUM(E42,I42) -> 1317.4543 | R42: =SUM(F42,J42) -> 7616.5328
A43: 45641 | B43: Sun | C43: 0.76458333 | D43: -1.63 | E43: =Effort!J41 -> 871.55056 | F43: =Harvest!J41 -> 9629.5708 | G43: =CPUE!J41 -> 11.04878 | I43: =Effort!L41 -> CLOSED | J43: =Harvest!L41 -> CLOSED | K43: =CPUE!L41 -> CLOSED | M43: CLOSED | N43: CLOSED | O43: CLOSED | Q43: =SUM(E43,I43) -> 871.55056 | R43: =SUM(F43,J43) -> 9629.5708
A44: 45642 | B44: Mon | C44: 0.79513889 | D44: -1.45 | E44: =Effort!J42 -> 380.27003 | F44: =Harvest!J42 -> 3802.7003 | G44: =CPUE!J42 -> 10 | I44: =Effort!L42 -> CLOSED | J44: =Harvest!L42 -> CLOSED | K44: =CPUE!L42 -> CLOSED | M44: CLOSED | N44: CLOSED | O44: CLOSED | Q44: =SUM(E44,I44) -> 380.27003 | R44: =SUM(F44,J44) -> 3802.7003
A45: 45643 | B45: Tue | C45: 0.825 | D45: -1.05 | E45: =Effort!J43 -> CLOSED | F45: =Harvest!J43 -> CLOSED | G45: =CPUE!J43 -> CLOSED | I45: =Effort!L43 -> 28.291211 | J45: =Harvest!L43 -> 56.582421 | K45: =CPUE!L43 -> 2 | M45: CLOSED | N45: CLOSED | O45: CLOSED | Q45: =SUM(E45,I45) -> 28.291211 | R45: =SUM(F45,J45) -> 56.582421
A46: 45644 | B46: Wed | C46: 0.85486111 | D46: -0.51 | E46: =Effort!J44 -> CLOSED | F46: =Harvest!J44 -> CLOSED | G46: =CPUE!J44 -> CLOSED | I46: =Effort!L44 -> 127.19234 | J46: =Harvest!L44 -> 1271.9234 | K46: =CPUE!L44 -> 10 | M46: CLOSED | N46: CLOSED | O46: CLOSED | Q46: =SUM(E46,I46) -> 127.19234 | R46: =SUM(F46,J46) -> 1271.9234
A47: Tide Series Totals | E47: =SUM(E40:E46) -> 2212.8985 | F47: =SUM(F40:F46) -> 27317.318 | G47: =+F47/E47 -> 12.344587 | I47: =SUM(I40:I46) -> 2066.2743 | J47: =SUM(J40:J46) -> 15329.338 | K47: =+J47/I47 -> 7.4188303 | Q47: =SUM(Q40:Q46) -> 4279.1728 | R47: =SUM(R40:R46) -> 42646.656 | T47: =SUM(E47,I47) -> 4279.1728 | U47: =SUM(F47,J47) -> 42646.656
A48: 45654 | B48: Sat | C48: 0.70694444 | D48: -0.03 | E48: =Effort!J46 -> 2133.0631 | F48: =Harvest!J46 -> 5992.8916 | G48: =CPUE!J46 -> 2.8095238 | I48: =Effort!L46 -> CLOSED | J48: =Harvest!L46 -> CLOSED | K48: =CPUE!L46 -> CLOSED | M48: CLOSED | N48: CLOSED | O48: CLOSED | Q48: =SUM(E48,I48) -> 2133.0631 | R48: =SUM(F48,J48) -> 5992.8916
A49: 45655 | B49: Sun | C49: 0.73333333 | D49: -0.44 | E49: =Effort!J47 -> CLOSED | F49: =Harvest!J47 -> CLOSED | G49: =CPUE!J47 -> CLOSED | I49: =Effort!L47 -> 1369.3868 | J49: =Harvest!L47 -> 10984.231 | K49: =CPUE!L47 -> 8.0212766 | M49: CLOSED | N49: CLOSED | O49: CLOSED | Q49: =SUM(E49,I49) -> 1369.3868 | R49: =SUM(F49,J49) -> 10984.231
A50: 45656 | B50: Mon | C50: 0.75972222 | D50: -0.74 | E50: =Effort!J48 -> CLOSED | F50: =Harvest!J48 -> CLOSED | G50: =CPUE!J48 -> CLOSED | I50: =Effort!L48 -> 894.00226 | J50: =Harvest!L48 -> 11175.028 | K50: =CPUE!L48 -> 12.5 | M50: CLOSED | N50: CLOSED | O50: CLOSED | Q50: =SUM(E50,I50) -> 894.00226 | R50: =SUM(F50,J50) -> 11175.028
A51: 45657 | B51: Tue | C51: 0.78541667 | D51: -0.95 | E51: =Effort!J49 -> 1455.4472 | F51: =Harvest!J49 -> 17513.881 | G51: =CPUE!J49 -> 12.033333 | I51: =Effort!L49 -> CLOSED | J51: =Harvest!L49 -> CLOSED | K51: =CPUE!L49 -> CLOSED | M51: CLOSED | N51: CLOSED | O51: CLOSED | Q51: =SUM(E51,I51) -> 1455.4472 | R51: =SUM(F51,J51) -> 17513.881
A52: 45658 | B52: Wed | C52: 0.81180556 | D52: -0.95 | E52: =Effort!J50 -> 1287.5648 | F52: =Harvest!J50 -> 2125.979 | G52: =CPUE!J50 -> 1.6511628 | I52: =Effort!L50 -> CLOSED | J52: =Harvest!L50 -> CLOSED | K52: =CPUE!L50 -> CLOSED | M52: CLOSED | N52: CLOSED | O52: CLOSED | Q52: =SUM(E52,I52) -> 1287.5648 | R52: =SUM(F52,J52) -> 2125.979
A53: 45659 | B53: Thu | C53: 0.83888889 | D53: -0.75 | E53: =Effort!J51 -> CLOSED | F53: =Harvest!J51 -> CLOSED | G53: =CPUE!J51 -> CLOSED | I53: =Effort!L51 -> 173.58492 | J53: =Harvest!L51 -> 1301.8869 | K53: =CPUE!L51 -> 7.5 | M53: CLOSED | N53: CLOSED | O53: CLOSED | Q53: =SUM(E53,I53) -> 173.58492 | R53: =SUM(F53,J53) -> 1301.8869
A54: 45660 | B54: Fri | C54: 0.86666667 | D54: -0.34 | E54: =Effort!J52 -> CLOSED | F54: =Harvest!J52 -> CLOSED | G54: =CPUE!J52 -> CLOSED | I54: =Effort!L52 -> 167.86118 | J54: =Harvest!L52 -> 419.65296 | K54: =CPUE!L52 -> 2.5 | M54: CLOSED | N54: CLOSED | O54: CLOSED | Q54: =SUM(E54,I54) -> 167.86118 | R54: =SUM(F54,J54) -> 419.65296
A55: Tide Series Totals | E55: =SUM(E48:E54) -> 4876.0751 | F55: =SUM(F48:F54) -> 25632.752 | G55: =+F55/E55 -> 5.2568411 | I55: =SUM(I48:I54) -> 2604.8352 | J55: =SUM(J48:J54) -> 23880.799 | K55: =+J55/I55 -> 9.1678732 | Q55: =SUM(Q48:Q54) -> 7480.9103 | R55: =SUM(R48:R54) -> 49513.551 | T55: =SUM(E55,I55) -> 7480.9103 | U55: =SUM(F55,J55) -> 49513.551
A56: 45667 | B56: Fri | C56: 0.65763889 | D56: -0.31 | E56: =Effort!J54 -> CLOSED | F56: =Harvest!J54 -> CLOSED | G56: =CPUE!J54 -> CLOSED | I56: =Effort!L54 -> 1150.1384 | J56: =Harvest!L54 -> 10823.097 | K56: =CPUE!L54 -> 9.4102564 | M56: CLOSED | N56: CLOSED | O56: CLOSED | Q56: =SUM(E56,I56) -> 1150.1384 | R56: =SUM(F56,J56) -> 10823.097
A57: 45668 | B57: Sat | C57: 0.69375 | D57: -0.76 | E57: =Effort!J55 -> CLOSED | F57: =Harvest!J55 -> CLOSED | G57: =CPUE!J55 -> CLOSED | I57: =Effort!L55 -> 3050.4455 | J57: =Harvest!L55 -> 41181.014 | K57: =CPUE!L55 -> 13.5 | M57: CLOSED | N57: CLOSED | O57: CLOSED | Q57: =SUM(E57,I57) -> 3050.4455 | R57: =SUM(F57,J57) -> 41181.014
A58: 45669 | B58: Sun | C58: 0.72708333 | D58: -1.02 | E58: =Effort!J56 -> 2864.4528 | F58: =Harvest!J56 -> 39693.131 | G58: =CPUE!J56 -> 13.857143 | I58: =Effort!L56 -> CLOSED | J58: =Harvest!L56 -> CLOSED | K58: =CPUE!L56 -> CLOSED | M58: CLOSED | N58: CLOSED | O58: CLOSED | Q58: =SUM(E58,I58) -> 2864.4528 | R58: =SUM(F58,J58) -> 39693.131
A59: 45670 | B59: Mon | C59: 0.75694444 | D59: -1.07 | E59: =Effort!J57 -> 1198.4502 | F59: =Harvest!J57 -> 13709.101 | G59: =CPUE!J57 -> 11.439024 | I59: =Effort!L57 -> CLOSED | J59: =Harvest!L57 -> CLOSED | K59: =CPUE!L57 -> CLOSED | M59: CLOSED | N59: CLOSED | O59: CLOSED | Q59: =SUM(E59,I59) -> 1198.4502 | R59: =SUM(F59,J59) -> 13709.101
A60: 45671 | B60: Tue | C60: 0.78472222 | D60: -0.93 | E60: =Effort!J58 -> CLOSED | F60: =Harvest!J58 -> CLOSED | G60: =CPUE!J58 -> CLOSED | I60: =Effort!L58 -> 262.83212 | J60: =Harvest!L58 -> 1145.1971 | K60: =CPUE!L58 -> 4.3571429 | M60: CLOSED | N60: CLOSED | O60: CLOSED | Q60: =SUM(E60,I60) -> 262.83212 | R60: =SUM(F60,J60) -> 1145.1971
A61: 45672 | B61: Wed | C61: 0.81111111 | D61: -0.62 | E61: =Effort!J59 -> CLOSED | F61: =Harvest!J59 -> CLOSED | G61: =CPUE!J59 -> CLOSED | I61: =Effort!L59 -> 186.21634 | J61: =Harvest!L59 -> 658.91936 | K61: =CPUE!L59 -> 3.5384615 | M61: CLOSED | N61: CLOSED | O61: CLOSED | Q61: =SUM(E61,I61) -> 186.21634 | R61: =SUM(F61,J61) -> 658.91936
A62: 45673 | B62: Thu | C62: 0.83541667 | D62: -0.16 | E62: =Effort!J60 -> 152.9628 | F62: =Harvest!J60 -> 638.84465 | G62: =CPUE!J60 -> 4.1764706 | I62: =Effort!L60 -> CLOSED | J62: =Harvest!L60 -> CLOSED | K62: =CPUE!L60 -> CLOSED | M62: CLOSED | N62: CLOSED | O62: CLOSED | Q62: =SUM(E62,I62) -> 152.9628 | R62: =SUM(F62,J62) -> 638.84465
A63: Tide Series Totals | E63: =SUM(E56:E62) -> 4215.8658 | F63: =SUM(F56:F62) -> 54041.078 | G63: =+F63/E63 -> 12.8185 | I63: =SUM(I56:I62) -> 4649.6323 | J63: =SUM(J56:J62) -> 53808.228 | K63: =+J63/I63 -> 11.572577 | Q63: =SUM(Q56:Q62) -> 8865.4982 | R63: =SUM(R56:R62) -> 107849.31 | T63: =SUM(E63,I63) -> 8865.4982 | U63: =SUM(F63,J63) -> 107849.31
A64: 45683 | B64: Sun | C64: 0.69027778 | D64: 0.07 | E64: =Effort!J62 -> CLOSED | F64: =Harvest!J62 -> CLOSED | G64: =CPUE!J62 -> CLOSED | I64: =Effort!L62 -> 1468.5373 | J64: =Harvest!L62 -> 21468.617 | K64: =CPUE!L62 -> 14.619048 | M64: CLOSED | N64: CLOSED | O64: CLOSED | Q64: =SUM(E64,I64) -> 1468.5373 | R64: =SUM(F64,J64) -> 21468.617
A65: 45684 | B65: Mon | C65: 0.71875 | D65: -0.44 | E65: =Effort!J63 -> CLOSED | F65: =Harvest!J63 -> CLOSED | G65: =CPUE!J63 -> CLOSED | I65: =Effort!L63 -> 898.00303 | J65: =Harvest!L63 -> 11702.102 | K65: =CPUE!L63 -> 13.03125 | M65: CLOSED | N65: CLOSED | O65: CLOSED | Q65: =SUM(E65,I65) -> 898.00303 | R65: =SUM(F65,J65) -> 11702.102
A66: 45685 | B66: Tue | C66: 0.74583333 | D66: -0.82 | E66: =Effort!J64 -> 1139.4029 | F66: =Harvest!J64 -> 17091.044 | G66: =CPUE!J64 -> 15 | I66: =Effort!L64 -> CLOSED | J66: =Harvest!L64 -> CLOSED | K66: =CPUE!L64 -> CLOSED | M66: CLOSED | N66: CLOSED | O66: CLOSED | Q66: =SUM(E66,I66) -> 1139.4029 | R66: =SUM(F66,J66) -> 17091.044
A67: 45686 | B67: Wed | C67: 0.77152778 | D67: -1.01 | E67: =Effort!J65 -> 915.96023 | F67: =Harvest!J65 -> 11805.71 | G67: =CPUE!J65 -> 12.888889 | I67: =Effort!L65 -> CLOSED | J67: =Harvest!L65 -> CLOSED | K67: =CPUE!L65 -> CLOSED | M67: CLOSED | N67: CLOSED | O67: CLOSED | Q67: =SUM(E67,I67) -> 915.96023 | R67: =SUM(F67,J67) -> 11805.71
A68: 45687 | B68: Thu | C68: 0.79652778 | D68: -0.97 | E68: =Effort!J66 -> CLOSED | F68: =Harvest!J66 -> CLOSED | G68: =CPUE!J66 -> CLOSED | I68: =Effort!L66 -> 158.08019 | J68: =Harvest!L66 -> 829.92098 | K68: =CPUE!L66 -> 5.25 | M68: CLOSED | N68: CLOSED | O68: CLOSED | Q68: =SUM(E68,I68) -> 158.08019 | R68: =SUM(F68,J68) -> 829.92098
A69: 45688 | B69: Fri | C69: 0.82222222 | D69: -0.66 | E69: =Effort!J67 -> CLOSED | F69: =Harvest!J67 -> CLOSED | G69: =CPUE!J67 -> CLOSED | I69: =Effort!L67 -> 411.29295 | J69: =Harvest!L67 -> 974.11489 | K69: =CPUE!L67 -> 2.3684211 | M69: CLOSED | N69: CLOSED | O69: CLOSED | Q69: =SUM(E69,I69) -> 411.29295 | R69: =SUM(F69,J69) -> 974.11489
A70: 45689 | B70: Sat | C70: 0.84791667 | D70: -0.09 | E70: =Effort!J68 -> 472.58195 | F70: =Harvest!J68 -> 382.56634 | G70: =CPUE!J68 -> 0.80952381 | I70: =Effort!L68 -> CLOSED | J70: =Harvest!L68 -> CLOSED | K70: =CPUE!L68 -> CLOSED | M70: CLOSED | N70: CLOSED | O70: CLOSED | Q70: =SUM(E70,I70) -> 472.58195 | R70: =SUM(F70,J70) -> 382.56634
A71: Tide Series Totals | E71: =SUM(E64:E70) -> 2527.9451 | F71: =SUM(F64:F70) -> 29279.32 | G71: =+F71/E71 -> 11.582261 | I71: =SUM(I64:I70) -> 2935.9135 | J71: =SUM(J64:J70) -> 34974.755 | K71: =+J71/I71 -> 11.912733 | Q71: =SUM(Q64:Q70) -> 5463.8586 | R71: =SUM(R64:R70) -> 64254.075 | T71: =SUM(E71,I71) -> 5463.8586 | U71: =SUM(F71,J71) -> 64254.075
A72: 45696 | B72: Sat | C72: 0.65 | D72: 0.05 | E72: =Effort!J70 -> CLOSED | F72: =Harvest!J70 -> CLOSED | G72: =CPUE!J70 -> CLOSED | I72: =Effort!L70 -> 1552.9023 | J72: =Harvest!L70 -> 21956.314 | K72: =CPUE!L70 -> 14.138889 | M72: CLOSED | N72: CLOSED | O72: CLOSED | Q72: =SUM(E72,I72) -> 1552.9023 | R72: =SUM(F72,J72) -> 21956.314
A73: 45697 | B73: Sun | C73: 0.68680556 | D73: -0.27 | E73: =Effort!J71 -> 1220.3282 | F73: =Harvest!J71 -> 18182.891 | G73: =CPUE!J71 -> 14.9 | I73: =Effort!L71 -> CLOSED | J73: =Harvest!L71 -> CLOSED | K73: =CPUE!L71 -> CLOSED | M73: CLOSED | N73: CLOSED | O73: CLOSED | Q73: =SUM(E73,I73) -> 1220.3282 | R73: =SUM(F73,J73) -> 18182.891
A74: 45698 | B74: Mon | C74: 0.71875 | D74: -0.46 | E74: =Effort!J72 -> 937.92654 | F74: =Harvest!J72 -> 14068.898 | G74: =CPUE!J72 -> 15 | I74: =Effort!L72 -> CLOSED | J74: =Harvest!L72 -> CLOSED | K74: =CPUE!L72 -> CLOSED | M74: CLOSED | N74: CLOSED | O74: CLOSED | Q74: =SUM(E74,I74) -> 937.92654 | R74: =SUM(F74,J74) -> 14068.898
A75: 45699 | B75: Tue | C75: 0.74583333 | D75: -0.5 | E75: =Effort!J73 -> CLOSED | F75: =Harvest!J73 -> CLOSED | G75: =CPUE!J73 -> CLOSED | I75: =Effort!L73 -> 303.05797 | J75: =Harvest!L73 -> 4322.5636 | K75: =CPUE!L73 -> 14.263158 | M75: CLOSED | N75: CLOSED | O75: CLOSED | Q75: =SUM(E75,I75) -> 303.05797 | R75: =SUM(F75,J75) -> 4322.5636
A76: 45700 | B76: Wed | C76: 0.77013889 | D76: -0.37 | E76: =Effort!J74 -> CLOSED | F76: =Harvest!J74 -> CLOSED | G76: =CPUE!J74 -> CLOSED | I76: =Effort!L74 -> 272.42761 | J76: =Harvest!L74 -> 3846.0368 | K76: =CPUE!L74 -> 14.117647 | M76: CLOSED | N76: CLOSED | O76: CLOSED | Q76: =SUM(E76,I76) -> 272.42761 | R76: =SUM(F76,J76) -> 3846.0368
A77: 45701 | B77: Thu | C77: 0.79236111 | D77: -0.08 | E77: =Effort!J75 -> 83.101569 | F77: =Harvest!J75 -> 488.22172 | G77: =CPUE!J75 -> 5.875 | I77: =Effort!L75 -> CLOSED | J77: =Harvest!L75 -> CLOSED | K77: =CPUE!L75 -> CLOSED | M77: CLOSED | N77: CLOSED | O77: CLOSED | Q77: =SUM(E77,I77) -> 83.101569 | R77: =SUM(F77,J77) -> 488.22172
A78: 45702 | B78: Fri | C78: 0.81388889 | D78: 0.36 | E78: =Effort!J76 -> 374.1246 | F78: =Harvest!J76 -> 1402.9673 | G78: =CPUE!J76 -> 3.75 | I78: =Effort!L76 -> CLOSED | J78: =Harvest!L76 -> CLOSED | K78: =CPUE!L76 -> CLOSED | M78: CLOSED | N78: CLOSED | O78: CLOSED | Q78: =SUM(E78,I78) -> 374.1246 | R78: =SUM(F78,J78) -> 1402.9673
A79: Tide Series Totals | E79: =SUM(E72:E78) -> 2615.481 | F79: =SUM(F72:F78) -> 34142.978 | G79: =+F79/E79 -> 13.054187 | I79: =SUM(I72:I78) -> 2128.3879 | J79: =SUM(J72:J78) -> 30124.914 | K79: =+J79/I79 -> 14.153864 | Q79: =SUM(Q72:Q78) -> 4743.8689 | R79: =SUM(R72:R78) -> 64267.892 | T79: =SUM(E79,I79) -> 4743.8689 | U79: =SUM(F79,J79) -> 64267.892
A80: 45712 | B80: Mon | C80: 0.66944444 | D80: 0.21 | E80: =Effort!J78 -> CLOSED | F80: =Harvest!J78 -> CLOSED | G80: =CPUE!J78 -> CLOSED | I80: =Effort!L78 -> 149.70333 | J80: =Harvest!L78 -> 764.27491 | K80: =CPUE!L78 -> 5.1052632 | M80: CLOSED | N80: CLOSED | O80: CLOSED | Q80: =SUM(E80,I80) -> 149.70333 | R80: =SUM(F80,J80) -> 764.27491
A81: 45713 | B81: Tue | C81: 0.69861111 | D81: -0.3 | E81: =Effort!J79 -> 495.07006 | F81: =Harvest!J79 -> 6105.864 | G81: =CPUE!J79 -> 12.333333 | I81: =Effort!L79 -> CLOSED | J81: =Harvest!L79 -> CLOSED | K81: =CPUE!L79 -> CLOSED | M81: CLOSED | N81: CLOSED | O81: CLOSED | Q81: =SUM(E81,I81) -> 495.07006 | R81: =SUM(F81,J81) -> 6105.864
A82: 45714 | B82: Wed | C82: 0.72569444 | D82: -0.63 | E82: =Effort!J80 -> 1368.6047 | F82: =Harvest!J80 -> 20529.07 | G82: =CPUE!J80 -> 15 | I82: =Effort!L80 -> CLOSED | J82: =Harvest!L80 -> CLOSED | K82: =CPUE!L80 -> CLOSED | M82: CLOSED | N82: CLOSED | O82: CLOSED | Q82: =SUM(E82,I82) -> 1368.6047 | R82: =SUM(F82,J82) -> 20529.07
A83: 45715 | B83: Thu | C83: 0.75208333 | D83: -0.73 | E83: =Effort!J81 -> CLOSED | F83: =Harvest!J81 -> CLOSED | G83: =CPUE!J81 -> CLOSED | I83: =Effort!L81 -> 859.56185 | J83: =Harvest!L81 -> 8897.6267 | K83: =CPUE!L81 -> 10.351351 | M83: CLOSED | N83: CLOSED | O83: CLOSED | Q83: =SUM(E83,I83) -> 859.56185 | R83: =SUM(F83,J83) -> 8897.6267
A84: 45716 | B84: Fri | C84: 0.77708333 | D84: -0.55 | E84: =Effort!J82 -> CLOSED | F84: =Harvest!J82 -> CLOSED | G84: =CPUE!J82 -> CLOSED | I84: =Effort!L82 -> 1353.9517 | J84: =Harvest!L82 -> 17157.106 | K84: =CPUE!L82 -> 12.671875 | M84: CLOSED | N84: CLOSED | O84: CLOSED | Q84: =SUM(E84,I84) -> 1353.9517 | R84: =SUM(F84,J84) -> 17157.106
A85: 45717 | B85: Sat | C85: 0.80208333 | D85: -0.1 | E85: =Effort!J83 -> 2149.0593 | F85: =Harvest!J83 -> 3420.9515 | G85: =CPUE!J83 -> 1.5918367 | I85: =Effort!L83 -> CLOSED | J85: =Harvest!L83 -> CLOSED | K85: =CPUE!L83 -> CLOSED | M85: CLOSED | N85: CLOSED | O85: CLOSED | Q85: =SUM(E85,I85) -> 2149.0593 | R85: =SUM(F85,J85) -> 3420.9515
