Workbook

Sheet Harvest
A1: Date | B1: Day | C1: Tide | D1: Time | E1: Longbeach | G1: Twin Harbors | I1: Copalis | K1: Mocrocks | M1: Kalaloch | O1: Daily Totals
A2: 45936 | B2: Mon | C2: -0.21 | D2: 0.77430556 | E2: * | F2: =+Effort!F2*CPUE!F2 -> 25248.804 | H2: 27015.574 | J2: CLOSED | L2: 22619.962 | N2: CLOSED | O2: =SUM(F2:N2) -> 74884.34
A3: 45937 | B3: Tue | C3: -0.95 | D3: 0.80416667 | F3: =11674.7548001086+15401.7856066792 -> 27076.54 | G3: * | H3: =+Effort!H3*CPUE!H3 -> 21796.967 | J3: CLOSED | L3: 17526.232 | N3: CLOSED | O3: =SUM(F3:N3) -> 66399.74
A4: 45938 | B4: Wed | C4: -1.41 | D4: 0.83472222 | F4: =+Effort!F4*CPUE!F4 -> 11317.153 | G4: * | H4: =+Effort!H4*CPUE!H4 -> 14245.958 | J4: 24105.802 | L4: CLOSED | N4: CLOSED | O4: =SUM(F4:N4) -> 49668.913
A5: 45939 | B5: Thu | C5: -1.51 | D5: 0.86736111 | E5: * | F5: =+Effort!F5*CPUE!F5 -> 8680.7079 | H5: 11610.169 | J5: 8857.6225 | L5: CLOSED | N5: CLOSED | O5: =SUM(F5:N5) -> 29148.5
A6: 45940 | B6: Fri | C6: -1.28 | D6: 0.90277778 | F6: =+Effort!F6*CPUE!F6 -> 12330.508 | H6: 13193.328 | J6: CLOSED | L6: 18312.923 | N6: CLOSED | O6: =SUM(F6:N6) -> 43836.758
A7: 45941 | B7: Sat | C7: -0.81 | D7: 0.94236111 | E7: * | F7: =+Effort!F7*CPUE!F7 -> 10205.529 | H7: 9367.3512 | J7: CLOSED | L7: 10681.043 | N7: CLOSED | O7: =SUM(F7:N7) -> 30253.923
A8: 45942 | B8: Sun | C8: -0.23 | D8: 0.98680556 | E8: * | F8: =+Effort!F8*CPUE!F8 -> 580.75474 | G8: * | H8: =+Effort!H8*CPUE!H8 -> 956.86256 | J8: 977.31234 | L8: CLOSED | N8: CLOSED | O8: =SUM(F8:N8) -> 2514.9296
A10: 45950 | B10: Mon | C10: 0.19 | D10: 0.77777778 | F10: =+Effort!F10*CPUE!F10 -> 14795.872 | H10: 13766.619 | J10: 11601.391 | L10: CLOSED | N10: CLOSED | O10: =SUM(F10:N10) -> 40163.882
A11: 45951 | B11: Tue | C11: -0.12 | D11: 0.80069444 | E11: * | F11: =+Effort!F11*CPUE!F11 -> 7133.2311 | G11: * | H11: =+Effort!H11*CPUE!H11 -> 6230.8725 | J11: 5646.0409 | L11: CLOSED | N11: CLOSED | O11: =SUM(F11:N11) -> 19010.145
A12: 45952 | B12: Wed | C12: -0.28 | D12: 0.82291667 | F12: =+Effort!F12*CPUE!F12 -> 4722.1851 | H12: 2551.606 | J12: CLOSED | L12: 4770.4549 | N12: CLOSED | O12: =SUM(F12:N12) -> 12044.246
A13: 45953 | B13: Thu | C13: -0.27 | D13: 0.84583333 | E13: * | F13: =+Effort!F13*CPUE!F13 -> 180.40573 | G13: * | H13: =+Effort!H13*CPUE!H13 -> 157.58428 | J13: CLOSED | L13: =+Effort!L13*CPUE!L13 -> 172.35943 | N13: CLOSED | O13: =SUM(F13:N13) -> 510.34944
A14: 45954 | B14: Fri | C14: -0.12 | D14: 0.87013889 | F14: =+Effort!F14*CPUE!F14 -> 583.32028 | G14: * | H14: =+Effort!H14*CPUE!H14 -> 509.52987 | J14: 1135.2747 | L14: CLOSED | N14: CLOSED | O14: =SUM(F14:N14) -> 2228.1248
A15: 45955 | B15: Sat | C15: 0.14 | D15: 0.89652778 | E15: * | F15: =+Effort!F15*CPUE!F15 -> 19.186937 | H15: =+Effort!H15*CPUE!H15 -> 16.759777 | J15: =+Effort!J15*CPUE!J15 -> 98.666183 | L15: CLOSED | N15: CLOSED | O15: =SUM(F15:N15) -> 134.6129
A16: 45956 | B16: Sun | C16: 0.47 | D16: 0.92708333 | E16: * | F16: =+Effort!F16*CPUE!F16 -> 558.17791 | G16: * | H16: =+Effort!H16*CPUE!H16 -> 487.56803 | J16: CLOSED | L16: 524.39452 | N16: CLOSED | O16: =SUM(F16:N16) -> 1570.1405
A18: 45964 | B18: Mon | C18: -0.1 | D18: 0.6875 | F18: =+Effort!F18*CPUE!F18 -> 12243.407 | G18: * | H18: =+Effort!H18*CPUE!H18 -> 8709.8269 | J18: CLOSED | L18: 8445.1126 | N18: CLOSED | O18: =SUM(F18:N18) -> 29398.347
A19: 45965 | B19: Tue | C19: -1.1 | D19: 0.71875 | E19: * | F19: =+Effort!F19*CPUE!F19 -> 6954.198 | H19: 13075.811 | J19: CLOSED | L19: 10552.259 | N19: CLOSED | O19: =SUM(F19:N19) -> 30582.268
A20: 45966 | B20: Wed | C20: -1.7 | D20: 0.75069444 | F20: =+Effort!F20*CPUE!F20 -> 3032.967 | G20: * | H20: =+Effort!H20*CPUE!H20 -> 1877.9885 | J20: 4263.8123 | L20: CLOSED | N20: CLOSED | O20: =SUM(F20:N20) -> 9174.7678
A21: 45967 | B21: Thu | C21: -2 | D21: 0.78194444 | E21: * | F21: =+Effort!F21*CPUE!F21 -> 807.72137 | H21: 538.60638 | J21: 787.90672 | L21: CLOSED | N21: CLOSED | O21: =SUM(F21:N21) -> 2134.2345
A22: 45968 | B22: Fri | C22: -1.9 | D22: 0.81527778 | F22: =+Effort!F22*CPUE!F22 -> 15757.943 | G22: * | H22: =+Effort!H22*CPUE!H22 -> 25604.08 | J22: CLOSED | L22: 25541.031 | N22: CLOSED | O22: =SUM(F22:N22) -> 66903.055
A23: 45969 | B23: Sat | C23: -1.5 | D23: 0.85069444 | E23: * | F23: =+Effort!F23*CPUE!F23 -> 16021.053 | H23: 34860.537 | J23: CLOSED | L23: 25695.579 | N23: CLOSED | O23: =SUM(F23:N23) -> 76577.17
A24: 45970 | B24: Sun | C24: -0.9 | D24: 0.88819444 | E24: * | F24: =+Effort!F24*CPUE!F24 -> 4119.1639 | G24: * | H24: =+Effort!H24*CPUE!H24 -> 2550.5527 | J24: 5778.3333 | L24: CLOSED | N24: CLOSED | O24: =SUM(F24:N24) -> 12448.05
A26: 45979 | B26: Tue | C26: -0.02 | D26: 0.72083333 | E26: * | F26: =+Effort!F26*CPUE!F26 -> 5906.8219 | G26: * | H26: =+Effort!H26*CPUE!H26 -> 10815.994 | J26: 12349.08 | L26: CLOSED | N26: CLOSED | O26: =SUM(F26:N26) -> 29071.896
A27: 45980 | B27: Wed | C27: -0.3 | D27: 0.74444444 | F27: =+Effort!F27*CPUE!F27 -> 11935.693 | H27: 9720.6704 | J27: CLOSED | L27: 3194.8882 | N27: CLOSED | O27: =SUM(F27:N27) -> 24851.252
A28: 45981 | B28: Thu | C28: -0.43 | D28: 0.76736111 | E28: * | F28: =+Effort!F28*CPUE!F28 -> 620.29634 | H28: 908.66071 | J28: CLOSED | L28: 633.57667 | N28: CLOSED | O28: =SUM(F28:N28) -> 2162.5337
A29: 45982 | B29: Fri | C29: -0.41 | D29: 0.79097222 | F29: =+Effort!F29*CPUE!F29 -> 4153.2342 | H29: 7435.9956 | J29: 6100.165 | L29: CLOSED | N29: CLOSED | O29: =SUM(F29:N29) -> 17689.395
A30: 45983 | B30: Sat | C30: -0.29 | D30: 0.81527778 | E30: * | F30: =+Effort!F30*CPUE!F30 -> 4068.6224 | G30: * | H30: =+Effort!H30*CPUE!H30 -> 7450.0628 | J30: 8301.9086 | L30: CLOSED | N30: CLOSED | O30: =SUM(F30:N30) -> 19820.594
A31: 45984 | B31: Sun | C31: -0.09 | D31: 0.84166667 | E31: * | F31: =+Effort!F31*CPUE!F31 -> 3456.067 | G31: * | H31: =+Effort!H31*CPUE!H31 -> 2373.4283 | J31: CLOSED | L31: 1237.9563 | N31: CLOSED | O31: =SUM(F31:N31) -> 7067.4516
A33: 45993 | B33: Tue | C33: -0.59 | D33: 0.67430556 | E33: * | F33: =+Effort!F33*CPUE!F33 -> 14333.704 | G33: * | H33: =+Effort!H33*CPUE!H33 -> 13385.462 | J33: 18749.225 | L33: CLOSED | N33: CLOSED | O33: =SUM(F33:N33) -> 46468.391
A34: 45994 | B34: Wed | C34: -1.4 | D34: 0.70763889 | F34: =9133.9285325411+10388.3125215894 -> 19522.241 | H34: 16497.789 | J34: CLOSED | L34: 17248.161 | N34: CLOSED | O34: =SUM(F34:N34) -> 53268.191
A35: 45995 | B35: Thu | C35: -1.9 | D35: 0.74097222 | E35: * | F35: =+Effort!F35*CPUE!F35 -> 6786.5011 | G35: * | H35: =+Effort!H35*CPUE!H35 -> 5721.9606 | J35: CLOSED | L35: 6162.3041 | N35: CLOSED | O35: =SUM(F35:N35) -> 18670.766
A36: 45996 | B36: Fri | C36: -2.05 | D36: 0.77361111 | F36: =+Effort!F36*CPUE!F36 -> 12079.725 | H36: 7364.8019 | J36: 13765.44 | L36: CLOSED | N36: CLOSED | O36: =SUM(F36:N36) -> 33209.968
A37: 45997 | B37: Sat | C37: -1.86 | D37: 0.80694444 | E37: * | F37: =+Effort!F37*CPUE!F37 -> 14088.679 | G37: * | H37: =+Effort!H37*CPUE!H37 -> 13156.647 | J37: 18799.854 | L37: CLOSED | N37: CLOSED | O37: =SUM(F37:N37) -> 46045.179
A38: 45998 | B38: Sun | C38: -1.41 | D38: 0.84027778 | E38: * | F38: =+Effort!F38*CPUE!F38 -> 2402.8207 | G38: * | H38: =+Effort!H38*CPUE!H38 -> 2025.9108 | J38: CLOSED | L38: 2056.2771 | N38: CLOSED | O38: =SUM(F38:N38) -> 6485.0087
A39: 45999 | B39: Mon | C39: -0.78 | D39: 0.87430556 | E39: * | F39: =+Effort!F39*CPUE!F39 -> 84.57929 | G39: * | H39: =+Effort!H39*CPUE!H39 -> 71.312059 | J39: CLOSED | L39: 57.14286 | N39: CLOSED | O39: =SUM(F39:N39) -> 213.03421
A41: 46009 | B41: Thu | C41: -0.2 | D41: 0.73194444 | E41: * | F41: =+Effort!F41*CPUE!F41 -> 926.67379 | H41: 851.69489 | J41: 654.79847 | L41: CLOSED | N41: CLOSED | O41: =SUM(F41:N41) -> 2433.1671
A42: 46010 | B42: Fri | C42: -0.38 | D42: 0.75625 | F42: =+Effort!F42*CPUE!F42 -> 1738.6782 | G42: * | H42: =+Effort!H42*CPUE!H42 -> 1657.1837 | J42: CLOSED | L42: 591.1164 | N42: CLOSED | O42: =SUM(F42:N42) -> 3986.9783
A43: 46011 | B43: Sat | C43: -0.45 | D43: 0.78055556 | E43: * | F43: =+Effort!F43*CPUE!F43 -> 2809.979 | G43: * | H43: =+Effort!H43*CPUE!H43 -> 2678.271 | J43: CLOSED | L43: 1177.6322 | N43: CLOSED | O43: =SUM(F43:N43) -> 6665.8822
A44: 46012 | B44: Sun | C44: -0.44 | D44: 0.80486111 | F44: =+Effort!F44*CPUE!F44 -> 1327.4464 | H44: 1128.1607 | J44: 2407.9176 | L44: CLOSED | N44: CLOSED | O44: =SUM(F44:N44) -> 4863.5247
A45: 46013 | B45: Mon | C45: -0.33 | D45: 0.82916667 | E45: * | F45: =+Effort!F45*CPUE!F45 -> 268.83478 | G45: * | H45: =+Effort!H45*CPUE!H45 -> 256.23407 | J45: 497.60415 | L45: CLOSED | N45: CLOSED | O45: =SUM(F45:N45) -> 1022.673
A46: 46014 | B46: Tue | C46: -0.11 | D46: 0.85486111 | E46: * | F46: =+Effort!F46*CPUE!F46 -> 663.72425 | G46: * | H46: =+Effort!H46*CPUE!H46 -> 632.61447 | J46: CLOSED | L46: 415.67694 | N46: CLOSED | O46: =SUM(F46:N46) -> 1712.0157
A48: 46022 | B48: Wed | C48: -0.62 | D48: 0.66319444 | F48: =+Effort!F48*CPUE!F48 -> 56101.468 | H48: 31580.076 | J48: 51573.185 | L48: CLOSED | N48: CLOSED | O48: =SUM(F48:N48) -> 139254.73
A49: 46023 | B49: Thu | C49: -1.24 | D49: 0.69930556 | E49: * | F49: =+Effort!F49*CPUE!F49 -> 64132.492 | G49: * | H49: =+Effort!H49*CPUE!H49 -> 36126.514 | J49: 61932.881 | L49: CLOSED | N49: CLOSED | O49: =SUM(F49:N49) -> 162191.89
A50: 46024 | B50: Fri | C50: -1.61 | D50: 0.73402778 | F50: =+Effort!F50*CPUE!F50 -> 64609.205 | G50: * | H50: =+Effort!H50*CPUE!H50 -> 31608.823 | J50: CLOSED | L50: 12628.82 | N50: CLOSED | O50: =SUM(F50:N50) -> 108846.85
A51: 46025 | B51: Sat | C51: -1.71 | D51: 0.76597222 | E51: * | F51: =+Effort!F51*CPUE!F51 -> 17830.316 | H51: 10331.472 | J51: CLOSED | L51: 1827.859 | N51: CLOSED | O51: =SUM(F51:N51) -> 29989.648
A52: 46026 | B52: Sun | C52: -1.53 | D52: 0.79652778 | E52: * | F52: =+Effort!F52*CPUE!F52 -> 4853.9812 | G52: * | H52: =+Effort!H52*CPUE!H52 -> 2734.2992 | J52: 4510.4487 | L52: CLOSED | N52: CLOSED | O52: =SUM(F52:N52) -> 12098.729
A53: 46027 | B53: Mon | C53: -1.11 | D53: 0.82638889 | F53: =+Effort!F53*CPUE!F53 -> 1366.2654 | H53: 3909.1341 | J53: 3308.8233 | L53: CLOSED | N53: CLOSED | O53: =SUM(F53:N53) -> 8584.2228
A54: 46028 | B54: Tue | C54: -0.49 | D54: 0.85555556 | E54: * | F54: =+Effort!F54*CPUE!F54 -> 307.0478 | G54: * | H54: =+Effort!H54*CPUE!H54 -> 180.26075 | J54: CLOSED | L54: =+Effort!L54*CPUE!L54 -> 146.05203 | N54: CLOSED | O54: =SUM(F54:N54) -> 633.36058
A56: 46037 | B56: Thu | C56: 0.37 | D56: 0.69097222 | F56: =+Effort!F56*CPUE!F56 -> 13499.998 | G56: * | H56: =+Effort!H56*CPUE!H56 -> 8076.6651 | J56: CLOSED | L56: 6185.3036 | N56: CLOSED | O56: =SUM(F56:N56) -> 27761.967
A57: 46038 | B57: Fri | C57: 0.01 | D57: 0.71805556 | F57: =11509.9347323423+12326.5305261241 -> 23836.465 | G57: * | H57: =+Effort!H57*CPUE!H57 -> 14272.626 | J57: 24240.924 | L57: CLOSED | N57: CLOSED | O57: =SUM(F57:N57) -> 62350.016
A58: 46039 | B58: Sat | C58: -0.27 | D58: 0.74305556 | E58: * | F58: =+Effort!F58*CPUE!F58 -> 25422.972 | H58: 22135.472 | J58: 25861.614 | L58: CLOSED | N58: CLOSED | O58: =SUM(F58:N58) -> 73420.058
A59: 46040 | B59: Sun | C59: -0.45 | D59: 0.76666667 | E59: * | F59: =+Effort!F59*CPUE!F59 -> 35181.385 | H59: 28972.46 | J59: CLOSED | L59: 19059.206 | N59: CLOSED | O59: =SUM(F59:N59) -> 83213.051
A60: 46041 | B60: Mon | C60: -0.5 | D60: 0.78958333 | E60: * | F60: =+Effort!F60*CPUE!F60 -> 4695.1379 | G60: * | H60: =+Effort!H60*CPUE!H60 -> 2808.9675 | J60: CLOSED | L60: 1839.9006 | N60: CLOSED | O60: =SUM(F60:N60) -> 9344.0061
A61: 46042 | B61: Tue | C61: -0.39 | D61: 0.81180556 | F61: =+Effort!F61*CPUE!F61 -> 2655.1435 | G61: * | H61: =+Effort!H61*CPUE!H61 -> 1238.8996 | J61: 1929.1546 | L61: CLOSED | N61: CLOSED | O61: =SUM(F61:N61) -> 5823.1977
A62: 46043 | B62: Wed | C62: -0.09 | D62: 0.83402778 | E62: * | F62: =+Effort!F62*CPUE!F62 -> 1471.2023 | H62: 828.46925 | J62: 1620.281 | L62: CLOSED | N62: CLOSED | O62: =SUM(F62:N62) -> 3919.9526
A64: 46051 | B64: Thu | C64: -0.6 | D64: 0.66319444 | F64: =+Effort!F64*CPUE!F64 -> 1923.7017 | H64: 2364.595 | J64: CLOSED | L64: 833.03752 | N64: CLOSED | O64: =SUM(F64:N64) -> 5121.3343
A65: 46052 | B65: Fri | C65: -1.2 | D65: 0.69930556 | F65: =+Effort!F65*CPUE!F65 -> 13935.735 | H65: 6666.7931 | J65: 12636.678 | L65: CLOSED | N65: CLOSED | O65: =SUM(F65:N65) -> 33239.205
A66: 46053 | B66: Sat | C66: -1.6 | D66: 0.73402778 | E66: * | F66: =+Effort!F66*CPUE!F66 -> 33071.207 | G66: * | H66: =+Effort!H66*CPUE!H66 -> 39917.872 | J66: 56499.338 | L66: CLOSED | N66: CLOSED | O66: =SUM(F66:N66) -> 129488.42
A67: 46054 | B67: Sun | C67: -1.7 | D67: 0.76597222 | E67: * | F67: =+Effort!F67*CPUE!F67 -> 6276.0514 | H67: 10414.283 | J67: CLOSED | L67: 10243.923 | N67: CLOSED | O67: =SUM(F67:N67) -> 26934.257
A68: 46055 | B68: Mon | C68: -1.5 | D68: 0.79652778 | E68: * | F68: =+Effort!F68*CPUE!F68 -> 1330.3122 | G68: * | H68: =+Effort!H68*CPUE!H68 -> 1290.2452 | J68: CLOSED | L68: 653.27114 | N68: CLOSED | O68: =SUM(F68:N68) -> 3273.8286
A69: 46056 | B69: Tue | C69: -1.1 | D69: 0.82638889 | F69: =+Effort!F69*CPUE!F69 -> 3384.0064 | H69: 4791.9373 | J69: 4025.0647 | L69: CLOSED | N69: CLOSED | O69: =SUM(F69:N69) -> 12201.008
A70: 46057 | B70: Wed | C70: -0.5 | D70: 0.85555556 | E70: * | F70: =+Effort!F70*CPUE!F70 -> 821.10595 | G70: * | H70: =+Effort!H70*CPUE!H70 -> 1314.6453 | J70: 1448.8828 | L70: CLOSED | N70: CLOSED | O70: =SUM(F70:N70) -> 3584.6341
A72: 46067 | B72: Sat | C72: 0.25 | D72: 0.7 | E72: * | F72: =+Effort!F72*CPUE!F72 -> 14582.905 | H72: 20794.967 | J72: CLOSED | L72: 6933.4749 | N72: CLOSED | O72: =SUM(F72:N72) -> 42311.347
A73: 46068 | B73: Sun | C73: -0.09 | D73: 0.725 | F73: =+Effort!F73*CPUE!F73 -> 26672.198 | H73: 18074.001 | J73: 14470.399 | L73: CLOSED | N73: CLOSED | O73: =SUM(F73:N73) -> 59216.598
A74: 46069 | B74: Mon | C74: -0.29 | D74: 0.74791667 | E74: * | F74: =+Effort!F74*CPUE!F74 -> 3401.2221 | G74: * | H74: =+Effort!H74*CPUE!H74 -> 2676.525 | J74: 2651.1436 | L74: CLOSED | N74: CLOSED | O74: =SUM(F74:N74) -> 8728.8907
A75: 46070 | B75: Tue | C75: -0.3 | D75: 0.77013889 | E75: * | F75: =+Effort!F75*CPUE!F75 -> 416.84026 | G75: * | H75: =+Effort!H75*CPUE!H75 -> 506.4038 | J75: CLOSED | L75: 73.51681 | N75: CLOSED | O75: =SUM(F75:N75) -> 996.76087
A76: 46071 | B76: Wed | C76: -0.11 | D76: 0.79166667 | F76: =+Effort!F76*CPUE!F76 -> 94.405101 | H76: 122.88135 | J76: CLOSED | L76: 416.24829 | N76: CLOSED | O76: =SUM(F76:N76) -> 633.53474
A77: 46072 | B77: Thu | C77: 0.29 | D77: 0.81388889 | E77: * | F77: =+Effort!F77*CPUE!F77 -> 1130.6113 | G77: * | H77: =+Effort!H77*CPUE!H77 -> 889.71236 | J77: 1009.4608 | L77: CLOSED | N77: CLOSED | O77: =SUM(F77:N77) -> 3029.7844
A79: 46079 | B79: Thu | C79: 0.32 | D79: 0.60138889 | E79: * | F79: =+Effort!F79*CPUE!F79 -> 6361.2905 | H79: 7067.1263 | J79: 8919.0336 | L79: CLOSED | N79: CLOSED | O79: =SUM(F79:N79) -> 22347.45
A80: 46080 | B80: Fri | C80: -0.04 | D80: 0.64513889 | F80: =5688.42917809806+14020.3376719091 -> 19708.767 | G80: * | H80: =+Effort!H80*CPUE!H80 -> 21631.242 | J80: CLOSED | L80: 11137.33 | N80: CLOSED | O80: =SUM(F80:N80) -> 52477.339
A81: 46081 | B81: Sat | C81: -0.34 | D81: 0.68194444 | E81: * | F81: =+Effort!F81*CPUE!F81 -> 35866.089 | H81: 49432.873 | J81: CLOSED | L81: 35993.149 | N81: CLOSED | O81: =SUM(F81:N81) -> 121292.11
A82: 46082 | B82: Sun | C82: -0.48 | D82: 0.71319444 | E82: * | F82: =+Effort!F82*CPUE!F82 -> 31407.253 | H82: 28593.042 | J82: 53456.589 | L82: CLOSED | N82: CLOSED | O82: =SUM(F82:N82) -> 113456.88
A83: 46083 | B83: Mon | C83: -0.42 | D83: 0.74027778 | F83: =+Effort!F83*CPUE!F83 -> 12203.328 | H83: 15988.502 | J83: 13935.374 | L83: CLOSED | N83: CLOSED | O83: =SUM(F83:N83) -> 42127.204
A84: 46084 | B84: Tue | C84: -0.15 | D84: 0.76527778 | E84: * | F84: =+Effort!F84*CPUE!F84 -> 939.07745 | G84: * | H84: =+Effort!H84*CPUE!H84 -> 1390.0542 | J84: CLOSED | L84: 814.69649 | N84: CLOSED | O84: =SUM(F84:N84) -> 3143.8281
A85: 46085 | B85: Wed | C85: 0.3 | D85: 0.78819444 | E85: * | F85: =+Effort!F85*CPUE!F85 -> 721.21148 | G85: * | H85: =+Effort!H85*CPUE!H85 -> 1067.5616 | J85: CLOSED | L85: 635.32634 | N85: CLOSED | O85: =SUM(F85:N85) -> 2424.0994
A87: 46098 | B87: Tue | C87: 0.16 | D87: 0.76458333 | E87: * | F87: =+Effort!F87*CPUE!F87 -> 410.60756 | H87: 191.4 | J87: 442.60284 | L87: CLOSED | N87: CLOSED | O87: =SUM(F87:N87) -> 1044.6104
A88: 46099 | B88: Wed | C88: 0.26 | D88: 0.7875 | F88: =+Effort!F88*CPUE!F88 -> 2525.8345 | H88: 1045.386 | J88: 1201.17 | L88: CLOSED | N88: CLOSED | O88: =SUM(F88:N88) -> 4772.3905
A89: 46100 | B89: Thu | C89: 0.54 | D89: 0.81111111 | F89: =+Effort!F89*CPUE!F89 -> 613.0701 | G89: * | H89: =+Effort!H89*CPUE!H89 -> 675.33659 | J89: CLOSED | L89: 357.82748 | N89: CLOSED | O89: =SUM(F89:N89) -> 1646.2342
A90: 46101 | B90: Fri | C90: -0.09 | D90: 0.33333333 | E90: * | F90: =+Effort!F90*CPUE!F90 -> 2521.0944 | G90: * | H90: =+Effort!H90*CPUE!H90 -> 2777.1495 | J90: CLOSED | L90: 724.41808 | N90: CLOSED | O90: =SUM(F90:N90) -> 6022.6619
A91: 46102 | B91: Sat | C91: -0.48 | D91: 0.36319444 | E91: * | F91: =+Effort!F91*CPUE!F91 -> 23287.737 | G91: * | H91: =+Effort!H91*CPUE!H91 -> 33775.391 | J91: 56072.599 | L91: CLOSED | N91: CLOSED | O91: =SUM(F91:N91) -> 113135.73
A92: 46103 | B92: Sun | C92: -0.6 | D92: 0.39513889 | F92: =7615.51469190408+17639.4629054986 -> 25254.978 | H92: 36153.005 | J92: 54074.323 | L92: CLOSED | N92: CLOSED | O92: =SUM(F92:N92) -> 115482.31
A93: 46104 | B93: Mon | C93: -0.46 | D93: 0.43194444 | E93: * | F93: =+Effort!F93*CPUE!F93 -> 19877.172 | G93: * | H93: =+Effort!H93*CPUE!H93 -> 21895.997 | J93: CLOSED | L93: 10753.489 | N93: CLOSED | O93: =SUM(F93:N93) -> 52526.658
A94: 46105 | B94: Tue | C94: -0.14 | D94: 0.47291667 | E94: * | F94: =+Effort!F94*CPUE!F94 -> 119.0514 | H94: 109.28572 | J94: CLOSED | L94: =+Effort!L94*CPUE!L94 -> 69.486119 | N94: CLOSED | O94: =SUM(F94:N94) -> 297.82323
A96: 46113 | B96: Wed | C96: 0.49 | D96: 0.28125 | E96: * | F96: =+Effort!F96*CPUE!F96 -> 1181.8929 | H96: 703.99997 | J96: CLOSED | L96: 211.92307 | N96: CLOSED | O96: =SUM(F96:N96) -> 2097.8159
A97: 46114 | B97: Thu | C97: 0.07 | D97: 0.30694444 | E97: * | F97: =+Effort!F97*CPUE!F97 -> 2701.5994 | G97: * | H97: =+Effort!H97*CPUE!H97 -> 1760.0846 | J97: CLOSED | L97: 1302.9198 | N97: CLOSED | O97: =SUM(F97:N97) -> 5764.6037
A98: 46115 | B98: Fri | C98: -0.17 | D98: 0.33125 | F98: =+Effort!F98*CPUE!F98 -> 14249.444 | G98: * | H98: =+Effort!H98*CPUE!H98 -> 9488.837 | J98: 9918.3654 | L98: CLOSED | N98: CLOSED | O98: =SUM(F98:N98) -> 33656.647
A99: 46116 | B99: Sat | C99: -0.22 | D99: 0.35555556 | E99: * | F99: =+Effort!F99*CPUE!F99 -> 33235.989 | H99: 25850.355 | J99: 43858.491 | L99: CLOSED | N99: CLOSED | O99: =SUM(F99:N99) -> 102944.83
A100: 46117 | B100: Sun | C100: -0.1 | D100: 0.38055556 | F100: =+Effort!F100*CPUE!F100 -> 9133.3298 | G100: * | H100: =+Effort!H100*CPUE!H100 -> 17723.239 | J100: CLOSED | L100: 13413.527 | N100: CLOSED | O100: =SUM(F100:N100) -> 40270.095
A101: 46118 | B101: Mon | C101: 0.15 | D101: 0.40694444 | F101: =6218.41543745872+9052.59627518507 -> 15271.012 | H101: 10877.755 | J101: CLOSED | L101: 3302.1195 | N101: CLOSED | O101: =SUM(F101:N101) -> 29450.886
A102: 46119 | B102: Tue | C102: 0.51 | D102: 0.4375 | E102: * | F102: =+Effort!F102*CPUE!F102 -> 13733.295 | H102: 14057.421 | J102: 10938.37 | L102: CLOSED | N102: CLOSED | O102: =SUM(F102:N102) -> 38729.085
A104: 46129 | B104: Fri | C104: -0.94 | D104: 0.29027778 | E104: * | F104: =+Effort!F104*CPUE!F104 -> 16615.021 | H104: 9880.8466 | J104: CLOSED | L104: 13097.426 | N104: CLOSED | O104: =SUM(F104:N104) -> 39593.293
A105: 46130 | B105: Sat | C105: -1.51 | D105: 0.32013889 | F105: 27731.781 | H105: 33504.691 | J105: CLOSED | L105: 30692.852 | N105: CLOSED | O105: =SUM(F105:N105) -> 91929.324
A106: 46131 | B106: Sun | C106: -1.75 | D106: 0.35138889 | F106: 57626.65 | H106: 28251.776 | J106: 53392.406 | L106: CLOSED | N106: CLOSED | O106: =SUM(F106:N106) -> 139270.83
A107: 46132 | B107: Mon | C107: -1.67 | D107: 0.38472222 | E107: * | F107: =+Effort!F107*CPUE!F107 -> 40380.88 | G107: * | H107: =+Effort!H107*CPUE!H107 -> 20384.614 | J107: 41851.082 | L107: CLOSED | N107: CLOSED | O107: =SUM(F107:N107) -> 102616.58
A108: 46133 | B108: Tue | C108: -1.3 | D108: 0.42152778 | E108: * | F108: =+Effort!F108*CPUE!F108 -> 25241.774 | G108: * | H108: =+Effort!H108*CPUE!H108 -> 23604.885 | J108: CLOSED | L108: 16572.208 | N108: CLOSED | O108: =SUM(F108:N108) -> 65418.867
A109: 46134 | B109: Wed | C109: -0.78 | D109: 0.4625 | F109: 6239.0772 | H109: 9944.5633 | J109: CLOSED | L109: 5747.8321 | N109: CLOSED | O109: =SUM(F109:N109) -> 21931.473
A110: 46135 | B110: Thu | C110: -0.22 | D110: 0.50763889 | E110: * | F110: =+Effort!F110*CPUE!F110 -> 11729.704 | G110: * | H110: =+Effort!H110*CPUE!H110 -> 5921.2551 | J110: 12168.572 | L110: CLOSED | N110: CLOSED | O110: =SUM(F110:N110) -> 29819.531
A112: 46142 | B112: Thu | C112: -0.32 | D112: 0.26805556 | E112: * | F112: =+Effort!F112*CPUE!F112 -> 4309.1273 | H112: 3728.8134 | J112: CLOSED | L112: 3799.6382 | N112: CLOSED | O112: =SUM(F112:N112) -> 11837.579
A113: 46143 | B113: Fri | C113: -0.66 | D113: 0.29236111 | F113: 13321.727 | H113: 9717.5138 | J113: 13866.771 | L113: CLOSED | N113: CLOSED | O113: =SUM(F113:N113) -> 36906.011
A114: 46144 | B114: Sat | C114: -0.83 | D114: 0.31597222 | E114: * | F114: =+Effort!F114*CPUE!F114 -> 36505.996 | H114: 34443.093 | J114: 42170.08 | L114: CLOSED | N114: CLOSED | O114: =SUM(F114:N114) -> 113119.17
...

Sheet Effort
A1: Date | B1: Day | C1: Tide | D1: Time | E1: Longbeach | G1: Twin Harbors | I1: Copalis | K1: Mocrocks | M1: Kalaloch | O1: Daily Totals
A2: 45936 | B2: Mon | C2: -0.21 | D2: 0.77430556 | E2: * | F2: =F6/H6*H2 -> 1683.2536 | H2: 1801.0383 | J2: CLOSED | L2: 1507.9975 | N2: CLOSED | O2: =SUM(F2:N2) -> 4992.2893
A3: 45937 | B3: Tue | C3: -0.95 | D3: 0.80416667 | F3: =778.316986673906+1071.4285639429 -> 1849.7456 | G3: * | H3: =H2/L2*L3 -> 1556.9262 | J3: CLOSED | L3: 1303.6041 | N3: CLOSED | O3: =SUM(F3:N3) -> 4710.2759
A4: 45938 | B4: Wed | C4: -1.41 | D4: 0.83472222 | F4: =(778.316986673906/1071.4285639429*550.860285622338)+550.860285622338 -> 951.02128 | G4: * | H4: =H6/F6*F4 -> 1017.5684 | J4: 1621.4665 | L4: CLOSED | N4: CLOSED | O4: =SUM(F4:N4) -> 3590.0562
A5: 45939 | B5: Thu | C5: -1.51 | D5: 0.86736111 | E5: * | F5: =F6/H6*H5 -> 723.39233 | H5: 774.01127 | J5: 800.95523 | L5: CLOSED | N5: CLOSED | O5: =SUM(F5:N5) -> 2298.3588
A6: 45940 | B6: Fri | C6: -1.28 | D6: 0.90277778 | F6: =(778.316986673906/1071.4285639429*476.146862435801)+476.146862435801 -> 822.03384 | H6: 879.55517 | J6: CLOSED | L6: 1246.548 | N6: CLOSED | O6: =SUM(F6:N6) -> 2948.137
A7: 45941 | B7: Sat | C7: -0.81 | D7: 0.94236111 | E7: * | F7: =F6/H6*H7 -> 850.46078 | H7: 909.97126 | J7: CLOSED | L7: 717.812 | N7: CLOSED | O7: =SUM(F7:N7) -> 2478.244
A8: 45942 | B8: Sun | C8: -0.23 | D8: 0.98680556 | E8: * | F8: =F4/J4*J8 -> 82.964963 | G8: * | H8: =H5/J5*J8 -> 136.69465 | J8: 141.4531 | L8: CLOSED | N8: CLOSED | O8: =SUM(F8:N8) -> 361.11272
A10: 45950 | B10: Mon | C10: 0.19 | D10: 0.77777778 | F10: =F14/H14*H10 -> 1087.9318 | H10: 950.30766 | J10: 858.62272 | L10: CLOSED | N10: CLOSED | O10: =SUM(F10:N10) -> 2896.8621
A11: 45951 | B11: Tue | C11: -0.12 | D11: 0.80069444 | E11: * | F11: =F10/J10*J11 -> 951.09748 | G11: * | H11: =H10/J10*J11 -> 830.78301 | J11: 750.62972 | L11: CLOSED | N11: CLOSED | O11: =SUM(F11:N11) -> 2532.5102
A12: 45952 | B12: Wed | C12: -0.28 | D12: 0.82291667 | F12: =(778.316986673906/1071.4285639429*193.988115946347)+193.988115946347 -> 334.90675 | H12: 292.54082 | J12: CLOSED | L12: 319.96954 | N12: CLOSED | O12: =SUM(F12:N12) -> 947.4171
A13: 45953 | B13: Thu | C13: -0.27 | D13: 0.84583333 | E13: * | F13: =F12/L12*L13 -> 90.202864 | G13: * | H13: =H12/L12*L13 -> 78.792141 | J13: CLOSED | L13: 86.179716 | N13: CLOSED | O13: =SUM(F13:N13) -> 255.17472
A14: 45954 | B14: Fri | C14: -0.12 | D14: 0.87013889 | F14: =(778.316986673906/1071.4285639429*84.4691861500275)+84.4691861500275 -> 145.83007 | G14: * | H14: =H12/F12*F14 -> 127.38247 | J14: 283.81866 | L14: CLOSED | N14: CLOSED | O14: =SUM(F14:N14) -> 557.0312
A15: 45955 | B15: Sat | C15: 0.14 | D15: 0.89652778 | E15: * | F15: =F12/H12*H15 -> 19.186937 | H15: 16.759777 | J15: 98.666183 | L15: CLOSED | N15: CLOSED | O15: =SUM(F15:N15) -> 134.6129
A16: 45956 | B16: Sun | C16: 0.47 | D16: 0.92708333 | E16: * | F16: =F12/L12*L16 -> 46.514826 | G16: * | H16: =H12/L12*L16 -> 40.630669 | J16: CLOSED | L16: 44.440213 | N16: CLOSED | O16: =SUM(F16:N16) -> 131.58571
A18: 45964 | B18: Mon | C18: -0.1 | D18: 0.6875 | F18: =(190.476189145405/188.644687326699*441.458709771157)+441.458709771157 -> 887.20343 | G18: * | H18: =H19/L19*L18 -> 645.17236 | J18: CLOSED | L18: 636.84455 | N18: CLOSED | O18: =SUM(F18:N18) -> 2169.2203
A19: 45965 | B19: Tue | C19: -1.1 | D19: 0.71875 | E19: * | F19: =F22/L22*L19 -> 556.33584 | H19: 903.95477 | J19: CLOSED | L19: 892.28663 | N19: CLOSED | O19: =SUM(F19:N19) -> 2352.5772
A20: 45966 | B20: Wed | C20: -1.7 | D20: 0.75069444 | F20: =190.476189145405+188.644687326699 -> 379.12088 | G20: * | H20: =H21/J21*J20 -> 234.74856 | J20: 522.09946 | L20: CLOSED | N20: CLOSED | O20: =SUM(F20:N20) -> 1135.9689
A21: 45967 | B21: Thu | C21: -2 | D21: 0.78194444 | E21: * | F21: =F20/J20*J21 -> 403.86069 | H21: 250.06725 | J21: 556.16945 | L21: CLOSED | N21: CLOSED | O21: =SUM(F21:N21) -> 1210.0974
A22: 45968 | B22: Fri | C22: -1.9 | D22: 0.81527778 | F22: =(190.476189145405/188.644687326699*580.80805369401)+580.80805369401 -> 1167.255 | G22: * | H22: =H18/L18*L22 -> 1896.5985 | J22: CLOSED | L22: 1872.1175 | N22: CLOSED | O22: =SUM(F22:N22) -> 4935.971
A23: 45969 | B23: Sat | C23: -1.5 | D23: 0.85069444 | E23: * | F23: =F22/L22*L23 -> 1104.9002 | H23: 2324.0358 | J23: CLOSED | L23: 1772.1089 | N23: CLOSED | O23: =SUM(F23:N23) -> 5201.045
A24: 45970 | B24: Sun | C24: -0.9 | D24: 0.88819444 | E24: * | F24: =F20/J20*J24 -> 392.30132 | G24: * | H24: =H21/J21*J24 -> 242.90978 | J24: 540.25068 | L24: CLOSED | N24: CLOSED | O24: =SUM(F24:N24) -> 1175.4618
A26: 45979 | B26: Tue | C26: -0.02 | D26: 0.72083333 | E26: * | F26: =F29/J29*J26 -> 393.78813 | G26: * | H26: =H29/J29*J26 -> 721.06624 | J26: 829.8582 | L26: CLOSED | N26: CLOSED | O26: =SUM(F26:N26) -> 1944.7126
A27: 45980 | B27: Wed | C27: -0.3 | D27: 0.74444444 | F27: =(190.476189145405/188.644687326699*430.363510278513)+430.363510278513 -> 864.90531 | H27: 648.04469 | J27: CLOSED | L27: 319.48882 | N27: CLOSED | O27: =SUM(F27:N27) -> 1832.4388
A28: 45981 | B28: Thu | C28: -0.43 | D28: 0.76736111 | E28: * | F28: =F29/H29*H28 -> 206.76545 | H28: 378.60863 | J28: CLOSED | L28: 203.64964 | N28: CLOSED | O28: =SUM(F28:N28) -> 789.02372
A29: 45982 | B29: Fri | C29: -0.41 | D29: 0.79097222 | F29: =(190.476189145405/188.644687326699*137.772340604537)+137.772340604537 -> 276.88228 | H29: 506.9997 | J29: 583.49405 | L29: CLOSED | N29: CLOSED | O29: =SUM(F29:N29) -> 1367.376
A30: 45983 | B30: Sat | C30: -0.29 | D30: 0.81527778 | E30: * | F30: =F29/J29*J30 -> 581.23178 | G30: * | H30: =H29/J29*J30 -> 1064.2947 | J30: 1224.8718 | L30: CLOSED | N30: CLOSED | O30: =SUM(F30:N30) -> 2870.3982
A31: 45984 | B31: Sun | C31: -0.09 | D31: 0.84166667 | E31: * | F31: =F27/L27*L31 -> 576.01117 | G31: * | H31: =H28/L28*L31 -> 395.57138 | J31: CLOSED | L31: 212.77373 | N31: CLOSED | O31: =SUM(F31:N31) -> 1184.3563
A33: 45993 | B33: Tue | C33: -0.59 | D33: 0.67430556 | E33: * | F33: =F36/J36*J33 -> 955.58029 | G33: * | H33: =H36/J36*J33 -> 892.36414 | J33: 1269.4788 | L33: CLOSED | N33: CLOSED | O33: =SUM(F33:N33) -> 3117.4232
A34: 45994 | B34: Wed | C34: -1.4 | D34: 0.70763889 | F34: =608.928568836074+695.545762784605 -> 1304.4743 | H34: 1099.8526 | J34: CLOSED | L34: 1233.8476 | N34: CLOSED | O34: =SUM(F34:N34) -> 3638.1745
A35: 45995 | B35: Thu | C35: -1.9 | D35: 0.74097222 | E35: * | F35: =F34/L34*L35 -> 542.92009 | G35: * | H35: =H34/L34*L35 -> 457.75685 | J35: CLOSED | L35: 513.52535 | N35: CLOSED | O35: =SUM(F35:N35) -> 1514.2023
A36: 45996 | B36: Fri | C36: -2.05 | D36: 0.77361111 | F36: =(608.928568836074/695.545762784605*429.393999690455)+429.393999690455 -> 805.31502 | H36: 752.03963 | J36: 1069.8529 | L36: CLOSED | N36: CLOSED | O36: =SUM(F36:N36) -> 2627.2075
A37: 45997 | B37: Sat | C37: -1.86 | D37: 0.80694444 | E37: * | F37: =F36/J36*J37 -> 1127.0943 | G37: * | H37: =H36/J36*J37 -> 1052.5317 | J37: 1497.3335 | L37: CLOSED | N37: CLOSED | O37: =SUM(F37:N37) -> 3676.9595
A38: 45998 | B38: Sun | C38: -1.41 | D38: 0.84027778 | E38: * | F38: =F34/L34*L38 -> 228.84007 | G38: * | H38: =H34/L34*L38 -> 192.94388 | J38: CLOSED | L38: 216.45023 | N38: CLOSED | O38: =SUM(F38:N38) -> 638.23418
A39: 45999 | B39: Mon | C39: -0.78 | D39: 0.87430556 | E39: * | F39: =F34/L34*L39 -> 12.082756 | G39: * | H39: =H34/L34*L39 -> 10.187437 | J39: CLOSED | L39: 11.428572 | N39: CLOSED | O39: =SUM(F39:N39) -> 33.698765
A41: 46009 | B41: Thu | C41: -0.2 | D41: 0.73194444 | E41: * | F41: =F44/H44*H41 -> 132.38197 | H41: 126.17702 | J41: 147.32965 | L41: CLOSED | N41: CLOSED | O41: =SUM(F41:N41) -> 405.88864
A42: 46010 | B42: Fri | C42: -0.38 | D42: 0.75625 | F42: =(608.928568836074/695.545762784605*132.437612931347)+132.437612931347 -> 248.3826 | G42: * | H42: =H44/F44*F42 -> 236.74052 | J42: CLOSED | L42: 155.55695 | N42: CLOSED | O42: =SUM(F42:N42) -> 640.68007
A43: 46011 | B43: Sat | C43: -0.45 | D43: 0.78055556 | E43: * | F43: =F42/L42*L43 -> 401.42558 | G43: * | H43: =H42/L42*L43 -> 382.61014 | J43: CLOSED | L43: 251.40464 | N43: CLOSED | O43: =SUM(F43:N43) -> 1035.4403
A44: 46012 | B44: Sun | C44: -0.44 | D44: 0.80486111 | F44: =(608.928568836074/695.545762784605*47.1862984734357)+47.1862984734357 -> 88.496427 | H44: 84.348462 | J44: 196.5647 | L44: CLOSED | N44: CLOSED | O44: =SUM(F44:N44) -> 369.40959
A45: 46013 | B45: Mon | C45: -0.33 | D45: 0.82916667 | E45: * | F45: =F44/J44*J45 -> 38.404968 | G45: * | H45: =H44/J44*J45 -> 36.604868 | J45: 85.303569 | L45: CLOSED | N45: CLOSED | O45: =SUM(F45:N45) -> 160.3134
A46: 46014 | B46: Tue | C46: -0.11 | D46: 0.85486111 | E46: * | F46: =F42/L42*L46 -> 94.817751 | G46: * | H46: =H42/L42*L46 -> 90.373495 | J46: CLOSED | L46: 59.382419 | N46: CLOSED | O46: =SUM(F46:N46) -> 244.57367
A48: 46022 | B48: Wed | C48: -0.62 | D48: 0.66319444 | F48: =(608.928568836074/695.545762784605*2021.16923076923)+2021.16923076923 -> 3790.6397 | H48: 2135.3076 | J48: 3564.2963 | L48: CLOSED | N48: CLOSED | O48: =SUM(F48:N48) -> 9490.2436
A49: 46023 | B49: Thu | C49: -1.24 | D49: 0.69930556 | E49: * | F49: =F48/J48*J49 -> 6107.8564 | G49: * | H49: =H48/J48*J49 -> 3440.6204 | J49: 5743.1494 | L49: CLOSED | N49: CLOSED | O49: =SUM(F49:N49) -> 15291.626
A50: 46024 | B50: Fri | C50: -1.61 | D50: 0.73402778 | F50: =(608.928568836074/695.545762784605*2296.64202698953)+2296.64202698953 -> 4307.2803 | G50: * | H50: =H51/L51*L50 -> 2528.7059 | J50: CLOSED | L50: 2048.8245 | N50: CLOSED | O50: =SUM(F50:N50) -> 8884.8106
A51: 46025 | B51: Sat | C51: -1.71 | D51: 0.76597222 | E51: * | F51: =F50/L50*L51 -> 2228.7895 | H51: 1308.4714 | J51: CLOSED | L51: 1060.1582 | N51: CLOSED | O51: =SUM(F51:N51) -> 4597.4192
A52: 46026 | B52: Sun | C52: -1.53 | D52: 0.79652778 | E52: * | F52: =F48/J48*J52 -> 388.3185 | G52: * | H52: =H48/J48*J52 -> 218.74393 | J52: 365.13156 | L52: CLOSED | N52: CLOSED | O52: =SUM(F52:N52) -> 972.19399
A53: 46027 | B53: Mon | C53: -1.11 | D53: 0.82638889 | F53: =(608.928568836074/695.545762784605*49.8967650020234)+49.8967650020234 -> 93.579823 | H53: 265.02604 | J53: 245.09803 | L53: CLOSED | N53: CLOSED | O53: =SUM(F53:N53) -> 603.70389
A54: 46028 | B54: Tue | C54: -0.49 | D54: 0.85555556 | E54: * | F54: =F50/L50*L54 -> 61.40956 | G54: * | H54: =H51/L51*L54 -> 36.05215 | J54: CLOSED | L54: 29.210406 | N54: CLOSED | O54: =SUM(F54:N54) -> 126.67212
A56: 46037 | B56: Thu | C56: 0.37 | D56: 0.69097222 | F56: =(767.328982156157/857.142851154321*474.879556570981)+474.879556570981 -> 899.99988 | G56: * | H56: =H59/L59*L56 -> 538.44434 | J56: CLOSED | L56: 417.26254 | N56: CLOSED | O56: =SUM(F56:N56) -> 1855.7068
A57: 46038 | B57: Fri | C57: 0.01 | D57: 0.71805556 | F57: =767.328982156157+857.142851154321 -> 1624.4718 | G57: * | H57: =H58/J58*J57 -> 1019.4733 | J57: 1739.0228 | L57: CLOSED | N57: CLOSED | O57: =SUM(F57:N57) -> 4382.968
A58: 46039 | B58: Sat | C58: -0.27 | D58: 0.74305556 | E58: * | F58: =F61/J61*J58 -> 2033.8378 | H58: 1563.2395 | J58: 2666.5821 | L58: CLOSED | N58: CLOSED | O58: =SUM(F58:N58) -> 6263.6595
A59: 46040 | B59: Sun | C59: -0.45 | D59: 0.76666667 | E59: * | F59: =F58/H58*H59 -> 2512.9561 | H59: 1931.4973 | J59: CLOSED | L59: 1496.7963 | N59: CLOSED | O59: =SUM(F59:N59) -> 5941.2497
A60: 46041 | B60: Mon | C60: -0.5 | D60: 0.78958333 | E60: * | F60: =F56/L56*L60 -> 670.73399 | G60: * | H60: =H59/L59*L60 -> 401.28108 | J60: CLOSED | L60: 310.96912 | N60: CLOSED | O60: =SUM(F60:N60) -> 1382.9842
A61: 46042 | B61: Tue | C61: -0.39 | D61: 0.81180556 | F61: =(767.328982156157/857.142851154321*93.3980384008687)+93.3980384008687 -> 177.00956 | G61: * | H61: =H62/J62*J61 -> 99.11197 | J61: 232.07875 | L61: CLOSED | N61: CLOSED | O61: =SUM(F61:N61) -> 508.20029
A62: 46043 | B62: Wed | C62: -0.09 | D62: 0.83402778 | E62: * | F62: =F61/J61*J62 -> 117.69619 | H62: 65.900963 | J62: 154.31247 | L62: CLOSED | N62: CLOSED | O62: =SUM(F62:N62) -> 337.90962
A64: 46051 | B64: Thu | C64: -0.6 | D64: 0.66319444 | F64: =(767.328982156157/857.142851154321*211.46452278836)+211.46452278836 -> 400.77119 | H64: 388.70055 | J64: CLOSED | L64: 281.15016 | N64: CLOSED | O64: =SUM(F64:N64) -> 1070.6219
A65: 46052 | B65: Fri | C65: -1.2 | D65: 0.69930556 | F65: =(767.328982156157/857.142851154321*574.461497751802)+574.461497751802 -> 1088.7293 | H65: 765.04184 | J65: 1076.9896 | L65: CLOSED | N65: CLOSED | O65: =SUM(F65:N65) -> 2930.7607
A66: 46053 | B66: Sat | C66: -1.6 | D66: 0.73402778 | E66: * | F66: =F69/J69*J66 -> 2362.2291 | G66: * | H66: =H65/J65*J66 -> 2851.2766 | J66: 4013.8918 | L66: CLOSED | N66: CLOSED | O66: =SUM(F66:N66) -> 9227.3975
A67: 46054 | B67: Sun | C67: -1.7 | D67: 0.76597222 | E67: * | F67: =F69/H69*H67 -> 597.71918 | H67: 956.9882 | J67: CLOSED | L67: 901.46519 | N67: CLOSED | O67: =SUM(F67:N67) -> 2456.1726
A68: 46055 | B68: Mon | C68: -1.5 | D68: 0.79652778 | E68: * | F68: =F64/L64*L68 -> 266.06245 | G68: * | H68: =H64/L64*L68 -> 258.04904 | J68: CLOSED | L68: 186.6489 | N68: CLOSED | O68: =SUM(F68:N68) -> 710.76038
A69: 46056 | B69: Tue | C69: -1.1 | D69: 0.82638889 | F69: =(767.328982156157/857.142851154321*119.03671560895)+119.03671560895 -> 225.60043 | H69: 361.2013 | J69: 383.33949 | L69: CLOSED | N69: CLOSED | O69: =SUM(F69:N69) -> 970.14122
A70: 46057 | B70: Wed | C70: -0.5 | D70: 0.85555556 | E70: * | F70: =F69/J69*J70 -> 136.85099 | G70: * | H70: =H69/J69*J70 -> 219.10755 | J70: 232.53675 | L70: CLOSED | N70: CLOSED | O70: =SUM(F70:N70) -> 588.49529
A72: 46067 | B72: Sat | C72: 0.25 | D72: 0.7 | E72: * | F72: =F76/H76*H72 -> 1822.8631 | H72: 2214.5289 | J72: CLOSED | L72: 1985.6431 | N72: CLOSED | O72: =SUM(F72:N72) -> 6023.0351
A73: 46068 | B73: Sun | C73: -0.09 | D73: 0.725 | F73: =(767.328982156157/857.142851154321*1303.0949922622)+1303.0949922622 -> 2469.648 | H73: 1943.441 | J73: 3150.0188 | L73: CLOSED | N73: CLOSED | O73: =SUM(F73:N73) -> 7563.1078
A74: 46069 | B74: Mon | C74: -0.29 | D74: 0.74791667 | E74: * | F74: =F73/J73*J74 -> 680.24441 | G74: * | H74: =H73/J73*J74 -> 535.30499 | J74: 867.64701 | L74: CLOSED | N74: CLOSED | O74: =SUM(F74:N74) -> 2083.1964
A75: 46070 | B75: Tue | C75: -0.3 | D75: 0.77013889 | E75: * | F75: =F76/L76*L75 -> 208.42013 | G75: * | H75: =H76/L76*L75 -> 253.2019 | J75: CLOSED | L75: 367.58405 | N75: CLOSED | O75: =SUM(F75:N75) -> 829.20608
A76: 46071 | B76: Wed | C76: -0.11 | D76: 0.79166667 | F76: =(767.328982156157/857.142851154321*62.2653589339125)+62.2653589339125 -> 118.00638 | H76: 143.36158 | J76: CLOSED | L76: 208.12415 | N76: CLOSED | O76: =SUM(F76:N76) -> 469.4921
A77: 46072 | B77: Thu | C77: 0.29 | D77: 0.81388889 | E77: * | F77: =F73/J73*J77 -> 226.12226 | G77: * | H77: =H73/J73*J77 -> 177.94247 | J77: 288.41736 | L77: CLOSED | N77: CLOSED | O77: =SUM(F77:N77) -> 692.48209
A79: 46079 | B79: Thu | C79: 0.32 | D79: 0.60138889 | E79: * | F79: =F83/J83*J79 -> 508.90324 | H79: 542.55497 | J79: 821.18979 | L79: CLOSED | N79: CLOSED | O79: =SUM(F79:N79) -> 1872.648
A80: 46080 | B80: Fri | C80: -0.04 | D80: 0.64513889 | F80: =379.228611873204+968.775731648226 -> 1348.0043 | G80: * | H80: =H83/F83*F80 -> 1730.4994 | J80: CLOSED | L80: 1289.8466 | N80: CLOSED | O80: =SUM(F80:N80) -> 4368.3503
A81: 46081 | B81: Sat | C81: -0.34 | D81: 0.68194444 | E81: * | F81: =F80/L80*L81 -> 2869.2871 | H81: 4247.2158 | J81: CLOSED | L81: 2745.4959 | N81: CLOSED | O81: =SUM(F81:N81) -> 9861.9988
A82: 46082 | B82: Sun | C82: -0.48 | D82: 0.71319444 | E82: * | F82: =F83/J83*J82 -> 2512.5803 | H82: 2232.0275 | J82: 4054.4157 | L82: CLOSED | N82: CLOSED | O82: =SUM(F82:N82) -> 8799.0235
A83: 46083 | B83: Mon | C83: -0.42 | D83: 0.74027778 | F83: =(379.228611873204/968.775731648226*609.042737957886)+609.042737957886 -> 847.45337 | H83: 1087.9175 | J83: 1367.4899 | L83: CLOSED | N83: CLOSED | O83: =SUM(F83:N83) -> 3302.8608
A84: 46084 | B84: Tue | C84: -0.15 | D84: 0.76527778 | E84: * | F84: =F80/L80*L84 -> 187.81549 | G84: * | H84: =H81/L81*L84 -> 278.01084 | J84: CLOSED | L84: 179.71246 | N84: CLOSED | O84: =SUM(F84:N84) -> 645.53879
A85: 46085 | B85: Wed | C85: 0.3 | D85: 0.78819444 | E85: * | F85: =F80/L80*L85 -> 103.03021 | G85: * | H85: =H81/L81*L85 -> 152.5088 | J85: CLOSED | L85: 98.585122 | N85: CLOSED | O85: =SUM(F85:N85) -> 354.12413
A87: 46098 | B87: Tue | C87: 0.16 | D87: 0.76458333 | E87: * | F87: =F88/J88*J87 -> 205.30378 | H87: 174 | J87: 189.68693 | L87: CLOSED | N87: CLOSED | O87: =SUM(F87:N87) -> 568.99071
A88: 46099 | B88: Wed | C88: 0.26 | D88: 0.7875 | F88: =(646.600304029591/1175.96419369991*127.322779660336)+127.322779660336 -> 197.33082 | H88: 137.09981 | J88: 182.32045 | L88: CLOSED | N88: CLOSED | O88: =SUM(F88:N88) -> 516.75107
A89: 46100 | B89: Thu | C89: 0.54 | D89: 0.81111111 | F89: =(646.600304029591/1175.96419369991*197.784081319487)+197.784081319487 -> 306.53505 | G89: * | H89: =H94/L94*L89 -> 337.6683 | J89: CLOSED | L89: 178.91374 | N89: CLOSED | O89: =SUM(F89:N89) -> 823.11709
A90: 46101 | B90: Fri | C90: -0.09 | D90: 0.33333333 | E90: * | F90: =F89/L89*L90 -> 504.21888 | G90: * | H90: =H94/L94*L90 -> 555.42989 | J90: CLOSED | L90: 294.29484 | N90: CLOSED | O90: =SUM(F90:N90) -> 1353.9436
A91: 46102 | B91: Sat | C91: -0.48 | D91: 0.36319444 | E91: * | F91: =F92/J92*J91 -> 1606.0508 | G91: * | H91: =H92/J92*J91 -> 2329.3373 | J91: 3919.638 | L91: CLOSED | N91: CLOSED | O91: =SUM(F91:N91) -> 7855.0262
A92: 46103 | B92: Sun | C92: -0.6 | D92: 0.39513889 | F92: =646.600304029591+1175.96419369991 -> 1822.5645 | H92: 2643.3581 | J92: 4448.0491 | L92: CLOSED | N92: CLOSED | O92: =SUM(F92:N92) -> 8913.9717
A93: 46104 | B93: Mon | C93: -0.46 | D93: 0.43194444 | E93: * | F93: =F89/L89*L93 -> 1590.1737 | G93: * | H93: =H94/L94*L93 -> 1751.6798 | J93: CLOSED | L93: 928.12853 | N93: CLOSED | O93: =SUM(F93:N93) -> 4269.982
A94: 46105 | B94: Tue | C94: -0.14 | D94: 0.47291667 | E94: * | F94: =F89/L89*L94 -> 59.5257 | H94: 65.57143 | J94: CLOSED | L94: 34.743059 | N94: CLOSED | O94: =SUM(F94:N94) -> 159.84019
A96: 46113 | B96: Wed | C96: 0.49 | D96: 0.28125 | E96: * | F96: =F101/L101*L96 -> 168.84184 | H96: 110 | J96: CLOSED | L96: 94.999996 | N96: CLOSED | O96: =SUM(F96:N96) -> 373.84183
A97: 46114 | B97: Thu | C97: 0.07 | D97: 0.30694444 | E97: * | F97: =F101/L101*L97 -> 385.94277 | G97: * | H97: =H96/L96*L97 -> 251.44066 | J97: CLOSED | L97: 217.15329 | N97: CLOSED | O97: =SUM(F97:N97) -> 854.53672
A98: 46115 | B98: Fri | C98: -0.17 | D98: 0.33125 | F98: =(514.120961364698/609.691696425349*533.146160095799)+533.146160095799 -> 982.72029 | G98: * | H98: =H101/F101*F98 -> 759.10696 | J98: 1029.898 | L98: CLOSED | N98: CLOSED | O98: =SUM(F98:N98) -> 2771.7252
A99: 46116 | B99: Sat | C99: -0.22 | D99: 0.35555556 | E99: * | F99: =F101/H101*H99 -> 2292.1372 | H99: 1770.5722 | J99: 3146.9461 | L99: CLOSED | N99: CLOSED | O99: =SUM(F99:N99) -> 7209.6555
A100: 46117 | B100: Sun | C100: -0.1 | D100: 0.38055556 | F100: =(514.120961364698/609.691696425349*351.419930201588)+351.419930201588 -> 647.75389 | G100: * | H100: =H96/L96*L100 -> 1265.9456 | J100: CLOSED | L100: 1093.3167 | N100: CLOSED | O100: =SUM(F100:N100) -> 3007.0162
A101: 46118 | B101: Mon | C101: 0.15 | D101: 0.40694444 | F101: =514.120961364698+609.691696425349 -> 1123.8127 | H101: 868.09443 | J101: CLOSED | L101: 632.32075 | N101: CLOSED | O101: =SUM(F101:N101) -> 2624.2278
A102: 46119 | B102: Tue | C102: 0.51 | D102: 0.4375 | E102: * | F102: =F98/J98*J102 -> 1098.6636 | H102: 1122.5526 | J102: 1151.4074 | L102: CLOSED | N102: CLOSED | O102: =SUM(F102:N102) -> 3372.6236
A104: 46129 | B104: Fri | C104: -0.94 | D104: 0.29027778 | E104: * | F104: =F105/L105*L104 -> 1107.6681 | H104: 669.61109 | J104: CLOSED | L104: 873.16172 | N104: CLOSED | O104: =SUM(F104:N104) -> 2650.4409
A105: 46130 | B105: Sat | C105: -1.51 | D105: 0.32013889 | F105: =(1790.79146317277/2155.48151798304*1848.78538879947)+1848.78538879947 -> 3384.7712 | H105: 2271.1864 | J105: CLOSED | L105: 2668.1754 | N105: CLOSED | O105: =SUM(F105:N105) -> 8324.133
A106: 46131 | B106: Sun | C106: -1.75 | D106: 0.35138889 | F106: =1790.79146317277+2155.48151798304 -> 3946.273 | H106: 1992.1124 | J106: 4133.6056 | L106: CLOSED | N106: CLOSED | O106: =SUM(F106:N106) -> 10071.991
A107: 46132 | B107: Mon | C107: -1.67 | D107: 0.38472222 | E107: * | F107: =F106/J106*J107 -> 2692.0587 | G107: * | H107: =H106/J106*J107 -> 1358.9743 | J107: 2819.8528 | L107: CLOSED | N107: CLOSED | O107: =SUM(F107:N107) -> 6870.8857
A108: 46133 | B108: Tue | C108: -1.3 | D108: 0.42152778 | E108: * | F108: =F109/L109*L108 -> 1740.812 | G108: * | H108: =H109/L109*L108 -> 1627.9231 | J108: CLOSED | L108: 1181.0928 | N108: CLOSED | O108: =SUM(F108:N108) -> 4549.8279
A109: 46134 | B109: Wed | C109: -0.78 | D109: 0.4625 | F109: =(1790.79146317277/2155.48151798304*415.938482839914)+415.938482839914 -> 761.50354 | H109: 712.12122 | J109: CLOSED | L109: 516.65906 | N109: CLOSED | O109: =SUM(F109:N109) -> 1990.2838
A110: 46135 | B110: Thu | C110: -0.22 | D110: 0.50763889 | E110: * | F110: =F106/J106*J110 -> 938.37632 | G110: * | H110: =H106/J106*J110 -> 473.70041 | J110: 982.92178 | L110: CLOSED | N110: CLOSED | O110: =SUM(F110:N110) -> 2394.9985
A112: 46142 | B112: Thu | C112: -0.32 | D112: 0.26805556 | E112: * | F112: =F115/L115*L112 -> 287.27515 | H112: 248.58756 | J112: CLOSED | L112: 253.30922 | N112: CLOSED | O112: =SUM(F112:N112) -> 789.17193
A113: 46143 | B113: Fri | C113: -0.66 | D113: 0.29236111 | F113: =354.663818883223+575.492234414286 -> 930.15605 | H113: 661.3308 | J113: 1117.9971 | L113: CLOSED | N113: CLOSED | O113: =SUM(F113:N113) -> 2709.484
A114: 46144 | B114: Sat | C114: -0.83 | D114: 0.31597222 | E114: * | F114: =F118/H118*H114 -> 2517.6549 | H114: 2321.165 | J114: 3223.3605 | L114: CLOSED | N114: CLOSED | O114: =SUM(F114:N114) -> 8062.1803
...

Sheet CPUE
A1: Date | B1: Day | C1: Tide | D1: Time | E1: Longbeach | G1: Twin Harbors | I1: Copalis | K1: Mocrocks | M1: Kalaloch | O1: Daily Totals
A2: 45936 | B2: Mon | C2: -0.21 | D2: 0.77430556 | E2: * | F2: 15 | H2: =+Harvest!H2/Effort!H2 -> 15 | J2: CLOSED | L2: =+Harvest!L2/Effort!L2 -> 15 | N2: CLOSED | O2: =+Harvest!O2/Effort!O2 -> 15
A3: 45937 | B3: Tue | C3: -0.95 | D3: 0.80416667 | F3: =+Harvest!F3/Effort!F3 -> 14.637981 | G3: * | H3: 14 | J3: CLOSED | L3: =+Harvest!L3/Effort!L3 -> 13.444444 | N3: CLOSED | O3: =+Harvest!O3/Effort!O3 -> 14.096784
A4: 45938 | B4: Wed | C4: -1.41 | D4: 0.83472222 | F4: 11.9 | G4: * | H4: 14 | J4: =+Harvest!J4/Effort!J4 -> 14.866667 | L4: CLOSED | N4: CLOSED | O4: =+Harvest!O4/Effort!O4 -> 13.835135
A5: 45939 | B5: Thu | C5: -1.51 | D5: 0.86736111 | E5: * | F5: 12 | H5: =+Harvest!H5/Effort!H5 -> 15 | J5: =+Harvest!J5/Effort!J5 -> 11.058824 | L5: CLOSED | N5: CLOSED | O5: =+Harvest!O5/Effort!O5 -> 12.68231
A6: 45940 | B6: Fri | C6: -1.28 | D6: 0.90277778 | F6: 15 | H6: =+Harvest!H6/Effort!H6 -> 15 | J6: CLOSED | L6: =+Harvest!L6/Effort!L6 -> 14.690909 | N6: CLOSED | O6: =+Harvest!O6/Effort!O6 -> 14.869308
A7: 45941 | B7: Sat | C7: -0.81 | D7: 0.94236111 | E7: * | F7: 12 | H7: =+Harvest!H7/Effort!H7 -> 10.294118 | J7: CLOSED | L7: =+Harvest!L7/Effort!L7 -> 14.88 | N7: CLOSED | O7: =+Harvest!O7/Effort!O7 -> 12.207806
A8: 45942 | B8: Sun | C8: -0.23 | D8: 0.98680556 | E8: * | F8: 7 | G8: * | H8: 7 | J8: =+Harvest!J8/Effort!J8 -> 6.9090909 | L8: CLOSED | N8: CLOSED | O8: =+Harvest!O8/Effort!O8 -> 6.9643896
A10: 45950 | B10: Mon | C10: 0.19 | D10: 0.77777778 | F10: 13.6 | H10: =+Harvest!H10/Effort!H10 -> 14.486486 | J10: =+Harvest!J10/Effort!J10 -> 13.511628 | L10: CLOSED | N10: CLOSED | O10: =+Harvest!O10/Effort!O10 -> 13.864616
A11: 45951 | B11: Tue | C11: -0.12 | D11: 0.80069444 | E11: * | F11: 7.5 | G11: * | H11: 7.5 | J11: =+Harvest!J11/Effort!J11 -> 7.5217391 | L11: CLOSED | N11: CLOSED | O11: =+Harvest!O11/Effort!O11 -> 7.5064434
A12: 45952 | B12: Wed | C12: -0.28 | D12: 0.82291667 | F12: 14.1 | H12: =+Harvest!H12/Effort!H12 -> 8.7222222 | J12: CLOSED | L12: =+Harvest!L12/Effort!L12 -> 14.909091 | N12: CLOSED | O12: =+Harvest!O12/Effort!O12 -> 12.712718
A13: 45953 | B13: Thu | C13: -0.27 | D13: 0.84583333 | E13: * | F13: 2 | G13: * | H13: 2 | J13: CLOSED | L13: 2 | N13: CLOSED | O13: =+Harvest!O13/Effort!O13 -> 2
A14: 45954 | B14: Fri | C14: -0.12 | D14: 0.87013889 | F14: 4 | G14: * | H14: 4 | J14: =+Harvest!J14/Effort!J14 -> 4 | L14: CLOSED | N14: CLOSED | O14: =+Harvest!O14/Effort!O14 -> 4
A15: 45955 | B15: Sat | C15: 0.14 | D15: 0.89652778 | E15: * | F15: 1 | H15: 1 | J15: 1 | L15: CLOSED | N15: CLOSED | O15: =+Harvest!O15/Effort!O15 -> 1
A16: 45956 | B16: Sun | C16: 0.47 | D16: 0.92708333 | E16: * | F16: 12 | G16: * | H16: 12 | J16: CLOSED | L16: =+Harvest!L16/Effort!L16 -> 11.8 | N16: CLOSED | O16: =+Harvest!O16/Effort!O16 -> 11.932454
A18: 45964 | B18: Mon | C18: -0.1 | D18: 0.6875 | F18: 13.8 | G18: * | H18: 13.5 | J18: CLOSED | L18: =+Harvest!L18/Effort!L18 -> 13.26087 | N18: CLOSED | O18: =+Harvest!O18/Effort!O18 -> 13.552494
A19: 45965 | B19: Tue | C19: -1.1 | D19: 0.71875 | E19: * | F19: 12.5 | H19: =+Harvest!H19/Effort!H19 -> 14.465116 | J19: CLOSED | L19: =+Harvest!L19/Effort!L19 -> 11.826087 | N19: CLOSED | O19: =+Harvest!O19/Effort!O19 -> 12.999475
A20: 45966 | B20: Wed | C20: -1.7 | D20: 0.75069444 | F20: 8 | G20: * | H20: 8 | J20: =+Harvest!J20/Effort!J20 -> 8.1666667 | L20: CLOSED | N20: CLOSED | O20: =+Harvest!O20/Effort!O20 -> 8.0766012
A21: 45967 | B21: Thu | C21: -2 | D21: 0.78194444 | E21: * | F21: 2 | H21: =+Harvest!H21/Effort!H21 -> 2.1538462 | J21: =+Harvest!J21/Effort!J21 -> 1.4166667 | L21: CLOSED | N21: CLOSED | O21: =+Harvest!O21/Effort!O21 -> 1.7636882
A22: 45968 | B22: Fri | C22: -1.9 | D22: 0.81527778 | F22: 13.5 | G22: * | H22: 13.5 | J22: CLOSED | L22: =+Harvest!L22/Effort!L22 -> 13.642857 | N22: CLOSED | O22: =+Harvest!O22/Effort!O22 -> 13.554183
A23: 45969 | B23: Sat | C23: -1.5 | D23: 0.85069444 | E23: * | F23: 14.5 | H23: =+Harvest!H23/Effort!H23 -> 15 | J23: CLOSED | L23: =+Harvest!L23/Effort!L23 -> 14.5 | N23: CLOSED | O23: =+Harvest!O23/Effort!O23 -> 14.72342
A24: 45970 | B24: Sun | C24: -0.9 | D24: 0.88819444 | E24: * | F24: 10.5 | G24: * | H24: 10.5 | J24: =+Harvest!J24/Effort!J24 -> 10.695652 | L24: CLOSED | N24: CLOSED | O24: =+Harvest!O24/Effort!O24 -> 10.589923
A26: 45979 | B26: Tue | C26: -0.02 | D26: 0.72083333 | E26: * | F26: 15 | G26: * | H26: 15 | J26: =+Harvest!J26/Effort!J26 -> 14.880952 | L26: CLOSED | N26: CLOSED | O26: =+Harvest!O26/Effort!O26 -> 14.949199
A27: 45980 | B27: Wed | C27: -0.3 | D27: 0.74444444 | F27: 13.8 | H27: =+Harvest!H27/Effort!H27 -> 15 | J27: CLOSED | L27: =+Harvest!L27/Effort!L27 -> 10 | N27: CLOSED | O27: =+Harvest!O27/Effort!O27 -> 13.561845
A28: 45981 | B28: Thu | C28: -0.43 | D28: 0.76736111 | E28: * | F28: 3 | H28: =+Harvest!H28/Effort!H28 -> 2.4 | J28: CLOSED | L28: =+Harvest!L28/Effort!L28 -> 3.1111111 | N28: CLOSED | O28: =+Harvest!O28/Effort!O28 -> 2.7407715
A29: 45982 | B29: Fri | C29: -0.41 | D29: 0.79097222 | F29: 15 | H29: =+Harvest!H29/Effort!H29 -> 14.666667 | J29: =+Harvest!J29/Effort!J29 -> 10.454545 | L29: CLOSED | N29: CLOSED | O29: =+Harvest!O29/Effort!O29 -> 12.936745
A30: 45983 | B30: Sat | C30: -0.29 | D30: 0.81527778 | E30: * | F30: 7 | G30: * | H30: 7 | J30: =+Harvest!J30/Effort!J30 -> 6.7777778 | L30: CLOSED | N30: CLOSED | O30: =+Harvest!O30/Effort!O30 -> 6.9051721
A31: 45984 | B31: Sun | C31: -0.09 | D31: 0.84166667 | E31: * | F31: 6 | G31: * | H31: 6 | J31: CLOSED | L31: =+Harvest!L31/Effort!L31 -> 5.8181818 | N31: CLOSED | O31: =+Harvest!O31/Effort!O31 -> 5.9673357
A33: 45993 | B33: Tue | C33: -0.59 | D33: 0.67430556 | E33: * | F33: 15 | G33: * | H33: 15 | J33: =+Harvest!J33/Effort!J33 -> 14.769231 | L33: CLOSED | N33: CLOSED | O33: =+Harvest!O33/Effort!O33 -> 14.906026
A34: 45994 | B34: Wed | C34: -1.4 | D34: 0.70763889 | F34: =+Harvest!F34/Effort!F34 -> 14.9656 | H34: =+Harvest!H34/Effort!H34 -> 15 | J34: CLOSED | L34: =+Harvest!L34/Effort!L34 -> 13.979167 | N34: CLOSED | O34: =+Harvest!O34/Effort!O34 -> 14.641461
A35: 45995 | B35: Thu | C35: -1.9 | D35: 0.74097222 | E35: * | F35: 12.5 | G35: * | H35: 12.5 | J35: CLOSED | L35: =+Harvest!L35/Effort!L35 -> 12 | N35: CLOSED | O35: =+Harvest!O35/Effort!O35 -> 12.33043
A36: 45996 | B36: Fri | C36: -2.05 | D36: 0.77361111 | F36: 15 | H36: =+Harvest!H36/Effort!H36 -> 9.7931034 | J36: =+Harvest!J36/Effort!J36 -> 12.866667 | L36: CLOSED | N36: CLOSED | O36: =+Harvest!O36/Effort!O36 -> 12.640786
A37: 45997 | B37: Sat | C37: -1.86 | D37: 0.80694444 | E37: * | F37: 12.5 | G37: * | H37: 12.5 | J37: =+Harvest!J37/Effort!J37 -> 12.555556 | L37: CLOSED | N37: CLOSED | O37: =+Harvest!O37/Effort!O37 -> 12.522623
A38: 45998 | B38: Sun | C38: -1.41 | D38: 0.84027778 | E38: * | F38: 10.5 | G38: * | H38: 10.5 | J38: CLOSED | L38: =+Harvest!L38/Effort!L38 -> 9.5 | N38: CLOSED | O38: =+Harvest!O38/Effort!O38 -> 10.160861
A39: 45999 | B39: Mon | C39: -0.78 | D39: 0.87430556 | E39: * | F39: 7 | G39: * | H39: 7 | J39: CLOSED | L39: =+Harvest!L39/Effort!L39 -> 5 | N39: CLOSED | O39: =+Harvest!O39/Effort!O39 -> 6.3217216
A41: 46009 | B41: Thu | C41: -0.2 | D41: 0.73194444 | E41: * | F41: 7 | H41: =+Harvest!H41/Effort!H41 -> 6.75 | J41: =+Harvest!J41/Effort!J41 -> 4.4444444 | L41: CLOSED | N41: CLOSED | O41: =+Harvest!O41/Effort!O41 -> 5.9946667
A42: 46010 | B42: Fri | C42: -0.38 | D42: 0.75625 | F42: 7 | G42: * | H42: 7 | J42: CLOSED | L42: =+Harvest!L42/Effort!L42 -> 3.8 | N42: CLOSED | O42: =+Harvest!O42/Effort!O42 -> 6.2230409
A43: 46011 | B43: Sat | C43: -0.45 | D43: 0.78055556 | E43: * | F43: 7 | G43: * | H43: 7 | J43: CLOSED | L43: =+Harvest!L43/Effort!L43 -> 4.6842105 | N43: CLOSED | O43: =+Harvest!O43/Effort!O43 -> 6.4377269
A44: 46012 | B44: Sun | C44: -0.44 | D44: 0.80486111 | F44: 15 | H44: =+Harvest!H44/Effort!H44 -> 13.375 | J44: =+Harvest!J44/Effort!J44 -> 12.25 | L44: CLOSED | N44: CLOSED | O44: =+Harvest!O44/Effort!O44 -> 13.16567
A45: 46013 | B45: Mon | C45: -0.33 | D45: 0.82916667 | E45: * | F45: 7 | G45: * | H45: 7 | J45: =+Harvest!J45/Effort!J45 -> 5.8333333 | L45: CLOSED | N45: CLOSED | O45: =+Harvest!O45/Effort!O45 -> 6.3792108
A46: 46014 | B46: Tue | C46: -0.11 | D46: 0.85486111 | E46: * | F46: 7 | G46: * | H46: 7 | J46: CLOSED | L46: =+Harvest!L46/Effort!L46 -> 7 | N46: CLOSED | O46: =+Harvest!O46/Effort!O46 -> 7
A48: 46022 | B48: Wed | C48: -0.62 | D48: 0.66319444 | F48: 14.8 | H48: =+Harvest!H48/Effort!H48 -> 14.789474 | J48: =+Harvest!J48/Effort!J48 -> 14.469388 | L48: CLOSED | N48: CLOSED | O48: =+Harvest!O48/Effort!O48 -> 14.673462
A49: 46023 | B49: Thu | C49: -1.24 | D49: 0.69930556 | E49: * | F49: 10.5 | G49: * | H49: 10.5 | J49: =+Harvest!J49/Effort!J49 -> 10.783784 | L49: CLOSED | N49: CLOSED | O49: =+Harvest!O49/Effort!O49 -> 10.606582
A50: 46024 | B50: Fri | C50: -1.61 | D50: 0.73402778 | F50: 15 | G50: * | H50: 12.5 | J50: CLOSED | L50: =+Harvest!L50/Effort!L50 -> 6.1639344 | N50: CLOSED | O50: =+Harvest!O50/Effort!O50 -> 12.250891
A51: 46025 | B51: Sat | C51: -1.71 | D51: 0.76597222 | E51: * | F51: 8 | H51: =+Harvest!H51/Effort!H51 -> 7.8958333 | J51: CLOSED | L51: =+Harvest!L51/Effort!L51 -> 1.7241379 | N51: CLOSED | O51: =+Harvest!O51/Effort!O51 -> 6.5231484
A52: 46026 | B52: Sun | C52: -1.53 | D52: 0.79652778 | E52: * | F52: 12.5 | G52: * | H52: 12.5 | J52: =+Harvest!J52/Effort!J52 -> 12.352941 | L52: CLOSED | N52: CLOSED | O52: =+Harvest!O52/Effort!O52 -> 12.444768
A53: 46027 | B53: Mon | C53: -1.11 | D53: 0.82638889 | F53: 14.6 | H53: =+Harvest!H53/Effort!H53 -> 14.75 | J53: =+Harvest!J53/Effort!J53 -> 13.5 | L53: CLOSED | N53: CLOSED | O53: =+Harvest!O53/Effort!O53 -> 14.21926
A54: 46028 | B54: Tue | C54: -0.49 | D54: 0.85555556 | E54: * | F54: 5 | G54: * | H54: 5 | J54: CLOSED | L54: 5 | N54: CLOSED | O54: =+Harvest!O54/Effort!O54 -> 5
A56: 46037 | B56: Thu | C56: 0.37 | D56: 0.69097222 | F56: 15 | G56: * | H56: 15 | J56: CLOSED | L56: =+Harvest!L56/Effort!L56 -> 14.823529 | N56: CLOSED | O56: =+Harvest!O56/Effort!O56 -> 14.96032
A57: 46038 | B57: Fri | C57: 0.01 | D57: 0.71805556 | F57: =+Harvest!F57/Effort!F57 -> 14.673363 | G57: * | H57: 14 | J57: =+Harvest!J57/Effort!J57 -> 13.939394 | L57: CLOSED | N57: CLOSED | O57: =+Harvest!O57/Effort!O57 -> 14.225524
A58: 46039 | B58: Sat | C58: -0.27 | D58: 0.74305556 | E58: * | F58: 12.5 | H58: =+Harvest!H58/Effort!H58 -> 14.16 | J58: =+Harvest!J58/Effort!J58 -> 9.6984127 | L58: CLOSED | N58: CLOSED | O58: =+Harvest!O58/Effort!O58 -> 11.721592
A59: 46040 | B59: Sun | C59: -0.45 | D59: 0.76666667 | E59: * | F59: 14 | H59: =+Harvest!H59/Effort!H59 -> 15 | J59: CLOSED | L59: =+Harvest!L59/Effort!L59 -> 12.733333 | N59: CLOSED | O59: =+Harvest!O59/Effort!O59 -> 14.005984
A60: 46041 | B60: Mon | C60: -0.5 | D60: 0.78958333 | E60: * | F60: 7 | G60: * | H60: 7 | J60: CLOSED | L60: =+Harvest!L60/Effort!L60 -> 5.9166667 | N60: CLOSED | O60: =+Harvest!O60/Effort!O60 -> 6.7564085
A61: 46042 | B61: Tue | C61: -0.39 | D61: 0.81180556 | F61: 15 | G61: * | H61: 12.5 | J61: =+Harvest!J61/Effort!J61 -> 8.3125 | L61: CLOSED | N61: CLOSED | O61: =+Harvest!O61/Effort!O61 -> 11.45847
A62: 46043 | B62: Wed | C62: -0.09 | D62: 0.83402778 | E62: * | F62: 12.5 | H62: =+Harvest!H62/Effort!H62 -> 12.571429 | J62: =+Harvest!J62/Effort!J62 -> 10.5 | L62: CLOSED | N62: CLOSED | O62: =+Harvest!O62/Effort!O62 -> 11.600595
A64: 46051 | B64: Thu | C64: -0.6 | D64: 0.66319444 | F64: 4.8 | H64: =+Harvest!H64/Effort!H64 -> 6.0833333 | J64: CLOSED | L64: =+Harvest!L64/Effort!L64 -> 2.962963 | N64: CLOSED | O64: =+Harvest!O64/Effort!O64 -> 4.7835134
A65: 46052 | B65: Fri | C65: -1.2 | D65: 0.69930556 | F65: 12.8 | H65: =+Harvest!H65/Effort!H65 -> 8.7142857 | J65: =+Harvest!J65/Effort!J65 -> 11.733333 | L65: CLOSED | N65: CLOSED | O65: =+Harvest!O65/Effort!O65 -> 11.341494
A66: 46053 | B66: Sat | C66: -1.6 | D66: 0.73402778 | E66: * | F66: 14 | G66: * | H66: 14 | J66: =+Harvest!J66/Effort!J66 -> 14.075949 | L66: CLOSED | N66: CLOSED | O66: =+Harvest!O66/Effort!O66 -> 14.033038
A67: 46054 | B67: Sun | C67: -1.7 | D67: 0.76597222 | E67: * | F67: 10.5 | H67: =+Harvest!H67/Effort!H67 -> 10.882353 | J67: CLOSED | L67: =+Harvest!L67/Effort!L67 -> 11.363636 | N67: CLOSED | O67: =+Harvest!O67/Effort!O67 -> 10.965947
A68: 46055 | B68: Mon | C68: -1.5 | D68: 0.79652778 | E68: * | F68: 5 | G68: * | H68: 5 | J68: CLOSED | L68: =+Harvest!L68/Effort!L68 -> 3.5 | N68: CLOSED | O68: =+Harvest!O68/Effort!O68 -> 4.6060932
A69: 46056 | B69: Tue | C69: -1.1 | D69: 0.82638889 | F69: 15 | H69: =+Harvest!H69/Effort!H69 -> 13.266667 | J69: =+Harvest!J69/Effort!J69 -> 10.5 | L69: CLOSED | N69: CLOSED | O69: =+Harvest!O69/Effort!O69 -> 12.576528
A70: 46057 | B70: Wed | C70: -0.5 | D70: 0.85555556 | E70: * | F70: 6 | G70: * | H70: 6 | J70: =+Harvest!J70/Effort!J70 -> 6.2307692 | L70: CLOSED | N70: CLOSED | O70: =+Harvest!O70/Effort!O70 -> 6.0911857
A72: 46067 | B72: Sat | C72: 0.25 | D72: 0.7 | E72: * | F72: 8 | H72: =+Harvest!H72/Effort!H72 -> 9.3902439 | J72: CLOSED | L72: =+Harvest!L72/Effort!L72 -> 3.4918033 | N72: CLOSED | O72: =+Harvest!O72/Effort!O72 -> 7.0249211
A73: 46068 | B73: Sun | C73: -0.09 | D73: 0.725 | F73: 10.8 | H73: =+Harvest!H73/Effort!H73 -> 9.3 | J73: =+Harvest!J73/Effort!J73 -> 4.59375 | L73: CLOSED | N73: CLOSED | O73: =+Harvest!O73/Effort!O73 -> 7.8296647
A74: 46069 | B74: Mon | C74: -0.29 | D74: 0.74791667 | E74: * | F74: 5 | G74: * | H74: 5 | J74: =+Harvest!J74/Effort!J74 -> 3.0555556 | L74: CLOSED | N74: CLOSED | O74: =+Harvest!O74/Effort!O74 -> 4.1901429
A75: 46070 | B75: Tue | C75: -0.3 | D75: 0.77013889 | E75: * | F75: 2 | G75: * | H75: 2 | J75: CLOSED | L75: =+Harvest!L75/Effort!L75 -> 0.2 | N75: CLOSED | O75: =+Harvest!O75/Effort!O75 -> 1.2020665
A76: 46071 | B76: Wed | C76: -0.11 | D76: 0.79166667 | F76: 0.8 | H76: =+Harvest!H76/Effort!H76 -> 0.85714286 | J76: CLOSED | L76: =+Harvest!L76/Effort!L76 -> 2 | N76: CLOSED | O76: =+Harvest!O76/Effort!O76 -> 1.3494045
A77: 46072 | B77: Thu | C77: 0.29 | D77: 0.81388889 | E77: * | F77: 5 | G77: * | H77: 5 | J77: =+Harvest!J77/Effort!J77 -> 3.5 | L77: CLOSED | N77: CLOSED | O77: =+Harvest!O77/Effort!O77 -> 4.3752531
A79: 46079 | B79: Thu | C79: 0.32 | D79: 0.60138889 | E79: * | F79: 12.5 | H79: =+Harvest!H79/Effort!H79 -> 13.025641 | J79: =+Harvest!J79/Effort!J79 -> 10.861111 | L79: CLOSED | N79: CLOSED | O79: =+Harvest!O79/Effort!O79 -> 11.93361
A80: 46080 | B80: Fri | C80: -0.04 | D80: 0.64513889 | F80: =+Harvest!F80/Effort!F80 -> 14.6207 | G80: * | H80: 12.5 | J80: CLOSED | L80: =+Harvest!L80/Effort!L80 -> 8.6346154 | N80: CLOSED | O80: =+Harvest!O80/Effort!O80 -> 12.013079
A81: 46081 | B81: Sat | C81: -0.34 | D81: 0.68194444 | E81: * | F81: 12.5 | H81: =+Harvest!H81/Effort!H81 -> 11.638889 | J81: CLOSED | L81: =+Harvest!L81/Effort!L81 -> 13.10989 | N81: CLOSED | O81: =+Harvest!O81/Effort!O81 -> 12.298938
A82: 46082 | B82: Sun | C82: -0.48 | D82: 0.71319444 | E82: * | F82: 12.5 | H82: =+Harvest!H82/Effort!H82 -> 12.810345 | J82: =+Harvest!J82/Effort!J82 -> 13.184783 | L82: CLOSED | N82: CLOSED | O82: =+Harvest!O82/Effort!O82 -> 12.894259
A83: 46083 | B83: Mon | C83: -0.42 | D83: 0.74027778 | F83: 14.4 | H83: =+Harvest!H83/Effort!H83 -> 14.696429 | J83: =+Harvest!J83/Effort!J83 -> 10.190476 | L83: CLOSED | N83: CLOSED | O83: =+Harvest!O83/Effort!O83 -> 12.754762
A84: 46084 | B84: Tue | C84: -0.15 | D84: 0.76527778 | E84: * | F84: 5 | G84: * | H84: 5 | J84: CLOSED | L84: =+Harvest!L84/Effort!L84 -> 4.5333333 | N84: CLOSED | O84: =+Harvest!O84/Effort!O84 -> 4.870084
A85: 46085 | B85: Wed | C85: 0.3 | D85: 0.78819444 | E85: * | F85: 7 | G85: * | H85: 7 | J85: CLOSED | L85: =+Harvest!L85/Effort!L85 -> 6.4444444 | N85: CLOSED | O85: =+Harvest!O85/Effort!O85 -> 6.8453381
A87: 46098 | B87: Tue | C87: 0.16 | D87: 0.76458333 | E87: * | F87: 2 | H87: =+Harvest!H87/Effort!H87 -> 1.1 | J87: =+Harvest!J87/Effort!J87 -> 2.3333333 | L87: CLOSED | N87: CLOSED | O87: =+Harvest!O87/Effort!O87 -> 1.8359006
A88: 46099 | B88: Wed | C88: 0.26 | D88: 0.7875 | F88: 12.8 | H88: =+Harvest!H88/Effort!H88 -> 7.625 | J88: =+Harvest!J88/Effort!J88 -> 6.5882353 | L88: CLOSED | N88: CLOSED | O88: =+Harvest!O88/Effort!O88 -> 9.2353761
A89: 46100 | B89: Thu | C89: 0.54 | D89: 0.81111111 | F89: 2 | G89: * | H89: 2 | J89: CLOSED | L89: =+Harvest!L89/Effort!L89 -> 2 | N89: CLOSED | O89: =+Harvest!O89/Effort!O89 -> 2
A90: 46101 | B90: Fri | C90: -0.09 | D90: 0.33333333 | E90: * | F90: 5 | G90: * | H90: 5 | J90: CLOSED | L90: =+Harvest!L90/Effort!L90 -> 2.4615385 | N90: CLOSED | O90: =+Harvest!O90/Effort!O90 -> 4.4482369
A91: 46102 | B91: Sat | C91: -0.48 | D91: 0.36319444 | E91: * | F91: 14.5 | G91: * | H91: 14.5 | J91: =+Harvest!J91/Effort!J91 -> 14.305556 | L91: CLOSED | N91: CLOSED | O91: =+Harvest!O91/Effort!O91 -> 14.402973
A92: 46103 | B92: Sun | C92: -0.6 | D92: 0.39513889 | F92: =+Harvest!F92/Effort!F92 -> 13.856836 | H92: =+Harvest!H92/Effort!H92 -> 13.676923 | J92: =+Harvest!J92/Effort!J92 -> 12.156863 | L92: CLOSED | N92: CLOSED | O92: =+Harvest!O92/Effort!O92 -> 12.955202
A93: 46104 | B93: Mon | C93: -0.46 | D93: 0.43194444 | E93: * | F93: 12.5 | G93: * | H93: 12.5 | J93: CLOSED | L93: =+Harvest!L93/Effort!L93 -> 11.586207 | N93: CLOSED | O93: =+Harvest!O93/Effort!O93 -> 12.301377
A94: 46105 | B94: Tue | C94: -0.14 | D94: 0.47291667 | E94: * | F94: 2 | H94: =+Harvest!H94/Effort!H94 -> 1.6666667 | J94: CLOSED | L94: 2 | N94: CLOSED | O94: =+Harvest!O94/Effort!O94 -> 1.8632563
A96: 46113 | B96: Wed | C96: 0.49 | D96: 0.28125 | E96: * | F96: 7 | H96: =+Harvest!H96/Effort!H96 -> 6.4 | J96: CLOSED | L96: =+Harvest!L96/Effort!L96 -> 2.2307692 | N96: CLOSED | O96: =+Harvest!O96/Effort!O96 -> 5.6115066
A97: 46114 | B97: Thu | C97: 0.07 | D97: 0.30694444 | E97: * | F97: 7 | G97: * | H97: 7 | J97: CLOSED | L97: =+Harvest!L97/Effort!L97 -> 6 | N97: CLOSED | O97: =+Harvest!O97/Effort!O97 -> 6.7458818
A98: 46115 | B98: Fri | C98: -0.17 | D98: 0.33125 | F98: 14.5 | G98: * | H98: 12.5 | J98: =+Harvest!J98/Effort!J98 -> 9.6304348 | L98: CLOSED | N98: CLOSED | O98: =+Harvest!O98/Effort!O98 -> 12.142851
A99: 46116 | B99: Sat | C99: -0.22 | D99: 0.35555556 | E99: * | F99: 14.5 | H99: =+Harvest!H99/Effort!H99 -> 14.6 | J99: =+Harvest!J99/Effort!J99 -> 13.936842 | L99: CLOSED | N99: CLOSED | O99: =+Harvest!O99/Effort!O99 -> 14.278745
A100: 46117 | B100: Sun | C100: -0.1 | D100: 0.38055556 | F100: 14.1 | G100: * | H100: 14 | J100: CLOSED | L100: =+Harvest!L100/Effort!L100 -> 12.268657 | N100: CLOSED | O100: =+Harvest!O100/Effort!O100 -> 13.392045
A101: 46118 | B101: Mon | C101: 0.15 | D101: 0.40694444 | F101: =+Harvest!F101/Effort!F101 -> 13.588574 | H101: =+Harvest!H101/Effort!H101 -> 12.530612 | J101: CLOSED | L101: =+Harvest!L101/Effort!L101 -> 5.2222222 | N101: CLOSED | O101: =+Harvest!O101/Effort!O101 -> 11.222686
A102: 46119 | B102: Tue | C102: 0.51 | D102: 0.4375 | E102: * | F102: 12.5 | H102: =+Harvest!H102/Effort!H102 -> 12.522727 | J102: =+Harvest!J102/Effort!J102 -> 9.5 | L102: CLOSED | N102: CLOSED | O102: =+Harvest!O102/Effort!O102 -> 11.48337
A104: 46129 | B104: Fri | C104: -0.94 | D104: 0.29027778 | E104: * | F104: 15 | H104: =+Harvest!H104/Effort!H104 -> 14.756098 | J104: CLOSED | L104: =+Harvest!L104/Effort!L104 -> 15 | N104: CLOSED | O104: =+Harvest!O104/Effort!O104 -> 14.93838
A105: 46130 | B105: Sat | C105: -1.51 | D105: 0.32013889 | F105: 15 | H105: =+Harvest!H105/Effort!H105 -> 14.752066 | J105: CLOSED | L105: =+Harvest!L105/Effort!L105 -> 11.503311 | N105: CLOSED | O105: =+Harvest!O105/Effort!O105 -> 11.043712
A106: 46131 | B106: Sun | C106: -1.75 | D106: 0.35138889 | F106: =+Harvest!F106/Effort!F106 -> 14.602804 | H106: =+Harvest!H106/Effort!H106 -> 14.181818 | J106: =+Harvest!J106/Effort!J106 -> 12.916667 | L106: CLOSED | N106: CLOSED | O106: =+Harvest!O106/Effort!O106 -> 13.827537
A107: 46132 | B107: Mon | C107: -1.67 | D107: 0.38472222 | E107: * | F107: 15 | G107: * | H107: 15 | J107: =+Harvest!J107/Effort!J107 -> 14.841584 | L107: CLOSED | N107: CLOSED | O107: =+Harvest!O107/Effort!O107 -> 14.934985
A108: 46133 | B108: Tue | C108: -1.3 | D108: 0.42152778 | E108: * | F108: 14.5 | G108: * | H108: 14.5 | J108: CLOSED | L108: =+Harvest!L108/Effort!L108 -> 14.03125 | N108: CLOSED | O108: =+Harvest!O108/Effort!O108 -> 14.378317
A109: 46134 | B109: Wed | C109: -0.78 | D109: 0.4625 | F109: 15 | H109: =+Harvest!H109/Effort!H109 -> 13.964706 | J109: CLOSED | L109: =+Harvest!L109/Effort!L109 -> 11.125 | N109: CLOSED | O109: =+Harvest!O109/Effort!O109 -> 11.019269
A110: 46135 | B110: Thu | C110: -0.22 | D110: 0.50763889 | E110: * | F110: 12.5 | G110: * | H110: 12.5 | J110: =+Harvest!J110/Effort!J110 -> 12.38 | L110: CLOSED | N110: CLOSED | O110: =+Harvest!O110/Effort!O110 -> 12.450751
A112: 46142 | B112: Thu | C112: -0.32 | D112: 0.26805556 | E112: * | F112: 15 | H112: =+Harvest!H112/Effort!H112 -> 15 | J112: CLOSED | L112: =+Harvest!L112/Effort!L112 -> 15 | N112: CLOSED | O112: =+Harvest!O112/Effort!O112 -> 15
A113: 46143 | B113: Fri | C113: -0.66 | D113: 0.29236111 | F113: =+Harvest!F113/Effort!F113 -> 14.322034 | H113: =+Harvest!H113/Effort!H113 -> 14.693878 | J113: =+Harvest!J113/Effort!J113 -> 12.403226 | L113: CLOSED | N113: CLOSED | O113: =+Harvest!O113/Effort!O113 -> 13.621048
A114: 46144 | B114: Sat | C114: -0.83 | D114: 0.31597222 | E114: * | F114: 14.5 | H114: =+Harvest!H114/Effort!H114 -> 14.83871 | J114: =+Harvest!J114/Effort!J114 -> 13.082645 | L114: CLOSED | N114: CLOSED | O114: =+Harvest!O114/Effort!O114 -> 14.030841
...

Sheet Summary Table
A1: 2025-2026 State (non-Tribal) Recreational Razor Clam Effort, Harvest and CPUE totals.
E2: LONG BEACH | H2: TWIN HARBORS | K2: COPALIS | N2: MOCROCKS | Q2: KALALOCH | T2: DAILY TOTALS | W2: CROSS | X2: CHECK
A3: DATE | B3: DAY | C3: TIDE | D3: TIME | E3: Effort | F3: Harvest | G3: CPUE | H3: Effort | I3: Harvest | J3: CPUE | K3: Effort | L3: Harvest | M3: CPUE | N3: Effort | O3: Harvest | P3: CPUE | Q3: Effort | R3: Harvest | S3: CPUE | T3: Effort | U3: Harvest
A4: 45936 | B4: Mon | C4: -0.21 | D4: 0.77430556 | E4: =Effort!F2 -> 1683.2536 | F4: =Harvest!F2 -> 25248.804 | G4: =+CPUE!F2 -> 15 | H4: =Effort!H2 -> 1801.0383 | I4: =Harvest!H2 -> 27015.574 | J4: =CPUE!H2 -> 15 | K4: =Effort!J2 -> CLOSED | L4: =Harvest!J2 -> CLOSED | M4: =CPUE!J2 -> CLOSED | N4: =Effort!L2 -> 1507.9975 | O4: =Harvest!L2 -> 22619.962 | P4: =CPUE!L2 -> 15 | Q4: CLOSED | R4: CLOSED | S4: CLOSED | T4: =SUM(E4,H4,K4,N4) -> 4992.2893 | U4: =SUM(F4,I4,L4,O4) -> 74884.34
A5: 45937 | B5: Tue | C5: -0.95 | D5: 0.80416667 | E5: =Effort!F3 -> 1849.7456 | F5: =Harvest!F3 -> 27076.54 | G5: =+CPUE!F3 -> 14.637981 | H5: =Effort!H3 -> 1556.9262 | I5: =Harvest!H3 -> 21796.967 | J5: =CPUE!H3 -> 14 | K5: =Effort!J3 -> CLOSED | L5: =Harvest!J3 -> CLOSED | M5: =CPUE!J3 -> CLOSED | N5: =Effort!L3 -> 1303.6041 | O5: =Harvest!L3 -> 17526.232 | P5: =CPUE!L3 -> 13.444444 | Q5: CLOSED | R5: CLOSED | S5: CLOSED | T5: =SUM(E5,H5,K5,N5) -> 4710.2759 | U5: =SUM(F5,I5,L5,O5) -> 66399.74
A6: 45938 | B6: Wed | C6: -1.41 | D6: 0.83472222 | E6: =Effort!F4 -> 951.02128 | F6: =Harvest!F4 -> 11317.153 | G6: =+CPUE!F4 -> 11.9 | H6: =Effort!H4 -> 1017.5684 | I6: =Harvest!H4 -> 14245.958 | J6: =CPUE!H4 -> 14 | K6: =Effort!J4 -> 1621.4665 | L6: =Harvest!J4 -> 24105.802 | M6: =CPUE!J4 -> 14.866667 | N6: =Effort!L4 -> CLOSED | O6: =Harvest!L4 -> CLOSED | P6: =CPUE!L4 -> CLOSED | Q6: CLOSED | R6: CLOSED | S6: CLOSED | T6: =SUM(E6,H6,K6,N6) -> 3590.0562 | U6: =SUM(F6,I6,L6,O6) -> 49668.913
A7: 45939 | B7: Thu | C7: -1.51 | D7: 0.86736111 | E7: =Effort!F5 -> 723.39233 | F7: =Harvest!F5 -> 8680.7079 | G7: =+CPUE!F5 -> 12 | H7: =Effort!H5 -> 774.01127 | I7: =Harvest!H5 -> 11610.169 | J7: =CPUE!H5 -> 15 | K7: =Effort!J5 -> 800.95523 | L7: =Harvest!J5 -> 8857.6225 | M7: =CPUE!J5 -> 11.058824 | N7: =Effort!L5 -> CLOSED | O7: =Harvest!L5 -> CLOSED | P7: =CPUE!L5 -> CLOSED | Q7: CLOSED | R7: CLOSED | S7: CLOSED | T7: =SUM(E7,H7,K7,N7) -> 2298.3588 | U7: =SUM(F7,I7,L7,O7) -> 29148.5
A8: 45940 | B8: Fri | C8: -1.28 | D8: 0.90277778 | E8: =Effort!F6 -> 822.03384 | F8: =Harvest!F6 -> 12330.508 | G8: =+CPUE!F6 -> 15 | H8: =Effort!H6 -> 879.55517 | I8: =Harvest!H6 -> 13193.328 | J8: =CPUE!H6 -> 15 | K8: =Effort!J6 -> CLOSED | L8: =Harvest!J6 -> CLOSED | M8: =CPUE!J6 -> CLOSED | N8: =Effort!L6 -> 1246.548 | O8: =Harvest!L6 -> 18312.923 | P8: =CPUE!L6 -> 14.690909 | Q8: CLOSED | R8: CLOSED | S8: CLOSED | T8: =SUM(E8,H8,K8,N8) -> 2948.137 | U8: =SUM(F8,I8,L8,O8) -> 43836.758
A9: 45941 | B9: Sat | C9: -0.81 | D9: 0.94236111 | E9: =Effort!F7 -> 850.46078 | F9: =Harvest!F7 -> 10205.529 | G9: =+CPUE!F7 -> 12 | H9: =Effort!H7 -> 909.97126 | I9: =Harvest!H7 -> 9367.3512 | J9: =CPUE!H7 -> 10.294118 | K9: =Effort!J7 -> CLOSED | L9: =Harvest!J7 -> CLOSED | M9: =CPUE!J7 -> CLOSED | N9: =Effort!L7 -> 717.812 | O9: =Harvest!L7 -> 10681.043 | P9: =CPUE!L7 -> 14.88 | Q9: CLOSED | R9: CLOSED | S9: CLOSED | T9: =SUM(E9,H9,K9,N9) -> 2478.244 | U9: =SUM(F9,I9,L9,O9) -> 30253.923
A10: 45942 | B10: Sun | C10: -0.23 | D10: 0.98680556 | E10: =Effort!F8 -> 82.964963 | F10: =Harvest!F8 -> 580.75474 | G10: =+CPUE!F8 -> 7 | H10: =Effort!H8 -> 136.69465 | I10: =Harvest!H8 -> 956.86256 | J10: =CPUE!H8 -> 7 | K10: =Effort!J8 -> 141.4531 | L10: =Harvest!J8 -> 977.31234 | M10: =CPUE!J8 -> 6.9090909 | N10: =Effort!L8 -> CLOSED | O10: =Harvest!L8 -> CLOSED | P10: =CPUE!L8 -> CLOSED | Q10: CLOSED | R10: CLOSED | S10: CLOSED | T10: =SUM(E10,H10,K10,N10) -> 361.11272 | U10: =SUM(F10,I10,L10,O10) -> 2514.9296
A11: Tide Series Totals | E11: =SUM(E4:E10) -> 6962.8723 | F11: =SUM(F4:F10) -> 95439.997 | G11: =+F11/E11 -> 13.706987 | H11: =SUM(H4:H10) -> 7075.7653 | I11: =SUM(I4:I10) -> 98186.21 | J11: =+I11/H11 -> 13.876409 | K11: =SUM(K4:K10) -> 2563.8748 | L11: =SUM(L4:L10) -> 33940.737 | M11: =+L11/K11 -> 13.238063 | N11: =SUM(N4:N10) -> 4775.9615 | O11: =SUM(O4:O10) -> 69140.16 | P11: =+O11/N11 -> 14.4767 | T11: =SUM(T4:T10) -> 21378.474 | U11: =SUM(U4:U10) -> 296707.1 | W11: =SUM(H11,K11,N11,Q11,E11) -> 21378.474 | X11: =SUM(R11,O11,L11,I11,F11) -> 296707.1
A12: 45950 | B12: Mon | C12: 0.19 | D12: 0.77777778 | E12: =Effort!F10 -> 1087.9318 | F12: =Harvest!F10 -> 14795.872 | G12: =+CPUE!F10 -> 13.6 | H12: =Effort!H10 -> 950.30766 | I12: =Harvest!H10 -> 13766.619 | J12: =CPUE!H10 -> 14.486486 | K12: =Effort!J10 -> 858.62272 | L12: =Harvest!J10 -> 11601.391 | M12: =CPUE!J10 -> 13.511628 | N12: =Effort!L10 -> CLOSED | O12: =Harvest!L10 -> CLOSED | P12: =CPUE!L10 -> CLOSED | Q12: CLOSED | R12: CLOSED | S12: CLOSED | T12: =SUM(E12,H12,K12,N12) -> 2896.8621 | U12: =SUM(F12,I12,L12,O12) -> 40163.882
A13: 45951 | B13: Tue | C13: -0.12 | D13: 0.80069444 | E13: =Effort!F11 -> 951.09748 | F13: =Harvest!F11 -> 7133.2311 | G13: =+CPUE!F11 -> 7.5 | H13: =Effort!H11 -> 830.78301 | I13: =Harvest!H11 -> 6230.8725 | J13: =CPUE!H11 -> 7.5 | K13: =Effort!J11 -> 750.62972 | L13: =Harvest!J11 -> 5646.0409 | M13: =CPUE!J11 -> 7.5217391 | N13: =Effort!L11 -> CLOSED | O13: =Harvest!L11 -> CLOSED | P13: =CPUE!L11 -> CLOSED | Q13: CLOSED | R13: CLOSED | S13: CLOSED | T13: =SUM(E13,H13,K13,N13) -> 2532.5102 | U13: =SUM(F13,I13,L13,O13) -> 19010.145
A14: 45952 | B14: Wed | C14: -0.28 | D14: 0.82291667 | E14: =Effort!F12 -> 334.90675 | F14: =Harvest!F12 -> 4722.1851 | G14: =+CPUE!F12 -> 14.1 | H14: =Effort!H12 -> 292.54082 | I14: =Harvest!H12 -> 2551.606 | J14: =CPUE!H12 -> 8.7222222 | K14: =Effort!J12 -> CLOSED | L14: =Harvest!J12 -> CLOSED | M14: =CPUE!J12 -> CLOSED | N14: =Effort!L12 -> 319.96954 | O14: =Harvest!L12 -> 4770.4549 | P14: =CPUE!L12 -> 14.909091 | Q14: CLOSED | R14: CLOSED | S14: CLOSED | T14: =SUM(E14,H14,K14,N14) -> 947.4171 | U14: =SUM(F14,I14,L14,O14) -> 12044.246
A15: 45953 | B15: Thu | C15: -0.27 | D15: 0.84583333 | E15: =Effort!F13 -> 90.202864 | F15: =Harvest!F13 -> 180.40573 | G15: =+CPUE!F13 -> 2 | H15: =Effort!H13 -> 78.792141 | I15: =Harvest!H13 -> 157.58428 | J15: =CPUE!H13 -> 2 | K15: =Effort!J13 -> CLOSED | L15: =Harvest!J13 -> CLOSED | M15: =CPUE!J13 -> CLOSED | N15: =Effort!L13 -> 86.179716 | O15: =Harvest!L13 -> 172.35943 | P15: =CPUE!L13 -> 2 | Q15: CLOSED | R15: CLOSED | S15: CLOSED | T15: =SUM(E15,H15,K15,N15) -> 255.17472 | U15: =SUM(F15,I15,L15,O15) -> 510.34944
A16: 45954 | B16: Fri | C16: -0.12 | D16: 0.87013889 | E16: =Effort!F14 -> 145.83007 | F16: =Harvest!F14 -> 583.32028 | G16: =+CPUE!F14 -> 4 | H16: =Effort!H14 -> 127.38247 | I16: =Harvest!H14 -> 509.52987 | J16: =CPUE!H14 -> 4 | K16: =Effort!J14 -> 283.81866 | L16: =Harvest!J14 -> 1135.2747 | M16: =CPUE!J14 -> 4 | N16: =Effort!L14 -> CLOSED | O16: =Harvest!L14 -> CLOSED | P16: =CPUE!L14 -> CLOSED | Q16: CLOSED | R16: CLOSED | S16: CLOSED | T16: =SUM(E16,H16,K16,N16) -> 557.0312 | U16: =SUM(F16,I16,L16,O16) -> 2228.1248
A17: 45955 | B17: Sat | C17: 0.14 | D17: 0.89652778 | E17: =Effort!F15 -> 19.186937 | F17: =Harvest!F15 -> 19.186937 | G17: =+CPUE!F15 -> 1 | H17: =Effort!H15 -> 16.759777 | I17: =Harvest!H15 -> 16.759777 | J17: =CPUE!H15 -> 1 | K17: =Effort!J15 -> 98.666183 | L17: =Harvest!J15 -> 98.666183 | M17: =CPUE!J15 -> 1 | N17: =Effort!L15 -> CLOSED | O17: =Harvest!L15 -> CLOSED | P17: =CPUE!L15 -> CLOSED | Q17: CLOSED | R17: CLOSED | S17: CLOSED | T17: =SUM(E17,H17,K17,N17) -> 134.6129 | U17: =SUM(F17,I17,L17,O17) -> 134.6129
A18: 45956 | B18: Sun | C18: 0.47 | D18: 0.92708333 | E18: =Effort!F16 -> 46.514826 | F18: =Harvest!F16 -> 558.17791 | G18: =+CPUE!F16 -> 12 | H18: =Effort!H16 -> 40.630669 | I18: =Harvest!H16 -> 487.56803 | J18: =CPUE!H16 -> 12 | K18: =Effort!J16 -> CLOSED | L18: =Harvest!J16 -> CLOSED | M18: =CPUE!J16 -> CLOSED | N18: =Effort!L16 -> 44.440213 | O18: =Harvest!L16 -> 524.39452 | P18: =CPUE!L16 -> 11.8 | Q18: CLOSED | R18: CLOSED | S18: CLOSED | T18: =SUM(E18,H18,K18,N18) -> 131.58571 | U18: =SUM(F18,I18,L18,O18) -> 1570.1405
A19: Tide Series Totals | E19: =SUM(E12:E18) -> 2675.6707 | F19: =SUM(F12:F18) -> 27992.379 | G19: =+F19/E19 -> 10.461818 | H19: =SUM(H12:H18) -> 2337.1965 | I19: =SUM(I12:I18) -> 23720.54 | J19: =+I19/H19 -> 10.149142 | K19: =SUM(K12:K18) -> 1991.7373 | L19: =SUM(L12:L18) -> 18481.373 | M19: =+L19/K19 -> 9.2790212 | N19: =SUM(N12:N18) -> 450.58947 | O19: =SUM(O12:O18) -> 5467.2089 | P19: =+O19/N19 -> 12.133459 | T19: =SUM(T12:T18) -> 7455.194 | U19: =SUM(U12:U18) -> 75661.5 | W19: =SUM(H19,K19,N19,Q19,E19) -> 7455.194 | X19: =SUM(R19,O19,L19,I19,F19) -> 75661.5
A20: 45964 | B20: Mon | C20: -0.1 | D20: 0.6875 | E20: =Effort!F18 -> 887.20343 | F20: =Harvest!F18 -> 12243.407 | G20: =+CPUE!F18 -> 13.8 | H20: =Effort!H18 -> 645.17236 | I20: =Harvest!H18 -> 8709.8269 | J20: =CPUE!H18 -> 13.5 | K20: =Effort!J18 -> CLOSED | L20: =Harvest!J18 -> CLOSED | M20: =CPUE!J18 -> CLOSED | N20: =Effort!L18 -> 636.84455 | O20: =Harvest!L18 -> 8445.1126 | P20: =CPUE!L18 -> 13.26087 | Q20: CLOSED | R20: CLOSED | S20: CLOSED | T20: =SUM(E20,H20,K20,N20) -> 2169.2203 | U20: =SUM(F20,I20,L20,O20) -> 29398.347
A21: 45965 | B21: Tue | C21: -1.1 | D21: 0.71875 | E21: =Effort!F19 -> 556.33584 | F21: =Harvest!F19 -> 6954.198 | G21: =+CPUE!F19 -> 12.5 | H21: =Effort!H19 -> 903.95477 | I21: =Harvest!H19 -> 13075.811 | J21: =CPUE!H19 -> 14.465116 | K21: =Effort!J19 -> CLOSED | L21: =Harvest!J19 -> CLOSED | M21: =CPUE!J19 -> CLOSED | N21: =Effort!L19 -> 892.28663 | O21: =Harvest!L19 -> 10552.259 | P21: =CPUE!L19 -> 11.826087 | Q21: CLOSED | R21: CLOSED | S21: CLOSED | T21: =SUM(E21,H21,K21,N21) -> 2352.5772 | U21: =SUM(F21,I21,L21,O21) -> 30582.268
A22: 45966 | B22: Wed | C22: -1.7 | D22: 0.75069444 | E22: =Effort!F20 -> 379.12088 | F22: =Harvest!F20 -> 3032.967 | G22: =+CPUE!F20 -> 8 | H22: =Effort!H20 -> 234.74856 | I22: =Harvest!H20 -> 1877.9885 | J22: =CPUE!H20 -> 8 | K22: =Effort!J20 -> 522.09946 | L22: =Harvest!J20 -> 4263.8123 | M22: =CPUE!J20 -> 8.1666667 | N22: =Effort!L20 -> CLOSED | O22: =Harvest!L20 -> CLOSED | P22: =CPUE!L20 -> CLOSED | Q22: CLOSED | R22: CLOSED | S22: CLOSED | T22: =SUM(E22,H22,K22,N22) -> 1135.9689 | U22: =SUM(F22,I22,L22,O22) -> 9174.7678
A23: 45967 | B23: Thu | C23: -2 | D23: 0.78194444 | E23: =Effort!F21 -> 403.86069 | F23: =Harvest!F21 -> 807.72137 | G23: =+CPUE!F21 -> 2 | H23: =Effort!H21 -> 250.06725 | I23: =Harvest!H21 -> 538.60638 | J23: =CPUE!H21 -> 2.1538462 | K23: =Effort!J21 -> 556.16945 | L23: =Harvest!J21 -> 787.90672 | M23: =CPUE!J21 -> 1.4166667 | N23: =Effort!L21 -> CLOSED | O23: =Harvest!L21 -> CLOSED | P23: =CPUE!L21 -> CLOSED | Q23: CLOSED | R23: CLOSED | S23: CLOSED | T23: =SUM(E23,H23,K23,N23) -> 1210.0974 | U23: =SUM(F23,I23,L23,O23) -> 2134.2345
A24: 45968 | B24: Fri | C24: -1.9 | D24: 0.81527778 | E24: =Effort!F22 -> 1167.255 | F24: =Harvest!F22 -> 15757.943 | G24: =+CPUE!F22 -> 13.5 | H24: =Effort!H22 -> 1896.5985 | I24: =Harvest!H22 -> 25604.08 | J24: =CPUE!H22 -> 13.5 | K24: =Effort!J22 -> CLOSED | L24: =Harvest!J22 -> CLOSED | M24: =CPUE!J22 -> CLOSED | N24: =Effort!L22 -> 1872.1175 | O24: =Harvest!L22 -> 25541.031 | P24: =CPUE!L22 -> 13.642857 | Q24: CLOSED | R24: CLOSED | S24: CLOSED | T24: =SUM(E24,H24,K24,N24) -> 4935.971 | U24: =SUM(F24,I24,L24,O24) -> 66903.055
A25: 45969 | B25: Sat | C25: -1.5 | D25: 0.85069444 | E25: =Effort!F23 -> 1104.9002 | F25: =Harvest!F23 -> 16021.053 | G25: =+CPUE!F23 -> 14.5 | H25: =Effort!H23 -> 2324.0358 | I25: =Harvest!H23 -> 34860.537 | J25: =CPUE!H23 -> 15 | K25: =Effort!J23 -> CLOSED | L25: =Harvest!J23 -> CLOSED | M25: =CPUE!J23 -> CLOSED | N25: =Effort!L23 -> 1772.1089 | O25: =Harvest!L23 -> 25695.579 | P25: =CPUE!L23 -> 14.5 | Q25: CLOSED | R25: CLOSED | S25: CLOSED | T25: =SUM(E25,H25,K25,N25) -> 5201.045 | U25: =SUM(F25,I25,L25,O25) -> 76577.17
A26: 45970 | B26: Sun | C26: -0.9 | D26: 0.88819444 | E26: =Effort!F24 -> 392.30132 | F26: =Harvest!F24 -> 4119.1639 | G26: =+CPUE!F24 -> 10.5 | H26: =Effort!H24 -> 242.90978 | I26: =Harvest!H24 -> 2550.5527 | J26: =CPUE!H24 -> 10.5 | K26: =Effort!J24 -> 540.25068 | L26: =Harvest!J24 -> 5778.3333 | M26: =CPUE!J24 -> 10.695652 | N26: =Effort!L24 -> CLOSED | O26: =Harvest!L24 -> CLOSED | P26: =CPUE!L24 -> CLOSED | Q26: CLOSED | R26: CLOSED | S26: CLOSED | T26: =SUM(E26,H26,K26,N26) -> 1175.4618 | U26: =SUM(F26,I26,L26,O26) -> 12448.05
A27: Tide Series Totals | E27: =SUM(E20:E26) -> 4890.9774 | F27: =SUM(F20:F26) -> 58936.454 | G27: =+F27/E27 -> 12.050036 | H27: =SUM(H20:H26) -> 6497.4871 | I27: =SUM(I20:I26) -> 87217.403 | J27: =+I27/H27 -> 13.423251 | K27: =SUM(K20:K26) -> 1618.5196 | L27: =SUM(L20:L26) -> 10830.052 | M27: =+L27/K27 -> 6.6913323 | N27: =SUM(N20:N26) -> 5173.3576 | O27: =SUM(O20:O26) -> 70233.983 | P27: =+O27/N27 -> 13.576093 | T27: =SUM(T20:T26) -> 18180.342 | U27: =SUM(U20:U26) -> 227217.89 | W27: =SUM(H27,K27,N27,Q27,E27) -> 18180.342 | X27: =SUM(R27,O27,L27,I27,F27) -> 227217.89
A28: 45979 | B28: Tue | C28: -0.02 | D28: 0.72083333 | E28: =Effort!F26 -> 393.78813 | F28: =Harvest!F26 -> 5906.8219 | G28: =+CPUE!F26 -> 15 | H28: =Effort!H26 -> 721.06624 | I28: =Harvest!H26 -> 10815.994 | J28: =CPUE!H26 -> 15 | K28: =Effort!J26 -> 829.8582 | L28: =Harvest!J26 -> 12349.08 | M28: =CPUE!J26 -> 14.880952 | N28: =Effort!L26 -> CLOSED | O28: =Harvest!L26 -> CLOSED | P28: =CPUE!L26 -> CLOSED | Q28: CLOSED | R28: CLOSED | S28: CLOSED | T28: =SUM(E28,H28,K28,N28) -> 1944.7126 | U28: =SUM(F28,I28,L28,O28) -> 29071.896
A29: 45980 | B29: Wed | C29: -0.3 | D29: 0.74444444 | E29: =Effort!F27 -> 864.90531 | F29: =Harvest!F27 -> 11935.693 | G29: =+CPUE!F27 -> 13.8 | H29: =Effort!H27 -> 648.04469 | I29: =Harvest!H27 -> 9720.6704 | J29: =CPUE!H27 -> 15 | K29: =Effort!J27 -> CLOSED | L29: =Harvest!J27 -> CLOSED | M29: =CPUE!J27 -> CLOSED | N29: =Effort!L27 -> 319.48882 | O29: =Harvest!L27 -> 3194.8882 | P29: =CPUE!L27 -> 10 | Q29: CLOSED | R29: CLOSED | S29: CLOSED | T29: =SUM(E29,H29,K29,N29) -> 1832.4388 | U29: =SUM(F29,I29,L29,O29) -> 24851.252
A30: 45981 | B30: Thu | C30: -0.43 | D30: 0.76736111 | E30: =Effort!F28 -> 206.76545 | F30: =Harvest!F28 -> 620.29634 | G30: =+CPUE!F28 -> 3 | H30: =Effort!H28 -> 378.60863 | I30: =Harvest!H28 -> 908.66071 | J30: =CPUE!H28 -> 2.4 | K30: =Effort!J28 -> CLOSED | L30: =Harvest!J28 -> CLOSED | M30: =CPUE!J28 -> CLOSED | N30: =Effort!L28 -> 203.64964 | O30: =Harvest!L28 -> 633.57667 | P30: =CPUE!L28 -> 3.1111111 | Q30: CLOSED | R30: CLOSED | S30: CLOSED | T30: =SUM(E30,H30,K30,N30) -> 789.02372 | U30: =SUM(F30,I30,L30,O30) -> 2162.5337
A31: 45982 | B31: Fri | C31: -0.41 | D31: 0.79097222 | E31: =Effort!F29 -> 276.88228 | F31: =Harvest!F29 -> 4153.2342 | G31: =+CPUE!F29 -> 15 | H31: =Effort!H29 -> 506.9997 | I31: =Harvest!H29 -> 7435.9956 | J31: =CPUE!H29 -> 14.666667 | K31: =Effort!J29 -> 583.49405 | L31: =Harvest!J29 -> 6100.165 | M31: =CPUE!J29 -> 10.454545 | N31: =Effort!L29 -> CLOSED | O31: =Harvest!L29 -> CLOSED | P31: =CPUE!L29 -> CLOSED | Q31: CLOSED | R31: CLOSED | S31: CLOSED | T31: =SUM(E31,H31,K31,N31) -> 1367.376 | U31: =SUM(F31,I31,L31,O31) -> 17689.395
A32: 45983 | B32: Sat | C32: -0.29 | D32: 0.81527778 | E32: =Effort!F30 -> 581.23178 | F32: =Harvest!F30 -> 4068.6224 | G32: =+CPUE!F30 -> 7 | H32: =Effort!H30 -> 1064.2947 | I32: =Harvest!H30 -> 7450.0628 | J32: =CPUE!H30 -> 7 | K32: =Effort!J30 -> 1224.8718 | L32: =Harvest!J30 -> 8301.9086 | M32: =CPUE!J30 -> 6.7777778 | N32: =Effort!L30 -> CLOSED | O32: =Harvest!L30 -> CLOSED | P32: =CPUE!L30 -> CLOSED | Q32: CLOSED | R32: CLOSED | S32: CLOSED | T32: =SUM(E32,H32,K32,N32) -> 2870.3982 | U32: =SUM(F32,I32,L32,O32) -> 19820.594
A33: 45984 | B33: Sun | C33: -0.09 | D33: 0.84166667 | E33: =Effort!F31 -> 576.01117 | F33: =Harvest!F31 -> 3456.067 | G33: =+CPUE!F31 -> 6 | H33: =Effort!H31 -> 395.57138 | I33: =Harvest!H31 -> 2373.4283 | J33: =CPUE!H31 -> 6 | K33: =Effort!J31 -> CLOSED | L33: =Harvest!J31 -> CLOSED | M33: =CPUE!J31 -> CLOSED | N33: =Effort!L31 -> 212.77373 | O33: =Harvest!L31 -> 1237.9563 | P33: =CPUE!L31 -> 5.8181818 | Q33: CLOSED | R33: CLOSED | S33: CLOSED | T33: =SUM(E33,H33,K33,N33) -> 1184.3563 | U33: =SUM(F33,I33,L33,O33) -> 7067.4516
A34: Tide Series Totals | E34: =SUM(E28:E33) -> 2899.5841 | F34: =SUM(F28:F33) -> 30140.735 | G34: =+F34/E34 -> 10.394848 | H34: =SUM(H28:H33) -> 3714.5853 | I34: =SUM(I28:I33) -> 38704.811 | J34: =+I34/H34 -> 10.419686 | K34: =SUM(K28:K33) -> 2638.224 | L34: =SUM(L28:L33) -> 26751.154 | M34: =+L34/K34 -> 10.139834 | N34: =SUM(N28:N33) -> 735.91219 | O34: =SUM(O28:O33) -> 5066.4211 | P34: =+O34/N34 -> 6.8845457 | T34: =SUM(T28:T33) -> 9988.3056 | U34: =SUM(U28:U33) -> 100663.12 | W34: =SUM(H34,K34,N34,Q34,E34) -> 9988.3056 | X34: =SUM(R34,O34,L34,I34,F34) -> 100663.12
A35: 45993 | B35: Tue | C35: -0.59 | D35: 0.67430556 | E35: =Effort!F33 -> 955.58029 | F35: =Harvest!F33 -> 14333.704 | G35: =+CPUE!F33 -> 15 | H35: =Effort!H33 -> 892.36414 | I35: =Harvest!H33 -> 13385.462 | J35: =CPUE!H33 -> 15 | K35: =Effort!J33 -> 1269.4788 | L35: =Harvest!J33 -> 18749.225 | M35: =CPUE!J33 -> 14.769231 | N35: =Effort!L33 -> CLOSED | O35: =Harvest!L33 -> CLOSED | P35: =CPUE!L33 -> CLOSED | Q35: CLOSED | R35: CLOSED | S35: CLOSED | T35: =SUM(E35,H35,K35,N35) -> 3117.4232 | U35: =SUM(F35,I35,L35,O35) -> 46468.391
A36: 45994 | B36: Wed | C36: -1.4 | D36: 0.70763889 | E36: =Effort!F34 -> 1304.4743 | F36: =Harvest!F34 -> 19522.241 | G36: =+CPUE!F34 -> 14.9656 | H36: =Effort!H34 -> 1099.8526 | I36: =Harvest!H34 -> 16497.789 | J36: =CPUE!H34 -> 15 | K36: =Effort!J34 -> CLOSED | L36: =Harvest!J34 -> CLOSED | M36: =CPUE!J34 -> CLOSED | N36: =Effort!L34 -> 1233.8476 | O36: =Harvest!L34 -> 17248.161 | P36: =CPUE!L34 -> 13.979167 | Q36: CLOSED | R36: CLOSED | S36: CLOSED | T36: =SUM(E36,H36,K36,N36) -> 3638.1745 | U36: =SUM(F36,I36,L36,O36) -> 53268.191
A37: 45995 | B37: Thu | C37: -1.9 | D37: 0.74097222 | E37: =Effort!F35 -> 542.92009 | F37: =Harvest!F35 -> 6786.5011 | G37: =+CPUE!F35 -> 12.5 | H37: =Effort!H35 -> 457.75685 | I37: =Harvest!H35 -> 5721.9606 | J37: =CPUE!H35 -> 12.5 | K37: =Effort!J35 -> CLOSED | L37: =Harvest!J35 -> CLOSED | M37: =CPUE!J35 -> CLOSED | N37: =Effort!L35 -> 513.52535 | O37: =Harvest!L35 -> 6162.3041 | P37: =CPUE!L35 -> 12 | Q37: CLOSED | R37: CLOSED | S37: CLOSED | T37: =SUM(E37,H37,K37,N37) -> 1514.2023 | U37: =SUM(F37,I37,L37,O37) -> 18670.766
A38: 45996 | B38: Fri | C38: -2.05 | D38: 0.77361111 | E38: =Effort!F36 -> 805.31502 | F38: =Harvest!F36 -> 12079.725 | G38: =+CPUE!F36 -> 15 | H38: =Effort!H36 -> 752.03963 | I38: =Harvest!H36 -> 7364.8019 | J38: =CPUE!H36 -> 9.7931034 | K38: =Effort!J36 -> 1069.8529 | L38: =Harvest!J36 -> 13765.44 | M38: =CPUE!J36 -> 12.866667 | N38: =Effort!L36 -> CLOSED | O38: =Harvest!L36 -> CLOSED | P38: =CPUE!L36 -> CLOSED | Q38: CLOSED | R38: CLOSED | S38: CLOSED | T38: =SUM(E38,H38,K38,N38) -> 2627.2075 | U38: =SUM(F38,I38,L38,O38) -> 33209.968
A39: 45997 | B39: Sat | C39: -1.86 | D39: 0.80694444 | E39: =Effort!F37 -> 1127.0943 | F39: =Harvest!F37 -> 14088.679 | G39: =+CPUE!F37 -> 12.5 | H39: =Effort!H37 -> 1052.5317 | I39: =Harvest!H37 -> 13156.647 | J39: =CPUE!H37 -> 12.5 | K39: =Effort!J37 -> 1497.3335 | L39: =Harvest!J37 -> 18799.854 | M39: =CPUE!J37 -> 12.555556 | N39: =Effort!L37 -> CLOSED | O39: =Harvest!L37 -> CLOSED | P39: =CPUE!L37 -> CLOSED | Q39: CLOSED | R39: CLOSED | S39: CLOSED | T39: =SUM(E39,H39,K39,N39) -> 3676.9595 | U39: =SUM(F39,I39,L39,O39) -> 46045.179
A40: 45998 | B40: Sun | C40: -1.41 | D40: 0.84027778 | E40: =Effort!F38 -> 228.84007 | F40: =Harvest!F38 -> 2402.8207 | G40: =+CPUE!F38 -> 10.5 | H40: =Effort!H38 -> 192.94388 | I40: =Harvest!H38 -> 2025.9108 | J40: =CPUE!H38 -> 10.5 | K40: =Effort!J38 -> CLOSED | L40: =Harvest!J38 -> CLOSED | M40: =CPUE!J38 -> CLOSED | N40: =Effort!L38 -> 216.45023 | O40: =Harvest!L38 -> 2056.2771 | P40: =CPUE!L38 -> 9.5 | Q40: CLOSED | R40: CLOSED | S40: CLOSED | T40: =SUM(E40,H40,K40,N40) -> 638.23418 | U40: =SUM(F40,I40,L40,O40) -> 6485.0087
A41: 45999 | B41: Mon | C41: -0.78 | D41: 0.87430556 | E41: =Effort!F39 -> 12.082756 | F41: =Harvest!F39 -> 84.57929 | G41: =+CPUE!F39 -> 7 | H41: =Effort!H39 -> 10.187437 | I41: =Harvest!H39 -> 71.312059 | J41: =CPUE!H39 -> 7 | K41: =Effort!J39 -> CLOSED | L41: =Harvest!J39 -> CLOSED | M41: =CPUE!J39 -> CLOSED | N41: =Effort!L39 -> 11.428572 | O41: =Harvest!L39 -> 57.14286 | P41: =CPUE!L39 -> 5 | Q41: CLOSED | R41: CLOSED | S41: CLOSED | T41: =SUM(E41,H41,K41,N41) -> 33.698765 | U41: =SUM(F41,I41,L41,O41) -> 213.03421
A42: Tide Series Totals | E42: =SUM(E35:E41) -> 4976.3069 | F42: =SUM(F35:F41) -> 69298.251 | G42: =+F42/E42 -> 13.925639 | H42: =SUM(H35:H41) -> 4457.6763 | I42: =SUM(I35:I41) -> 58223.883 | J42: =+I42/H42 -> 13.061488 | K42: =SUM(K35:K41) -> 3836.6651 | L42: =SUM(L35:L41) -> 51314.519 | M42: =+L42/K42 -> 13.374771 | N42: =SUM(N35:N41) -> 1975.2517 | O42: =SUM(O35:O41) -> 25523.885 | P42: =+O42/N42 -> 12.921839 | T42: =SUM(T35:T41) -> 15245.9 | U42: =SUM(U35:U41) -> 204360.54 | W42: =SUM(H42,K42,N42,Q42,E42) -> 15245.9 | X42: =SUM(R42,O42,L42,I42,F42) -> 204360.54
A43: 46009 | B43: Thu | C43: -0.2 | D43: 0.73194444 | E43: =Effort!F41 -> 132.38197 | F43: =Harvest!F41 -> 926.67379 | G43: =+CPUE!F41 -> 7 | H43: =Effort!H41 -> 126.17702 | I43: =Harvest!H41 -> 851.69489 | J43: =CPUE!H41 -> 6.75 | K43: =Effort!J41 -> 147.32965 | L43: =Harvest!J41 -> 654.79847 | M43: =CPUE!J41 -> 4.4444444 | N43: =Effort!L41 -> CLOSED | O43: =Harvest!L41 -> CLOSED | P43: =CPUE!L41 -> CLOSED | Q43: CLOSED | R43: CLOSED | S43: CLOSED | T43: =SUM(E43,H43,K43,N43) -> 405.88864 | U43: =SUM(F43,I43,L43,O43) -> 2433.1671
A44: 46010 | B44: Fri | C44: -0.38 | D44: 0.75625 | E44: =Effort!F42 -> 248.3826 | F44: =Harvest!F42 -> 1738.6782 | G44: =+CPUE!F42 -> 7 | H44: =Effort!H42 -> 236.74052 | I44: =Harvest!H42 -> 1657.1837 | J44: =CPUE!H42 -> 7 | K44: =Effort!J42 -> CLOSED | L44: =Harvest!J42 -> CLOSED | M44: =CPUE!J42 -> CLOSED | N44: =Effort!L42 -> 155.55695 | O44: =Harvest!L42 -> 591.1164 | P44: =CPUE!L42 -> 3.8 | Q44: CLOSED | R44: CLOSED | S44: CLOSED | T44: =SUM(E44,H44,K44,N44) -> 640.68007 | U44: =SUM(F44,I44,L44,O44) -> 3986.9783
A45: 46011 | B45: Sat | C45: -0.45 | D45: 0.78055556 | E45: =Effort!F43 -> 401.42558 | F45: =Harvest!F43 -> 2809.979 | G45: =+CPUE!F43 -> 7 | H45: =Effort!H43 -> 382.61014 | I45: =Harvest!H43 -> 2678.271 | J45: =CPUE!H43 -> 7 | K45: =Effort!J43 -> CLOSED | L45: =Harvest!J43 -> CLOSED | M45: =CPUE!J43 -> CLOSED | N45: =Effort!L43 -> 251.40464 | O45: =Harvest!L43 -> 1177.6322 | P45: =CPUE!L43 -> 4.6842105 | Q45: CLOSED | R45: CLOSED | S45: CLOSED | T45: =SUM(E45,H45,K45,N45) -> 1035.4403 | U45: =SUM(F45,I45,L45,O45) -> 6665.8822
A46: 46012 | B46: Sun | C46: -0.44 | D46: 0.80486111 | E46: =Effort!F44 -> 88.496427 | F46: =Harvest!F44 -> 1327.4464 | G46: =+CPUE!F44 -> 15 | H46: =Effort!H44 -> 84.348462 | I46: =Harvest!H44 -> 1128.1607 | J46: =CPUE!H44 -> 13.375 | K46: =Effort!J44 -> 196.5647 | L46: =Harvest!J44 -> 2407.9176 | M46: =CPUE!J44 -> 12.25 | N46: =Effort!L44 -> CLOSED | O46: =Harvest!L44 -> CLOSED | P46: =CPUE!L44 -> CLOSED | Q46: CLOSED | R46: CLOSED | S46: CLOSED | T46: =SUM(E46,H46,K46,N46) -> 369.40959 | U46: =SUM(F46,I46,L46,O46) -> 4863.5247
A47: 46013 | B47: Mon | C47: -0.33 | D47: 0.82916667 | E47: =Effort!F45 -> 38.404968 | F47: =Harvest!F45 -> 268.83478 | G47: =+CPUE!F45 -> 7 | H47: =Effort!H45 -> 36.604868 | I47: =Harvest!H45 -> 256.23407 | J47: =CPUE!H45 -> 7 | K47: =Effort!J45 -> 85.303569 | L47: =Harvest!J45 -> 497.60415 | M47: =CPUE!J45 -> 5.8333333 | N47: =Effort!L45 -> CLOSED | O47: =Harvest!L45 -> CLOSED | P47: =CPUE!L45 -> CLOSED | Q47: CLOSED | R47: CLOSED | S47: CLOSED | T47: =SUM(E47,H47,K47,N47) -> 160.3134 | U47: =SUM(F47,I47,L47,O47) -> 1022.673
A48: 46014 | B48: Tue | C48: -0.11 | D48: 0.85486111 | E48: =Effort!F46 -> 94.817751 | F48: =Harvest!F46 -> 663.72425 | G48: =+CPUE!F46 -> 7 | H48: =Effort!H46 -> 90.373495 | I48: =Harvest!H46 -> 632.61447 | J48: =CPUE!H46 -> 7 | K48: =Effort!J46 -> CLOSED | L48: =Harvest!J46 -> CLOSED | M48: =CPUE!J46 -> CLOSED | N48: =Effort!L46 -> 59.382419 | O48: =Harvest!L46 -> 415.67694 | P48: =CPUE!L46 -> 7 | Q48: CLOSED | R48: CLOSED | S48: CLOSED | T48: =SUM(E48,H48,K48,N48) -> 244.57367 | U48: =SUM(F48,I48,L48,O48) -> 1712.0157
A49: Tide Series Totals | E49: =SUM(E43:E48) -> 1003.9093 | F49: =SUM(F43:F48) -> 7735.3365 | G49: =+F49/E49 -> 7.7052145 | H49: =SUM(H43:H48) -> 956.8545 | I49: =SUM(I43:I48) -> 7204.1587 | J49: =+I49/H49 -> 7.5290012 | K49: =SUM(K43:K48) -> 429.19792 | L49: =SUM(L43:L48) -> 3560.3202 | M49: =+L49/K49 -> 8.2952876 | N49: =SUM(N43:N48) -> 466.344 | O49: =SUM(O43:O48) -> 2184.4256 | P49: =+O49/N49 -> 4.6841507 | T49: =SUM(T43:T48) -> 2856.3057 | U49: =SUM(U43:U48) -> 20684.241 | W49: =SUM(H49,K49,N49,Q49,E49) -> 2856.3057 | X49: =SUM(R49,O49,L49,I49,F49) -> 20684.241
A50: 46022 | B50: Wed | C50: -0.62 | D50: 0.66319444 | E50: =Effort!F48 -> 3790.6397 | F50: =Harvest!F48 -> 56101.468 | G50: =+CPUE!F48 -> 14.8 | H50: =Effort!H48 -> 2135.3076 | I50: =Harvest!H48 -> 31580.076 | J50: =CPUE!H48 -> 14.789474 | K50: =Effort!J48 -> 3564.2963 | L50: =Harvest!J48 -> 51573.185 | M50: =CPUE!J48 -> 14.469388 | N50: =Effort!L48 -> CLOSED | O50: =Harvest!L48 -> CLOSED | P50: =CPUE!L48 -> CLOSED | Q50: CLOSED | R50: CLOSED | S50: CLOSED | T50: =SUM(E50,H50,K50,N50) -> 9490.2436 | U50: =SUM(F50,I50,L50,O50) -> 139254.73
A51: 46023 | B51: Thu | C51: -1.24 | D51: 0.69930556 | E51: =Effort!F49 -> 6107.8564 | F51: =Harvest!F49 -> 64132.492 | G51: =+CPUE!F49 -> 10.5 | H51: =Effort!H49 -> 3440.6204 | I51: =Harvest!H49 -> 36126.514 | J51: =CPUE!H49 -> 10.5 | K51: =Effort!J49 -> 5743.1494 | L51: =Harvest!J49 -> 61932.881 | M51: =CPUE!J49 -> 10.783784 | N51: =Effort!L49 -> CLOSED | O51: =Harvest!L49 -> CLOSED | P51: =CPUE!L49 -> CLOSED | Q51: CLOSED | R51: CLOSED | S51: CLOSED | T51: =SUM(E51,H51,K51,N51) -> 15291.626 | U51: =SUM(F51,I51,L51,O51) -> 162191.89
A52: 46024 | B52: Fri | C52: -1.61 | D52: 0.73402778 | E52: =Effort!F50 -> 4307.2803 | F52: =Harvest!F50 -> 64609.205 | G52: =+CPUE!F50 -> 15 | H52: =Effort!H50 -> 2528.7059 | I52: =Harvest!H50 -> 31608.823 | J52: =CPUE!H50 -> 12.5 | K52: =Effort!J50 -> CLOSED | L52: =Harvest!J50 -> CLOSED | M52: =CPUE!J50 -> CLOSED | N52: =Effort!L50 -> 2048.8245 | O52: =Harvest!L50 -> 12628.82 | P52: =CPUE!L50 -> 6.1639344 | Q52: CLOSED | R52: CLOSED | S52: CLOSED | T52: =SUM(E52,H52,K52,N52) -> 8884.8106 | U52: =SUM(F52,I52,L52,O52) -> 108846.85
A53: 46025 | B53: Sat | C53: -1.71 | D53: 0.76597222 | E53: =Effort!F51 -> 2228.7895 | F53: =Harvest!F51 -> 17830.316 | G53: =+CPUE!F51 -> 8 | H53: =Effort!H51 -> 1308.4714 | I53: =Harvest!H51 -> 10331.472 | J53: =CPUE!H51 -> 7.8958333 | K53: =Effort!J51 -> CLOSED | L53: =Harvest!J51 -> CLOSED | M53: =CPUE!J51 -> CLOSED | N53: =Effort!L51 -> 1060.1582 | O53: =Harvest!L51 -> 1827.859 | P53: =CPUE!L51 -> 1.7241379 | Q53: CLOSED | R53: CLOSED | S53: CLOSED | T53: =SUM(E53,H53,K53,N53) -> 4597.4192 | U53: =SUM(F53,I53,L53,O53) -> 29989.648
A54: 46026 | B54: Sun | C54: -1.53 | D54: 0.79652778 | E54: =Effort!F52 -> 388.3185 | F54: =Harvest!F52 -> 4853.9812 | G54: =+CPUE!F52 -> 12.5 | H54: =Effort!H52 -> 218.74393 | I54: =Harvest!H52 -> 2734.2992 | J54: =CPUE!H52 -> 12.5 | K54: =Effort!J52 -> 365.13156 | L54: =Harvest!J52 -> 4510.4487 | M54: =CPUE!J52 -> 12.352941 | N54: =Effort!L52 -> CLOSED | O54: =Harvest!L52 -> CLOSED | P54: =CPUE!L52 -> CLOSED | Q54: CLOSED | R54: CLOSED | S54: CLOSED | T54: =SUM(E54,H54,K54,N54) -> 972.19399 | U54: =SUM(F54,I54,L54,O54) -> 12098.729
A55: 46027 | B55: Mon | C55: -1.11 | D55: 0.82638889 | E55: =Effort!F53 -> 93.579823 | F55: =Harvest!F53 -> 1366.2654 | G55: =+CPUE!F53 -> 14.6 | H55: =Effort!H53 -> 265.02604 | I55: =Harvest!H53 -> 3909.1341 | J55: =CPUE!H53 -> 14.75 | K55: =Effort!J53 -> 245.09803 | L55: =Harvest!J53 -> 3308.8233 | M55: =CPUE!J53 -> 13.5 | N55: =Effort!L53 -> CLOSED | O55: =Harvest!L53 -> CLOSED | P55: =CPUE!L53 -> CLOSED | Q55: CLOSED | R55: CLOSED | S55: CLOSED | T55: =SUM(E55,H55,K55,N55) -> 603.70389 | U55: =SUM(F55,I55,L55,O55) -> 8584.2228
A56: 46028 | B56: Tue | C56: -0.49 | D56: 0.85555556 | E56: =Effort!F54 -> 61.40956 | F56: =Harvest!F54 -> 307.0478 | G56: =+CPUE!F54 -> 5 | H56: =Effort!H54 -> 36.05215 | I56: =Harvest!H54 -> 180.26075 | J56: =CPUE!H54 -> 5 | K56: =Effort!J54 -> CLOSED | L56: =Harvest!J54 -> CLOSED | M56: =CPUE!J54 -> CLOSED | N56: =Effort!L54 -> 29.210406 | O56: =Harvest!L54 -> 146.05203 | P56: =CPUE!L54 -> 5 | Q56: CLOSED | R56: CLOSED | S56: CLOSED | T56: =SUM(E56,H56,K56,N56) -> 126.67212 | U56: =SUM(F56,I56,L56,O56) -> 633.36058
A57: Tide Series Totals | E57: =SUM(E50:E56) -> 16977.874 | F57: =SUM(F50:F56) -> 209200.78 | G57: =+F57/E57 -> 12.321965 | H57: =SUM(H50:H56) -> 9932.9274 | I57: =SUM(I50:I56) -> 116470.58 | J57: =+I57/H57 -> 11.725705 | K57: =SUM(K50:K56) -> 9917.6752 | L57: =SUM(L50:L56) -> 121325.34 | M57: =+L57/K57 -> 12.233244 | N57: =SUM(N50:N56) -> 3138.1931 | O57: =SUM(O50:O56) -> 14602.731 | P57: =+O57/N57 -> 4.6532289 | T57: =SUM(T50:T56) -> 39966.67 | U57: =SUM(U50:U56) -> 461599.42 | W57: =SUM(H57,K57,N57,Q57,E57) -> 39966.67 | X57: =SUM(R57,O57,L57,I57,F57) -> 461599.42
A58: 46037 | B58: Thu | C58: 0.37 | D58: 0.69097222 | E58: =Effort!F56 -> 899.99988 | F58: =Harvest!F56 -> 13499.998 | G58: =+CPUE!F56 -> 15 | H58: =Effort!H56 -> 538.44434 | I58: =Harvest!H56 -> 8076.6651 | J58: =CPUE!H56 -> 15 | K58: =Effort!J56 -> CLOSED | L58: =Harvest!J56 -> CLOSED | M58: =CPUE!J56 -> CLOSED | N58: =Effort!L56 -> 417.26254 | O58: =Harvest!L56 -> 6185.3036 | P58: =CPUE!L56 -> 14.823529 | Q58: CLOSED | R58: CLOSED | S58: CLOSED | T58: =SUM(E58,H58,K58,N58) -> 1855.7068 | U58: =SUM(F58,I58,L58,O58) -> 27761.967
A59: 46038 | B59: Fri | C59: 0.01 | D59: 0.71805556 | E59: =Effort!F57 -> 1624.4718 | F59: =Harvest!F57 -> 23836.465 | G59: =+CPUE!F57 -> 14.673363 | H59: =Effort!H57 -> 1019.4733 | I59: =Harvest!H57 -> 14272.626 | J59: =CPUE!H57 -> 14 | K59: =Effort!J57 -> 1739.0228 | L59: =Harvest!J57 -> 24240.924 | M59: =CPUE!J57 -> 13.939394 | N59: =Effort!L57 -> CLOSED | O59: =Harvest!L57 -> CLOSED | P59: =CPUE!L57 -> CLOSED | Q59: CLOSED | R59: CLOSED | S59: CLOSED | T59: =SUM(E59,H59,K59,N59) -> 4382.968 | U59: =SUM(F59,I59,L59,O59) -> 62350.016
A60: 46039 | B60: Sat | C60: -0.27 | D60: 0.74305556 | E60: =Effort!F58 -> 2033.8378 | F60: =Harvest!F58 -> 25422.972 | G60: =+CPUE!F58 -> 12.5 | H60: =Effort!H58 -> 1563.2395 | I60: =Harvest!H58 -> 22135.472 | J60: =CPUE!H58 -> 14.16 | K60: =Effort!J58 -> 2666.5821 | L60: =Harvest!J58 -> 25861.614 | M60: =CPUE!J58 -> 9.6984127 | N60: =Effort!L58 -> CLOSED | O60: =Harvest!L58 -> CLOSED | P60: =CPUE!L58 -> CLOSED | Q60: CLOSED | R60: CLOSED | S60: CLOSED | T60: =SUM(E60,H60,K60,N60) -> 6263.6595 | U60: =SUM(F60,I60,L60,O60) -> 73420.058
A61: 46040 | B61: Sun | C61: -0.45 | D61: 0.76666667 | E61: =Effort!F59 -> 2512.9561 | F61: =Harvest!F59 -> 35181.385 | G61: =+CPUE!F59 -> 14 | H61: =Effort!H59 -> 1931.4973 | I61: =Harvest!H59 -> 28972.46 | J61: =CPUE!H59 -> 15 | K61: =Effort!J59 -> CLOSED | L61: =Harvest!J59 -> CLOSED | M61: =CPUE!J59 -> CLOSED | N61: =Effort!L59 -> 1496.7963 | O61: =Harvest!L59 -> 19059.206 | P61: =CPUE!L59 -> 12.733333 | Q61: CLOSED | R61: CLOSED | S61: CLOSED | T61: =SUM(E61,H61,K61,N61) -> 5941.2497 | U61: =SUM(F61,I61,L61,O61) -> 83213.051
A62: 46041 | B62: Mon | C62: -0.5 | D62: 0.78958333 | E62: =Effort!F60 -> 670.73399 | F62: =Harvest!F60 -> 4695.1379 | G62: =+CPUE!F60 -> 7 | H62: =Effort!H60 -> 401.28108 | I62: =Harvest!H60 -> 2808.9675 | J62: =CPUE!H60 -> 7 | K62: =Effort!J60 -> CLOSED | L62: =Harvest!J60 -> CLOSED | M62: =CPUE!J60 -> CLOSED | N62: =Effort!L60 -> 310.96912 | O62: =Harvest!L60 -> 1839.9006 | P62: =CPUE!L60 -> 5.9166667 | Q62: CLOSED | R62: CLOSED | S62: CLOSED | T62: =SUM(E62,H62,K62,N62) -> 1382.9842 | U62: =SUM(F62,I62,L62,O62) -> 9344.0061
A63: 46042 | B63: Tue | C63: -0.39 | D63: 0.81180556 | E63: =Effort!F61 -> 177.00956 | F63: =Harvest!F61 -> 2655.1435 | G63: =+CPUE!F61 -> 15 | H63: =Effort!H61 -> 99.11197 | I63: =Harvest!H61 -> 1238.8996 | J63: =CPUE!H61 -> 12.5 | K63: =Effort!J61 -> 232.07875 | L63: =Harvest!J61 -> 1929.1546 | M63: =CPUE!J61 -> 8.3125 | N63: =Effort!L61 -> CLOSED | O63: =Harvest!L61 -> CLOSED | P63: =CPUE!L61 -> CLOSED | Q63: CLOSED | R63: CLOSED | S63: CLOSED | T63: =SUM(E63,H63,K63,N63) -> 508.20029 | U63: =SUM(F63,I63,L63,O63) -> 5823.1977
A64: 46043 | B64: Wed | C64: -0.09 | D64: 0.83402778 | E64: =Effort!F62 -> 117.69619 | F64: =Harvest!F62 -> 1471.2023 | G64: =+CPUE!F62 -> 12.5 | H64: =Effort!H62 -> 65.900963 | I64: =Harvest!H62 -> 828.46925 | J64: =CPUE!H62 -> 12.571429 | K64: =Effort!J62 -> 154.31247 | L64: =Harvest!J62 -> 1620.281 | M64: =CPUE!J62 -> 10.5 | N64: =Effort!L62 -> CLOSED | O64: =Harvest!L62 -> CLOSED | P64: =CPUE!L62 -> CLOSED | Q64: CLOSED | R64: CLOSED | S64: CLOSED | T64: =SUM(E64,H64,K64,N64) -> 337.90962 | U64: =SUM(F64,I64,L64,O64) -> 3919.9526
A65: Tide Series Totals | E65: =SUM(E58:E64) -> 8036.7053 | F65: =SUM(F58:F64) -> 106762.3 | G65: =+F65/E65 -> 13.284337 | H65: =SUM(H58:H64) -> 5618.9485 | I65: =SUM(I58:I64) -> 78333.559 | J65: =+I65/H65 -> 13.940964 | K65: =SUM(K58:K64) -> 4791.9962 | L65: =SUM(L58:L64) -> 53651.974 | M65: =+L65/K65 -> 11.196164 | N65: =SUM(N58:N64) -> 2225.0279 | O65: =SUM(O58:O64) -> 27084.41 | P65: =+O65/N65 -> 12.172616 | T65: =SUM(T58:T64) -> 20672.678 | U65: =SUM(U58:U64) -> 265832.25 | W65: =SUM(H65,K65,N65,Q65,E65) -> 20672.678 | X65: =SUM(R65,O65,L65,I65,F65) -> 265832.25
A66: 46051 | B66: Thu | C66: -0.6 | D66: 0.66319444 | E66: =Effort!F64 -> 400.77119 | F66: =Harvest!F64 -> 1923.7017 | G66: =+CPUE!F64 -> 4.8 | H66: =Effort!H64 -> 388.70055 | I66: =Harvest!H64 -> 2364.595 | J66: =CPUE!H64 -> 6.0833333 | K66: =Effort!J64 -> CLOSED | L66: =Harvest!J64 -> CLOSED | M66: =CPUE!J64 -> CLOSED | N66: =Effort!L64 -> 281.15016 | O66: =Harvest!L64 -> 833.03752 | P66: =CPUE!L64 -> 2.962963 | Q66: CLOSED | R66: CLOSED | S66: CLOSED | T66: =SUM(E66,H66,K66,N66) -> 1070.6219 | U66: =SUM(F66,I66,L66,O66) -> 5121.3343
A67: 46052 | B67: Fri | C67: -1.2 | D67: 0.69930556 | E67: =Effort!F65 -> 1088.7293 | F67: =Harvest!F65 -> 13935.735 | G67: =+CPUE!F65 -> 12.8 | H67: =Effort!H65 -> 765.04184 | I67: =Harvest!H65 -> 6666.7931 | J67: =CPUE!H65 -> 8.7142857 | K67: =Effort!J65 -> 1076.9896 | L67: =Harvest!J65 -> 12636.678 | M67: =CPUE!J65 -> 11.733333 | N67: =Effort!L65 -> CLOSED | O67: =Harvest!L65 -> CLOSED | P67: =CPUE!L65 -> CLOSED | Q67: CLOSED | R67: CLOSED | S67: CLOSED | T67: =SUM(E67,H67,K67,N67) -> 2930.7607 | U67: =SUM(F67,I67,L67,O67) -> 33239.205
A68: 46053 | B68: Sat | C68: -1.6 | D68: 0.73402778 | E68: =Effort!F66 -> 2362.2291 | F68: =Harvest!F66 -> 33071.207 | G68: =+CPUE!F66 -> 14 | H68: =Effort!H66 -> 2851.2766 | I68: =Harvest!H66 -> 39917.872 | J68: =CPUE!H66 -> 14 | K68: =Effort!J66 -> 4013.8918 | L68: =Harvest!J66 -> 56499.338 | M68: =CPUE!J66 -> 14.075949 | N68: =Effort!L66 -> CLOSED | O68: =Harvest!L66 -> CLOSED | P68: =CPUE!L66 -> CLOSED | Q68: CLOSED | R68: CLOSED | S68: CLOSED | T68: =SUM(E68,H68,K68,N68) -> 9227.3975 | U68: =SUM(F68,I68,L68,O68) -> 129488.42
A69: 46054 | B69: Sun | C69: -1.7 | D69: 0.76597222 | E69: =Effort!F67 -> 597.71918 | F69: =Harvest!F67 -> 6276.0514 | G69: =+CPUE!F67 -> 10.5 | H69: =Effort!H67 -> 956.9882 | I69: =Harvest!H67 -> 10414.283 | J69: =CPUE!H67 -> 10.882353 | K69: =Effort!J67 -> CLOSED | L69: =Harvest!J67 -> CLOSED | M69: =CPUE!J67 -> CLOSED | N69: =Effort!L67 -> 901.46519 | O69: =Harvest!L67 -> 10243.923 | P69: =CPUE!L67 -> 11.363636 | Q69: CLOSED | R69: CLOSED | S69: CLOSED | T69: =SUM(E69,H69,K69,N69) -> 2456.1726 | U69: =SUM(F69,I69,L69,O69) -> 26934.257
A70: 46055 | B70: Mon | C70: -1.5 | D70: 0.79652778 | E70: =Effort!F68 -> 266.06245 | F70: =Harvest!F68 -> 1330.3122 | G70: =+CPUE!F68 -> 5 | H70: =Effort!H68 -> 258.04904 | I70: =Harvest!H68 -> 1290.2452 | J70: =CPUE!H68 -> 5 | K70: =Effort!J68 -> CLOSED | L70: =Harvest!J68 -> CLOSED | M70: =CPUE!J68 -> CLOSED | N70: =Effort!L68 -> 186.6489 | O70: =Harvest!L68 -> 653.27114 | P70: =CPUE!L68 -> 3.5 | Q70: CLOSED | R70: CLOSED | S70: CLOSED | T70: =SUM(E70,H70,K70,N70) -> 710.76038 | U70: =SUM(F70,I70,L70,O70) -> 3273.8286
A71: 46056 | B71: Tue | C71: -1.1 | D71: 0.82638889 | E71: =Effort!F69 -> 225.60043 | F71: =Harvest!F69 -> 3384.0064 | G71: =+CPUE!F69 -> 15 | H71: =Effort!H69 -> 361.2013 | I71: =Harvest!H69 -> 4791.9373 | J71: =CPUE!H69 -> 13.266667 | K71: =Effort!J69 -> 383.33949 | L71: =Harvest!J69 -> 4025.0647 | M71: =CPUE!J69 -> 10.5 | N71: =Effort!L69 -> CLOSED | O71: =Harvest!L69 -> CLOSED | P71: =CPUE!L69 -> CLOSED | Q71: CLOSED | R71: CLOSED | S71: CLOSED | T71: =SUM(E71,H71,K71,N71) -> 970.14122 | U71: =SUM(F71,I71,L71,O71) -> 12201.008
A72: 46057 | B72: Wed | C72: -0.5 | D72: 0.85555556 | E72: =Effort!F70 -> 136.85099 | F72: =Harvest!F70 -> 821.10595 | G72: =+CPUE!F70 -> 6 | H72: =Effort!H70 -> 219.10755 | I72: =Harvest!H70 -> 1314.6453 | J72: =CPUE!H70 -> 6 | K72: =Effort!J70 -> 232.53675 | L72: =Harvest!J70 -> 1448.8828 | M72: =CPUE!J70 -> 6.2307692 | N72: =Effort!L70 -> CLOSED | O72: =Harvest!L70 -> CLOSED | P72: =CPUE!L70 -> CLOSED | Q72: CLOSED | R72: CLOSED | S72: CLOSED | T72: =SUM(E72,H72,K72,N72) -> 588.49529 | U72: =SUM(F72,I72,L72,O72) -> 3584.6341
A73: Tide Series Totals | E73: =SUM(E66:E72) -> 5077.9626 | F73: =SUM(F66:F72) -> 60742.119 | G73: =+F73/E73 -> 11.961908 | H73: =SUM(H66:H72) -> 5800.3651 | I73: =SUM(I66:I72) -> 66760.372 | J73: =+I73/H73 -> 11.509684 | K73: =SUM(K66:K72) -> 5706.7576 | L73: =SUM(L66:L72) -> 74609.963 | M73: =+L73/K73 -> 13.073967 | N73: =SUM(N66:N72) -> 1369.2643 | O73: =SUM(O66:O72) -> 11730.231 | P73: =+O73/N73 -> 8.5668134 | T73: =SUM(T66:T72) -> 17954.35 | U73: =SUM(U66:U72) -> 213842.69 | W73: =SUM(H73,K73,N73,Q73,E73) -> 17954.35 | X73: =SUM(R73,O73,L73,I73,F73) -> 213842.69
A74: 46067 | B74: Sat | C74: 0.25 | D74: 0.7 | E74: =Effort!F72 -> 1822.8631 | F74: =Harvest!F72 -> 14582.905 | G74: =+CPUE!F72 -> 8 | H74: =Effort!H72 -> 2214.5289 | I74: =Harvest!H72 -> 20794.967 | J74: =CPUE!H72 -> 9.3902439 | K74: =Effort!J72 -> CLOSED | L74: =Harvest!J72 -> CLOSED | M74: =CPUE!J72 -> CLOSED | N74: =Effort!L72 -> 1985.6431 | O74: =Harvest!L72 -> 6933.4749 | P74: =CPUE!L72 -> 3.4918033 | Q74: CLOSED | R74: CLOSED | S74: CLOSED | T74: =SUM(E74,H74,K74,N74) -> 6023.0351 | U74: =SUM(F74,I74,L74,O74) -> 42311.347
A75: 46068 | B75: Sun | C75: -0.09 | D75: 0.725 | E75: =Effort!F73 -> 2469.648 | F75: =Harvest!F73 -> 26672.198 | G75: =+CPUE!F73 -> 10.8 | H75: =Effort!H73 -> 1943.441 | I75: =Harvest!H73 -> 18074.001 | J75: =CPUE!H73 -> 9.3 | K75: =Effort!J73 -> 3150.0188 | L75: =Harvest!J73 -> 14470.399 | M75: =CPUE!J73 -> 4.59375 | N75: =Effort!L73 -> CLOSED | O75: =Harvest!L73 -> CLOSED | P75: =CPUE!L73 -> CLOSED | Q75: CLOSED | R75: CLOSED | S75: CLOSED | T75: =SUM(E75,H75,K75,N75) -> 7563.1078 | U75: =SUM(F75,I75,L75,O75) -> 59216.598
A76: 46069 | B76: Mon | C76: -0.29 | D76: 0.74791667 | E76: =Effort!F74 -> 680.24441 | F76: =Harvest!F74 -> 3401.2221 | G76: =+CPUE!F74 -> 5 | H76: =Effort!H74 -> 535.30499 | I76: =Harvest!H74 -> 2676.525 | J76: =CPUE!H74 -> 5 | K76: =Effort!J74 -> 867.64701 | L76: =Harvest!J74 -> 2651.1436 | M76: =CPUE!J74 -> 3.0555556 | N76: =Effort!L74 -> CLOSED | O76: =Harvest!L74 -> CLOSED | P76: =CPUE!L74 -> CLOSED | Q76: CLOSED | R76: CLOSED | S76: CLOSED | T76: =SUM(E76,H76,K76,N76) -> 2083.1964 | U76: =SUM(F76,I76,L76,O76) -> 8728.8907
A77: 46070 | B77: Tue | C77: -0.3 | D77: 0.77013889 | E77: =Effort!F75 -> 208.42013 | F77: =Harvest!F75 -> 416.84026 | G77: =+CPUE!F75 -> 2 | H77: =Effort!H75 -> 253.2019 | I77: =Harvest!H75 -> 506.4038 | J77: =CPUE!H75 -> 2 | K77: =Effort!J75 -> CLOSED | L77: =Harvest!J75 -> CLOSED | M77: =CPUE!J75 -> CLOSED | N77: =Effort!L75 -> 367.58405 | O77: =Harvest!L75 -> 73.51681 | P77: =CPUE!L75 -> 0.2 | Q77: CLOSED | R77: CLOSED | S77: CLOSED | T77: =SUM(E77,H77,K77,N77) -> 829.20608 | U77: =SUM(F77,I77,L77,O77) -> 996.76087
A78: 46071 | B78: Wed | C78: -0.11 | D78: 0.79166667 | E78: =Effort!F76 -> 118.00638 | F78: =Harvest!F76 -> 94.405101 | G78: =+CPUE!F76 -> 0.8 | H78: =Effort!H76 -> 143.36158 | I78: =Harvest!H76 -> 122.88135 | J78: =CPUE!H76 -> 0.85714286 | K78: =Effort!J76 -> CLOSED | L78: =Harvest!J76 -> CLOSED | M78: =CPUE!J76 -> CLOSED | N78: =Effort!L76 -> 208.12415 | O78: =Harvest!L76 -> 416.24829 | P78: =CPUE!L76 -> 2 | Q78: CLOSED | R78: CLOSED | S78: CLOSED | T78: =SUM(E78,H78,K78,N78) -> 469.4921 | U78: =SUM(F78,I78,L78,O78) -> 633.53474
A79: 46072 | B79: Thu | C79: 0.29 | D79: 0.81388889 | E79: =Effort!F77 -> 226.12226 | F79: =Harvest!F77 -> 1130.6113 | G79: =+CPUE!F77 -> 5 | H79: =Effort!H77 -> 177.94247 | I79: =Harvest!H77 -> 889.71236 | J79: =CPUE!H77 -> 5 | K79: =Effort!J77 -> 288.41736 | L79: =Harvest!J77 -> 1009.4608 | M79: =CPUE!J77 -> 3.5 | N79: =Effort!L77 -> CLOSED | O79: =Harvest!L77 -> CLOSED | P79: =CPUE!L77 -> CLOSED | Q79: CLOSED | R79: CLOSED | S79: CLOSED | T79: =SUM(E79,H79,K79,N79) -> 692.48209 | U79: =SUM(F79,I79,L79,O79) -> 3029.7844
A80: Tide Series Totals | E80: =SUM(E74:E79) -> 5525.3043 | F80: =SUM(F74:F79) -> 46298.182 | G80: =+F80/E80 -> 8.3793 | H80: =SUM(H74:H79) -> 5267.7809 | I80: =SUM(I74:I79) -> 43064.491 | J80: =+I80/H80 -> 8.1750725 | K80: =SUM(K74:K79) -> 4306.0832 | L80: =SUM(L74:L79) -> 18131.003 | M80: =+L80/K80 -> 4.2105558 | N80: =SUM(N74:N79) -> 2561.3513 | O80: =SUM(O74:O79) -> 7423.24 | P80: =+O80/N80 -> 2.8981734 | T80: =SUM(T74:T79) -> 17660.52 | U80: =SUM(U74:U79) -> 114916.92 | W80: =SUM(H80,K80,N80,Q80,E80) -> 17660.52 | X80: =SUM(R80,O80,L80,I80,F80) -> 114916.92
A81: 46079 | B81: Thu | C81: 0.32 | D81: 0.60138889 | E81: =Effort!F79 -> 508.90324 | F81: =Harvest!F79 -> 6361.2905 | G81: =+CPUE!F79 -> 12.5 | H81: =Effort!H79 -> 542.55497 | I81: =Harvest!H79 -> 7067.1263 | J81: =CPUE!H79 -> 13.025641 | K81: =Effort!J79 -> 821.18979 | L81: =Harvest!J79 -> 8919.0336 | M81: =CPUE!J79 -> 10.861111 | N81: =Effort!L79 -> CLOSED | O81: =Harvest!L79 -> CLOSED | P81: =CPUE!L79 -> CLOSED | Q81: CLOSED | R81: CLOSED | S81: CLOSED | T81: =SUM(E81,H81,K81,N81) -> 1872.648 | U81: =SUM(F81,I81,L81,O81) -> 22347.45
A82: 46080 | B82: Fri | C82: -0.04 | D82: 0.64513889 | E82: =Effort!F80 -> 1348.0043 | F82: =Harvest!F80 -> 19708.767 | G82: =+CPUE!F80 -> 14.6207 | H82: =Effort!H80 -> 1730.4994 | I82: =Harvest!H80 -> 21631.242 | J82: =CPUE!H80 -> 12.5 | K82: =Effort!J80 -> CLOSED | L82: =Harvest!J80 -> CLOSED | M82: =CPUE!J80 -> CLOSED | N82: =Effort!L80 -> 1289.8466 | O82: =Harvest!L80 -> 11137.33 | P82: =CPUE!L80 -> 8.6346154 | Q82: CLOSED | R82: CLOSED | S82: CLOSED | T82: =SUM(E82,H82,K82,N82) -> 4368.3503 | U82: =SUM(F82,I82,L82,O82) -> 52477.339
A83: 46081 | B83: Sat | C83: -0.34 | D83: 0.68194444 | E83: =Effort!F81 -> 2869.2871 | F83: =Harvest!F81 -> 35866.089 | G83: =+CPUE!F81 -> 12.5 | H83: =Effort!H81 -> 4247.2158 | I83: =Harvest!H81 -> 49432.873 | J83: =CPUE!H81 -> 11.638889 | K83: =Effort!J81 -> CLOSED | L83: =Harvest!J81 -> CLOSED | M83: =CPUE!J81 -> CLOSED | N83: =Effort!L81 -> 2745.4959 | O83: =Harvest!L81 -> 35993.149 | P83: =CPUE!L81 -> 13.10989 | Q83: CLOSED | R83: CLOSED | S83: CLOSED | T83: =SUM(E83,H83,K83,N83) -> 9861.9988 | U83: =SUM(F83,I83,L83,O83) -> 121292.11
A84: 46082 | B84: Sun | C84: -0.48 | D84: 0.71319444 | E84: =Effort!F82 -> 2512.5803 | F84: =Harvest!F82 -> 31407.253 | G84: =+CPUE!F82 -> 12.5 | H84: =Effort!H82 -> 2232.0275 | I84: =Harvest!H82 -> 28593.042 | J84: =CPUE!H82 -> 12.810345 | K84: =Effort!J82 -> 4054.4157 | L84: =Harvest!J82 -> 53456.589 | M84: =CPUE!J82 -> 13.184783 | N84: =Effort!L82 -> CLOSED | O84: =Harvest!L82 -> CLOSED | P84: =CPUE!L82 -> CLOSED | Q84: CLOSED | R84: CLOSED | S84: CLOSED | T84: =SUM(E84,H84,K84,N84) -> 8799.0235 | U84: =SUM(F84,I84,L84,O84) -> 113456.88
A85: 46083 | B85: Mon | C85: -0.42 | D85: 0.74027778 | E85: =Effort!F83 -> 847.45337 | F85: =Harvest!F83 -> 12203.328 | G85: =+CPUE!F83 -> 14.4 | H85: =Effort!H83 -> 1087.9175 | I85: =Harvest!H83 -> 15988.502 | J85: =CPUE!H83 -> 14.696429 | K85: =Effort!J83 -> 1367.4899 | L85: =Harvest!J83 -> 13935.374 | M85: =CPUE!J83 -> 10.190476 | N85: =Effort!L83 -> CLOSED | O85: =Harvest!L83 -> CLOSED | P85: =CPUE!L83 -> CLOSED | Q85: CLOSED | R85: CLOSED | S85: CLOSED | T85: =SUM(E85,H85,K85,N85) -> 3302.8608 | U85: =SUM(F85,I85,L85,O85) -> 42127.204
A86: 46084 | B86: Tue | C86: -0.15 | D86: 0.76527778 | E86: =Effort!F84 -> 187.81549 | F86: =Harvest!F84 -> 939.07745 | G86: =+CPUE!F84 -> 5 | H86: =Effort!H84 -> 278.01084 | I86: =Harvest!H84 -> 1390.0542 | J86: =CPUE!H84 -> 5 | K86: =Effort!J84 -> CLOSED | L86: =Harvest!J84 -> CLOSED | M86: =CPUE!J84 -> CLOSED | N86: =Effort!L84 -> 179.71246 | O86: =Harvest!L84 -> 814.69649 | P86: =CPUE!L84 -> 4.5333333 | Q86: CLOSED | R86: CLOSED | S86: CLOSED | T86: =SUM(E86,H86,K86,N86) -> 645.53879 | U86: =SUM(F86,I86,L86,O86) -> 3143.8281
A87: 46085 | B87: Wed | C87: 0.3 | D87: 0.78819444 | E87: =Effort!F85 -> 103.03021 | F87: =Harvest!F85 -> 721.21148 | G87: =+CPUE!F85 -> 7 | H87: =Effort!H85 -> 152.5088 | I87: =Harvest!H85 -> 1067.5616 | J87: =CPUE!H85 -> 7 | K87: =Effort!J85 -> CLOSED | L87: =Harvest!J85 -> CLOSED | M87: =CPUE!J85 -> CLOSED | N87: =Effort!L85 -> 98.585122 | O87: =Harvest!L85 -> 635.32634 | P87: =CPUE!L85 -> 6.4444444 | Q87: CLOSED | R87: CLOSED | S87: CLOSED | T87: =SUM(E87,H87,K87,N87) -> 354.12413 | U87: =SUM(F87,I87,L87,O87) -> 2424.0994
A88: Tide Series Totals | E88: =SUM(E81:E87) -> 8377.0741 | F88: =SUM(F81:F87) -> 107207.02 | G88: =+F88/E88 -> 12.797669 | H88: =SUM(H81:H87) -> 10270.735 | I88: =SUM(I81:I87) -> 125170.4 | J88: =+I88/H88 -> 12.187093 | K88: =SUM(K81:K87) -> 6243.0954 | L88: =SUM(L81:L87) -> 76310.996 | M88: =+L88/K88 -> 12.223263 | N88: =SUM(N81:N87) -> 4313.6401 | O88: =SUM(O81:O87) -> 48580.502 | P88: =+O88/N88 -> 11.262067 | T88: =SUM(T81:T87) -> 29204.544 | U88: =SUM(U81:U87) -> 357268.92 | W88: =SUM(H88,K88,N88,Q88,E88) -> 29204.544 | X88: =SUM(R88,O88,L88,I88,F88) -> 357268.92
A89: 46098 | B89: Tue | C89: 0.16 | D89: 0.76458333 | E89: =Effort!F87 -> 205.30378 | F89: =Harvest!F87 -> 410.60756 | G89: =+CPUE!F87 -> 2 | H89: =Effort!H87 -> 174 | I89: =Harvest!H87 -> 191.4 | J89: =CPUE!H87 -> 1.1 | K89: =Effort!J87 -> 189.68693 | L89: =Harvest!J87 -> 442.60284 | M89: =CPUE!J87 -> 2.3333333 | N89: =Effort!L87 -> CLOSED | O89: =Harvest!L87 -> CLOSED | P89: =CPUE!L87 -> CLOSED | Q89: CLOSED | R89: CLOSED | S89: CLOSED | T89: =SUM(E89,H89,K89,N89) -> 568.99071 | U89: =SUM(F89,I89,L89,O89) -> 1044.6104
A90: 46099 | B90: Wed | C90: 0.26 | D90: 0.7875 | E90: =Effort!F88 -> 197.33082 | F90: =Harvest!F88 -> 2525.8345 | G90: =+CPUE!F88 -> 12.8 | H90: =Effort!H88 -> 137.09981 | I90: =Harvest!H88 -> 1045.386 | J90: =CPUE!H88 -> 7.625 | K90: =Effort!J88 -> 182.32045 | L90: =Harvest!J88 -> 1201.17 | M90: =CPUE!J88 -> 6.5882353 | N90: =Effort!L88 -> CLOSED | O90: =Harvest!L88 -> CLOSED | P90: =CPUE!L88 -> CLOSED | Q90: CLOSED | R90: CLOSED | S90: CLOSED | T90: =SUM(E90,H90,K90,N90) -> 516.75107 | U90: =SUM(F90,I90,L90,O90) -> 4772.3905
A91: 46100 | B91: Thu | C91: 0.54 | D91: 0.81111111 | E91: =Effort!F89 -> 306.53505 | F91: =Harvest!F89 -> 613.0701 | G91: =+CPUE!F89 -> 2 | H91: =Effort!H89 -> 337.6683 | I91: =Harvest!H89 -> 675.33659 | J91: =CPUE!H89 -> 2 | K91: =Effort!J89 -> CLOSED | L91: =Harvest!J89 -> CLOSED | M91: =CPUE!J89 -> CLOSED | N91: =Effort!L89 -> 178.91374 | O91: =Harvest!L89 -> 357.82748 | P91: =CPUE!L89 -> 2 | Q91: CLOSED | R91: CLOSED | S91: CLOSED | T91: =SUM(E91,H91,K91,N91) -> 823.11709 | U91: =SUM(F91,I91,L91,O91) -> 1646.2342
A92: 46101 | B92: Fri | C92: -0.09 | D92: 0.33333333 | E92: =Effort!F90 -> 504.21888 | F92: =Harvest!F90 -> 2521.0944 | G92: =+CPUE!F90 -> 5 | H92: =Effort!H90 -> 555.42989 | I92: =Harvest!H90 -> 2777.1495 | J92: =CPUE!H90 -> 5 | K92: =Effort!J90 -> CLOSED | L92: =Harvest!J90 -> CLOSED | M92: =CPUE!J90 -> CLOSED | N92: =Effort!L90 -> 294.29484 | O92: =Harvest!L90 -> 724.41808 | P92: =CPUE!L90 -> 2.4615385 | Q92: CLOSED | R92: CLOSED | S92: CLOSED | T92: =SUM(E92,H92,K92,N92) -> 1353.9436 | U92: =SUM(F92,I92,L92,O92) -> 6022.6619
A93: 46102 | B93: Sat | C93: -0.48 | D93: 0.36319444 | E93: =Effort!F91 -> 1606.0508 | F93: =Harvest!F91 -> 23287.737 | G93: =+CPUE!F91 -> 14.5 | H93: =Effort!H91 -> 2329.3373 | I93: =Harvest!H91 -> 33775.391 | J93: =CPUE!H91 -> 14.5 | K93: =Effort!J91 -> 3919.638 | L93: =Harvest!J91 -> 56072.599 | M93: =CPUE!J91 -> 14.305556 | N93: =Effort!L91 -> CLOSED | O93: =Harvest!L91 -> CLOSED | P93: =CPUE!L91 -> CLOSED | Q93: CLOSED | R93: CLOSED | S93: CLOSED | T93: =SUM(E93,H93,K93,N93) -> 7855.0262 | U93: =SUM(F93,I93,L93,O93) -> 113135.73
A94: 46103 | B94: Sun | C94: -0.6 | D94: 0.39513889 | E94: =Effort!F92 -> 1822.5645 | F94: =Harvest!F92 -> 25254.978 | G94: =+CPUE!F92 -> 13.856836 | H94: =Effort!H92 -> 2643.3581 | I94: =Harvest!H92 -> 36153.005 | J94: =CPUE!H92 -> 13.676923 | K94: =Effort!J92 -> 4448.0491 | L94: =Harvest!J92 -> 54074.323 | M94: =CPUE!J92 -> 12.156863 | N94: =Effort!L92 -> CLOSED | O94: =Harvest!L92 -> CLOSED | P94: =CPUE!L92 -> CLOSED | Q94: CLOSED | R94: CLOSED | S94: CLOSED | T94: =SUM(E94,H94,K94,N94) -> 8913.9717 | U94: =SUM(F94,I94,L94,O94) -> 115482.31
A95: 46104 | B95: Mon | C95: -0.46 | D95: 0.43194444 | E95: =Effort!F93 -> 1590.1737 | F95: =Harvest!F93 -> 19877.172 | G95: =+CPUE!F93 -> 12.5 | H95: =Effort!H93 -> 1751.6798 | I95: =Harvest!H93 -> 21895.997 | J95: =CPUE!H93 -> 12.5 | K95: =Effort!J93 -> CLOSED | L95: =Harvest!J93 -> CLOSED | M95: =CPUE!J93 -> CLOSED | N95: =Effort!L93 -> 928.12853 | O95: =Harvest!L93 -> 10753.489 | P95: =CPUE!L93 -> 11.586207 | Q95: CLOSED | R95: CLOSED | S95: CLOSED | T95: =SUM(E95,H95,K95,N95) -> 4269.982 | U95: =SUM(F95,I95,L95,O95) -> 52526.658
A96: 46105 | B96: Tue | C96: -0.14 | D96: 0.47291667 | E96: =Effort!F94 -> 59.5257 | F96: =Harvest!F94 -> 119.0514 | G96: =+CPUE!F94 -> 2 | H96: =Effort!H94 -> 65.57143 | I96: =Harvest!H94 -> 109.28572 | J96: =CPUE!H94 -> 1.6666667 | K96: =Effort!J94 -> CLOSED | L96: =Harvest!J94 -> CLOSED | M96: =CPUE!J94 -> CLOSED | N96: =Effort!L94 -> 34.743059 | O96: =Harvest!L94 -> 69.486119 | P96: =CPUE!L94 -> 2 | Q96: CLOSED | R96: CLOSED | S96: CLOSED | T96: =SUM(E96,H96,K96,N96) -> 159.84019 | U96: =SUM(F96,I96,L96,O96) -> 297.82323
A97: Tide Series Totals | E97: =SUM(E89:E96) -> 6291.7033 | F97: =SUM(F89:F96) -> 74609.544 | G97: =+F97/E97 -> 11.858402 | H97: =SUM(H89:H96) -> 7994.1446 | I97: =SUM(I89:I96) -> 96622.951 | J97: =+I97/H97 -> 12.086715 | K97: =SUM(K89:K96) -> 8739.6945 | L97: =SUM(L89:L96) -> 111790.69 | M97: =+L97/K97 -> 12.791144 | N97: =SUM(N89:N96) -> 1436.0802 | O97: =SUM(O89:O96) -> 11905.221 | P97: =+O97/N97 -> 8.2900809 | T97: =SUM(T89:T96) -> 24461.623 | U97: =SUM(U89:U96) -> 294928.41 | W97: =SUM(H97,K97,N97,Q97,E97) -> 24461.623 | X97: =SUM(R97,O97,L97,I97,F97) -> 294928.41
A98: 46113 | B98: Wed | C98: 0.49 | D98: 0.28125 | E98: =Effort!F96 -> 168.84184 | F98: =Harvest!F96 -> 1181.8929 | G98: =+CPUE!F96 -> 7 | H98: =Effort!H96 -> 110 | I98: =Harvest!H96 -> 703.99997 | J98: =CPUE!H96 -> 6.4 | K98: =Effort!J96 -> CLOSED | L98: =Harvest!J96 -> CLOSED | M98: =CPUE!J96 -> CLOSED | N98: =Effort!L96 -> 94.999996 | O98: =Harvest!L96 -> 211.92307 | P98: =CPUE!L96 -> 2.2307692 | Q98: CLOSED | R98: CLOSED | S98: CLOSED | T98: =SUM(E98,H98,K98,N98) -> 373.84183 | U98: =SUM(F98,I98,L98,O98) -> 2097.8159
A99: 46114 | B99: Thu | C99: 0.07 | D99: 0.30694444 | E99: =Effort!F97 -> 385.94277 | F99: =Harvest!F97 -> 2701.5994 | G99: =+CPUE!F97 -> 7 | H99: =Effort!H97 -> 251.44066 | I99: =Harvest!H97 -> 1760.0846 | J99: =CPUE!H97 -> 7 | K99: =Effort!J97 -> CLOSED | L99: =Harvest!J97 -> CLOSED | M99: =CPUE!J97 -> CLOSED | N99: =Effort!L97 -> 217.15329 | O99: =Harvest!L97 -> 1302.9198 | P99: =CPUE!L97 -> 6 | Q99: CLOSED | R99: CLOSED | S99: CLOSED | T99: =SUM(E99,H99,K99,N99) -> 854.53672 | U99: =SUM(F99,I99,L99,O99) -> 5764.6037
A100: 46115 | B100: Fri | C100: -0.17 | D100: 0.33125 | E100: =Effort!F98 -> 982.72029 | F100: =Harvest!F98 -> 14249.444 | G100: =+CPUE!F98 -> 14.5 | H100: =Effort!H98 -> 759.10696 | I100: =Harvest!H98 -> 9488.837 | J100: =CPUE!H98 -> 12.5 | K100: =Effort!J98 -> 1029.898 | L100: =Harvest!J98 -> 9918.3654 | M100: =CPUE!J98 -> 9.6304348 | N100: =Effort!L98 -> CLOSED | O100: =Harvest!L98 -> CLOSED | P100: =CPUE!L98 -> CLOSED | Q100: CLOSED | R100: CLOSED | S100: CLOSED | T100: =SUM(E100,H100,K100,N100) -> 2771.7252 | U100: =SUM(F100,I100,L100,O100) -> 33656.647
...

Sheet Summary Table Public
A1: 2025-2026 State (non-Tribal) Recreational Razor Clam Effort, Harvest and CPUE totals.
E2: LONG BEACH | H2: TWIN HARBORS | K2: COPALIS | N2: MOCROCKS | Q2: KALALOCH | T2: DAILY TOTALS | W2: CROSS | X2: CHECK
A3: DATE | B3: DAY | C3: TIDE | D3: TIME | E3: Effort | F3: Harvest | G3: CPUE | H3: Effort | I3: Harvest | J3: CPUE | K3: Effort | L3: Harvest | M3: CPUE | N3: Effort | O3: Harvest | P3: CPUE | Q3: Effort | R3: Harvest | S3: CPUE | T3: Effort | U3: Harvest
A4: 45936 | B4: Mon | C4: -0.21 | D4: 0.77430556 | E4: =Effort!F2 -> 1683.2536 | F4: =Harvest!F2 -> 25248.804 | G4: =+CPUE!F2 -> 15 | H4: =Effort!H2 -> 1801.0383 | I4: =Harvest!H2 -> 27015.574 | J4: =CPUE!H2 -> 15 | K4: =Effort!J2 -> CLOSED | L4: =Harvest!J2 -> CLOSED | M4: =CPUE!J2 -> CLOSED | N4: =Effort!L2 -> 1507.9975 | O4: =Harvest!L2 -> 22619.962 | P4: =CPUE!L2 -> 15 | Q4: CLOSED | R4: CLOSED | S4: CLOSED | T4: =SUM(E4,H4,K4,N4) -> 4992.2893 | U4: =SUM(F4,I4,L4,O4) -> 74884.34
A5: 45937 | B5: Tue | C5: -0.95 | D5: 0.80416667 | E5: =Effort!F3 -> 1849.7456 | F5: =Harvest!F3 -> 27076.54 | G5: =+CPUE!F3 -> 14.637981 | H5: =Effort!H3 -> 1556.9262 | I5: =Harvest!H3 -> 21796.967 | J5: =CPUE!H3 -> 14 | K5: =Effort!J3 -> CLOSED | L5: =Harvest!J3 -> CLOSED | M5: =CPUE!J3 -> CLOSED | N5: =Effort!L3 -> 1303.6041 | O5: =Harvest!L3 -> 17526.232 | P5: =CPUE!L3 -> 13.444444 | Q5: CLOSED | R5: CLOSED | S5: CLOSED | T5: =SUM(E5,H5,K5,N5) -> 4710.2759 | U5: =SUM(F5,I5,L5,O5) -> 66399.74
A6: 45938 | B6: Wed | C6: -1.41 | D6: 0.83472222 | E6: =Effort!F4 -> 951.02128 | F6: =Harvest!F4 -> 11317.153 | G6: =+CPUE!F4 -> 11.9 | H6: =Effort!H4 -> 1017.5684 | I6: =Harvest!H4 -> 14245.958 | J6: =CPUE!H4 -> 14 | K6: =Effort!J4 -> 1621.4665 | L6: =Harvest!J4 -> 24105.802 | M6: =CPUE!J4 -> 14.866667 | N6: =Effort!L4 -> CLOSED | O6: =Harvest!L4 -> CLOSED | P6: =CPUE!L4 -> CLOSED | Q6: CLOSED | R6: CLOSED | S6: CLOSED | T6: =SUM(E6,H6,K6,N6) -> 3590.0562 | U6: =SUM(F6,I6,L6,O6) -> 49668.913
A7: 45939 | B7: Thu | C7: -1.51 | D7: 0.86736111 | E7: =Effort!F5 -> 723.39233 | F7: =Harvest!F5 -> 8680.7079 | G7: =+CPUE!F5 -> 12 | H7: =Effort!H5 -> 774.01127 | I7: =Harvest!H5 -> 11610.169 | J7: =CPUE!H5 -> 15 | K7: =Effort!J5 -> 800.95523 | L7: =Harvest!J5 -> 8857.6225 | M7: =CPUE!J5 -> 11.058824 | N7: =Effort!L5 -> CLOSED | O7: =Harvest!L5 -> CLOSED | P7: =CPUE!L5 -> CLOSED | Q7: CLOSED | R7: CLOSED | S7: CLOSED | T7: =SUM(E7,H7,K7,N7) -> 2298.3588 | U7: =SUM(F7,I7,L7,O7) -> 29148.5
A8: 45940 | B8: Fri | C8: -1.28 | D8: 0.90277778 | E8: =Effort!F6 -> 822.03384 | F8: =Harvest!F6 -> 12330.508 | G8: =+CPUE!F6 -> 15 | H8: =Effort!H6 -> 879.55517 | I8: =Harvest!H6 -> 13193.328 | J8: =CPUE!H6 -> 15 | K8: =Effort!J6 -> CLOSED | L8: =Harvest!J6 -> CLOSED | M8: =CPUE!J6 -> CLOSED | N8: =Effort!L6 -> 1246.548 | O8: =Harvest!L6 -> 18312.923 | P8: =CPUE!L6 -> 14.690909 | Q8: CLOSED | R8: CLOSED | S8: CLOSED | T8: =SUM(E8,H8,K8,N8) -> 2948.137 | U8: =SUM(F8,I8,L8,O8) -> 43836.758
A9: 45941 | B9: Sat | C9: -0.81 | D9: 0.94236111 | E9: =Effort!F7 -> 850.46078 | F9: =Harvest!F7 -> 10205.529 | G9: =+CPUE!F7 -> 12 | H9: =Effort!H7 -> 909.97126 | I9: =Harvest!H7 -> 9367.3512 | J9: =CPUE!H7 -> 10.294118 | K9: =Effort!J7 -> CLOSED | L9: =Harvest!J7 -> CLOSED | M9: =CPUE!J7 -> CLOSED | N9: =Effort!L7 -> 717.812 | O9: =Harvest!L7 -> 10681.043 | P9: =CPUE!L7 -> 14.88 | Q9: CLOSED | R9: CLOSED | S9: CLOSED | T9: =SUM(E9,H9,K9,N9) -> 2478.244 | U9: =SUM(F9,I9,L9,O9) -> 30253.923
A10: 45942 | B10: Sun | C10: -0.23 | D10: 0.98680556 | E10: =Effort!F8 -> 82.964963 | F10: =Harvest!F8 -> 580.75474 | G10: =+CPUE!F8 -> 7 | H10: =Effort!H8 -> 136.69465 | I10: =Harvest!H8 -> 956.86256 | J10: =CPUE!H8 -> 7 | K10: =Effort!J8 -> 141.4531 | L10: =Harvest!J8 -> 977.31234 | M10: =CPUE!J8 -> 6.9090909 | N10: =Effort!L8 -> CLOSED | O10: =Harvest!L8 -> CLOSED | P10: =CPUE!L8 -> CLOSED | Q10: CLOSED | R10: CLOSED | S10: CLOSED | T10: =SUM(E10,H10,K10,N10) -> 361.11272 | U10: =SUM(F10,I10,L10,O10) -> 2514.9296
A11: Tide Series Totals | E11: =SUM(E4:E10) -> 6962.8723 | F11: =SUM(F4:F10) -> 95439.997 | G11: =+F11/E11 -> 13.706987 | H11: =SUM(H4:H10) -> 7075.7653 | I11: =SUM(I4:I10) -> 98186.21 | J11: =+I11/H11 -> 13.876409 | K11: =SUM(K4:K10) -> 2563.8748 | L11: =SUM(L4:L10) -> 33940.737 | M11: =+L11/K11 -> 13.238063 | N11: =SUM(N4:N10) -> 4775.9615 | O11: =SUM(O4:O10) -> 69140.16 | P11: 0 | T11: =SUM(T4:T10) -> 21378.474 | U11: =SUM(U4:U10) -> 296707.1 | W11: =SUM(H11,K11,N11,Q11,E11) -> 21378.474 | X11: =SUM(R11,O11,L11,I11,F11) -> 296707.1
A12: 45950 | B12: Mon | C12: 0.19 | D12: 0.77777778 | E12: =Effort!F10 -> 1087.9318 | F12: =Harvest!F10 -> 14795.872 | G12: =+CPUE!F10 -> 13.6 | H12: =Effort!H10 -> 950.30766 | I12: =Harvest!H10 -> 13766.619 | J12: =CPUE!H10 -> 14.486486 | K12: =Effort!J10 -> 858.62272 | L12: =Harvest!J10 -> 11601.391 | M12: =CPUE!J10 -> 13.511628 | N12: =Effort!L10 -> CLOSED | O12: =Harvest!L10 -> CLOSED | P12: =CPUE!L10 -> CLOSED | Q12: CLOSED | R12: CLOSED | S12: CLOSED | T12: =SUM(E12,H12,K12,N12) -> 2896.8621 | U12: =SUM(F12,I12,L12,O12) -> 40163.882
A13: 45951 | B13: Tue | C13: -0.12 | D13: 0.80069444 | E13: =Effort!F11 -> 951.09748 | F13: =Harvest!F11 -> 7133.2311 | G13: =+CPUE!F11 -> 7.5 | H13: =Effort!H11 -> 830.78301 | I13: =Harvest!H11 -> 6230.8725 | J13: =CPUE!H11 -> 7.5 | K13: =Effort!J11 -> 750.62972 | L13: =Harvest!J11 -> 5646.0409 | M13: =CPUE!J11 -> 7.5217391 | N13: =Effort!L11 -> CLOSED | O13: =Harvest!L11 -> CLOSED | P13: =CPUE!L11 -> CLOSED | Q13: CLOSED | R13: CLOSED | S13: CLOSED | T13: =SUM(E13,H13,K13,N13) -> 2532.5102 | U13: =SUM(F13,I13,L13,O13) -> 19010.145
A14: 45952 | B14: Wed | C14: -0.28 | D14: 0.82291667 | E14: =Effort!F12 -> 334.90675 | F14: =Harvest!F12 -> 4722.1851 | G14: =+CPUE!F12 -> 14.1 | H14: =Effort!H12 -> 292.54082 | I14: =Harvest!H12 -> 2551.606 | J14: =CPUE!H12 -> 8.7222222 | K14: =Effort!J12 -> CLOSED | L14: =Harvest!J12 -> CLOSED | M14: =CPUE!J12 -> CLOSED | N14: =Effort!L12 -> 319.96954 | O14: =Harvest!L12 -> 4770.4549 | P14: =CPUE!L12 -> 14.909091 | Q14: CLOSED | R14: CLOSED | S14: CLOSED | T14: =SUM(E14,H14,K14,N14) -> 947.4171 | U14: =SUM(F14,I14,L14,O14) -> 12044.246
A15: 45953 | B15: Thu | C15: -0.27 | D15: 0.84583333 | E15: =Effort!F13 -> 90.202864 | F15: =Harvest!F13 -> 180.40573 | G15: =+CPUE!F13 -> 2 | H15: =Effort!H13 -> 78.792141 | I15: =Harvest!H13 -> 157.58428 | J15: =CPUE!H13 -> 2 | K15: =Effort!J13 -> CLOSED | L15: =Harvest!J13 -> CLOSED | M15: =CPUE!J13 -> CLOSED | N15: =Effort!L13 -> 86.179716 | O15: =Harvest!L13 -> 172.35943 | P15: =CPUE!L13 -> 2 | Q15: CLOSED | R15: CLOSED | S15: CLOSED | T15: =SUM(E15,H15,K15,N15) -> 255.17472 | U15: =SUM(F15,I15,L15,O15) -> 510.34944
A16: 45954 | B16: Fri | C16: -0.12 | D16: 0.87013889 | E16: =Effort!F14 -> 145.83007 | F16: =Harvest!F14 -> 583.32028 | G16: =+CPUE!F14 -> 4 | H16: =Effort!H14 -> 127.38247 | I16: =Harvest!H14 -> 509.52987 | J16: =CPUE!H14 -> 4 | K16: =Effort!J14 -> 283.81866 | L16: =Harvest!J14 -> 1135.2747 | M16: =CPUE!J14 -> 4 | N16: =Effort!L14 -> CLOSED | O16: =Harvest!L14 -> CLOSED | P16: =CPUE!L14 -> CLOSED | Q16: CLOSED | R16: CLOSED | S16: CLOSED | T16: =SUM(E16,H16,K16,N16) -> 557.0312 | U16: =SUM(F16,I16,L16,O16) -> 2228.1248
A17: 45955 | B17: Sat | C17: 0.14 | D17: 0.89652778 | E17: =Effort!F15 -> 19.186937 | F17: =Harvest!F15 -> 19.186937 | G17: =+CPUE!F15 -> 1 | H17: =Effort!H15 -> 16.759777 | I17: =Harvest!H15 -> 16.759777 | J17: =CPUE!H15 -> 1 | K17: =Effort!J15 -> 98.666183 | L17: =Harvest!J15 -> 98.666183 | M17: =CPUE!J15 -> 1 | N17: =Effort!L15 -> CLOSED | O17: =Harvest!L15 -> CLOSED | P17: =CPUE!L15 -> CLOSED | Q17: CLOSED | R17: CLOSED | S17: CLOSED | T17: =SUM(E17,H17,K17,N17) -> 134.6129 | U17: =SUM(F17,I17,L17,O17) -> 134.6129
A18: 45956 | B18: Sun | C18: 0.47 | D18: 0.92708333 | E18: =Effort!F16 -> 46.514826 | F18: =Harvest!F16 -> 558.17791 | G18: =+CPUE!F16 -> 12 | H18: =Effort!H16 -> 40.630669 | I18: =Harvest!H16 -> 487.56803 | J18: =CPUE!H16 -> 12 | K18: =Effort!J16 -> CLOSED | L18: =Harvest!J16 -> CLOSED | M18: =CPUE!J16 -> CLOSED | N18: =Effort!L16 -> 44.440213 | O18: =Harvest!L16 -> 524.39452 | P18: =CPUE!L16 -> 11.8 | Q18: CLOSED | R18: CLOSED | S18: CLOSED | T18: =SUM(E18,H18,K18,N18) -> 131.58571 | U18: =SUM(F18,I18,L18,O18) -> 1570.1405
A19: Tide Series Totals | E19: =SUM(E12:E18) -> 2675.6707 | F19: =SUM(F12:F18) -> 27992.379 | G19: =+F19/E19 -> 10.461818 | H19: =SUM(H12:H18) -> 2337.1965 | I19: =SUM(I12:I18) -> 23720.54 | J19: =+I19/H19 -> 10.149142 | K19: =SUM(K12:K18) -> 1991.7373 | L19: =SUM(L12:L18) -> 18481.373 | M19: =+L19/K19 -> 9.2790212 | N19: =SUM(N12:N18) -> 450.58947 | O19: =SUM(O12:O18) -> 5467.2089 | P19: =+O19/N19 -> 12.133459 | T19: =SUM(T12:T18) -> 7455.194 | U19: =SUM(U12:U18) -> 75661.5 | W19: =SUM(H19,K19,N19,Q19,E19) -> 7455.194 | X19: =SUM(R19,O19,L19,I19,F19) -> 75661.5
A20: 45964 | B20: Mon | C20: -0.1 | D20: 0.6875 | E20: =Effort!F18 -> 887.20343 | F20: =Harvest!F18 -> 12243.407 | G20: =+CPUE!F18 -> 13.8 | H20: =Effort!H18 -> 645.17236 | I20: =Harvest!H18 -> 8709.8269 | J20: =CPUE!H18 -> 13.5 | K20: =Effort!J18 -> CLOSED | L20: =Harvest!J18 -> CLOSED | M20: =CPUE!J18 -> CLOSED | N20: =Effort!L18 -> 636.84455 | O20: =Harvest!L18 -> 8445.1126 | P20: =CPUE!L18 -> 13.26087 | Q20: CLOSED | R20: CLOSED | S20: CLOSED | T20: =SUM(E20,H20,K20,N20) -> 2169.2203 | U20: =SUM(F20,I20,L20,O20) -> 29398.347
A21: 45965 | B21: Tue | C21: -1.1 | D21: 0.71875 | E21: =Effort!F19 -> 556.33584 | F21: =Harvest!F19 -> 6954.198 | G21: =+CPUE!F19 -> 12.5 | H21: =Effort!H19 -> 903.95477 | I21: =Harvest!H19 -> 13075.811 | J21: =CPUE!H19 -> 14.465116 | K21: =Effort!J19 -> CLOSED | L21: =Harvest!J19 -> CLOSED | M21: =CPUE!J19 -> CLOSED | N21: =Effort!L19 -> 892.28663 | O21: =Harvest!L19 -> 10552.259 | P21: =CPUE!L19 -> 11.826087 | Q21: CLOSED | R21: CLOSED | S21: CLOSED | T21: =SUM(E21,H21,K21,N21) -> 2352.5772 | U21: =SUM(F21,I21,L21,O21) -> 30582.268
A22: 45966 | B22: Wed | C22: -1.7 | D22: 0.75069444 | E22: =Effort!F20 -> 379.12088 | F22: =Harvest!F20 -> 3032.967 | G22: =+CPUE!F20 -> 8 | H22: =Effort!H20 -> 234.74856 | I22: =Harvest!H20 -> 1877.9885 | J22: =CPUE!H20 -> 8 | K22: =Effort!J20 -> 522.09946 | L22: =Harvest!J20 -> 4263.8123 | M22: =CPUE!J20 -> 8.1666667 | N22: =Effort!L20 -> CLOSED | O22: =Harvest!L20 -> CLOSED | P22: =CPUE!L20 -> CLOSED | Q22: CLOSED | R22: CLOSED | S22: CLOSED | T22: =SUM(E22,H22,K22,N22) -> 1135.9689 | U22: =SUM(F22,I22,L22,O22) -> 9174.7678
A23: 45967 | B23: Thu | C23: -2 | D23: 0.78194444 | E23: =Effort!F21 -> 403.86069 | F23: =Harvest!F21 -> 807.72137 | G23: =+CPUE!F21 -> 2 | H23: =Effort!H21 -> 250.06725 | I23: =Harvest!H21 -> 538.60638 | J23: =CPUE!H21 -> 2.1538462 | K23: =Effort!J21 -> 556.16945 | L23: =Harvest!J21 -> 787.90672 | M23: =CPUE!J21 -> 1.4166667 | N23: =Effort!L21 -> CLOSED | O23: =Harvest!L21 -> CLOSED | P23: =CPUE!L21 -> CLOSED | Q23: CLOSED | R23: CLOSED | S23: CLOSED | T23: =SUM(E23,H23,K23,N23) -> 1210.0974 | U23: =SUM(F23,I23,L23,O23) -> 2134.2345
A24: 45968 | B24: Fri | C24: -1.9 | D24: 0.81527778 | E24: =Effort!F22 -> 1167.255 | F24: =Harvest!F22 -> 15757.943 | G24: =+CPUE!F22 -> 13.5 | H24: =Effort!H22 -> 1896.5985 | I24: =Harvest!H22 -> 25604.08 | J24: =CPUE!H22 -> 13.5 | K24: =Effort!J22 -> CLOSED | L24: =Harvest!J22 -> CLOSED | M24: =CPUE!J22 -> CLOSED | N24: =Effort!L22 -> 1872.1175 | O24: =Harvest!L22 -> 25541.031 | P24: =CPUE!L22 -> 13.642857 | Q24: CLOSED | R24: CLOSED | S24: CLOSED | T24: =SUM(E24,H24,K24,N24) -> 4935.971 | U24: =SUM(F24,I24,L24,O24) -> 66903.055
A25: 45969 | B25: Sat | C25: -1.5 | D25: 0.85069444 | E25: =Effort!F23 -> 1104.9002 | F25: =Harvest!F23 -> 16021.053 | G25: =+CPUE!F23 -> 14.5 | H25: =Effort!H23 -> 2324.0358 | I25: =Harvest!H23 -> 34860.537 | J25: =CPUE!H23 -> 15 | K25: =Effort!J23 -> CLOSED | L25: =Harvest!J23 -> CLOSED | M25: =CPUE!J23 -> CLOSED | N25: =Effort!L23 -> 1772.1089 | O25: =Harvest!L23 -> 25695.579 | P25: =CPUE!L23 -> 14.5 | Q25: CLOSED | R25: CLOSED | S25: CLOSED | T25: =SUM(E25,H25,K25,N25) -> 5201.045 | U25: =SUM(F25,I25,L25,O25) -> 76577.17
A26: 45970 | B26: Sun | C26: -0.9 | D26: 0.88819444 | E26: =Effort!F24 -> 392.30132 | F26: =Harvest!F24 -> 4119.1639 | G26: =+CPUE!F24 -> 10.5 | H26: =Effort!H24 -> 242.90978 | I26: =Harvest!H24 -> 2550.5527 | J26: =CPUE!H24 -> 10.5 | K26: =Effort!J24 -> 540.25068 | L26: =Harvest!J24 -> 5778.3333 | M26: =CPUE!J24 -> 10.695652 | N26: =Effort!L24 -> CLOSED | O26: =Harvest!L24 -> CLOSED | P26: =CPUE!L24 -> CLOSED | Q26: CLOSED | R26: CLOSED | S26: CLOSED | T26: =SUM(E26,H26,K26,N26) -> 1175.4618 | U26: =SUM(F26,I26,L26,O26) -> 12448.05
A27: Tide Series Totals | E27: =SUM(E20:E26) -> 4890.9774 | F27: =SUM(F20:F26) -> 58936.454 | G27: =+F27/E27 -> 12.050036 | H27: =SUM(H20:H26) -> 6497.4871 | I27: =SUM(I20:I26) -> 87217.403 | J27: =+I27/H27 -> 13.423251 | K27: =SUM(K20:K26) -> 1618.5196 | L27: =SUM(L20:L26) -> 10830.052 | M27: =+L27/K27 -> 6.6913323 | N27: =SUM(N20:N26) -> 5173.3576 | O27: =SUM(O20:O26) -> 70233.983 | P27: =+O27/N27 -> 13.576093 | T27: =SUM(T20:T26) -> 18180.342 | U27: =SUM(U20:U26) -> 227217.89 | W27: =SUM(H27,K27,N27,Q27,E27) -> 18180.342 | X27: =SUM(R27,O27,L27,I27,F27) -> 227217.89
A28: 45979 | B28: Tue | C28: -0.02 | D28: 0.72083333 | E28: =Effort!F26 -> 393.78813 | F28: =Harvest!F26 -> 5906.8219 | G28: =+CPUE!F26 -> 15 | H28: =Effort!H26 -> 721.06624 | I28: =Harvest!H26 -> 10815.994 | J28: =CPUE!H26 -> 15 | K28: =Effort!J26 -> 829.8582 | L28: =Harvest!J26 -> 12349.08 | M28: =CPUE!J26 -> 14.880952 | N28: =Effort!L26 -> CLOSED | O28: =Harvest!L26 -> CLOSED | P28: =CPUE!L26 -> CLOSED | Q28: CLOSED | R28: CLOSED | S28: CLOSED | T28: =SUM(E28,H28,K28,N28) -> 1944.7126 | U28: =SUM(F28,I28,L28,O28) -> 29071.896
A29: 45980 | B29: Wed | C29: -0.3 | D29: 0.74444444 | E29: =Effort!F27 -> 864.90531 | F29: =Harvest!F27 -> 11935.693 | G29: =+CPUE!F27 -> 13.8 | H29: =Effort!H27 -> 648.04469 | I29: =Harvest!H27 -> 9720.6704 | J29: =CPUE!H27 -> 15 | K29: =Effort!J27 -> CLOSED | L29: =Harvest!J27 -> CLOSED | M29: =CPUE!J27 -> CLOSED | N29: =Effort!L27 -> 319.48882 | O29: =Harvest!L27 -> 3194.8882 | P29: =CPUE!L27 -> 10 | Q29: CLOSED | R29: CLOSED | S29: CLOSED | T29: =SUM(E29,H29,K29,N29) -> 1832.4388 | U29: =SUM(F29,I29,L29,O29) -> 24851.252
A30: 45981 | B30: Thu | C30: -0.43 | D30: 0.76736111 | E30: =Effort!F28 -> 206.76545 | F30: =Harvest!F28 -> 620.29634 | G30: =+CPUE!F28 -> 3 | H30: =Effort!H28 -> 378.60863 | I30: =Harvest!H28 -> 908.66071 | J30: =CPUE!H28 -> 2.4 | K30: =Effort!J28 -> CLOSED | L30: =Harvest!J28 -> CLOSED | M30: =CPUE!J28 -> CLOSED | N30: =Effort!L28 -> 203.64964 | O30: =Harvest!L28 -> 633.57667 | P30: =CPUE!L28 -> 3.1111111 | Q30: CLOSED | R30: CLOSED | S30: CLOSED | T30: =SUM(E30,H30,K30,N30) -> 789.02372 | U30: =SUM(F30,I30,L30,O30) -> 2162.5337
A31: 45982 | B31: Fri | C31: -0.41 | D31: 0.79097222 | E31: =Effort!F29 -> 276.88228 | F31: =Harvest!F29 -> 4153.2342 | G31: =+CPUE!F29 -> 15 | H31: =Effort!H29 -> 506.9997 | I31: =Harvest!H29 -> 7435.9956 | J31: =CPUE!H29 -> 14.666667 | K31: =Effort!J29 -> 583.49405 | L31: =Harvest!J29 -> 6100.165 | M31: =CPUE!J29 -> 10.454545 | N31: =Effort!L29 -> CLOSED | O31: =Harvest!L29 -> CLOSED | P31: =CPUE!L29 -> CLOSED | Q31: CLOSED | R31: CLOSED | S31: CLOSED | T31: =SUM(E31,H31,K31,N31) -> 1367.376 | U31: =SUM(F31,I31,L31,O31) -> 17689.395
A32: 45983 | B32: Sat | C32: -0.29 | D32: 0.81527778 | E32: =Effort!F30 -> 581.23178 | F32: =Harvest!F30 -> 4068.6224 | G32: =+CPUE!F30 -> 7 | H32: =Effort!H30 -> 1064.2947 | I32: =Harvest!H30 -> 7450.0628 | J32: =CPUE!H30 -> 7 | K32: =Effort!J30 -> 1224.8718 | L32: =Harvest!J30 -> 8301.9086 | M32: =CPUE!J30 -> 6.7777778 | N32: =Effort!L30 -> CLOSED | O32: =Harvest!L30 -> CLOSED | P32: =CPUE!L30 -> CLOSED | Q32: CLOSED | R32: CLOSED | S32: CLOSED | T32: =SUM(E32,H32,K32,N32) -> 2870.3982 | U32: =SUM(F32,I32,L32,O32) -> 19820.594
A33: 45984 | B33: Sun | C33: -0.09 | D33: 0.84166667 | E33: =Effort!F31 -> 576.01117 | F33: =Harvest!F31 -> 3456.067 | G33: =+CPUE!F31 -> 6 | H33: =Effort!H31 -> 395.57138 | I33: =Harvest!H31 -> 2373.4283 | J33: =CPUE!H31 -> 6 | K33: =Effort!J31 -> CLOSED | L33: =Harvest!J31 -> CLOSED | M33: =CPUE!J31 -> CLOSED | N33: =Effort!L31 -> 212.77373 | O33: =Harvest!L31 -> 1237.9563 | P33: =CPUE!L31 -> 5.8181818 | Q33: CLOSED | R33: CLOSED | S33: CLOSED | T33: =SUM(E33,H33,K33,N33) -> 1184.3563 | U33: =SUM(F33,I33,L33,O33) -> 7067.4516
A34: Tide Series Totals | E34: =SUM(E28:E33) -> 2899.5841 | F34: =SUM(F28:F33) -> 30140.735 | G34: =+F34/E34 -> 10.394848 | H34: =SUM(H28:H33) -> 3714.5853 | I34: =SUM(I28:I33) -> 38704.811 | J34: =+I34/H34 -> 10.419686 | K34: =SUM(K28:K33) -> 2638.224 | L34: =SUM(L28:L33) -> 26751.154 | M34: =+L34/K34 -> 10.139834 | N34: =SUM(N28:N33) -> 735.91219 | O34: =SUM(O28:O33) -> 5066.4211 | P34: =+O34/N34 -> 6.8845457 | T34: =SUM(T28:T33) -> 9988.3056 | U34: =SUM(U28:U33) -> 100663.12 | W34: =SUM(H34,K34,N34,Q34,E34) -> 9988.3056 | X34: =SUM(R34,O34,L34,I34,F34) -> 100663.12
A35: 45993 | B35: Tue | C35: -0.59 | D35: 0.67430556 | E35: =Effort!F33 -> 955.58029 | F35: =Harvest!F33 -> 14333.704 | G35: =+CPUE!F33 -> 15 | H35: =Effort!H33 -> 892.36414 | I35: =Harvest!H33 -> 13385.462 | J35: =CPUE!H33 -> 15 | K35: =Effort!J33 -> 1269.4788 | L35: =Harvest!J33 -> 18749.225 | M35: =CPUE!J33 -> 14.769231 | N35: =Effort!L33 -> CLOSED | O35: =Harvest!L33 -> CLOSED | P35: =CPUE!L33 -> CLOSED | Q35: CLOSED | R35: CLOSED | S35: CLOSED | T35: =SUM(E35,H35,K35,N35) -> 3117.4232 | U35: =SUM(F35,I35,L35,O35) -> 46468.391
A36: 45994 | B36: Wed | C36: -1.4 | D36: 0.70763889 | E36: =Effort!F34 -> 1304.4743 | F36: =Harvest!F34 -> 19522.241 | G36: =+CPUE!F34 -> 14.9656 | H36: =Effort!H34 -> 1099.8526 | I36: =Harvest!H34 -> 16497.789 | J36: =CPUE!H34 -> 15 | K36: =Effort!J34 -> CLOSED | L36: =Harvest!J34 -> CLOSED | M36: =CPUE!J34 -> CLOSED | N36: =Effort!L34 -> 1233.8476 | O36: =Harvest!L34 -> 17248.161 | P36: =CPUE!L34 -> 13.979167 | Q36: CLOSED | R36: CLOSED | S36: CLOSED | T36: =SUM(E36,H36,K36,N36) -> 3638.1745 | U36: =SUM(F36,I36,L36,O36) -> 53268.191
A37: 45995 | B37: Thu | C37: -1.9 | D37: 0.74097222 | E37: =Effort!F35 -> 542.92009 | F37: =Harvest!F35 -> 6786.5011 | G37: =+CPUE!F35 -> 12.5 | H37: =Effort!H35 -> 457.75685 | I37: =Harvest!H35 -> 5721.9606 | J37: =CPUE!H35 -> 12.5 | K37: =Effort!J35 -> CLOSED | L37: =Harvest!J35 -> CLOSED | M37: =CPUE!J35 -> CLOSED | N37: =Effort!L35 -> 513.52535 | O37: =Harvest!L35 -> 6162.3041 | P37: =CPUE!L35 -> 12 | Q37: CLOSED | R37: CLOSED | S37: CLOSED | T37: =SUM(E37,H37,K37,N37) -> 1514.2023 | U37: =SUM(F37,I37,L37,O37) -> 18670.766
A38: 45996 | B38: Fri | C38: -2.05 | D38: 0.77361111 | E38: =Effort!F36 -> 805.31502 | F38: =Harvest!F36 -> 12079.725 | G38: =+CPUE!F36 -> 15 | H38: =Effort!H36 -> 752.03963 | I38: =Harvest!H36 -> 7364.8019 | J38: =CPUE!H36 -> 9.7931034 | K38: =Effort!J36 -> 1069.8529 | L38: =Harvest!J36 -> 13765.44 | M38: =CPUE!J36 -> 12.866667 | N38: =Effort!L36 -> CLOSED | O38: =Harvest!L36 -> CLOSED | P38: =CPUE!L36 -> CLOSED | Q38: CLOSED | R38: CLOSED | S38: CLOSED | T38: =SUM(E38,H38,K38,N38) -> 2627.2075 | U38: =SUM(F38,I38,L38,O38) -> 33209.968
A39: 45997 | B39: Sat | C39: -1.86 | D39: 0.80694444 | E39: =Effort!F37 -> 1127.0943 | F39: =Harvest!F37 -> 14088.679 | G39: =+CPUE!F37 -> 12.5 | H39: =Effort!H37 -> 1052.5317 | I39: =Harvest!H37 -> 13156.647 | J39: =CPUE!H37 -> 12.5 | K39: =Effort!J37 -> 1497.3335 | L39: =Harvest!J37 -> 18799.854 | M39: =CPUE!J37 -> 12.555556 | N39: =Effort!L37 -> CLOSED | O39: =Harvest!L37 -> CLOSED | P39: =CPUE!L37 -> CLOSED | Q39: CLOSED | R39: CLOSED | S39: CLOSED | T39: =SUM(E39,H39,K39,N39) -> 3676.9595 | U39: =SUM(F39,I39,L39,O39) -> 46045.179
A40: 45998 | B40: Sun | C40: -1.41 | D40: 0.84027778 | E40: =Effort!F38 -> 228.84007 | F40: =Harvest!F38 -> 2402.8207 | G40: =+CPUE!F38 -> 10.5 | H40: =Effort!H38 -> 192.94388 | I40: =Harvest!H38 -> 2025.9108 | J40: =CPUE!H38 -> 10.5 | K40: =Effort!J38 -> CLOSED | L40: =Harvest!J38 -> CLOSED | M40: =CPUE!J38 -> CLOSED | N40: =Effort!L38 -> 216.45023 | O40: =Harvest!L38 -> 2056.2771 | P40: =CPUE!L38 -> 9.5 | Q40: CLOSED | R40: CLOSED | S40: CLOSED | T40: =SUM(E40,H40,K40,N40) -> 638.23418 | U40: =SUM(F40,I40,L40,O40) -> 6485.0087
A41: 45999 | B41: Mon | C41: -0.78 | D41: 0.87430556 | E41: =Effort!F39 -> 12.082756 | F41: =Harvest!F39 -> 84.57929 | G41: =+CPUE!F39 -> 7 | H41: =Effort!H39 -> 10.187437 | I41: =Harvest!H39 -> 71.312059 | J41: =CPUE!H39 -> 7 | K41: =Effort!J39 -> CLOSED | L41: =Harvest!J39 -> CLOSED | M41: =CPUE!J39 -> CLOSED | N41: =Effort!L39 -> 11.428572 | O41: =Harvest!L39 -> 57.14286 | P41: =CPUE!L39 -> 5 | Q41: CLOSED | R41: CLOSED | S41: CLOSED | T41: =SUM(E41,H41,K41,N41) -> 33.698765 | U41: =SUM(F41,I41,L41,O41) -> 213.03421
A42: Tide Series Totals | E42: =SUM(E35:E41) -> 4976.3069 | F42: =SUM(F35:F41) -> 69298.251 | G42: =+F42/E42 -> 13.925639 | H42: =SUM(H35:H41) -> 4457.6763 | I42: =SUM(I35:I41) -> 58223.883 | J42: =+I42/H42 -> 13.061488 | K42: =SUM(K35:K41) -> 3836.6651 | L42: =SUM(L35:L41) -> 51314.519 | M42: =+L42/K42 -> 13.374771 | N42: =SUM(N35:N41) -> 1975.2517 | O42: =SUM(O35:O41) -> 25523.885 | P42: =+O42/N42 -> 12.921839 | T42: =SUM(T35:T41) -> 15245.9 | U42: =SUM(U35:U41) -> 204360.54 | W42: =SUM(H42,K42,N42,Q42,E42) -> 15245.9 | X42: =SUM(R42,O42,L42,I42,F42) -> 204360.54
A43: 46009 | B43: Thu | C43: -0.2 | D43: 0.73194444 | E43: =Effort!F41 -> 132.38197 | F43: =Harvest!F41 -> 926.67379 | G43: =+CPUE!F41 -> 7 | H43: =Effort!H41 -> 126.17702 | I43: =Harvest!H41 -> 851.69489 | J43: =CPUE!H41 -> 6.75 | K43: =Effort!J41 -> 147.32965 | L43: =Harvest!J41 -> 654.79847 | M43: =CPUE!J41 -> 4.4444444 | N43: =Effort!L41 -> CLOSED | O43: =Harvest!L41 -> CLOSED | P43: =CPUE!L41 -> CLOSED | Q43: CLOSED | R43: CLOSED | S43: CLOSED | T43: =SUM(E43,H43,K43,N43) -> 405.88864 | U43: =SUM(F43,I43,L43,O43) -> 2433.1671
A44: 46010 | B44: Fri | C44: -0.38 | D44: 0.75625 | E44: =Effort!F42 -> 248.3826 | F44: =Harvest!F42 -> 1738.6782 | G44: =+CPUE!F42 -> 7 | H44: =Effort!H42 -> 236.74052 | I44: =Harvest!H42 -> 1657.1837 | J44: =CPUE!H42 -> 7 | K44: =Effort!J42 -> CLOSED | L44: =Harvest!J42 -> CLOSED | M44: =CPUE!J42 -> CLOSED | N44: =Effort!L42 -> 155.55695 | O44: =Harvest!L42 -> 591.1164 | P44: =CPUE!L42 -> 3.8 | Q44: CLOSED | R44: CLOSED | S44: CLOSED | T44: =SUM(E44,H44,K44,N44) -> 640.68007 | U44: =SUM(F44,I44,L44,O44) -> 3986.9783
A45: 46011 | B45: Sat | C45: -0.45 | D45: 0.78055556 | E45: =Effort!F43 -> 401.42558 | F45: =Harvest!F43 -> 2809.979 | G45: =+CPUE!F43 -> 7 | H45: =Effort!H43 -> 382.61014 | I45: =Harvest!H43 -> 2678.271 | J45: =CPUE!H43 -> 7 | K45: =Effort!J43 -> CLOSED | L45: =Harvest!J43 -> CLOSED | M45: =CPUE!J43 -> CLOSED | N45: =Effort!L43 -> 251.40464 | O45: =Harvest!L43 -> 1177.6322 | P45: =CPUE!L43 -> 4.6842105 | Q45: CLOSED | R45: CLOSED | S45: CLOSED | T45: =SUM(E45,H45,K45,N45) -> 1035.4403 | U45: =SUM(F45,I45,L45,O45) -> 6665.8822
A46: 46012 | B46: Sun | C46: -0.44 | D46: 0.80486111 | E46: =Effort!F44 -> 88.496427 | F46: =Harvest!F44 -> 1327.4464 | G46: =+CPUE!F44 -> 15 | H46: =Effort!H44 -> 84.348462 | I46: =Harvest!H44 -> 1128.1607 | J46: =CPUE!H44 -> 13.375 | K46: =Effort!J44 -> 196.5647 | L46: =Harvest!J44 -> 2407.9176 | M46: =CPUE!J44 -> 12.25 | N46: =Effort!L44 -> CLOSED | O46: =Harvest!L44 -> CLOSED | P46: =CPUE!L44 -> CLOSED | Q46: CLOSED | R46: CLOSED | S46: CLOSED | T46: =SUM(E46,H46,K46,N46) -> 369.40959 | U46: =SUM(F46,I46,L46,O46) -> 4863.5247
A47: 46013 | B47: Mon | C47: -0.33 | D47: 0.82916667 | E47: =Effort!F45 -> 38.404968 | F47: =Harvest!F45 -> 268.83478 | G47: =+CPUE!F45 -> 7 | H47: =Effort!H45 -> 36.604868 | I47: =Harvest!H45 -> 256.23407 | J47: =CPUE!H45 -> 7 | K47: =Effort!J45 -> 85.303569 | L47: =Harvest!J45 -> 497.60415 | M47: =CPUE!J45 -> 5.8333333 | N47: =Effort!L45 -> CLOSED | O47: =Harvest!L45 -> CLOSED | P47: =CPUE!L45 -> CLOSED | Q47: CLOSED | R47: CLOSED | S47: CLOSED | T47: =SUM(E47,H47,K47,N47) -> 160.3134 | U47: =SUM(F47,I47,L47,O47) -> 1022.673
A48: 46014 | B48: Tue | C48: -0.11 | D48: 0.85486111 | E48: =Effort!F46 -> 94.817751 | F48: =Harvest!F46 -> 663.72425 | G48: =+CPUE!F46 -> 7 | H48: =Effort!H46 -> 90.373495 | I48: =Harvest!H46 -> 632.61447 | J48: =CPUE!H46 -> 7 | K48: =Effort!J46 -> CLOSED | L48: =Harvest!J46 -> CLOSED | M48: =CPUE!J46 -> CLOSED | N48: =Effort!L46 -> 59.382419 | O48: =Harvest!L46 -> 415.67694 | P48: =CPUE!L46 -> 7 | Q48: CLOSED | R48: CLOSED | S48: CLOSED | T48: =SUM(E48,H48,K48,N48) -> 244.57367 | U48: =SUM(F48,I48,L48,O48) -> 1712.0157
A49: Tide Series Totals | E49: =SUM(E43:E48) -> 1003.9093 | F49: =SUM(F43:F48) -> 7735.3365 | G49: =+F49/E49 -> 7.7052145 | H49: =SUM(H43:H48) -> 956.8545 | I49: =SUM(I43:I48) -> 7204.1587 | J49: =+I49/H49 -> 7.5290012 | K49: =SUM(K43:K48) -> 429.19792 | L49: =SUM(L43:L48) -> 3560.3202 | M49: =+L49/K49 -> 8.2952876 | N49: =SUM(N43:N48) -> 466.344 | O49: =SUM(O43:O48) -> 2184.4256 | P49: =+O49/N49 -> 4.6841507 | T49: =SUM(T43:T48) -> 2856.3057 | U49: =SUM(U43:U48) -> 20684.241 | W49: =SUM(H49,K49,N49,Q49,E49) -> 2856.3057 | X49: =SUM(R49,O49,L49,I49,F49) -> 20684.241
A50: 46022 | B50: Wed | C50: -0.62 | D50: 0.66319444 | E50: =Effort!F48 -> 3790.6397 | F50: =Harvest!F48 -> 56101.468 | G50: =+CPUE!F48 -> 14.8 | H50: =Effort!H48 -> 2135.3076 | I50: =Harvest!H48 -> 31580.076 | J50: =CPUE!H48 -> 14.789474 | K50: =Effort!J48 -> 3564.2963 | L50: =Harvest!J48 -> 51573.185 | M50: =CPUE!J48 -> 14.469388 | N50: =Effort!L48 -> CLOSED | O50: =Harvest!L48 -> CLOSED | P50: =CPUE!L48 -> CLOSED | Q50: CLOSED | R50: CLOSED | S50: CLOSED | T50: =SUM(E50,H50,K50,N50) -> 9490.2436 | U50: =SUM(F50,I50,L50,O50) -> 139254.73
A51: 46023 | B51: Thu | C51: -1.24 | D51: 0.69930556 | E51: =Effort!F49 -> 6107.8564 | F51: =Harvest!F49 -> 64132.492 | G51: =+CPUE!F49 -> 10.5 | H51: =Effort!H49 -> 3440.6204 | I51: =Harvest!H49 -> 36126.514 | J51: =CPUE!H49 -> 10.5 | K51: =Effort!J49 -> 5743.1494 | L51: =Harvest!J49 -> 61932.881 | M51: =CPUE!J49 -> 10.783784 | N51: =Effort!L49 -> CLOSED | O51: =Harvest!L49 -> CLOSED | P51: =CPUE!L49 -> CLOSED | Q51: CLOSED | R51: CLOSED | S51: CLOSED | T51: =SUM(E51,H51,K51,N51) -> 15291.626 | U51: =SUM(F51,I51,L51,O51) -> 162191.89
A52: 46024 | B52: Fri | C52: -1.61 | D52: 0.73402778 | E52: =Effort!F50 -> 4307.2803 | F52: =Harvest!F50 -> 64609.205 | G52: =+CPUE!F50 -> 15 | H52: =Effort!H50 -> 2528.7059 | I52: =Harvest!H50 -> 31608.823 | J52: =CPUE!H50 -> 12.5 | K52: =Effort!J50 -> CLOSED | L52: =Harvest!J50 -> CLOSED | M52: =CPUE!J50 -> CLOSED | N52: =Effort!L50 -> 2048.8245 | O52: =Harvest!L50 -> 12628.82 | P52: =CPUE!L50 -> 6.1639344 | Q52: CLOSED | R52: CLOSED | S52: CLOSED | T52: =SUM(E52,H52,K52,N52) -> 8884.8106 | U52: =SUM(F52,I52,L52,O52) -> 108846.85
A53: 46025 | B53: Sat | C53: -1.71 | D53: 0.76597222 | E53: =Effort!F51 -> 2228.7895 | F53: =Harvest!F51 -> 17830.316 | G53: =+CPUE!F51 -> 8 | H53: =Effort!H51 -> 1308.4714 | I53: =Harvest!H51 -> 10331.472 | J53: =CPUE!H51 -> 7.8958333 | K53: =Effort!J51 -> CLOSED | L53: =Harvest!J51 -> CLOSED | M53: =CPUE!J51 -> CLOSED | N53: =Effort!L51 -> 1060.1582 | O53: =Harvest!L51 -> 1827.859 | P53: =CPUE!L51 -> 1.7241379 | Q53: CLOSED | R53: CLOSED | S53: CLOSED | T53: =SUM(E53,H53,K53,N53) -> 4597.4192 | U53: =SUM(F53,I53,L53,O53) -> 29989.648
A54: 46026 | B54: Sun | C54: -1.53 | D54: 0.79652778 | E54: =Effort!F52 -> 388.3185 | F54: =Harvest!F52 -> 4853.9812 | G54: =+CPUE!F52 -> 12.5 | H54: =Effort!H52 -> 218.74393 | I54: =Harvest!H52 -> 2734.2992 | J54: =CPUE!H52 -> 12.5 | K54: =Effort!J52 -> 365.13156 | L54: =Harvest!J52 -> 4510.4487 | M54: =CPUE!J52 -> 12.352941 | N54: =Effort!L52 -> CLOSED | O54: =Harvest!L52 -> CLOSED | P54: =CPUE!L52 -> CLOSED | Q54: CLOSED | R54: CLOSED | S54: CLOSED | T54: =SUM(E54,H54,K54,N54) -> 972.19399 | U54: =SUM(F54,I54,L54,O54) -> 12098.729
A55: 46027 | B55: Mon | C55: -1.11 | D55: 0.82638889 | E55: =Effort!F53 -> 93.579823 | F55: =Harvest!F53 -> 1366.2654 | G55: =+CPUE!F53 -> 14.6 | H55: =Effort!H53 -> 265.02604 | I55: =Harvest!H53 -> 3909.1341 | J55: =CPUE!H53 -> 14.75 | K55: =Effort!J53 -> 245.09803 | L55: =Harvest!J53 -> 3308.8233 | M55: =CPUE!J53 -> 13.5 | N55: =Effort!L53 -> CLOSED | O55: =Harvest!L53 -> CLOSED | P55: =CPUE!L53 -> CLOSED | Q55: CLOSED | R55: CLOSED | S55: CLOSED | T55: =SUM(E55,H55,K55,N55) -> 603.70389 | U55: =SUM(F55,I55,L55,O55) -> 8584.2228
A56: 46028 | B56: Tue | C56: -0.49 | D56: 0.85555556 | E56: =Effort!F54 -> 61.40956 | F56: =Harvest!F54 -> 307.0478 | G56: =+CPUE!F54 -> 5 | H56: =Effort!H54 -> 36.05215 | I56: =Harvest!H54 -> 180.26075 | J56: =CPUE!H54 -> 5 | K56: =Effort!J54 -> CLOSED | L56: =Harvest!J54 -> CLOSED | M56: =CPUE!J54 -> CLOSED | N56: =Effort!L54 -> 29.210406 | O56: =Harvest!L54 -> 146.05203 | P56: =CPUE!L54 -> 5 | Q56: CLOSED | R56: CLOSED | S56: CLOSED | T56: =SUM(E56,H56,K56,N56) -> 126.67212 | U56: =SUM(F56,I56,L56,O56) -> 633.36058
A57: Tide Series Totals | E57: =SUM(E50:E56) -> 16977.874 | F57: =SUM(F50:F56) -> 209200.78 | G57: =+F57/E57 -> 12.321965 | H57: =SUM(H50:H56) -> 9932.9274 | I57: =SUM(I50:I56) -> 116470.58 | J57: =+I57/H57 -> 11.725705 | K57: =SUM(K50:K56) -> 9917.6752 | L57: =SUM(L50:L56) -> 121325.34 | M57: =+L57/K57 -> 12.233244 | N57: =SUM(N50:N56) -> 3138.1931 | O57: =SUM(O50:O56) -> 14602.731 | P57: =+O57/N57 -> 4.6532289 | T57: =SUM(T50:T56) -> 39966.67 | U57: =SUM(U50:U56) -> 461599.42 | W57: =SUM(H57,K57,N57,Q57,E57) -> 39966.67 | X57: =SUM(R57,O57,L57,I57,F57) -> 461599.42
A58: 46037 | B58: Thu | C58: 0.37 | D58: 0.69097222 | E58: =Effort!F56 -> 899.99988 | F58: =Harvest!F56 -> 13499.998 | G58: =+CPUE!F56 -> 15 | H58: =Effort!H56 -> 538.44434 | I58: =Harvest!H56 -> 8076.6651 | J58: =CPUE!H56 -> 15 | K58: =Effort!J56 -> CLOSED | L58: =Harvest!J56 -> CLOSED | M58: =CPUE!J56 -> CLOSED | N58: =Effort!L56 -> 417.26254 | O58: =Harvest!L56 -> 6185.3036 | P58: =CPUE!L56 -> 14.823529 | Q58: CLOSED | R58: CLOSED | S58: CLOSED | T58: =SUM(E58,H58,K58,N58) -> 1855.7068 | U58: =SUM(F58,I58,L58,O58) -> 27761.967
A59: 46038 | B59: Fri | C59: 0.01 | D59: 0.71805556 | E59: =Effort!F57 -> 1624.4718 | F59: =Harvest!F57 -> 23836.465 | G59: =+CPUE!F57 -> 14.673363 | H59: =Effort!H57 -> 1019.4733 | I59: =Harvest!H57 -> 14272.626 | J59: =CPUE!H57 -> 14 | K59: =Effort!J57 -> 1739.0228 | L59: =Harvest!J57 -> 24240.924 | M59: =CPUE!J57 -> 13.939394 | N59: =Effort!L57 -> CLOSED | O59: =Harvest!L57 -> CLOSED | P59: =CPUE!L57 -> CLOSED | Q59: CLOSED | R59: CLOSED | S59: CLOSED | T59: =SUM(E59,H59,K59,N59) -> 4382.968 | U59: =SUM(F59,I59,L59,O59) -> 62350.016
A60: 46039 | B60: Sat | C60: -0.27 | D60: 0.74305556 | E60: =Effort!F58 -> 2033.8378 | F60: =Harvest!F58 -> 25422.972 | G60: =+CPUE!F58 -> 12.5 | H60: =Effort!H58 -> 1563.2395 | I60: =Harvest!H58 -> 22135.472 | J60: =CPUE!H58 -> 14.16 | K60: =Effort!J58 -> 2666.5821 | L60: =Harvest!J58 -> 25861.614 | M60: =CPUE!J58 -> 9.6984127 | N60: =Effort!L58 -> CLOSED | O60: =Harvest!L58 -> CLOSED | P60: =CPUE!L58 -> CLOSED | Q60: CLOSED | R60: CLOSED | S60: CLOSED | T60: =SUM(E60,H60,K60,N60) -> 6263.6595 | U60: =SUM(F60,I60,L60,O60) -> 73420.058
A61: 46040 | B61: Sun | C61: -0.45 | D61: 0.76666667 | E61: =Effort!F59 -> 2512.9561 | F61: =Harvest!F59 -> 35181.385 | G61: =+CPUE!F59 -> 14 | H61: =Effort!H59 -> 1931.4973 | I61: =Harvest!H59 -> 28972.46 | J61: =CPUE!H59 -> 15 | K61: =Effort!J59 -> CLOSED | L61: =Harvest!J59 -> CLOSED | M61: =CPUE!J59 -> CLOSED | N61: =Effort!L59 -> 1496.7963 | O61: =Harvest!L59 -> 19059.206 | P61: =CPUE!L59 -> 12.733333 | Q61: CLOSED | R61: CLOSED | S61: CLOSED | T61: =SUM(E61,H61,K61,N61) -> 5941.2497 | U61: =SUM(F61,I61,L61,O61) -> 83213.051
A62: 46041 | B62: Mon | C62: -0.5 | D62: 0.78958333 | E62: =Effort!F60 -> 670.73399 | F62: =Harvest!F60 -> 4695.1379 | G62: =+CPUE!F60 -> 7 | H62: =Effort!H60 -> 401.28108 | I62: =Harvest!H60 -> 2808.9675 | J62: =CPUE!H60 -> 7 | K62: =Effort!J60 -> CLOSED | L62: =Harvest!J60 -> CLOSED | M62: =CPUE!J60 -> CLOSED | N62: =Effort!L60 -> 310.96912 | O62: =Harvest!L60 -> 1839.9006 | P62: =CPUE!L60 -> 5.9166667 | Q62: CLOSED | R62: CLOSED | S62: CLOSED | T62: =SUM(E62,H62,K62,N62) -> 1382.9842 | U62: =SUM(F62,I62,L62,O62) -> 9344.0061
A63: 46042 | B63: Tue | C63: -0.39 | D63: 0.81180556 | E63: =Effort!F61 -> 177.00956 | F63: =Harvest!F61 -> 2655.1435 | G63: =+CPUE!F61 -> 15 | H63: =Effort!H61 -> 99.11197 | I63: =Harvest!H61 -> 1238.8996 | J63: =CPUE!H61 -> 12.5 | K63: =Effort!J61 -> 232.07875 | L63: =Harvest!J61 -> 1929.1546 | M63: =CPUE!J61 -> 8.3125 | N63: =Effort!L61 -> CLOSED | O63: =Harvest!L61 -> CLOSED | P63: =CPUE!L61 -> CLOSED | Q63: CLOSED | R63: CLOSED | S63: CLOSED | T63: =SUM(E63,H63,K63,N63) -> 508.20029 | U63: =SUM(F63,I63,L63,O63) -> 5823.1977
A64: 46043 | B64: Wed | C64: -0.09 | D64: 0.83402778 | E64: =Effort!F62 -> 117.69619 | F64: =Harvest!F62 -> 1471.2023 | G64: =+CPUE!F62 -> 12.5 | H64: =Effort!H62 -> 65.900963 | I64: =Harvest!H62 -> 828.46925 | J64: =CPUE!H62 -> 12.571429 | K64: =Effort!J62 -> 154.31247 | L64: =Harvest!J62 -> 1620.281 | M64: =CPUE!J62 -> 10.5 | N64: =Effort!L62 -> CLOSED | O64: =Harvest!L62 -> CLOSED | P64: =CPUE!L62 -> CLOSED | Q64: CLOSED | R64: CLOSED | S64: CLOSED | T64: =SUM(E64,H64,K64,N64) -> 337.90962 | U64: =SUM(F64,I64,L64,O64) -> 3919.9526
A65: Tide Series Totals | E65: =SUM(E58:E64) -> 8036.7053 | F65: =SUM(F58:F64) -> 106762.3 | G65: =+F65/E65 -> 13.284337 | H65: =SUM(H58:H64) -> 5618.9485 | I65: =SUM(I58:I64) -> 78333.559 | J65: =+I65/H65 -> 13.940964 | K65: =SUM(K58:K64) -> 4791.9962 | L65: =SUM(L58:L64) -> 53651.974 | M65: =+L65/K65 -> 11.196164 | N65: =SUM(N58:N64) -> 2225.0279 | O65: =SUM(O58:O64) -> 27084.41 | P65: =+O65/N65 -> 12.172616 | T65: =SUM(T58:T64) -> 20672.678 | U65: =SUM(U58:U64) -> 265832.25 | W65: =SUM(H65,K65,N65,Q65,E65) -> 20672.678 | X65: =SUM(R65,O65,L65,I65,F65) -> 265832.25
A66: 46051 | B66: Thu | C66: -0.6 | D66: 0.66319444 | E66: =Effort!F64 -> 400.77119 | F66: =Harvest!F64 -> 1923.7017 | G66: =+CPUE!F64 -> 4.8 | H66: =Effort!H64 -> 388.70055 | I66: =Harvest!H64 -> 2364.595 | J66: =CPUE!H64 -> 6.0833333 | K66: =Effort!J64 -> CLOSED | L66: =Harvest!J64 -> CLOSED | M66: =CPUE!J64 -> CLOSED | N66: =Effort!L64 -> 281.15016 | O66: =Harvest!L64 -> 833.03752 | P66: =CPUE!L64 -> 2.962963 | Q66: CLOSED | R66: CLOSED | S66: CLOSED | T66: =SUM(E66,H66,K66,N66) -> 1070.6219 | U66: =SUM(F66,I66,L66,O66) -> 5121.3343
A67: 46052 | B67: Fri | C67: -1.2 | D67: 0.69930556 | E67: =Effort!F65 -> 1088.7293 | F67: =Harvest!F65 -> 13935.735 | G67: =+CPUE!F65 -> 12.8 | H67: =Effort!H65 -> 765.04184 | I67: =Harvest!H65 -> 6666.7931 | J67: =CPUE!H65 -> 8.7142857 | K67: =Effort!J65 -> 1076.9896 | L67: =Harvest!J65 -> 12636.678 | M67: =CPUE!J65 -> 11.733333 | N67: =Effort!L65 -> CLOSED | O67: =Harvest!L65 -> CLOSED | P67: =CPUE!L65 -> CLOSED | Q67: CLOSED | R67: CLOSED | S67: CLOSED | T67: =SUM(E67,H67,K67,N67) -> 2930.7607 | U67: =SUM(F67,I67,L67,O67) -> 33239.205
A68: 46053 | B68: Sat | C68: -1.6 | D68: 0.73402778 | E68: =Effort!F66 -> 2362.2291 | F68: =Harvest!F66 -> 33071.207 | G68: =+CPUE!F66 -> 14 | H68: =Effort!H66 -> 2851.2766 | I68: =Harvest!H66 -> 39917.872 | J68: =CPUE!H66 -> 14 | K68: =Effort!J66 -> 4013.8918 | L68: =Harvest!J66 -> 56499.338 | M68: =CPUE!J66 -> 14.075949 | N68: =Effort!L66 -> CLOSED | O68: =Harvest!L66 -> CLOSED | P68: =CPUE!L66 -> CLOSED | Q68: CLOSED | R68: CLOSED | S68: CLOSED | T68: =SUM(E68,H68,K68,N68) -> 9227.3975 | U68: =SUM(F68,I68,L68,O68) -> 129488.42
A69: 46054 | B69: Sun | C69: -1.7 | D69: 0.76597222 | E69: =Effort!F67 -> 597.71918 | F69: =Harvest!F67 -> 6276.0514 | G69: =+CPUE!F67 -> 10.5 | H69: =Effort!H67 -> 956.9882 | I69: =Harvest!H67 -> 10414.283 | J69: =CPUE!H67 -> 10.882353 | K69: =Effort!J67 -> CLOSED | L69: =Harvest!J67 -> CLOSED | M69: =CPUE!J67 -> CLOSED | N69: =Effort!L67 -> 901.46519 | O69: =Harvest!L67 -> 10243.923 | P69: =CPUE!L67 -> 11.363636 | Q69: CLOSED | R69: CLOSED | S69: CLOSED | T69: =SUM(E69,H69,K69,N69) -> 2456.1726 | U69: =SUM(F69,I69,L69,O69) -> 26934.257
A70: 46055 | B70: Mon | C70: -1.5 | D70: 0.79652778 | E70: =Effort!F68 -> 266.06245 | F70: =Harvest!F68 -> 1330.3122 | G70: =+CPUE!F68 -> 5 | H70: =Effort!H68 -> 258.04904 | I70: =Harvest!H68 -> 1290.2452 | J70: =CPUE!H68 -> 5 | K70: =Effort!J68 -> CLOSED | L70: =Harvest!J68 -> CLOSED | M70: =CPUE!J68 -> CLOSED | N70: =Effort!L68 -> 186.6489 | O70: =Harvest!L68 -> 653.27114 | P70: =CPUE!L68 -> 3.5 | Q70: CLOSED | R70: CLOSED | S70: CLOSED | T70: =SUM(E70,H70,K70,N70) -> 710.76038 | U70: =SUM(F70,I70,L70,O70) -> 3273.8286
A71: 46056 | B71: Tue | C71: -1.1 | D71: 0.82638889 | E71: =Effort!F69 -> 225.60043 | F71: =Harvest!F69 -> 3384.0064 | G71: =+CPUE!F69 -> 15 | H71: =Effort!H69 -> 361.2013 | I71: =Harvest!H69 -> 4791.9373 | J71: =CPUE!H69 -> 13.266667 | K71: =Effort!J69 -> 383.33949 | L71: =Harvest!J69 -> 4025.0647 | M71: =CPUE!J69 -> 10.5 | N71: =Effort!L69 -> CLOSED | O71: =Harvest!L69 -> CLOSED | P71: =CPUE!L69 -> CLOSED | Q71: CLOSED | R71: CLOSED | S71: CLOSED | T71: =SUM(E71,H71,K71,N71) -> 970.14122 | U71: =SUM(F71,I71,L71,O71) -> 12201.008
A72: 46057 | B72: Wed | C72: -0.5 | D72: 0.85555556 | E72: =Effort!F70 -> 136.85099 | F72: =Harvest!F70 -> 821.10595 | G72: =+CPUE!F70 -> 6 | H72: =Effort!H70 -> 219.10755 | I72: =Harvest!H70 -> 1314.6453 | J72: =CPUE!H70 -> 6 | K72: =Effort!J70 -> 232.53675 | L72: =Harvest!J70 -> 1448.8828 | M72: =CPUE!J70 -> 6.2307692 | N72: =Effort!L70 -> CLOSED | O72: =Harvest!L70 -> CLOSED | P72: =CPUE!L70 -> CLOSED | Q72: CLOSED | R72: CLOSED | S72: CLOSED | T72: =SUM(E72,H72,K72,N72) -> 588.49529 | U72: =SUM(F72,I72,L72,O72) -> 3584.6341
A73: Tide Series Totals | E73: =SUM(E66:E72) -> 5077.9626 | F73: =SUM(F66:F72) -> 60742.119 | G73: =+F73/E73 -> 11.961908 | H73: =SUM(H66:H72) -> 5800.3651 | I73: =SUM(I66:I72) -> 66760.372 | J73: =+I73/H73 -> 11.509684 | K73: =SUM(K66:K72) -> 5706.7576 | L73: =SUM(L66:L72) -> 74609.963 | M73: =+L73/K73 -> 13.073967 | N73: =SUM(N66:N72) -> 1369.2643 | O73: =SUM(O66:O72) -> 11730.231 | P73: =+O73/N73 -> 8.5668134 | T73: =SUM(T66:T72) -> 17954.35 | U73: =SUM(U66:U72) -> 213842.69 | W73: =SUM(H73,K73,N73,Q73,E73) -> 17954.35 | X73: =SUM(R73,O73,L73,I73,F73) -> 213842.69
A74: 46067 | B74: Sat | C74: 0.25 | D74: 0.7 | E74: =Effort!F72 -> 1822.8631 | F74: =Harvest!F72 -> 14582.905 | G74: =+CPUE!F72 -> 8 | H74: =Effort!H72 -> 2214.5289 | I74: =Harvest!H72 -> 20794.967 | J74: =CPUE!H72 -> 9.3902439 | K74: =Effort!J72 -> CLOSED | L74: =Harvest!J72 -> CLOSED | M74: =CPUE!J72 -> CLOSED | N74: =Effort!L72 -> 1985.6431 | O74: =Harvest!L72 -> 6933.4749 | P74: =CPUE!L72 -> 3.4918033 | Q74: CLOSED | R74: CLOSED | S74: CLOSED | T74: =SUM(E74,H74,K74,N74) -> 6023.0351 | U74: =SUM(F74,I74,L74,O74) -> 42311.347
A75: 46068 | B75: Sun | C75: -0.09 | D75: 0.725 | E75: =Effort!F73 -> 2469.648 | F75: =Harvest!F73 -> 26672.198 | G75: =+CPUE!F73 -> 10.8 | H75: =Effort!H73 -> 1943.441 | I75: =Harvest!H73 -> 18074.001 | J75: =CPUE!H73 -> 9.3 | K75: =Effort!J73 -> 3150.0188 | L75: =Harvest!J73 -> 14470.399 | M75: =CPUE!J73 -> 4.59375 | N75: =Effort!L73 -> CLOSED | O75: =Harvest!L73 -> CLOSED | P75: =CPUE!L73 -> CLOSED | Q75: CLOSED | R75: CLOSED | S75: CLOSED | T75: =SUM(E75,H75,K75,N75) -> 7563.1078 | U75: =SUM(F75,I75,L75,O75) -> 59216.598
A76: 46069 | B76: Mon | C76: -0.29 | D76: 0.74791667 | E76: =Effort!F74 -> 680.24441 | F76: =Harvest!F74 -> 3401.2221 | G76: =+CPUE!F74 -> 5 | H76: =Effort!H74 -> 535.30499 | I76: =Harvest!H74 -> 2676.525 | J76: =CPUE!H74 -> 5 | K76: =Effort!J74 -> 867.64701 | L76: =Harvest!J74 -> 2651.1436 | M76: =CPUE!J74 -> 3.0555556 | N76: =Effort!L74 -> CLOSED | O76: =Harvest!L74 -> CLOSED | P76: =CPUE!L74 -> CLOSED | Q76: CLOSED | R76: CLOSED | S76: CLOSED | T76: =SUM(E76,H76,K76,N76) -> 2083.1964 | U76: =SUM(F76,I76,L76,O76) -> 8728.8907
A77: 46070 | B77: Tue | C77: -0.3 | D77: 0.77013889 | E77: =Effort!F75 -> 208.42013 | F77: =Harvest!F75 -> 416.84026 | G77: =+CPUE!F75 -> 2 | H77: =Effort!H75 -> 253.2019 | I77: =Harvest!H75 -> 506.4038 | J77: =CPUE!H75 -> 2 | K77: =Effort!J75 -> CLOSED | L77: =Harvest!J75 -> CLOSED | M77: =CPUE!J75 -> CLOSED | N77: =Effort!L75 -> 367.58405 | O77: =Harvest!L75 -> 73.51681 | P77: =CPUE!L75 -> 0.2 | Q77: CLOSED | R77: CLOSED | S77: CLOSED | T77: =SUM(E77,H77,K77,N77) -> 829.20608 | U77: =SUM(F77,I77,L77,O77) -> 996.76087
A78: 46071 | B78: Wed | C78: -0.11 | D78: 0.79166667 | E78: =Effort!F76 -> 118.00638 | F78: =Harvest!F76 -> 94.405101 | G78: =+CPUE!F76 -> 0.8 | H78: =Effort!H76 -> 143.36158 | I78: =Harvest!H76 -> 122.88135 | J78: =CPUE!H76 -> 0.85714286 | K78: =Effort!J76 -> CLOSED | L78: =Harvest!J76 -> CLOSED | M78: =CPUE!J76 -> CLOSED | N78: =Effort!L76 -> 208.12415 | O78: =Harvest!L76 -> 416.24829 | P78: =CPUE!L76 -> 2 | Q78: CLOSED | R78: CLOSED | S78: CLOSED | T78: =SUM(E78,H78,K78,N78) -> 469.4921 | U78: =SUM(F78,I78,L78,O78) -> 633.53474
A79: 46072 | B79: Thu | C79: 0.29 | D79: 0.81388889 | E79: =Effort!F77 -> 226.12226 | F79: =Harvest!F77 -> 1130.6113 | G79: =+CPUE!F77 -> 5 | H79: =Effort!H77 -> 177.94247 | I79: =Harvest!H77 -> 889.71236 | J79: =CPUE!H77 -> 5 | K79: =Effort!J77 -> 288.41736 | L79: =Harvest!J77 -> 1009.4608 | M79: =CPUE!J77 -> 3.5 | N79: =Effort!L77 -> CLOSED | O79: =Harvest!L77 -> CLOSED | P79: =CPUE!L77 -> CLOSED | Q79: CLOSED | R79: CLOSED | S79: CLOSED | T79: =SUM(E79,H79,K79,N79) -> 692.48209 | U79: =SUM(F79,I79,L79,O79) -> 3029.7844
A80: Tide Series Totals | E80: =SUM(E74:E79) -> 5525.3043 | F80: =SUM(F74:F79) -> 46298.182 | G80: =+F80/E80 -> 8.3793 | H80: =SUM(H74:H79) -> 5267.7809 | I80: =SUM(I74:I79) -> 43064.491 | J80: =+I80/H80 -> 8.1750725 | K80: =SUM(K74:K79) -> 4306.0832 | L80: =SUM(L74:L79) -> 18131.003 | M80: =+L80/K80 -> 4.2105558 | N80: =SUM(N74:N79) -> 2561.3513 | O80: =SUM(O74:O79) -> 7423.24 | P80: =+O80/N80 -> 2.8981734 | T80: =SUM(T74:T79) -> 17660.52 | U80: =SUM(U74:U79) -> 114916.92 | W80: =SUM(H80,K80,N80,Q80,E80) -> 17660.52 | X80: =SUM(R80,O80,L80,I80,F80) -> 114916.92
A81: 46079 | B81: Thu | C81: 0.32 | D81: 0.60138889 | E81: =Effort!F79 -> 508.90324 | F81: =Harvest!F79 -> 6361.2905 | G81: =+CPUE!F79 -> 12.5 | H81: =Effort!H79 -> 542.55497 | I81: =Harvest!H79 -> 7067.1263 | J81: =CPUE!H79 -> 13.025641 | K81: =Effort!J79 -> 821.18979 | L81: =Harvest!J79 -> 8919.0336 | M81: =CPUE!J79 -> 10.861111 | N81: =Effort!L79 -> CLOSED | O81: =Harvest!L79 -> CLOSED | P81: =CPUE!L79 -> CLOSED | Q81: CLOSED | R81: CLOSED | S81: CLOSED | T81: =SUM(E81,H81,K81,N81) -> 1872.648 | U81: =SUM(F81,I81,L81,O81) -> 22347.45
A82: 46080 | B82: Fri | C82: -0.04 | D82: 0.64513889 | E82: =Effort!F80 -> 1348.0043 | F82: =Harvest!F80 -> 19708.767 | G82: =+CPUE!F80 -> 14.6207 | H82: =Effort!H80 -> 1730.4994 | I82: =Harvest!H80 -> 21631.242 | J82: =CPUE!H80 -> 12.5 | K82: =Effort!J80 -> CLOSED | L82: =Harvest!J80 -> CLOSED | M82: =CPUE!J80 -> CLOSED | N82: =Effort!L80 -> 1289.8466 | O82: =Harvest!L80 -> 11137.33 | P82: =CPUE!L80 -> 8.6346154 | Q82: CLOSED | R82: CLOSED | S82: CLOSED | T82: =SUM(E82,H82,K82,N82) -> 4368.3503 | U82: =SUM(F82,I82,L82,O82) -> 52477.339
A83: 46081 | B83: Sat | C83: -0.34 | D83: 0.68194444 | E83: =Effort!F81 -> 2869.2871 | F83: =Harvest!F81 -> 35866.089 | G83: =+CPUE!F81 -> 12.5 | H83: =Effort!H81 -> 4247.2158 | I83: =Harvest!H81 -> 49432.873 | J83: =CPUE!H81 -> 11.638889 | K83: =Effort!J81 -> CLOSED | L83: =Harvest!J81 -> CLOSED | M83: =CPUE!J81 -> CLOSED | N83: =Effort!L81 -> 2745.4959 | O83: =Harvest!L81 -> 35993.149 | P83: =CPUE!L81 -> 13.10989 | Q83: CLOSED | R83: CLOSED | S83: CLOSED | T83: =SUM(E83,H83,K83,N83) -> 9861.9988 | U83: =SUM(F83,I83,L83,O83) -> 121292.11
A84: 46082 | B84: Sun | C84: -0.48 | D84: 0.71319444 | E84: =Effort!F82 -> 2512.5803 | F84: =Harvest!F82 -> 31407.253 | G84: =+CPUE!F82 -> 12.5 | H84: =Effort!H82 -> 2232.0275 | I84: =Harvest!H82 -> 28593.042 | J84: =CPUE!H82 -> 12.810345 | K84: =Effort!J82 -> 4054.4157 | L84: =Harvest!J82 -> 53456.589 | M84: =CPUE!J82 -> 13.184783 | N84: =Effort!L82 -> CLOSED | O84: =Harvest!L82 -> CLOSED | P84: =CPUE!L82 -> CLOSED | Q84: CLOSED | R84: CLOSED | S84: CLOSED | T84: =SUM(E84,H84,K84,N84) -> 8799.0235 | U84: =SUM(F84,I84,L84,O84) -> 113456.88
A85: 46083 | B85: Mon | C85: -0.42 | D85: 0.74027778 | E85: =Effort!F83 -> 847.45337 | F85: =Harvest!F83 -> 12203.328 | G85: =+CPUE!F83 -> 14.4 | H85: =Effort!H83 -> 1087.9175 | I85: =Harvest!H83 -> 15988.502 | J85: =CPUE!H83 -> 14.696429 | K85: =Effort!J83 -> 1367.4899 | L85: =Harvest!J83 -> 13935.374 | M85: =CPUE!J83 -> 10.190476 | N85: =Effort!L83 -> CLOSED | O85: =Harvest!L83 -> CLOSED | P85: =CPUE!L83 -> CLOSED | Q85: CLOSED | R85: CLOSED | S85: CLOSED | T85: =SUM(E85,H85,K85,N85) -> 3302.8608 | U85: =SUM(F85,I85,L85,O85) -> 42127.204
A86: 46084 | B86: Tue | C86: -0.15 | D86: 0.76527778 | E86: =Effort!F84 -> 187.81549 | F86: =Harvest!F84 -> 939.07745 | G86: =+CPUE!F84 -> 5 | H86: =Effort!H84 -> 278.01084 | I86: =Harvest!H84 -> 1390.0542 | J86: =CPUE!H84 -> 5 | K86: =Effort!J84 -> CLOSED | L86: =Harvest!J84 -> CLOSED | M86: =CPUE!J84 -> CLOSED | N86: =Effort!L84 -> 179.71246 | O86: =Harvest!L84 -> 814.69649 | P86: =CPUE!L84 -> 4.5333333 | Q86: CLOSED | R86: CLOSED | S86: CLOSED | T86: =SUM(E86,H86,K86,N86) -> 645.53879 | U86: =SUM(F86,I86,L86,O86) -> 3143.8281
A87: 46085 | B87: Wed | C87: 0.3 | D87: 0.78819444 | E87: =Effort!F85 -> 103.03021 | F87: =Harvest!F85 -> 721.21148 | G87: =+CPUE!F85 -> 7 | H87: =Effort!H85 -> 152.5088 | I87: =Harvest!H85 -> 1067.5616 | J87: =CPUE!H85 -> 7 | K87: =Effort!J85 -> CLOSED | L87: =Harvest!J85 -> CLOSED | M87: =CPUE!J85 -> CLOSED | N87: =Effort!L85 -> 98.585122 | O87: =Harvest!L85 -> 635.32634 | P87: =CPUE!L85 -> 6.4444444 | Q87: CLOSED | R87: CLOSED | S87: CLOSED | T87: =SUM(E87,H87,K87,N87) -> 354.12413 | U87: =SUM(F87,I87,L87,O87) -> 2424.0994
A88: Tide Series Totals | E88: =SUM(E81:E87) -> 8377.0741 | F88: =SUM(F81:F87) -> 107207.02 | G88: =+F88/E88 -> 12.797669 | H88: =SUM(H81:H87) -> 10270.735 | I88: =SUM(I81:I87) -> 125170.4 | J88: =+I88/H88 -> 12.187093 | K88: =SUM(K81:K87) -> 6243.0954 | L88: =SUM(L81:L87) -> 76310.996 | M88: =+L88/K88 -> 12.223263 | N88: =SUM(N81:N87) -> 4313.6401 | O88: =SUM(O81:O87) -> 48580.502 | P88: =+O88/N88 -> 11.262067 | T88: =SUM(T81:T87) -> 29204.544 | U88: =SUM(U81:U87) -> 357268.92 | W88: =SUM(H88,K88,N88,Q88,E88) -> 29204.544 | X88: =SUM(R88,O88,L88,I88,F88) -> 357268.92
A89: 46098 | B89: Tue | C89: 0.16 | D89: 0.76458333 | E89: =Effort!F87 -> 205.30378 | F89: =Harvest!F87 -> 410.60756 | G89: =+CPUE!F87 -> 2 | H89: =Effort!H87 -> 174 | I89: =Harvest!H87 -> 191.4 | J89: =CPUE!H87 -> 1.1 | K89: =Effort!J87 -> 189.68693 | L89: =Harvest!J87 -> 442.60284 | M89: =CPUE!J87 -> 2.3333333 | N89: =Effort!L87 -> CLOSED | O89: =Harvest!L87 -> CLOSED | P89: =CPUE!L87 -> CLOSED | Q89: CLOSED | R89: CLOSED | S89: CLOSED | T89: =SUM(E89,H89,K89,N89) -> 568.99071 | U89: =SUM(F89,I89,L89,O89) -> 1044.6104
A90: 46099 | B90: Wed | C90: 0.26 | D90: 0.7875 | E90: =Effort!F88 -> 197.33082 | F90: =Harvest!F88 -> 2525.8345 | G90: =+CPUE!F88 -> 12.8 | H90: =Effort!H88 -> 137.09981 | I90: =Harvest!H88 -> 1045.386 | J90: =CPUE!H88 -> 7.625 | K90: =Effort!J88 -> 182.32045 | L90: =Harvest!J88 -> 1201.17 | M90: =CPUE!J88 -> 6.5882353 | N90: =Effort!L88 -> CLOSED | O90: =Harvest!L88 -> CLOSED | P90: =CPUE!L88 -> CLOSED | Q90: CLOSED | R90: CLOSED | S90: CLOSED | T90: =SUM(E90,H90,K90,N90) -> 516.75107 | U90: =SUM(F90,I90,L90,O90) -> 4772.3905
A91: 46100 | B91: Thu | C91: 0.54 | D91: 0.81111111 | E91: =Effort!F89 -> 306.53505 | F91: =Harvest!F89 -> 613.0701 | G91: =+CPUE!F89 -> 2 | H91: =Effort!H89 -> 337.6683 | I91: =Harvest!H89 -> 675.33659 | J91: =CPUE!H89 -> 2 | K91: =Effort!J89 -> CLOSED | L91: =Harvest!J89 -> CLOSED | M91: =CPUE!J89 -> CLOSED | N91: =Effort!L89 -> 178.91374 | O91: =Harvest!L89 -> 357.82748 | P91: =CPUE!L89 -> 2 | Q91: CLOSED | R91: CLOSED | S91: CLOSED | T91: =SUM(E91,H91,K91,N91) -> 823.11709 | U91: =SUM(F91,I91,L91,O91) -> 1646.2342
A92: 46101 | B92: Fri | C92: -0.09 | D92: 0.33333333 | E92: =Effort!F90 -> 504.21888 | F92: =Harvest!F90 -> 2521.0944 | G92: =+CPUE!F90 -> 5 | H92: =Effort!H90 -> 555.42989 | I92: =Harvest!H90 -> 2777.1495 | J92: =CPUE!H90 -> 5 | K92: =Effort!J90 -> CLOSED | L92: =Harvest!J90 -> CLOSED | M92: =CPUE!J90 -> CLOSED | N92: =Effort!L90 -> 294.29484 | O92: =Harvest!L90 -> 724.41808 | P92: =CPUE!L90 -> 2.4615385 | Q92: CLOSED | R92: CLOSED | S92: CLOSED | T92: =SUM(E92,H92,K92,N92) -> 1353.9436 | U92: =SUM(F92,I92,L92,O92) -> 6022.6619
A93: 46102 | B93: Sat | C93: -0.48 | D93: 0.36319444 | E93: =Effort!F91 -> 1606.0508 | F93: =Harvest!F91 -> 23287.737 | G93: =+CPUE!F91 -> 14.5 | H93: =Effort!H91 -> 2329.3373 | I93: =Harvest!H91 -> 33775.391 | J93: =CPUE!H91 -> 14.5 | K93: =Effort!J91 -> 3919.638 | L93: =Harvest!J91 -> 56072.599 | M93: =CPUE!J91 -> 14.305556 | N93: =Effort!L91 -> CLOSED | O93: =Harvest!L91 -> CLOSED | P93: =CPUE!L91 -> CLOSED | Q93: CLOSED | R93: CLOSED | S93: CLOSED | T93: =SUM(E93,H93,K93,N93) -> 7855.0262 | U93: =SUM(F93,I93,L93,O93) -> 113135.73
A94: 46103 | B94: Sun | C94: -0.6 | D94: 0.39513889 | E94: =Effort!F92 -> 1822.5645 | F94: =Harvest!F92 -> 25254.978 | G94: =+CPUE!F92 -> 13.856836 | H94: =Effort!H92 -> 2643.3581 | I94: =Harvest!H92 -> 36153.005 | J94: =CPUE!H92 -> 13.676923 | K94: =Effort!J92 -> 4448.0491 | L94: =Harvest!J92 -> 54074.323 | M94: =CPUE!J92 -> 12.156863 | N94: =Effort!L92 -> CLOSED | O94: =Harvest!L92 -> CLOSED | P94: =CPUE!L92 -> CLOSED | Q94: CLOSED | R94: CLOSED | S94: CLOSED | T94: =SUM(E94,H94,K94,N94) -> 8913.9717 | U94: =SUM(F94,I94,L94,O94) -> 115482.31
A95: 46104 | B95: Mon | C95: -0.46 | D95: 0.43194444 | E95: =Effort!F93 -> 1590.1737 | F95: =Harvest!F93 -> 19877.172 | G95: =+CPUE!F93 -> 12.5 | H95: =Effort!H93 -> 1751.6798 | I95: =Harvest!H93 -> 21895.997 | J95: =CPUE!H93 -> 12.5 | K95: =Effort!J93 -> CLOSED | L95: =Harvest!J93 -> CLOSED | M95: =CPUE!J93 -> CLOSED | N95: =Effort!L93 -> 928.12853 | O95: =Harvest!L93 -> 10753.489 | P95: =CPUE!L93 -> 11.586207 | Q95: CLOSED | R95: CLOSED | S95: CLOSED | T95: =SUM(E95,H95,K95,N95) -> 4269.982 | U95: =SUM(F95,I95,L95,O95) -> 52526.658
A96: 46105 | B96: Tue | C96: -0.14 | D96: 0.47291667 | E96: =Effort!F94 -> 59.5257 | F96: =Harvest!F94 -> 119.0514 | G96: =+CPUE!F94 -> 2 | H96: =Effort!H94 -> 65.57143 | I96: =Harvest!H94 -> 109.28572 | J96: =CPUE!H94 -> 1.6666667 | K96: =Effort!J94 -> CLOSED | L96: =Harvest!J94 -> CLOSED | M96: =CPUE!J94 -> CLOSED | N96: =Effort!L94 -> 34.743059 | O96: =Harvest!L94 -> 69.486119 | P96: =CPUE!L94 -> 2 | Q96: CLOSED | R96: CLOSED | S96: CLOSED | T96: =SUM(E96,H96,K96,N96) -> 159.84019 | U96: =SUM(F96,I96,L96,O96) -> 297.82323
A97: Tide Series Totals | E97: =SUM(E89:E96) -> 6291.7033 | F97: =SUM(F89:F96) -> 74609.544 | G97: =+F97/E97 -> 11.858402 | H97: =SUM(H89:H96) -> 7994.1446 | I97: =SUM(I89:I96) -> 96622.951 | J97: =+I97/H97 -> 12.086715 | K97: =SUM(K89:K96) -> 8739.6945 | L97: =SUM(L89:L96) -> 111790.69 | M97: =+L97/K97 -> 12.791144 | N97: =SUM(N89:N96) -> 1436.0802 | O97: =SUM(O89:O96) -> 11905.221 | P97: =+O97/N97 -> 8.2900809 | T97: =SUM(T89:T96) -> 24461.623 | U97: =SUM(U89:U96) -> 294928.41 | W97: =SUM(H97,K97,N97,Q97,E97) -> 24461.623 | X97: =SUM(R97,O97,L97,I97,F97) -> 294928.41
A98: 46113 | B98: Wed | C98: 0.49 | D98: 0.28125 | E98: =Effort!F96 -> 168.84184 | F98: =Harvest!F96 -> 1181.8929 | G98: =+CPUE!F96 -> 7 | H98: =Effort!H96 -> 110 | I98: =Harvest!H96 -> 703.99997 | J98: =CPUE!H96 -> 6.4 | K98: =Effort!J96 -> CLOSED | L98: =Harvest!J96 -> CLOSED | M98: =CPUE!J96 -> CLOSED | N98: =Effort!L96 -> 94.999996 | O98: =Harvest!L96 -> 211.92307 | P98: =CPUE!L96 -> 2.2307692 | Q98: CLOSED | R98: CLOSED | S98: CLOSED | T98: =SUM(E98,H98,K98,N98) -> 373.84183 | U98: =SUM(F98,I98,L98,O98) -> 2097.8159
A99: 46114 | B99: Thu | C99: 0.07 | D99: 0.30694444 | E99: =Effort!F97 -> 385.94277 | F99: =Harvest!F97 -> 2701.5994 | G99: =+CPUE!F97 -> 7 | H99: =Effort!H97 -> 251.44066 | I99: =Harvest!H97 -> 1760.0846 | J99: =CPUE!H97 -> 7 | K99: =Effort!J97 -> CLOSED | L99: =Harvest!J97 -> CLOSED | M99: =CPUE!J97 -> CLOSED | N99: =Effort!L97 -> 217.15329 | O99: =Harvest!L97 -> 1302.9198 | P99: =CPUE!L97 -> 6 | Q99: CLOSED | R99: CLOSED | S99: CLOSED | T99: =SUM(E99,H99,K99,N99) -> 854.53672 | U99: =SUM(F99,I99,L99,O99) -> 5764.6037
A100: 46115 | B100: Fri | C100: -0.17 | D100: 0.33125 | E100: =Effort!F98 -> 982.72029 | F100: =Harvest!F98 -> 14249.444 | G100: =+CPUE!F98 -> 14.5 | H100: =Effort!H98 -> 759.10696 | I100: =Harvest!H98 -> 9488.837 | J100: =CPUE!H98 -> 12.5 | K100: =Effort!J98 -> 1029.898 | L100: =Harvest!J98 -> 9918.3654 | M100: =CPUE!J98 -> 9.6304348 | N100: =Effort!L98 -> CLOSED | O100: =Harvest!L98 -> CLOSED | P100: =CPUE!L98 -> CLOSED | Q100: CLOSED | R100: CLOSED | S100: CLOSED | T100: =SUM(E100,H100,K100,N100) -> 2771.7252 | U100: =SUM(F100,I100,L100,O100) -> 33656.647
...

Sheet Tribal Update
A1: 2025-2026 State (non-Tribal) Recreational Razor Clam Effort, Harvest and CPUE totals.
E2: COPALIS | H2: MOCROCKS | K2: KALALOCH | N2: DAILY TOTALS
A3: DATE | B3: DAY | C3: TIDE | D3: TIME | E3: Effort | F3: Harvest | G3: CPUE | H3: Effort | I3: Harvest | J3: CPUE | K3: Effort | L3: Harvest | M3: CPUE | N3: Effort | O3: Harvest | Q3: CROSS | R3: CHECK
A4: 45936 | B4: Mon | C4: -0.21 | D4: 0.77430556 | E4: =Effort!J2 -> CLOSED | F4: =Harvest!J2 -> CLOSED | G4: =CPUE!J2 -> CLOSED | H4: =Effort!L2 -> 1507.9975 | I4: =Harvest!L2 -> 22619.962 | J4: =CPUE!L2 -> 15 | K4: CLOSED | L4: CLOSED | M4: CLOSED | N4: =SUM(E4,H4) -> 1507.9975 | O4: =SUM(F4,I4) -> 22619.962
A5: 45937 | B5: Tue | C5: -0.95 | D5: 0.80416667 | E5: =Effort!J3 -> CLOSED | F5: =Harvest!J3 -> CLOSED | G5: =CPUE!J3 -> CLOSED | H5: =Effort!L3 -> 1303.6041 | I5: =Harvest!L3 -> 17526.232 | J5: =CPUE!L3 -> 13.444444 | K5: CLOSED | L5: CLOSED | M5: CLOSED | N5: =SUM(E5,H5) -> 1303.6041 | O5: =SUM(F5,I5) -> 17526.232
A6: 45938 | B6: Wed | C6: -1.41 | D6: 0.83472222 | E6: =Effort!J4 -> 1621.4665 | F6: =Harvest!J4 -> 24105.802 | G6: =CPUE!J4 -> 14.866667 | H6: =Effort!L4 -> CLOSED | I6: =Harvest!L4 -> CLOSED | J6: =CPUE!L4 -> CLOSED | K6: CLOSED | L6: CLOSED | M6: CLOSED | N6: =SUM(E6,H6) -> 1621.4665 | O6: =SUM(F6,I6) -> 24105.802
A7: 45939 | B7: Thu | C7: -1.51 | D7: 0.86736111 | E7: =Effort!J5 -> 800.95523 | F7: =Harvest!J5 -> 8857.6225 | G7: =CPUE!J5 -> 11.058824 | H7: =Effort!L5 -> CLOSED | I7: =Harvest!L5 -> CLOSED | J7: =CPUE!L5 -> CLOSED | K7: CLOSED | L7: CLOSED | M7: CLOSED | N7: =SUM(E7,H7) -> 800.95523 | O7: =SUM(F7,I7) -> 8857.6225
A8: 45940 | B8: Fri | C8: -1.28 | D8: 0.90277778 | E8: =Effort!J6 -> CLOSED | F8: =Harvest!J6 -> CLOSED | G8: =CPUE!J6 -> CLOSED | H8: =Effort!L6 -> 1246.548 | I8: =Harvest!L6 -> 18312.923 | J8: =CPUE!L6 -> 14.690909 | K8: CLOSED | L8: CLOSED | M8: CLOSED | N8: =SUM(E8,H8) -> 1246.548 | O8: =SUM(F8,I8) -> 18312.923
A9: 45941 | B9: Sat | C9: -0.81 | D9: 0.94236111 | E9: =Effort!J7 -> CLOSED | F9: =Harvest!J7 -> CLOSED | G9: =CPUE!J7 -> CLOSED | H9: =Effort!L7 -> 717.812 | I9: =Harvest!L7 -> 10681.043 | J9: =CPUE!L7 -> 14.88 | K9: CLOSED | L9: CLOSED | M9: CLOSED | N9: =SUM(E9,H9) -> 717.812 | O9: =SUM(F9,I9) -> 10681.043
A10: 45942 | B10: Sun | C10: -0.23 | D10: 0.98680556 | E10: =Effort!J8 -> 141.4531 | F10: =Harvest!J8 -> 977.31234 | G10: =CPUE!J8 -> 6.9090909 | H10: =Effort!L8 -> CLOSED | I10: =Harvest!L8 -> CLOSED | J10: =CPUE!L8 -> CLOSED | K10: CLOSED | L10: CLOSED | M10: CLOSED | N10: =SUM(E10,H10) -> 141.4531 | O10: =SUM(F10,I10) -> 977.31234
A11: Tide Series Totals | E11: =SUM(E4:E10) -> 2563.8748 | F11: =SUM(F4:F10) -> 33940.737 | G11: =+F11/E11 -> 13.238063 | H11: =SUM(H4:H10) -> 4775.9615 | I11: =SUM(I4:I10) -> 69140.16 | J11: =+I11/H11 -> 14.4767 | N11: =SUM(N4:N10) -> 7339.8364 | O11: =SUM(O4:O10) -> 103080.9 | Q11: =SUM(E11,H11) -> 7339.8364 | R11: =SUM(F11,I11) -> 103080.9
A12: 45950 | B12: Mon | C12: 0.19 | D12: 0.77777778 | E12: =Effort!J10 -> 858.62272 | F12: =Harvest!J10 -> 11601.391 | G12: =CPUE!J10 -> 13.511628 | H12: =Effort!L10 -> CLOSED | I12: =Harvest!L10 -> CLOSED | J12: =CPUE!L10 -> CLOSED | K12: CLOSED | L12: CLOSED | M12: CLOSED | N12: =SUM(E12,H12) -> 858.62272 | O12: =SUM(F12,I12) -> 11601.391
A13: 45951 | B13: Tue | C13: -0.12 | D13: 0.80069444 | E13: =Effort!J11 -> 750.62972 | F13: =Harvest!J11 -> 5646.0409 | G13: =CPUE!J11 -> 7.5217391 | H13: =Effort!L11 -> CLOSED | I13: =Harvest!L11 -> CLOSED | J13: =CPUE!L11 -> CLOSED | K13: CLOSED | L13: CLOSED | M13: CLOSED | N13: =SUM(E13,H13) -> 750.62972 | O13: =SUM(F13,I13) -> 5646.0409
A14: 45952 | B14: Wed | C14: -0.28 | D14: 0.82291667 | E14: =Effort!J12 -> CLOSED | F14: =Harvest!J12 -> CLOSED | G14: =CPUE!J12 -> CLOSED | H14: =Effort!L12 -> 319.96954 | I14: =Harvest!L12 -> 4770.4549 | J14: =CPUE!L12 -> 14.909091 | K14: CLOSED | L14: CLOSED | M14: CLOSED | N14: =SUM(E14,H14) -> 319.96954 | O14: =SUM(F14,I14) -> 4770.4549
A15: 45953 | B15: Thu | C15: -0.27 | D15: 0.84583333 | E15: =Effort!J13 -> CLOSED | F15: =Harvest!J13 -> CLOSED | G15: =CPUE!J13 -> CLOSED | H15: =Effort!L13 -> 86.179716 | I15: =Harvest!L13 -> 172.35943 | J15: =CPUE!L13 -> 2 | K15: CLOSED | L15: CLOSED | M15: CLOSED | N15: =SUM(E15,H15) -> 86.179716 | O15: =SUM(F15,I15) -> 172.35943
A16: 45954 | B16: Fri | C16: -0.12 | D16: 0.87013889 | E16: =Effort!J14 -> 283.81866 | F16: =Harvest!J14 -> 1135.2747 | G16: =CPUE!J14 -> 4 | H16: =Effort!L14 -> CLOSED | I16: =Harvest!L14 -> CLOSED | J16: =CPUE!L14 -> CLOSED | K16: CLOSED | L16: CLOSED | M16: CLOSED | N16: =SUM(E16,H16) -> 283.81866 | O16: =SUM(F16,I16) -> 1135.2747
A17: 45955 | B17: Sat | C17: 0.14 | D17: 0.89652778 | E17: =Effort!J15 -> 98.666183 | F17: =Harvest!J15 -> 98.666183 | G17: =CPUE!J15 -> 1 | H17: =Effort!L15 -> CLOSED | I17: =Harvest!L15 -> CLOSED | J17: =CPUE!L15 -> CLOSED | K17: CLOSED | L17: CLOSED | M17: CLOSED | N17: =SUM(E17,H17) -> 98.666183 | O17: =SUM(F17,I17) -> 98.666183
A18: 45956 | B18: Sun | C18: 0.47 | D18: 0.92708333 | E18: =Effort!J16 -> CLOSED | F18: =Harvest!J16 -> CLOSED | G18: =CPUE!J16 -> CLOSED | H18: =Effort!L16 -> 44.440213 | I18: =Harvest!L16 -> 524.39452 | J18: =CPUE!L16 -> 11.8 | K18: CLOSED | L18: CLOSED | M18: CLOSED | N18: =SUM(E18,H18) -> 44.440213 | O18: =SUM(F18,I18) -> 524.39452
A19: Tide Series Totals | E19: =SUM(E12:E18) -> 1991.7373 | F19: =SUM(F12:F18) -> 18481.373 | G19: =+F19/E19 -> 9.2790212 | H19: =SUM(H12:H18) -> 450.58947 | I19: =SUM(I12:I18) -> 5467.2089 | J19: =+I19/H19 -> 12.133459 | N19: =SUM(N12:N18) -> 2442.3268 | O19: =SUM(O12:O18) -> 23948.581 | Q19: =SUM(E19,H19) -> 2442.3268 | R19: =SUM(F19,I19) -> 23948.581
A20: 45964 | B20: Mon | C20: -0.1 | D20: 0.6875 | E20: =Effort!J18 -> CLOSED | F20: =Harvest!J18 -> CLOSED | G20: =CPUE!J18 -> CLOSED | H20: =Effort!L18 -> 636.84455 | I20: =Harvest!L18 -> 8445.1126 | J20: =CPUE!L18 -> 13.26087 | K20: CLOSED | L20: CLOSED | M20: CLOSED | N20: =SUM(E20,H20) -> 636.84455 | O20: =SUM(F20,I20) -> 8445.1126
A21: 45965 | B21: Tue | C21: -1.1 | D21: 0.71875 | E21: =Effort!J19 -> CLOSED | F21: =Harvest!J19 -> CLOSED | G21: =CPUE!J19 -> CLOSED | H21: =Effort!L19 -> 892.28663 | I21: =Harvest!L19 -> 10552.259 | J21: =CPUE!L19 -> 11.826087 | K21: CLOSED | L21: CLOSED | M21: CLOSED | N21: =SUM(E21,H21) -> 892.28663 | O21: =SUM(F21,I21) -> 10552.259
A22: 45966 | B22: Wed | C22: -1.7 | D22: 0.75069444 | E22: =Effort!J20 -> 522.09946 | F22: =Harvest!J20 -> 4263.8123 | G22: =CPUE!J20 -> 8.1666667 | H22: =Effort!L20 -> CLOSED | I22: =Harvest!L20 -> CLOSED | J22: =CPUE!L20 -> CLOSED | K22: CLOSED | L22: CLOSED | M22: CLOSED | N22: =SUM(E22,H22) -> 522.09946 | O22: =SUM(F22,I22) -> 4263.8123
A23: 45967 | B23: Thu | C23: -2 | D23: 0.78194444 | E23: =Effort!J21 -> 556.16945 | F23: =Harvest!J21 -> 787.90672 | G23: =CPUE!J21 -> 1.4166667 | H23: =Effort!L21 -> CLOSED | I23: =Harvest!L21 -> CLOSED | J23: =CPUE!L21 -> CLOSED | K23: CLOSED | L23: CLOSED | M23: CLOSED | N23: =SUM(E23,H23) -> 556.16945 | O23: =SUM(F23,I23) -> 787.90672
A24: 45968 | B24: Fri | C24: -1.9 | D24: 0.81527778 | E24: =Effort!J22 -> CLOSED | F24: =Harvest!J22 -> CLOSED | G24: =CPUE!J22 -> CLOSED | H24: =Effort!L22 -> 1872.1175 | I24: =Harvest!L22 -> 25541.031 | J24: =CPUE!L22 -> 13.642857 | K24: CLOSED | L24: CLOSED | M24: CLOSED | N24: =SUM(E24,H24) -> 1872.1175 | O24: =SUM(F24,I24) -> 25541.031
A25: 45969 | B25: Sat | C25: -1.5 | D25: 0.85069444 | E25: =Effort!J23 -> CLOSED | F25: =Harvest!J23 -> CLOSED | G25: =CPUE!J23 -> CLOSED | H25: =Effort!L23 -> 1772.1089 | I25: =Harvest!L23 -> 25695.579 | J25: =CPUE!L23 -> 14.5 | K25: CLOSED | L25: CLOSED | M25: CLOSED | N25: =SUM(E25,H25) -> 1772.1089 | O25: =SUM(F25,I25) -> 25695.579
A26: 45970 | B26: Sun | C26: -0.9 | D26: 0.88819444 | E26: =Effort!J24 -> 540.25068 | F26: =Harvest!J24 -> 5778.3333 | G26: =CPUE!J24 -> 10.695652 | H26: =Effort!L24 -> CLOSED | I26: =Harvest!L24 -> CLOSED | J26: =CPUE!L24 -> CLOSED | K26: CLOSED | L26: CLOSED | M26: CLOSED | N26: =SUM(E26,H26) -> 540.25068 | O26: =SUM(F26,I26) -> 5778.3333
A27: Tide Series Totals | E27: =SUM(E20:E26) -> 1618.5196 | F27: =SUM(F20:F26) -> 10830.052 | G27: =+F27/E27 -> 6.6913323 | H27: =SUM(H20:H26) -> 5173.3576 | I27: =SUM(I20:I26) -> 70233.983 | J27: =+I27/H27 -> 13.576093 | N27: =SUM(N20:N26) -> 6791.8772 | O27: =SUM(O20:O26) -> 81064.035 | Q27: =SUM(E27,H27) -> 6791.8772 | R27: =SUM(F27,I27) -> 81064.035
A28: 45979 | B28: Tue | C28: -0.02 | D28: 0.72083333 | E28: =Effort!J26 -> 829.8582 | F28: =Harvest!J26 -> 12349.08 | G28: =CPUE!J26 -> 14.880952 | H28: =Effort!L26 -> CLOSED | I28: =Harvest!L26 -> CLOSED | J28: =CPUE!L26 -> CLOSED | K28: CLOSED | L28: CLOSED | M28: CLOSED | N28: =SUM(E28,H28) -> 829.8582 | O28: =SUM(F28,I28) -> 12349.08
A29: 45980 | B29: Wed | C29: -0.3 | D29: 0.74444444 | E29: =Effort!J27 -> CLOSED | F29: =Harvest!J27 -> CLOSED | G29: =CPUE!J27 -> CLOSED | H29: =Effort!L27 -> 319.48882 | I29: =Harvest!L27 -> 3194.8882 | J29: =CPUE!L27 -> 10 | K29: CLOSED | L29: CLOSED | M29: CLOSED | N29: =SUM(E29,H29) -> 319.48882 | O29: =SUM(F29,I29) -> 3194.8882
A30: 45981 | B30: Thu | C30: -0.43 | D30: 0.76736111 | E30: =Effort!J28 -> CLOSED | F30: =Harvest!J28 -> CLOSED | G30: =CPUE!J28 -> CLOSED | H30: =Effort!L28 -> 203.64964 | I30: =Harvest!L28 -> 633.57667 | J30: =CPUE!L28 -> 3.1111111 | K30: CLOSED | L30: CLOSED | M30: CLOSED | N30: =SUM(E30,H30) -> 203.64964 | O30: =SUM(F30,I30) -> 633.57667
A31: 45982 | B31: Fri | C31: -0.41 | D31: 0.79097222 | E31: =Effort!J29 -> 583.49405 | F31: =Harvest!J29 -> 6100.165 | G31: =CPUE!J29 -> 10.454545 | H31: =Effort!L29 -> CLOSED | I31: =Harvest!L29 -> CLOSED | J31: =CPUE!L29 -> CLOSED | K31: CLOSED | L31: CLOSED | M31: CLOSED | N31: =SUM(E31,H31) -> 583.49405 | O31: =SUM(F31,I31) -> 6100.165
A32: 45983 | B32: Sat | C32: -0.29 | D32: 0.81527778 | E32: =Effort!J30 -> 1224.8718 | F32: =Harvest!J30 -> 8301.9086 | G32: =CPUE!J30 -> 6.7777778 | H32: =Effort!L30 -> CLOSED | I32: =Harvest!L30 -> CLOSED | J32: =CPUE!L30 -> CLOSED | K32: CLOSED | L32: CLOSED | M32: CLOSED | N32: =SUM(E32,H32) -> 1224.8718 | O32: =SUM(F32,I32) -> 8301.9086
A33: 45984 | B33: Sun | C33: -0.09 | D33: 0.84166667 | E33: =Effort!J31 -> CLOSED | F33: =Harvest!J31 -> CLOSED | G33: =CPUE!J31 -> CLOSED | H33: =Effort!L31 -> 212.77373 | I33: =Harvest!L31 -> 1237.9563 | J33: =CPUE!L31 -> 5.8181818 | K33: CLOSED | L33: CLOSED | M33: CLOSED | N33: =SUM(E33,H33) -> 212.77373 | O33: =SUM(F33,I33) -> 1237.9563
A34: Tide Series Totals | E34: =SUM(E28:E33) -> 2638.224 | F34: =SUM(F28:F33) -> 26751.154 | G34: =+F34/E34 -> 10.139834 | H34: =SUM(H28:H33) -> 735.91219 | I34: =SUM(I28:I33) -> 5066.4211 | J34: =+I34/H34 -> 6.8845457 | N34: =SUM(N28:N33) -> 3374.1362 | O34: =SUM(O28:O33) -> 31817.575 | Q34: =SUM(E34,H34) -> 3374.1362 | R34: =SUM(F34,I34) -> 31817.575
A35: 45993 | B35: Tue | C35: -0.59 | D35: 0.67430556 | E35: =Effort!J33 -> 1269.4788 | F35: =Harvest!J33 -> 18749.225 | G35: =CPUE!J33 -> 14.769231 | H35: =Effort!L33 -> CLOSED | I35: =Harvest!L33 -> CLOSED | J35: =CPUE!L33 -> CLOSED | K35: CLOSED | L35: CLOSED | M35: CLOSED | N35: =SUM(E35,H35) -> 1269.4788 | O35: =SUM(F35,I35) -> 18749.225
A36: 45994 | B36: Wed | C36: -1.4 | D36: 0.70763889 | E36: =Effort!J34 -> CLOSED | F36: =Harvest!J34 -> CLOSED | G36: =CPUE!J34 -> CLOSED | H36: =Effort!L34 -> 1233.8476 | I36: =Harvest!L34 -> 17248.161 | J36: =CPUE!L34 -> 13.979167 | K36: CLOSED | L36: CLOSED | M36: CLOSED | N36: =SUM(E36,H36) -> 1233.8476 | O36: =SUM(F36,I36) -> 17248.161
A37: 45995 | B37: Thu | C37: -1.9 | D37: 0.74097222 | E37: =Effort!J35 -> CLOSED | F37: =Harvest!J35 -> CLOSED | G37: =CPUE!J35 -> CLOSED | H37: =Effort!L35 -> 513.52535 | I37: =Harvest!L35 -> 6162.3041 | J37: =CPUE!L35 -> 12 | K37: CLOSED | L37: CLOSED | M37: CLOSED | N37: =SUM(E37,H37) -> 513.52535 | O37: =SUM(F37,I37) -> 6162.3041
A38: 45996 | B38: Fri | C38: -2.05 | D38: 0.77361111 | E38: =Effort!J36 -> 1069.8529 | F38: =Harvest!J36 -> 13765.44 | G38: =CPUE!J36 -> 12.866667 | H38: =Effort!L36 -> CLOSED | I38: =Harvest!L36 -> CLOSED | J38: =CPUE!L36 -> CLOSED | K38: CLOSED | L38: CLOSED | M38: CLOSED | N38: =SUM(E38,H38) -> 1069.8529 | O38: =SUM(F38,I38) -> 13765.44
A39: 45997 | B39: Sat | C39: -1.86 | D39: 0.80694444 | E39: =Effort!J37 -> 1497.3335 | F39: =Harvest!J37 -> 18799.854 | G39: =CPUE!J37 -> 12.555556 | H39: =Effort!L37 -> CLOSED | I39: =Harvest!L37 -> CLOSED | J39: =CPUE!L37 -> CLOSED | K39: CLOSED | L39: CLOSED | M39: CLOSED | N39: =SUM(E39,H39) -> 1497.3335 | O39: =SUM(F39,I39) -> 18799.854
A40: 45998 | B40: Sun | C40: -1.41 | D40: 0.84027778 | E40: =Effort!J38 -> CLOSED | F40: =Harvest!J38 -> CLOSED | G40: =CPUE!J38 -> CLOSED | H40: =Effort!L38 -> 216.45023 | I40: =Harvest!L38 -> 2056.2771 | J40: =CPUE!L38 -> 9.5 | K40: CLOSED | L40: CLOSED | M40: CLOSED | N40: =SUM(E40,H40) -> 216.45023 | O40: =SUM(F40,I40) -> 2056.2771
A41: 45999 | B41: Mon | C41: -0.78 | D41: 0.87430556 | E41: =Effort!J39 -> CLOSED | F41: =Harvest!J39 -> CLOSED | G41: =CPUE!J39 -> CLOSED | H41: =Effort!L39 -> 11.428572 | I41: =Harvest!L39 -> 57.14286 | J41: =CPUE!L39 -> 5 | K41: CLOSED | L41: CLOSED | M41: CLOSED | N41: =SUM(E41,H41) -> 11.428572 | O41: =SUM(F41,I41) -> 57.14286
A42: Tide Series Totals | E42: =SUM(E35:E41) -> 3836.6651 | F42: =SUM(F35:F41) -> 51314.519 | G42: =+F42/E42 -> 13.374771 | H42: =SUM(H35:H41) -> 1975.2517 | I42: =SUM(I35:I41) -> 25523.885 | J42: =+I42/H42 -> 12.921839 | N42: =SUM(N35:N41) -> 5811.9168 | O42: =SUM(O35:O41) -> 76838.404 | Q42: =SUM(E42,H42) -> 5811.9168 | R42: =SUM(F42,I42) -> 76838.404
A43: 46009 | B43: Thu | C43: -0.2 | D43: 0.73194444 | E43: =Effort!J41 -> 147.32965 | F43: =Harvest!J41 -> 654.79847 | G43: =CPUE!J41 -> 4.4444444 | H43: =Effort!L41 -> CLOSED | I43: =Harvest!L41 -> CLOSED | J43: =CPUE!L41 -> CLOSED | K43: CLOSED | L43: CLOSED | M43: CLOSED | N43: =SUM(E43,H43) -> 147.32965 | O43: =SUM(F43,I43) -> 654.79847
A44: 46010 | B44: Fri | C44: -0.38 | D44: 0.75625 | E44: =Effort!J42 -> CLOSED | F44: =Harvest!J42 -> CLOSED | G44: =CPUE!J42 -> CLOSED | H44: =Effort!L42 -> 155.55695 | I44: =Harvest!L42 -> 591.1164 | J44: =CPUE!L42 -> 3.8 | K44: CLOSED | L44: CLOSED | M44: CLOSED | N44: =SUM(E44,H44) -> 155.55695 | O44: =SUM(F44,I44) -> 591.1164
A45: 46011 | B45: Sat | C45: -0.45 | D45: 0.78055556 | E45: =Effort!J43 -> CLOSED | F45: =Harvest!J43 -> CLOSED | G45: =CPUE!J43 -> CLOSED | H45: =Effort!L43 -> 251.40464 | I45: =Harvest!L43 -> 1177.6322 | J45: =CPUE!L43 -> 4.6842105 | K45: CLOSED | L45: CLOSED | M45: CLOSED | N45: =SUM(E45,H45) -> 251.40464 | O45: =SUM(F45,I45) -> 1177.6322
A46: 46012 | B46: Sun | C46: -0.44 | D46: 0.80486111 | E46: =Effort!J44 -> 196.5647 | F46: =Harvest!J44 -> 2407.9176 | G46: =CPUE!J44 -> 12.25 | H46: =Effort!L44 -> CLOSED | I46: =Harvest!L44 -> CLOSED | J46: =CPUE!L44 -> CLOSED | K46: CLOSED | L46: CLOSED | M46: CLOSED | N46: =SUM(E46,H46) -> 196.5647 | O46: =SUM(F46,I46) -> 2407.9176
A47: 46013 | B47: Mon | C47: -0.33 | D47: 0.82916667 | E47: =Effort!J45 -> 85.303569 | F47: =Harvest!J45 -> 497.60415 | G47: =CPUE!J45 -> 5.8333333 | H47: =Effort!L45 -> CLOSED | I47: =Harvest!L45 -> CLOSED | J47: =CPUE!L45 -> CLOSED | K47: CLOSED | L47: CLOSED | M47: CLOSED | N47: =SUM(E47,H47) -> 85.303569 | O47: =SUM(F47,I47) -> 497.60415
A48: 46014 | B48: Tue | C48: -0.11 | D48: 0.85486111 | E48: =Effort!J46 -> CLOSED | F48: =Harvest!J46 -> CLOSED | G48: =CPUE!J46 -> CLOSED | H48: =Effort!L46 -> 59.382419 | I48: =Harvest!L46 -> 415.67694 | J48: =CPUE!L46 -> 7 | K48: CLOSED | L48: CLOSED | M48: CLOSED | N48: =SUM(E48,H48) -> 59.382419 | O48: =SUM(F48,I48) -> 415.67694
A49: Tide Series Totals | E49: =SUM(E43:E48) -> 429.19792 | F49: =SUM(F43:F48) -> 3560.3202 | G49: =+F49/E49 -> 8.2952876 | H49: =SUM(H43:H48) -> 466.344 | I49: =SUM(I43:I48) -> 2184.4256 | J49: =+I49/H49 -> 4.6841507 | N49: =SUM(N43:N48) -> 895.54193 | O49: =SUM(O43:O48) -> 5744.7458 | Q49: =SUM(E49,H49) -> 895.54193 | R49: =SUM(F49,I49) -> 5744.7458
A50: 46022 | B50: Wed | C50: -0.62 | D50: 0.66319444 | E50: =Effort!J48 -> 3564.2963 | F50: =Harvest!J48 -> 51573.185 | G50: =CPUE!J48 -> 14.469388 | H50: =Effort!L48 -> CLOSED | I50: =Harvest!L48 -> CLOSED | J50: =CPUE!L48 -> CLOSED | K50: CLOSED | L50: CLOSED | M50: CLOSED | N50: =SUM(E50,H50) -> 3564.2963 | O50: =SUM(F50,I50) -> 51573.185
A51: 46023 | B51: Thu | C51: -1.24 | D51: 0.69930556 | E51: =Effort!J49 -> 5743.1494 | F51: =Harvest!J49 -> 61932.881 | G51: =CPUE!J49 -> 10.783784 | H51: =Effort!L49 -> CLOSED | I51: =Harvest!L49 -> CLOSED | J51: =CPUE!L49 -> CLOSED | K51: CLOSED | L51: CLOSED | M51: CLOSED | N51: =SUM(E51,H51) -> 5743.1494 | O51: =SUM(F51,I51) -> 61932.881
A52: 46024 | B52: Fri | C52: -1.61 | D52: 0.73402778 | E52: =Effort!J50 -> CLOSED | F52: =Harvest!J50 -> CLOSED | G52: =CPUE!J50 -> CLOSED | H52: =Effort!L50 -> 2048.8245 | I52: =Harvest!L50 -> 12628.82 | J52: =CPUE!L50 -> 6.1639344 | K52: CLOSED | L52: CLOSED | M52: CLOSED | N52: =SUM(E52,H52) -> 2048.8245 | O52: =SUM(F52,I52) -> 12628.82
A53: 46025 | B53: Sat | C53: -1.71 | D53: 0.76597222 | E53: =Effort!J51 -> CLOSED | F53: =Harvest!J51 -> CLOSED | G53: =CPUE!J51 -> CLOSED | H53: =Effort!L51 -> 1060.1582 | I53: =Harvest!L51 -> 1827.859 | J53: =CPUE!L51 -> 1.7241379 | K53: CLOSED | L53: CLOSED | M53: CLOSED | N53: =SUM(E53,H53) -> 1060.1582 | O53: =SUM(F53,I53) -> 1827.859
A54: 46026 | B54: Sun | C54: -1.53 | D54: 0.79652778 | E54: =Effort!J52 -> 365.13156 | F54: =Harvest!J52 -> 4510.4487 | G54: =CPUE!J52 -> 12.352941 | H54: =Effort!L52 -> CLOSED | I54: =Harvest!L52 -> CLOSED | J54: =CPUE!L52 -> CLOSED | K54: CLOSED | L54: CLOSED | M54: CLOSED | N54: =SUM(E54,H54) -> 365.13156 | O54: =SUM(F54,I54) -> 4510.4487
A55: 46027 | B55: Mon | C55: -1.11 | D55: 0.82638889 | E55: =Effort!J53 -> 245.09803 | F55: =Harvest!J53 -> 3308.8233 | G55: =CPUE!J53 -> 13.5 | H55: =Effort!L53 -> CLOSED | I55: =Harvest!L53 -> CLOSED | J55: =CPUE!L53 -> CLOSED | K55: CLOSED | L55: CLOSED | M55: CLOSED | N55: =SUM(E55,H55) -> 245.09803 | O55: =SUM(F55,I55) -> 3308.8233
A56: 46028 | B56: Tue | C56: -0.49 | D56: 0.85555556 | E56: =Effort!J54 -> CLOSED | F56: =Harvest!J54 -> CLOSED | G56: =CPUE!J54 -> CLOSED | H56: =Effort!L54 -> 29.210406 | I56: =Harvest!L54 -> 146.05203 | J56: =CPUE!L54 -> 5 | K56: CLOSED | L56: CLOSED | M56: CLOSED | N56: =SUM(E56,H56) -> 29.210406 | O56: =SUM(F56,I56) -> 146.05203
A57: Tide Series Totals | E57: =SUM(E50:E56) -> 9917.6752 | F57: =SUM(F50:F56) -> 121325.34 | G57: =+F57/E57 -> 12.233244 | H57: =SUM(H50:H56) -> 3138.1931 | I57: =SUM(I50:I56) -> 14602.731 | J57: =+I57/H57 -> 4.6532289 | N57: =SUM(N50:N56) -> 13055.868 | O57: =SUM(O50:O56) -> 135928.07 | Q57: =SUM(E57,H57) -> 13055.868 | R57: =SUM(F57,I57) -> 135928.07
A58: 46037 | B58: Thu | C58: 0.37 | D58: 0.69097222 | E58: =Effort!J56 -> CLOSED | F58: =Harvest!J56 -> CLOSED | G58: =CPUE!J56 -> CLOSED | H58: =Effort!L56 -> 417.26254 | I58: =Harvest!L56 -> 6185.3036 | J58: =CPUE!L56 -> 14.823529 | K58: CLOSED | L58: CLOSED | M58: CLOSED | N58: =SUM(E58,H58) -> 417.26254 | O58: =SUM(F58,I58) -> 6185.3036
A59: 46038 | B59: Fri | C59: 0.01 | D59: 0.71805556 | E59: =Effort!J57 -> 1739.0228 | F59: =Harvest!J57 -> 24240.924 | G59: =CPUE!J57 -> 13.939394 | H59: =Effort!L57 -> CLOSED | I59: =Harvest!L57 -> CLOSED | J59: =CPUE!L57 -> CLOSED | K59: CLOSED | L59: CLOSED | M59: CLOSED | N59: =SUM(E59,H59) -> 1739.0228 | O59: =SUM(F59,I59) -> 24240.924
A60: 46039 | B60: Sat | C60: -0.27 | D60: 0.74305556 | E60: =Effort!J58 -> 2666.5821 | F60: =Harvest!J58 -> 25861.614 | G60: =CPUE!J58 -> 9.6984127 | H60: =Effort!L58 -> CLOSED | I60: =Harvest!L58 -> CLOSED | J60: =CPUE!L58 -> CLOSED | K60: CLOSED | L60: CLOSED | M60: CLOSED | N60: =SUM(E60,H60) -> 2666.5821 | O60: =SUM(F60,I60) -> 25861.614
A61: 46040 | B61: Sun | C61: -0.45 | D61: 0.76666667 | E61: =Effort!J59 -> CLOSED | F61: =Harvest!J59 -> CLOSED | G61: =CPUE!J59 -> CLOSED | H61: =Effort!L59 -> 1496.7963 | I61: =Harvest!L59 -> 19059.206 | J61: =CPUE!L59 -> 12.733333 | K61: CLOSED | L61: CLOSED | M61: CLOSED | N61: =SUM(E61,H61) -> 1496.7963 | O61: =SUM(F61,I61) -> 19059.206
A62: 46041 | B62: Mon | C62: -0.5 | D62: 0.78958333 | E62: =Effort!J60 -> CLOSED | F62: =Harvest!J60 -> CLOSED | G62: =CPUE!J60 -> CLOSED | H62: =Effort!L60 -> 310.96912 | I62: =Harvest!L60 -> 1839.9006 | J62: =CPUE!L60 -> 5.9166667 | K62: CLOSED | L62: CLOSED | M62: CLOSED | N62: =SUM(E62,H62) -> 310.96912 | O62: =SUM(F62,I62) -> 1839.9006
A63: 46042 | B63: Tue | C63: -0.39 | D63: 0.81180556 | E63: =Effort!J61 -> 232.07875 | F63: =Harvest!J61 -> 1929.1546 | G63: =CPUE!J61 -> 8.3125 | H63: =Effort!L61 -> CLOSED | I63: =Harvest!L61 -> CLOSED | J63: =CPUE!L61 -> CLOSED | K63: CLOSED | L63: CLOSED | M63: CLOSED | N63: =SUM(E63,H63) -> 232.07875 | O63: =SUM(F63,I63) -> 1929.1546
A64: 46043 | B64: Wed | C64: -0.09 | D64: 0.83402778 | E64: =Effort!J62 -> 154.31247 | F64: =Harvest!J62 -> 1620.281 | G64: =CPUE!J62 -> 10.5 | H64: =Effort!L62 -> CLOSED | I64: =Harvest!L62 -> CLOSED | J64: =CPUE!L62 -> CLOSED | K64: CLOSED | L64: CLOSED | M64: CLOSED | N64: =SUM(E64,H64) -> 154.31247 | O64: =SUM(F64,I64) -> 1620.281
A65: Tide Series Totals | E65: =SUM(E58:E64) -> 4791.9962 | F65: =SUM(F58:F64) -> 53651.974 | G65: =+F65/E65 -> 11.196164 | H65: =SUM(H58:H64) -> 2225.0279 | I65: =SUM(I58:I64) -> 27084.41 | J65: =+I65/H65 -> 12.172616 | N65: =SUM(N58:N64) -> 7017.0241 | O65: =SUM(O58:O64) -> 80736.384 | Q65: =SUM(E65,H65) -> 7017.0241 | R65: =SUM(F65,I65) -> 80736.384
A66: 46051 | B66: Thu | C66: -0.6 | D66: 0.66319444 | E66: =Effort!J64 -> CLOSED | F66: =Harvest!J64 -> CLOSED | G66: =CPUE!J64 -> CLOSED | H66: =Effort!L64 -> 281.15016 | I66: =Harvest!L64 -> 833.03752 | J66: =CPUE!L64 -> 2.962963 | K66: CLOSED | L66: CLOSED | M66: CLOSED | N66: =SUM(E66,H66) -> 281.15016 | O66: =SUM(F66,I66) -> 833.03752
A67: 46052 | B67: Fri | C67: -1.2 | D67: 0.69930556 | E67: =Effort!J65 -> 1076.9896 | F67: =Harvest!J65 -> 12636.678 | G67: =CPUE!J65 -> 11.733333 | H67: =Effort!L65 -> CLOSED | I67: =Harvest!L65 -> CLOSED | J67: =CPUE!L65 -> CLOSED | K67: CLOSED | L67: CLOSED | M67: CLOSED | N67: =SUM(E67,H67) -> 1076.9896 | O67: =SUM(F67,I67) -> 12636.678
A68: 46053 | B68: Sat | C68: -1.6 | D68: 0.73402778 | E68: =Effort!J66 -> 4013.8918 | F68: =Harvest!J66 -> 56499.338 | G68: =CPUE!J66 -> 14.075949 | H68: =Effort!L66 -> CLOSED | I68: =Harvest!L66 -> CLOSED | J68: =CPUE!L66 -> CLOSED | K68: CLOSED | L68: CLOSED | M68: CLOSED | N68: =SUM(E68,H68) -> 4013.8918 | O68: =SUM(F68,I68) -> 56499.338
A69: 46054 | B69: Sun | C69: -1.7 | D69: 0.76597222 | E69: =Effort!J67 -> CLOSED | F69: =Harvest!J67 -> CLOSED | G69: =CPUE!J67 -> CLOSED | H69: =Effort!L67 -> 901.46519 | I69: =Harvest!L67 -> 10243.923 | J69: =CPUE!L67 -> 11.363636 | K69: CLOSED | L69: CLOSED | M69: CLOSED | N69: =SUM(E69,H69) -> 901.46519 | O69: =SUM(F69,I69) -> 10243.923
A70: 46055 | B70: Mon | C70: -1.5 | D70: 0.79652778 | E70: =Effort!J68 -> CLOSED | F70: =Harvest!J68 -> CLOSED | G70: =CPUE!J68 -> CLOSED | H70: =Effort!L68 -> 186.6489 | I70: =Harvest!L68 -> 653.27114 | J70: =CPUE!L68 -> 3.5 | K70: CLOSED | L70: CLOSED | M70: CLOSED | N70: =SUM(E70,H70) -> 186.6489 | O70: =SUM(F70,I70) -> 653.27114
A71: 46056 | B71: Tue | C71: -1.1 | D71: 0.82638889 | E71: =Effort!J69 -> 383.33949 | F71: =Harvest!J69 -> 4025.0647 | G71: =CPUE!J69 -> 10.5 | H71: =Effort!L69 -> CLOSED | I71: =Harvest!L69 -> CLOSED | J71: =CPUE!L69 -> CLOSED | K71: CLOSED | L71: CLOSED | M71: CLOSED | N71: =SUM(E71,H71) -> 383.33949 | O71: =SUM(F71,I71) -> 4025.0647
A72: 46057 | B72: Wed | C72: -0.5 | D72: 0.85555556 | E72: =Effort!J70 -> 232.53675 | F72: =Harvest!J70 -> 1448.8828 | G72: =CPUE!J70 -> 6.2307692 | H72: =Effort!L70 -> CLOSED | I72: =Harvest!L70 -> CLOSED | J72: =CPUE!L70 -> CLOSED | K72: CLOSED | L72: CLOSED | M72: CLOSED | N72: =SUM(E72,H72) -> 232.53675 | O72: =SUM(F72,I72) -> 1448.8828
A73: Tide Series Totals | E73: =SUM(E66:E72) -> 5706.7576 | F73: =SUM(F66:F72) -> 74609.963 | G73: =+F73/E73 -> 13.073967 | H73: =SUM(H66:H72) -> 1369.2643 | I73: =SUM(I66:I72) -> 11730.231 | J73: =+I73/H73 -> 8.5668134 | N73: =SUM(N66:N72) -> 7076.0218 | O73: =SUM(O66:O72) -> 86340.194 | Q73: =SUM(E73,H73) -> 7076.0218 | R73: =SUM(F73,I73) -> 86340.194
A74: 46067 | B74: Sat | C74: 0.25 | D74: 0.7 | E74: =Effort!J72 -> CLOSED | F74: =Harvest!J72 -> CLOSED | G74: =CPUE!J72 -> CLOSED | H74: =Effort!L72 -> 1985.6431 | I74: =Harvest!L72 -> 6933.4749 | J74: =CPUE!L72 -> 3.4918033 | K74: CLOSED | L74: CLOSED | M74: CLOSED | N74: =SUM(E74,H74) -> 1985.6431 | O74: =SUM(F74,I74) -> 6933.4749
A75: 46068 | B75: Sun | C75: -0.09 | D75: 0.725 | E75: =Effort!J73 -> 3150.0188 | F75: =Harvest!J73 -> 14470.399 | G75: =CPUE!J73 -> 4.59375 | H75: =Effort!L73 -> CLOSED | I75: =Harvest!L73 -> CLOSED | J75: =CPUE!L73 -> CLOSED | K75: CLOSED | L75: CLOSED | M75: CLOSED | N75: =SUM(E75,H75) -> 3150.0188 | O75: =SUM(F75,I75) -> 14470.399
A76: 46069 | B76: Mon | C76: -0.29 | D76: 0.74791667 | E76: =Effort!J74 -> 867.64701 | F76: =Harvest!J74 -> 2651.1436 | G76: =CPUE!J74 -> 3.0555556 | H76: =Effort!L74 -> CLOSED | I76: =Harvest!L74 -> CLOSED | J76: =CPUE!L74 -> CLOSED | K76: CLOSED | L76: CLOSED | M76: CLOSED | N76: =SUM(E76,H76) -> 867.64701 | O76: =SUM(F76,I76) -> 2651.1436
A77: 46070 | B77: Tue | C77: -0.3 | D77: 0.77013889 | E77: =Effort!J75 -> CLOSED | F77: =Harvest!J75 -> CLOSED | G77: =CPUE!J75 -> CLOSED | H77: =Effort!L75 -> 367.58405 | I77: =Harvest!L75 -> 73.51681 | J77: =CPUE!L75 -> 0.2 | K77: CLOSED | L77: CLOSED | M77: CLOSED | N77: =SUM(E77,H77) -> 367.58405 | O77: =SUM(F77,I77) -> 73.51681
A78: 46071 | B78: Wed | C78: -0.11 | D78: 0.79166667 | E78: =Effort!J76 -> CLOSED | F78: =Harvest!J76 -> CLOSED | G78: =CPUE!J76 -> CLOSED | H78: =Effort!L76 -> 208.12415 | I78: =Harvest!L76 -> 416.24829 | J78: =CPUE!L76 -> 2 | K78: CLOSED | L78: CLOSED | M78: CLOSED | N78: =SUM(E78,H78) -> 208.12415 | O78: =SUM(F78,I78) -> 416.24829
A79: 46072 | B79: Thu | C79: 0.29 | D79: 0.81388889 | E79: =Effort!J77 -> 288.41736 | F79: =Harvest!J77 -> 1009.4608 | G79: =CPUE!J77 -> 3.5 | H79: =Effort!L77 -> CLOSED | I79: =Harvest!L77 -> CLOSED | J79: =CPUE!L77 -> CLOSED | K79: CLOSED | L79: CLOSED | M79: CLOSED | N79: =SUM(E79,H79) -> 288.41736 | O79: =SUM(F79,I79) -> 1009.4608
A80: Tide Series Totals | E80: =SUM(E74:E79) -> 4306.0832 | F80: =SUM(F74:F79) -> 18131.003 | G80: =+F80/E80 -> 4.2105558 | H80: =SUM(H74:H79) -> 2561.3513 | I80: =SUM(I74:I79) -> 7423.24 | J80: =+I80/H80 -> 2.8981734 | N80: =SUM(N74:N79) -> 6867.4344 | O80: =SUM(O74:O79) -> 25554.243 | Q80: =SUM(E80,H80) -> 6867.4344 | R80: =SUM(F80,I80) -> 25554.243
A81: 46079 | B81: Thu | C81: 0.32 | D81: 0.60138889 | E81: =Effort!J79 -> 821.18979 | F81: =Harvest!J79 -> 8919.0336 | G81: =CPUE!J79 -> 10.861111 | H81: =Effort!L79 -> CLOSED | I81: =Harvest!L79 -> CLOSED | J81: =CPUE!L79 -> CLOSED | K81: CLOSED | L81: CLOSED | M81: CLOSED | N81: =SUM(E81,H81) -> 821.18979 | O81: =SUM(F81,I81) -> 8919.0336
A82: 46080 | B82: Fri | C82: -0.04 | D82: 0.64513889 | E82: =Effort!J80 -> CLOSED | F82: =Harvest!J80 -> CLOSED | G82: =CPUE!J80 -> CLOSED | H82: =Effort!L80 -> 1289.8466 | I82: =Harvest!L80 -> 11137.33 | J82: =CPUE!L80 -> 8.6346154 | K82: CLOSED | L82: CLOSED | M82: CLOSED | N82: =SUM(E82,H82) -> 1289.8466 | O82: =SUM(F82,I82) -> 11137.33
A83: 46081 | B83: Sat | C83: -0.34 | D83: 0.68194444 | E83: =Effort!J81 -> CLOSED | F83: =Harvest!J81 -> CLOSED | G83: =CPUE!J81 -> CLOSED | H83: =Effort!L81 -> 2745.4959 | I83: =Harvest!L81 -> 35993.149 | J83: =CPUE!L81 -> 13.10989 | K83: CLOSED | L83: CLOSED | M83: CLOSED | N83: =SUM(E83,H83) -> 2745.4959 | O83: =SUM(F83,I83) -> 35993.149
A84: 46082 | B84: Sun | C84: -0.48 | D84: 0.71319444 | E84: =Effort!J82 -> 4054.4157 | F84: =Harvest!J82 -> 53456.589 | G84: =CPUE!J82 -> 13.184783 | H84: =Effort!L82 -> CLOSED | I84: =Harvest!L82 -> CLOSED | J84: =CPUE!L82 -> CLOSED | K84: CLOSED | L84: CLOSED | M84: CLOSED | N84: =SUM(E84,H84) -> 4054.4157 | O84: =SUM(F84,I84) -> 53456.589
A85: 46083 | B85: Mon | C85: -0.42 | D85: 0.74027778 | E85: =Effort!J83 -> 1367.4899 | F85: =Harvest!J83 -> 13935.374 | G85: =CPUE!J83 -> 10.190476 | H85: =Effort!L83 -> CLOSED | I85: =Harvest!L83 -> CLOSED | J85: =CPUE!L83 -> CLOSED | K85: CLOSED | L85: CLOSED | M85: CLOSED | N85: =SUM(E85,H85) -> 1367.4899 | O85: =SUM(F85,I85) -> 13935.374
A86: 46084 | B86: Tue | C86: -0.15 | D86: 0.76527778 | E86: =Effort!J84 -> CLOSED | F86: =Harvest!J84 -> CLOSED | G86: =CPUE!J84 -> CLOSED | H86: =Effort!L84 -> 179.71246 | I86: =Harvest!L84 -> 814.69649 | J86: =CPUE!L84 -> 4.5333333 | K86: CLOSED | L86: CLOSED | M86: CLOSED | N86: =SUM(E86,H86) -> 179.71246 | O86: =SUM(F86,I86) -> 814.69649
A87: 46085 | B87: Wed | C87: 0.3 | D87: 0.78819444 | E87: =Effort!J85 -> CLOSED | F87: =Harvest!J85 -> CLOSED | G87: =CPUE!J85 -> CLOSED | H87: =Effort!L85 -> 98.585122 | I87: =Harvest!L85 -> 635.32634 | J87: =CPUE!L85 -> 6.4444444 | K87: CLOSED | L87: CLOSED | M87: CLOSED | N87: =SUM(E87,H87) -> 98.585122 | O87: =SUM(F87,I87) -> 635.32634
A88: Tide Series Totals | E88: =SUM(E81:E87) -> 6243.0954 | F88: =SUM(F81:F87) -> 76310.996 | G88: =+F88/E88 -> 12.223263 | H88: =SUM(H81:H87) -> 4313.6401 | I88: =SUM(I81:I87) -> 48580.502 | J88: =+I88/H88 -> 11.262067 | N88: =SUM(N81:N87) -> 10556.735 | O88: =SUM(O81:O87) -> 124891.5 | Q88: =SUM(E88,H88) -> 10556.735 | R88: =SUM(F88,I88) -> 124891.5
A89: 46098 | B89: Tue | C89: 0.16 | D89: 0.76458333 | E89: =Effort!J87 -> 189.68693 | F89: =Harvest!J87 -> 442.60284 | G89: =CPUE!J87 -> 2.3333333 | H89: =Effort!L87 -> CLOSED | I89: =Harvest!L87 -> CLOSED | J89: =CPUE!L87 -> CLOSED | K89: CLOSED | L89: CLOSED | M89: CLOSED | N89: =SUM(E89,H89) -> 189.68693 | O89: =SUM(F89,I89) -> 442.60284
