Workbook

Sheet Observations
A1: Ingress-Egress Datasheet Transcription - Tidy Observations
A2: Source File | B2: PDF Page | C2: Datasheet ID | D2: Beach | E2: Access Point | F2: Date | G2: Sampler | H2: Row Number | I2: Row Type | J2: Time Start | K2: Time End | L2: Relative Start | M2: Relative End | N2: Cars On Raw | O2: Cars On | P2: Cars Off Raw | Q2: Cars Off | R2: Entry Status | S2: Transcription Note | T2: Cumulative Cars On | U2: Cumulative Cars Off | V2: Calculated Vehicles in Area
A3: 2022-2026-Copalis-Mocrocks.pdf | B3: 1 | C3: P01 | D3: Copalis Beach | E3: Ocean City North | F3: 44653 | G3: Bryce | H3: 1 | I3: Prior to Start | J3: Prior to Start | N3: 0 | O3: 0 | P3: 0 | Q3: 0 | R3: Observed | T3: =IF(R3<>"Observed","",SUMIFS($O$3:O3,$C$3:C3,C3,$R$3:R3,"Observed")) -> 0 | U3: =IF(R3<>"Observed","",SUMIFS($Q$3:Q3,$C$3:C3,C3,$R$3:R3,"Observed")) -> 0 | V3: =IF(R3<>"Observed","",T3-U3) -> 0
A4: 2022-2026-Copalis-Mocrocks.pdf | B4: 1 | C4: P01 | D4: Copalis Beach | E4: Ocean City North | F4: 44653 | G4: Bryce | H4: 2 | I4: 15-minute interval | J4: 0507 | K4: 0522 | L4: 3:00 | M4: 2:45 | N4: 3 | O4: 3 | P4: 0 | Q4: 0 | R4: Observed | T4: =IF(R4<>"Observed","",SUMIFS($O$3:O4,$C$3:C4,C4,$R$3:R4,"Observed")) -> 3 | U4: =IF(R4<>"Observed","",SUMIFS($Q$3:Q4,$C$3:C4,C4,$R$3:R4,"Observed")) -> 0 | V4: =IF(R4<>"Observed","",T4-U4) -> 3
A5: 2022-2026-Copalis-Mocrocks.pdf | B5: 1 | C5: P01 | D5: Copalis Beach | E5: Ocean City North | F5: 44653 | G5: Bryce | H5: 3 | I5: 15-minute interval | J5: 0522 | K5: 0537 | L5: 2:45 | M5: 2:30 | N5: 4 | O5: 4 | P5: 0 | Q5: 0 | R5: Observed | T5: =IF(R5<>"Observed","",SUMIFS($O$3:O5,$C$3:C5,C5,$R$3:R5,"Observed")) -> 7 | U5: =IF(R5<>"Observed","",SUMIFS($Q$3:Q5,$C$3:C5,C5,$R$3:R5,"Observed")) -> 0 | V5: =IF(R5<>"Observed","",T5-U5) -> 7
A6: 2022-2026-Copalis-Mocrocks.pdf | B6: 1 | C6: P01 | D6: Copalis Beach | E6: Ocean City North | F6: 44653 | G6: Bryce | H6: 4 | I6: 15-minute interval | J6: 0537 | K6: 0552 | L6: 2:30 | M6: 2:15 | N6: 15 | O6: 15 | P6: 0 | Q6: 0 | R6: Observed | T6: =IF(R6<>"Observed","",SUMIFS($O$3:O6,$C$3:C6,C6,$R$3:R6,"Observed")) -> 22 | U6: =IF(R6<>"Observed","",SUMIFS($Q$3:Q6,$C$3:C6,C6,$R$3:R6,"Observed")) -> 0 | V6: =IF(R6<>"Observed","",T6-U6) -> 22
A7: 2022-2026-Copalis-Mocrocks.pdf | B7: 1 | C7: P01 | D7: Copalis Beach | E7: Ocean City North | F7: 44653 | G7: Bryce | H7: 5 | I7: 15-minute interval | J7: 0552 | K7: 0607 | L7: 2:15 | M7: 2:00 | N7: 10 | O7: 10 | P7: 1 | Q7: 1 | R7: Observed | T7: =IF(R7<>"Observed","",SUMIFS($O$3:O7,$C$3:C7,C7,$R$3:R7,"Observed")) -> 32 | U7: =IF(R7<>"Observed","",SUMIFS($Q$3:Q7,$C$3:C7,C7,$R$3:R7,"Observed")) -> 1 | V7: =IF(R7<>"Observed","",T7-U7) -> 31
A8: 2022-2026-Copalis-Mocrocks.pdf | B8: 1 | C8: P01 | D8: Copalis Beach | E8: Ocean City North | F8: 44653 | G8: Bryce | H8: 6 | I8: 15-minute interval | J8: 0607 | K8: 0622 | L8: 2:00 | M8: 1:45 | N8: 26 | O8: 26 | P8: 1 | Q8: 1 | R8: Observed | T8: =IF(R8<>"Observed","",SUMIFS($O$3:O8,$C$3:C8,C8,$R$3:R8,"Observed")) -> 58 | U8: =IF(R8<>"Observed","",SUMIFS($Q$3:Q8,$C$3:C8,C8,$R$3:R8,"Observed")) -> 2 | V8: =IF(R8<>"Observed","",T8-U8) -> 56
A9: 2022-2026-Copalis-Mocrocks.pdf | B9: 1 | C9: P01 | D9: Copalis Beach | E9: Ocean City North | F9: 44653 | G9: Bryce | H9: 7 | I9: 15-minute interval | J9: 0622 | K9: 0637 | L9: 1:45 | M9: 1:30 | N9: 51 | O9: 51 | P9: 0 | Q9: 0 | R9: Observed | T9: =IF(R9<>"Observed","",SUMIFS($O$3:O9,$C$3:C9,C9,$R$3:R9,"Observed")) -> 109 | U9: =IF(R9<>"Observed","",SUMIFS($Q$3:Q9,$C$3:C9,C9,$R$3:R9,"Observed")) -> 2 | V9: =IF(R9<>"Observed","",T9-U9) -> 107
A10: 2022-2026-Copalis-Mocrocks.pdf | B10: 1 | C10: P01 | D10: Copalis Beach | E10: Ocean City North | F10: 44653 | G10: Bryce | H10: 8 | I10: 15-minute interval | J10: 0637 | K10: 0652 | L10: 1:30 | M10: 1:15 | N10: 59 | O10: 59 | P10: 3 | Q10: 3 | R10: Observed | T10: =IF(R10<>"Observed","",SUMIFS($O$3:O10,$C$3:C10,C10,$R$3:R10,"Observed")) -> 168 | U10: =IF(R10<>"Observed","",SUMIFS($Q$3:Q10,$C$3:C10,C10,$R$3:R10,"Observed")) -> 5 | V10: =IF(R10<>"Observed","",T10-U10) -> 163
A11: 2022-2026-Copalis-Mocrocks.pdf | B11: 1 | C11: P01 | D11: Copalis Beach | E11: Ocean City North | F11: 44653 | G11: Bryce | H11: 9 | I11: 15-minute interval | J11: 0652 | K11: 0707 | L11: 1:15 | M11: 1:00 | N11: 74 | O11: 74 | P11: 4 | Q11: 4 | R11: Observed | T11: =IF(R11<>"Observed","",SUMIFS($O$3:O11,$C$3:C11,C11,$R$3:R11,"Observed")) -> 242 | U11: =IF(R11<>"Observed","",SUMIFS($Q$3:Q11,$C$3:C11,C11,$R$3:R11,"Observed")) -> 9 | V11: =IF(R11<>"Observed","",T11-U11) -> 233
A12: 2022-2026-Copalis-Mocrocks.pdf | B12: 1 | C12: P01 | D12: Copalis Beach | E12: Ocean City North | F12: 44653 | G12: Bryce | H12: 10 | I12: 15-minute interval | J12: 0707 | K12: 0722 | L12: 1:00 | M12: 0:45 | N12: 64 | O12: 64 | P12: 17 | Q12: 17 | R12: Observed | T12: =IF(R12<>"Observed","",SUMIFS($O$3:O12,$C$3:C12,C12,$R$3:R12,"Observed")) -> 306 | U12: =IF(R12<>"Observed","",SUMIFS($Q$3:Q12,$C$3:C12,C12,$R$3:R12,"Observed")) -> 26 | V12: =IF(R12<>"Observed","",T12-U12) -> 280
A13: 2022-2026-Copalis-Mocrocks.pdf | B13: 1 | C13: P01 | D13: Copalis Beach | E13: Ocean City North | F13: 44653 | G13: Bryce | H13: 11 | I13: 15-minute interval | J13: 0722 | K13: 0737 | L13: 0:45 | M13: 0:30 | N13: 47 | O13: 47 | P13: 34 | Q13: 34 | R13: Observed | T13: =IF(R13<>"Observed","",SUMIFS($O$3:O13,$C$3:C13,C13,$R$3:R13,"Observed")) -> 353 | U13: =IF(R13<>"Observed","",SUMIFS($Q$3:Q13,$C$3:C13,C13,$R$3:R13,"Observed")) -> 60 | V13: =IF(R13<>"Observed","",T13-U13) -> 293
A14: 2022-2026-Copalis-Mocrocks.pdf | B14: 1 | C14: P01 | D14: Copalis Beach | E14: Ocean City North | F14: 44653 | G14: Bryce | H14: 12 | I14: 15-minute interval | J14: 0737 | K14: 0752 | L14: 0:30 | M14: 0:15 | N14: 18 | O14: 18 | P14: 37 | Q14: 37 | R14: Observed | T14: =IF(R14<>"Observed","",SUMIFS($O$3:O14,$C$3:C14,C14,$R$3:R14,"Observed")) -> 371 | U14: =IF(R14<>"Observed","",SUMIFS($Q$3:Q14,$C$3:C14,C14,$R$3:R14,"Observed")) -> 97 | V14: =IF(R14<>"Observed","",T14-U14) -> 274
A15: 2022-2026-Copalis-Mocrocks.pdf | B15: 1 | C15: P01 | D15: Copalis Beach | E15: Ocean City North | F15: 44653 | G15: Bryce | H15: 13 | I15: 15-minute interval | J15: 0752 | K15: 0807 | L15: 0:15 | M15: 0:00 | N15: 14 | O15: 14 | P15: 49 | Q15: 49 | R15: Observed | T15: =IF(R15<>"Observed","",SUMIFS($O$3:O15,$C$3:C15,C15,$R$3:R15,"Observed")) -> 385 | U15: =IF(R15<>"Observed","",SUMIFS($Q$3:Q15,$C$3:C15,C15,$R$3:R15,"Observed")) -> 146 | V15: =IF(R15<>"Observed","",T15-U15) -> 239
... A19: 2022-2026-Copalis-Mocrocks.pdf | B19: 1 | C19: P01 | D19: Copalis Beach | E19: Ocean City North | F19: 44653 | G19: Bryce | H19: 17 | I19: 15-minute interval | J19: 0852 | K19: 0907 | L19: 0:45 | M19: 1:00 | N19: 7 | O19: 7 | P19: 21 | Q19: 21 | R19: Observed | T19: =IF(R19<>"Observed","",SUMIFS($O$3:O19,$C$3:C19,C19,$R$3:R19,"Observed")) -> 426 | U19: =IF(R19<>"Observed","",SUMIFS($Q$3:Q19,$C$3:C19,C19,$R$3:R19,"Observed")) -> 301 | V19: =IF(R19<>"Observed","",T19-U19) -> 125
A20: 2022-2026-Copalis-Mocrocks.pdf | B20: 2 | C20: P02 | D20: Mocrocks | E20: Roosevelt App. South | F20: 44654 | G20: Clayton | H20: 1 | I20: Prior to Start | J20: Prior to Start | N20: 2 | O20: 2 | Q20: 0 | R20: Observed | S20: Cars Off source cell blank; treated as 0. | T20: =IF(R20<>"Observed","",SUMIFS($O$3:O20,$C$3:C20,C20,$R$3:R20,"Observed")) -> 2 | U20: =IF(R20<>"Observed","",SUMIFS($Q$3:Q20,$C$3:C20,C20,$R$3:R20,"Observed")) -> 0 | V20: =IF(R20<>"Observed","",T20-U20) -> 2
A21: 2022-2026-Copalis-Mocrocks.pdf | B21: 2 | C21: P02 | D21: Mocrocks | E21: Roosevelt App. South | F21: 44654 | G21: Clayton | H21: 2 | I21: 15-minute interval | J21: 0545 | K21: 0600 | L21: 3:00 | M21: 2:45 | N21: 0 | O21: 0 | P21: 0 | Q21: 0 | R21: Observed | S21: Dashes interpreted as 0. | T21: =IF(R21<>"Observed","",SUMIFS($O$3:O21,$C$3:C21,C21,$R$3:R21,"Observed")) -> 2 | U21: =IF(R21<>"Observed","",SUMIFS($Q$3:Q21,$C$3:C21,C21,$R$3:R21,"Observed")) -> 0 | V21: =IF(R21<>"Observed","",T21-U21) -> 2
A22: 2022-2026-Copalis-Mocrocks.pdf | B22: 2 | C22: P02 | D22: Mocrocks | E22: Roosevelt App. South | F22: 44654 | G22: Clayton | H22: 3 | I22: 15-minute interval | J22: 0600 | K22: 0615 | L22: 2:45 | M22: 2:30 | N22: 1 | O22: 1 | P22: 0 | Q22: 0 | R22: Observed | T22: =IF(R22<>"Observed","",SUMIFS($O$3:O22,$C$3:C22,C22,$R$3:R22,"Observed")) -> 3 | U22: =IF(R22<>"Observed","",SUMIFS($Q$3:Q22,$C$3:C22,C22,$R$3:R22,"Observed")) -> 0 | V22: =IF(R22<>"Observed","",T22-U22) -> 3
A23: 2022-2026-Copalis-Mocrocks.pdf | B23: 2 | C23: P02 | D23: Mocrocks | E23: Roosevelt App. South | F23: 44654 | G23: Clayton | H23: 4 | I23: 15-minute interval | J23: 0615 | K23: 0630 | L23: 2:30 | M23: 2:15 | N23: 6 | O23: 6 | P23: 0 | Q23: 0 | R23: Observed | T23: =IF(R23<>"Observed","",SUMIFS($O$3:O23,$C$3:C23,C23,$R$3:R23,"Observed")) -> 9 | U23: =IF(R23<>"Observed","",SUMIFS($Q$3:Q23,$C$3:C23,C23,$R$3:R23,"Observed")) -> 0 | V23: =IF(R23<>"Observed","",T23-U23) -> 9
A24: 2022-2026-Copalis-Mocrocks.pdf | B24: 2 | C24: P02 | D24: Mocrocks | E24: Roosevelt App. South | F24: 44654 | G24: Clayton | H24: 5 | I24: 15-minute interval | J24: 0630 | K24: 0645 | L24: 2:15 | M24: 2:00 | N24: 15 | O24: 15 | P24: 1 | Q24: 1 | R24: Observed | T24: =IF(R24<>"Observed","",SUMIFS($O$3:O24,$C$3:C24,C24,$R$3:R24,"Observed")) -> 24 | U24: =IF(R24<>"Observed","",SUMIFS($Q$3:Q24,$C$3:C24,C24,$R$3:R24,"Observed")) -> 1 | V24: =IF(R24<>"Observed","",T24-U24) -> 23
A25: 2022-2026-Copalis-Mocrocks.pdf | B25: 2 | C25: P02 | D25: Mocrocks | E25: Roosevelt App. South | F25: 44654 | G25: Clayton | H25: 6 | I25: 15-minute interval | J25: 0645 | K25: 0700 | L25: 2:00 | M25: 1:45 | N25: 25 | O25: 25 | P25: 0 | Q25: 0 | R25: Observed | T25: =IF(R25<>"Observed","",SUMIFS($O$3:O25,$C$3:C25,C25,$R$3:R25,"Observed")) -> 49 | U25: =IF(R25<>"Observed","",SUMIFS($Q$3:Q25,$C$3:C25,C25,$R$3:R25,"Observed")) -> 1 | V25: =IF(R25<>"Observed","",T25-U25) -> 48
A26: 2022-2026-Copalis-Mocrocks.pdf | B26: 2 | C26: P02 | D26: Mocrocks | E26: Roosevelt App. South | F26: 44654 | G26: Clayton | H26: 7 | I26: 15-minute interval | J26: 0700 | K26: 0715 | L26: 1:45 | M26: 1:30 | N26: 31 | O26: 31 | P26: 0 | Q26: 0 | R26: Observed | T26: =IF(R26<>"Observed","",SUMIFS($O$3:O26,$C$3:C26,C26,$R$3:R26,"Observed")) -> 80 | U26: =IF(R26<>"Observed","",SUMIFS($Q$3:Q26,$C$3:C26,C26,$R$3:R26,"Observed")) -> 1 | V26: =IF(R26<>"Observed","",T26-U26) -> 79
A27: 2022-2026-Copalis-Mocrocks.pdf | B27: 2 | C27: P02 | D27: Mocrocks | E27: Roosevelt App. South | F27: 44654 | G27: Clayton | H27: 8 | I27: 15-minute interval | J27: 0715 | K27: 0730 | L27: 1:30 | M27: 1:15 | N27: 38 | O27: 38 | P27: 1 | Q27: 1 | R27: Observed | T27: =IF(R27<>"Observed","",SUMIFS($O$3:O27,$C$3:C27,C27,$R$3:R27,"Observed")) -> 118 | U27: =IF(R27<>"Observed","",SUMIFS($Q$3:Q27,$C$3:C27,C27,$R$3:R27,"Observed")) -> 2 | V27: =IF(R27<>"Observed","",T27-U27) -> 116
A28: 2022-2026-Copalis-Mocrocks.pdf | B28: 2 | C28: P02 | D28: Mocrocks | E28: Roosevelt App. South | F28: 44654 | G28: Clayton | H28: 9 | I28: 15-minute interval | J28: 0730 | K28: 0745 | L28: 1:15 | M28: 1:00 | N28: 27 | O28: 27 | P28: 8 | Q28: 8 | R28: Observed | T28: =IF(R28<>"Observed","",SUMIFS($O$3:O28,$C$3:C28,C28,$R$3:R28,"Observed")) -> 145 | U28: =IF(R28<>"Observed","",SUMIFS($Q$3:Q28,$C$3:C28,C28,$R$3:R28,"Observed")) -> 10 | V28: =IF(R28<>"Observed","",T28-U28) -> 135
A29: 2022-2026-Copalis-Mocrocks.pdf | B29: 2 | C29: P02 | D29: Mocrocks | E29: Roosevelt App. South | F29: 44654 | G29: Clayton | H29: 10 | I29: 15-minute interval | J29: 0745 | K29: 0800 | L29: 1:00 | M29: 0:45 | N29: 28 | O29: 28 | P29: 10 | Q29: 10 | R29: Observed | T29: =IF(R29<>"Observed","",SUMIFS($O$3:O29,$C$3:C29,C29,$R$3:R29,"Observed")) -> 173 | U29: =IF(R29<>"Observed","",SUMIFS($Q$3:Q29,$C$3:C29,C29,$R$3:R29,"Observed")) -> 20 | V29: =IF(R29<>"Observed","",T29-U29) -> 153
A30: 2022-2026-Copalis-Mocrocks.pdf | B30: 2 | C30: P02 | D30: Mocrocks | E30: Roosevelt App. South | F30: 44654 | G30: Clayton | H30: 11 | I30: 15-minute interval | J30: 0800 | K30: 0815 | L30: 0:45 | M30: 0:30 | N30: 23 | O30: 23 | P30: 19 | Q30: 19 | R30: Observed | T30: =IF(R30<>"Observed","",SUMIFS($O$3:O30,$C$3:C30,C30,$R$3:R30,"Observed")) -> 196 | U30: =IF(R30<>"Observed","",SUMIFS($Q$3:Q30,$C$3:C30,C30,$R$3:R30,"Observed")) -> 39 | V30: =IF(R30<>"Observed","",T30-U30) -> 157
A31: 2022-2026-Copalis-Mocrocks.pdf | B31: 2 | C31: P02 | D31: Mocrocks | E31: Roosevelt App. South | F31: 44654 | G31: Clayton | H31: 12 | I31: 15-minute interval | J31: 0815 | K31: 0830 | L31: 0:30 | M31: 0:15 | N31: 20 | O31: 20 | P31: 22 | Q31: 22 | R31: Observed | T31: =IF(R31<>"Observed","",SUMIFS($O$3:O31,$C$3:C31,C31,$R$3:R31,"Observed")) -> 216 | U31: =IF(R31<>"Observed","",SUMIFS($Q$3:Q31,$C$3:C31,C31,$R$3:R31,"Observed")) -> 61 | V31: =IF(R31<>"Observed","",T31-U31) -> 155
A32: 2022-2026-Copalis-Mocrocks.pdf | B32: 2 | C32: P02 | D32: Mocrocks | E32: Roosevelt App. South | F32: 44654 | G32: Clayton | H32: 13 | I32: 15-minute interval | J32: 0830 | K32: 0845 | L32: 0:15 | M32: 0:00 | N32: 6 | O32: 6 | P32: 17 | Q32: 17 | R32: Observed | T32: =IF(R32<>"Observed","",SUMIFS($O$3:O32,$C$3:C32,C32,$R$3:R32,"Observed")) -> 222 | U32: =IF(R32<>"Observed","",SUMIFS($Q$3:Q32,$C$3:C32,C32,$R$3:R32,"Observed")) -> 78 | V32: =IF(R32<>"Observed","",T32-U32) -> 144
A33: 2022-2026-Copalis-Mocrocks.pdf | B33: 2 | C33: P02 | D33: Mocrocks | E33: Roosevelt App. South | F33: 44654 | G33: Clayton | H33: 14 | I33: 15-minute interval | J33: 0845 | K33: 0900 | L33: 0:00 | M33: 0:15 | N33: 5 | O33: 5 | P33: 34 | Q33: 34 | R33: Observed | T33: =IF(R33<>"Observed","",SUMIFS($O$3:O33,$C$3:C33,C33,$R$3:R33,"Observed")) -> 227 | U33: =IF(R33<>"Observed","",SUMIFS($Q$3:Q33,$C$3:C33,C33,$R$3:R33,"Observed")) -> 112 | V33: =IF(R33<>"Observed","",T33-U33) -> 115
... A36: 2022-2026-Copalis-Mocrocks.pdf | B36: 2 | C36: P02 | D36: Mocrocks | E36: Roosevelt App. South | F36: 44654 | G36: Clayton | H36: 17 | I36: 15-minute interval | J36: 0930 | K36: 0945 | L36: 0:45 | M36: 1:00 | N36: 0 | O36: 0 | P36: 21 | Q36: 21 | R36: Observed | T36: =IF(R36<>"Observed","",SUMIFS($O$3:O36,$C$3:C36,C36,$R$3:R36,"Observed")) -> 239 | U36: =IF(R36<>"Observed","",SUMIFS($Q$3:Q36,$C$3:C36,C36,$R$3:R36,"Observed")) -> 198 | V36: =IF(R36<>"Observed","",T36-U36) -> 41
A37: 2022-2026-Copalis-Mocrocks.pdf | B37: 3 | C37: P03 | D37: Copalis Beach | E37: Ocean City North | F37: 45040 | G37: Bryce | H37: 1 | I37: Prior to Start | J37: Prior to Start | N37: 3 | O37: 3 | Q37: 0 | R37: Observed | S37: Cars Off source cell blank; treated as 0. | T37: =IF(R37<>"Observed","",SUMIFS($O$3:O37,$C$3:C37,C37,$R$3:R37,"Observed")) -> 3 | U37: =IF(R37<>"Observed","",SUMIFS($Q$3:Q37,$C$3:C37,C37,$R$3:R37,"Observed")) -> 0 | V37: =IF(R37<>"Observed","",T37-U37) -> 3
A38: 2022-2026-Copalis-Mocrocks.pdf | B38: 3 | C38: P03 | D38: Copalis Beach | E38: Ocean City North | F38: 45040 | G38: Bryce | H38: 2 | I38: 15-minute interval | J38: 0714 | K38: 0729 | L38: 3:00 | M38: 2:45 | N38: 5 | O38: 5 | Q38: 0 | R38: Observed | S38: Cars Off source cell blank; treated as 0. | T38: =IF(R38<>"Observed","",SUMIFS($O$3:O38,$C$3:C38,C38,$R$3:R38,"Observed")) -> 8 | U38: =IF(R38<>"Observed","",SUMIFS($Q$3:Q38,$C$3:C38,C38,$R$3:R38,"Observed")) -> 0 | V38: =IF(R38<>"Observed","",T38-U38) -> 8
A39: 2022-2026-Copalis-Mocrocks.pdf | B39: 3 | C39: P03 | D39: Copalis Beach | E39: Ocean City North | F39: 45040 | G39: Bryce | H39: 3 | I39: 15-minute interval | J39: 0729 | K39: 0744 | L39: 2:45 | M39: 2:30 | N39: 4 | O39: 4 | Q39: 0 | R39: Observed | S39: Cars Off source cell blank; treated as 0. | T39: =IF(R39<>"Observed","",SUMIFS($O$3:O39,$C$3:C39,C39,$R$3:R39,"Observed")) -> 12 | U39: =IF(R39<>"Observed","",SUMIFS($Q$3:Q39,$C$3:C39,C39,$R$3:R39,"Observed")) -> 0 | V39: =IF(R39<>"Observed","",T39-U39) -> 12
A40: 2022-2026-Copalis-Mocrocks.pdf | B40: 3 | C40: P03 | D40: Copalis Beach | E40: Ocean City North | F40: 45040 | G40: Bryce | H40: 4 | I40: 15-minute interval | J40: 0744 | K40: 0759 | L40: 2:30 | M40: 2:15 | N40: 6 | O40: 6 | Q40: 0 | R40: Observed | S40: Cars Off source cell blank; treated as 0. | T40: =IF(R40<>"Observed","",SUMIFS($O$3:O40,$C$3:C40,C40,$R$3:R40,"Observed")) -> 18 | U40: =IF(R40<>"Observed","",SUMIFS($Q$3:Q40,$C$3:C40,C40,$R$3:R40,"Observed")) -> 0 | V40: =IF(R40<>"Observed","",T40-U40) -> 18
A41: 2022-2026-Copalis-Mocrocks.pdf | B41: 3 | C41: P03 | D41: Copalis Beach | E41: Ocean City North | F41: 45040 | G41: Bryce | H41: 5 | I41: 15-minute interval | J41: 0759 | K41: 0814 | L41: 2:15 | M41: 2:00 | N41: 22 | O41: 22 | Q41: 0 | R41: Observed | S41: Cars Off source cell blank; treated as 0. | T41: =IF(R41<>"Observed","",SUMIFS($O$3:O41,$C$3:C41,C41,$R$3:R41,"Observed")) -> 40 | U41: =IF(R41<>"Observed","",SUMIFS($Q$3:Q41,$C$3:C41,C41,$R$3:R41,"Observed")) -> 0 | V41: =IF(R41<>"Observed","",T41-U41) -> 40
A42: 2022-2026-Copalis-Mocrocks.pdf | B42: 3 | C42: P03 | D42: Copalis Beach | E42: Ocean City North | F42: 45040 | G42: Bryce | H42: 6 | I42: 15-minute interval | J42: 0814 | K42: 0829 | L42: 2:00 | M42: 1:45 | N42: 39 | O42: 39 | P42: 1 | Q42: 1 | R42: Observed | T42: =IF(R42<>"Observed","",SUMIFS($O$3:O42,$C$3:C42,C42,$R$3:R42,"Observed")) -> 79 | U42: =IF(R42<>"Observed","",SUMIFS($Q$3:Q42,$C$3:C42,C42,$R$3:R42,"Observed")) -> 1 | V42: =IF(R42<>"Observed","",T42-U42) -> 78
A43: 2022-2026-Copalis-Mocrocks.pdf | B43: 3 | C43: P03 | D43: Copalis Beach | E43: Ocean City North | F43: 45040 | G43: Bryce | H43: 7 | I43: 15-minute interval | J43: 0829 | K43: 0844 | L43: 1:45 | M43: 1:30 | N43: 35 | O43: 35 | P43: 0 | Q43: 0 | R43: Observed | T43: =IF(R43<>"Observed","",SUMIFS($O$3:O43,$C$3:C43,C43,$R$3:R43,"Observed")) -> 114 | U43: =IF(R43<>"Observed","",SUMIFS($Q$3:Q43,$C$3:C43,C43,$R$3:R43,"Observed")) -> 1 | V43: =IF(R43<>"Observed","",T43-U43) -> 113
A44: 2022-2026-Copalis-Mocrocks.pdf | B44: 3 | C44: P03 | D44: Copalis Beach | E44: Ocean City North | F44: 45040 | G44: Bryce | H44: 8 | I44: 15-minute interval | J44: 0844 | K44: 0859 | L44: 1:30 | M44: 1:15 | N44: 25 | O44: 25 | P44: 2 | Q44: 2 | R44: Observed | T44: =IF(R44<>"Observed","",SUMIFS($O$3:O44,$C$3:C44,C44,$R$3:R44,"Observed")) -> 139 | U44: =IF(R44<>"Observed","",SUMIFS($Q$3:Q44,$C$3:C44,C44,$R$3:R44,"Observed")) -> 3 | V44: =IF(R44<>"Observed","",T44-U44) -> 136
A45: 2022-2026-Copalis-Mocrocks.pdf | B45: 3 | C45: P03 | D45: Copalis Beach | E45: Ocean City North | F45: 45040 | G45: Bryce | H45: 9 | I45: 15-minute interval | J45: 0859 | K45: 0914 | L45: 1:15 | M45: 1:00 | N45: 23 | O45: 23 | P45: 2 | Q45: 2 | R45: Observed | T45: =IF(R45<>"Observed","",SUMIFS($O$3:O45,$C$3:C45,C45,$R$3:R45,"Observed")) -> 162 | U45: =IF(R45<>"Observed","",SUMIFS($Q$3:Q45,$C$3:C45,C45,$R$3:R45,"Observed")) -> 5 | V45: =IF(R45<>"Observed","",T45-U45) -> 157
A46: 2022-2026-Copalis-Mocrocks.pdf | B46: 3 | C46: P03 | D46: Copalis Beach | E46: Ocean City North | F46: 45040 | G46: Bryce | H46: 10 | I46: 15-minute interval | J46: 0914 | K46: 0929 | L46: 1:00 | M46: 0:45 | N46: 17 | O46: 17 | P46: 6 | Q46: 6 | R46: Observed | T46: =IF(R46<>"Observed","",SUMIFS($O$3:O46,$C$3:C46,C46,$R$3:R46,"Observed")) -> 179 | U46: =IF(R46<>"Observed","",SUMIFS($Q$3:Q46,$C$3:C46,C46,$R$3:R46,"Observed")) -> 11 | V46: =IF(R46<>"Observed","",T46-U46) -> 168
A47: 2022-2026-Copalis-Mocrocks.pdf | B47: 3 | C47: P03 | D47: Copalis Beach | E47: Ocean City North | F47: 45040 | G47: Bryce | H47: 11 | I47: 15-minute interval | J47: 0929 | K47: 0944 | L47: 0:45 | M47: 0:30 | N47: 15 | O47: 15 | P47: 11 | Q47: 11 | R47: Observed | T47: =IF(R47<>"Observed","",SUMIFS($O$3:O47,$C$3:C47,C47,$R$3:R47,"Observed")) -> 194 | U47: =IF(R47<>"Observed","",SUMIFS($Q$3:Q47,$C$3:C47,C47,$R$3:R47,"Observed")) -> 22 | V47: =IF(R47<>"Observed","",T47-U47) -> 172
A48: 2022-2026-Copalis-Mocrocks.pdf | B48: 3 | C48: P03 | D48: Copalis Beach | E48: Ocean City North | F48: 45040 | G48: Bryce | H48: 12 | I48: 15-minute interval | J48: 0944 | K48: 0959 | L48: 0:30 | M48: 0:15 | N48: 7 | O48: 7 | P48: 24 | Q48: 24 | R48: Observed | T48: =IF(R48<>"Observed","",SUMIFS($O$3:O48,$C$3:C48,C48,$R$3:R48,"Observed")) -> 201 | U48: =IF(R48<>"Observed","",SUMIFS($Q$3:Q48,$C$3:C48,C48,$R$3:R48,"Observed")) -> 46 | V48: =IF(R48<>"Observed","",T48-U48) -> 155
A49: 2022-2026-Copalis-Mocrocks.pdf | B49: 3 | C49: P03 | D49: Copalis Beach | E49: Ocean City North | F49: 45040 | G49: Bryce | H49: 13 | I49: 15-minute interval | J49: 0959 | K49: 1014 | L49: 0:15 | M49: 0:00 | N49: 4 | O49: 4 | P49: 27 | Q49: 27 | R49: Observed | T49: =IF(R49<>"Observed","",SUMIFS($O$3:O49,$C$3:C49,C49,$R$3:R49,"Observed")) -> 205 | U49: =IF(R49<>"Observed","",SUMIFS($Q$3:Q49,$C$3:C49,C49,$R$3:R49,"Observed")) -> 73 | V49: =IF(R49<>"Observed","",T49-U49) -> 132
A50: 2022-2026-Copalis-Mocrocks.pdf | B50: 3 | C50: P03 | D50: Copalis Beach | E50: Ocean City North | F50: 45040 | G50: Bryce | H50: 14 | I50: 15-minute interval | J50: 1014 | K50: 1029 | L50: 0:00 | M50: 0:15 | N50: 3 | O50: 3 | P50: 28 | Q50: 28 | R50: Observed | T50: =IF(R50<>"Observed","",SUMIFS($O$3:O50,$C$3:C50,C50,$R$3:R50,"Observed")) -> 208 | U50: =IF(R50<>"Observed","",SUMIFS($Q$3:Q50,$C$3:C50,C50,$R$3:R50,"Observed")) -> 101 | V50: =IF(R50<>"Observed","",T50-U50) -> 107
A51: 2022-2026-Copalis-Mocrocks.pdf | B51: 3 | C51: P03 | D51: Copalis Beach | E51: Ocean City North | F51: 45040 | G51: Bryce | H51: 15 | I51: 15-minute interval | J51: 1029 | K51: 1044 | L51: 0:15 | M51: 0:30 | N51: 0 | O51: 0 | P51: 26 | Q51: 26 | R51: Observed | T51: =IF(R51<>"Observed","",SUMIFS($O$3:O51,$C$3:C51,C51,$R$3:R51,"Observed")) -> 208 | U51: =IF(R51<>"Observed","",SUMIFS($Q$3:Q51,$C$3:C51,C51,$R$3:R51,"Observed")) -> 127 | V51: =IF(R51<>"Observed","",T51-U51) -> 81
A52: 2022-2026-Copalis-Mocrocks.pdf | B52: 3 | C52: P03 | D52: Copalis Beach | E52: Ocean City North | F52: 45040 | G52: Bryce | H52: 16 | I52: 15-minute interval | J52: 1044 | K52: 1059 | L52: 0:30 | M52: 0:45 | N52: 1 | O52: 1 | P52: 22 | Q52: 22 | R52: Observed | T52: =IF(R52<>"Observed","",SUMIFS($O$3:O52,$C$3:C52,C52,$R$3:R52,"Observed")) -> 209 | U52: =IF(R52<>"Observed","",SUMIFS($Q$3:Q52,$C$3:C52,C52,$R$3:R52,"Observed")) -> 149 | V52: =IF(R52<>"Observed","",T52-U52) -> 60
A53: 2022-2026-Copalis-Mocrocks.pdf | B53: 3 | C53: P03 | D53: Copalis Beach | E53: Ocean City North | F53: 45040 | G53: Bryce | H53: 17 | I53: 15-minute interval | J53: 1059 | K53: 1114 | L53: 0:45 | M53: 1:00 | N53: 3 | O53: 3 | P53: 22 | Q53: 22 | R53: Observed | T53: =IF(R53<>"Observed","",SUMIFS($O$3:O53,$C$3:C53,C53,$R$3:R53,"Observed")) -> 212 | U53: =IF(R53<>"Observed","",SUMIFS($Q$3:Q53,$C$3:C53,C53,$R$3:R53,"Observed")) -> 171 | V53: =IF(R53<>"Observed","",T53-U53) -> 41
A54: 2022-2026-Copalis-Mocrocks.pdf | B54: 4 | C54: P04 | D54: Mocrocks | E54: Roosevelt App. South | F54: 45041 | G54: JG | H54: 1 | I54: Prior to Start | J54: Prior to Start | R54: Observed | T54: =IF(R54<>"Observed","",SUMIFS($O$3:O54,$C$3:C54,C54,$R$3:R54,"Observed")) -> 0 | U54: =IF(R54<>"Observed","",SUMIFS($Q$3:Q54,$C$3:C54,C54,$R$3:R54,"Observed")) -> 0 | V54: =IF(R54<>"Observed","",T54-U54) -> 0
A55: 2022-2026-Copalis-Mocrocks.pdf | B55: 4 | C55: P04 | D55: Mocrocks | E55: Roosevelt App. South | F55: 45041 | G55: JG | H55: 2 | I55: 15-minute interval | J55: 0801 | K55: 0816 | L55: 3:00 | M55: 2:45 | R55: Observed | T55: =IF(R55<>"Observed","",SUMIFS($O$3:O55,$C$3:C55,C55,$R$3:R55,"Observed")) -> 0 | U55: =IF(R55<>"Observed","",SUMIFS($Q$3:Q55,$C$3:C55,C55,$R$3:R55,"Observed")) -> 0 | V55: =IF(R55<>"Observed","",T55-U55) -> 0
A56: 2022-2026-Copalis-Mocrocks.pdf | B56: 4 | C56: P04 | D56: Mocrocks | E56: Roosevelt App. South | F56: 45041 | G56: JG | H56: 3 | I56: 15-minute interval | J56: 0816 | K56: 0831 | L56: 2:45 | M56: 2:30 | R56: Observed | T56: =IF(R56<>"Observed","",SUMIFS($O$3:O56,$C$3:C56,C56,$R$3:R56,"Observed")) -> 0 | U56: =IF(R56<>"Observed","",SUMIFS($Q$3:Q56,$C$3:C56,C56,$R$3:R56,"Observed")) -> 0 | V56: =IF(R56<>"Observed","",T56-U56) -> 0
A57: 2022-2026-Copalis-Mocrocks.pdf | B57: 4 | C57: P04 | D57: Mocrocks | E57: Roosevelt App. South | F57: 45041 | G57: JG | H57: 4 | I57: 15-minute interval | J57: 0831 | K57: 0846 | L57: 2:30 | M57: 2:15 | N57: 19 | O57: 19 | Q57: 0 | R57: Observed | S57: Cars Off source cell blank; treated as 0. | T57: =IF(R57<>"Observed","",SUMIFS($O$3:O57,$C$3:C57,C57,$R$3:R57,"Observed")) -> 19 | U57: =IF(R57<>"Observed","",SUMIFS($Q$3:Q57,$C$3:C57,C57,$R$3:R57,"Observed")) -> 0 | V57: =IF(R57<>"Observed","",T57-U57) -> 19
A58: 2022-2026-Copalis-Mocrocks.pdf | B58: 4 | C58: P04 | D58: Mocrocks | E58: Roosevelt App. South | F58: 45041 | G58: JG | H58: 5 | I58: 15-minute interval | J58: 0846 | K58: 0901 | L58: 2:15 | M58: 2:00 | N58: 17 | O58: 17 | P58: 1 | Q58: 1 | R58: Observed | T58: =IF(R58<>"Observed","",SUMIFS($O$3:O58,$C$3:C58,C58,$R$3:R58,"Observed")) -> 36 | U58: =IF(R58<>"Observed","",SUMIFS($Q$3:Q58,$C$3:C58,C58,$R$3:R58,"Observed")) -> 1 | V58: =IF(R58<>"Observed","",T58-U58) -> 35
A59: 2022-2026-Copalis-Mocrocks.pdf | B59: 4 | C59: P04 | D59: Mocrocks | E59: Roosevelt App. South | F59: 45041 | G59: JG | H59: 6 | I59: 15-minute interval | J59: 0901 | K59: 0916 | L59: 2:00 | M59: 1:45 | N59: 33 | O59: 33 | P59: 0 | Q59: 0 | R59: Observed | T59: =IF(R59<>"Observed","",SUMIFS($O$3:O59,$C$3:C59,C59,$R$3:R59,"Observed")) -> 69 | U59: =IF(R59<>"Observed","",SUMIFS($Q$3:Q59,$C$3:C59,C59,$R$3:R59,"Observed")) -> 1 | V59: =IF(R59<>"Observed","",T59-U59) -> 68
A60: 2022-2026-Copalis-Mocrocks.pdf | B60: 4 | C60: P04 | D60: Mocrocks | E60: Roosevelt App. South | F60: 45041 | G60: JG | H60: 7 | I60: 15-minute interval | J60: 0916 | K60: 0931 | L60: 1:45 | M60: 1:30 | N60: 34 | O60: 34 | P60: 3 | Q60: 3 | R60: Observed | T60: =IF(R60<>"Observed","",SUMIFS($O$3:O60,$C$3:C60,C60,$R$3:R60,"Observed")) -> 103 | U60: =IF(R60<>"Observed","",SUMIFS($Q$3:Q60,$C$3:C60,C60,$R$3:R60,"Observed")) -> 4 | V60: =IF(R60<>"Observed","",T60-U60) -> 99
A61: 2022-2026-Copalis-Mocrocks.pdf | B61: 4 | C61: P04 | D61: Mocrocks | E61: Roosevelt App. South | F61: 45041 | G61: JG | H61: 8 | I61: 15-minute interval | J61: 0931 | K61: 0946 | L61: 1:30 | M61: 1:15 | N61: 38 | O61: 38 | P61: 5 | Q61: 5 | R61: Observed | T61: =IF(R61<>"Observed","",SUMIFS($O$3:O61,$C$3:C61,C61,$R$3:R61,"Observed")) -> 141 | U61: =IF(R61<>"Observed","",SUMIFS($Q$3:Q61,$C$3:C61,C61,$R$3:R61,"Observed")) -> 9 | V61: =IF(R61<>"Observed","",T61-U61) -> 132
A62: 2022-2026-Copalis-Mocrocks.pdf | B62: 4 | C62: P04 | D62: Mocrocks | E62: Roosevelt App. South | F62: 45041 | G62: JG | H62: 9 | I62: 15-minute interval | J62: 0946 | K62: 1001 | L62: 1:15 | M62: 1:00 | N62: 26 | O62: 26 | P62: 5 | Q62: 5 | R62: Observed | T62: =IF(R62<>"Observed","",SUMIFS($O$3:O62,$C$3:C62,C62,$R$3:R62,"Observed")) -> 167 | U62: =IF(R62<>"Observed","",SUMIFS($Q$3:Q62,$C$3:C62,C62,$R$3:R62,"Observed")) -> 14 | V62: =IF(R62<>"Observed","",T62-U62) -> 153
A63: 2022-2026-Copalis-Mocrocks.pdf | B63: 4 | C63: P04 | D63: Mocrocks | E63: Roosevelt App. South | F63: 45041 | G63: JG | H63: 10 | I63: 15-minute interval | J63: 1001 | K63: 1016 | L63: 1:00 | M63: 0:45 | N63: 23 | O63: 23 | P63: 15 | Q63: 15 | R63: Observed | T63: =IF(R63<>"Observed","",SUMIFS($O$3:O63,$C$3:C63,C63,$R$3:R63,"Observed")) -> 190 | U63: =IF(R63<>"Observed","",SUMIFS($Q$3:Q63,$C$3:C63,C63,$R$3:R63,"Observed")) -> 29 | V63: =IF(R63<>"Observed","",T63-U63) -> 161
A64: 2022-2026-Copalis-Mocrocks.pdf | B64: 4 | C64: P04 | D64: Mocrocks | E64: Roosevelt App. South | F64: 45041 | G64: JG | H64: 11 | I64: 15-minute interval | J64: 1016 | K64: 1031 | L64: 0:45 | M64: 0:30 | N64: 11 | O64: 11 | P64: 11 | Q64: 11 | R64: Observed | T64: =IF(R64<>"Observed","",SUMIFS($O$3:O64,$C$3:C64,C64,$R$3:R64,"Observed")) -> 201 | U64: =IF(R64<>"Observed","",SUMIFS($Q$3:Q64,$C$3:C64,C64,$R$3:R64,"Observed")) -> 40 | V64: =IF(R64<>"Observed","",T64-U64) -> 161
A65: 2022-2026-Copalis-Mocrocks.pdf | B65: 4 | C65: P04 | D65: Mocrocks | E65: Roosevelt App. South | F65: 45041 | G65: JG | H65: 12 | I65: 15-minute interval | J65: 1031 | K65: 1046 | L65: 0:30 | M65: 0:15 | N65: 5 | O65: 5 | P65: 25 | Q65: 25 | R65: Observed | T65: =IF(R65<>"Observed","",SUMIFS($O$3:O65,$C$3:C65,C65,$R$3:R65,"Observed")) -> 206 | U65: =IF(R65<>"Observed","",SUMIFS($Q$3:Q65,$C$3:C65,C65,$R$3:R65,"Observed")) -> 65 | V65: =IF(R65<>"Observed","",T65-U65) -> 141
A66: 2022-2026-Copalis-Mocrocks.pdf | B66: 4 | C66: P04 | D66: Mocrocks | E66: Roosevelt App. South | F66: 45041 | G66: JG | H66: 13 | I66: 15-minute interval | J66: 1046 | K66: 1101 | L66: 0:15 | M66: 0:00 | N66: 3 | O66: 3 | P66: 25 | Q66: 25 | R66: Observed | T66: =IF(R66<>"Observed","",SUMIFS($O$3:O66,$C$3:C66,C66,$R$3:R66,"Observed")) -> 209 | U66: =IF(R66<>"Observed","",SUMIFS($Q$3:Q66,$C$3:C66,C66,$R$3:R66,"Observed")) -> 90 | V66: =IF(R66<>"Observed","",T66-U66) -> 119
A67: 2022-2026-Copalis-Mocrocks.pdf | B67: 4 | C67: P04 | D67: Mocrocks | E67: Roosevelt App. South | F67: 45041 | G67: JG | H67: 14 | I67: 15-minute interval | J67: 1101 | K67: 1116 | L67: 0:00 | M67: 0:15 | N67: 2 | O67: 2 | P67: 19 | Q67: 19 | R67: Observed | T67: =IF(R67<>"Observed","",SUMIFS($O$3:O67,$C$3:C67,C67,$R$3:R67,"Observed")) -> 211 | U67: =IF(R67<>"Observed","",SUMIFS($Q$3:Q67,$C$3:C67,C67,$R$3:R67,"Observed")) -> 109 | V67: =IF(R67<>"Observed","",T67-U67) -> 102
A68: 2022-2026-Copalis-Mocrocks.pdf | B68: 4 | C68: P04 | D68: Mocrocks | E68: Roosevelt App. South | F68: 45041 | G68: JG | H68: 15 | I68: 15-minute interval | J68: 1116 | K68: 1131 | L68: 0:15 | M68: 0:30 | N68: 4 | O68: 4 | P68: 26* | Q68: 26 | R68: Observed | S68: Asterisk in source. | T68: =IF(R68<>"Observed","",SUMIFS($O$3:O68,$C$3:C68,C68,$R$3:R68,"Observed")) -> 215 | U68: =IF(R68<>"Observed","",SUMIFS($Q$3:Q68,$C$3:C68,C68,$R$3:R68,"Observed")) -> 135 | V68: =IF(R68<>"Observed","",T68-U68) -> 80
A69: 2022-2026-Copalis-Mocrocks.pdf | B69: 4 | C69: P04 | D69: Mocrocks | E69: Roosevelt App. South | F69: 45041 | G69: JG | H69: 16 | I69: 15-minute interval | J69: 1131 | K69: 1146 | L69: 0:30 | M69: 0:45 | N69: 2 | O69: 2 | P69: 30* | Q69: 30 | R69: Observed | S69: Asterisk in source. | T69: =IF(R69<>"Observed","",SUMIFS($O$3:O69,$C$3:C69,C69,$R$3:R69,"Observed")) -> 217 | U69: =IF(R69<>"Observed","",SUMIFS($Q$3:Q69,$C$3:C69,C69,$R$3:R69,"Observed")) -> 165 | V69: =IF(R69<>"Observed","",T69-U69) -> 52
A70: 2022-2026-Copalis-Mocrocks.pdf | B70: 4 | C70: P04 | D70: Mocrocks | E70: Roosevelt App. South | F70: 45041 | G70: JG | H70: 17 | I70: 15-minute interval | J70: 1146 | K70: 1201 | L70: 0:45 | M70: 1:00 | N70: 2 | O70: 2 | P70: 17 | Q70: 17 | R70: Observed | T70: =IF(R70<>"Observed","",SUMIFS($O$3:O70,$C$3:C70,C70,$R$3:R70,"Observed")) -> 219 | U70: =IF(R70<>"Observed","",SUMIFS($Q$3:Q70,$C$3:C70,C70,$R$3:R70,"Observed")) -> 182 | V70: =IF(R70<>"Observed","",T70-U70) -> 37
A71: 2022-2026-Copalis-Mocrocks.pdf | B71: 5 | C71: P05 | D71: Mocrocks | E71: Roosevelt App. South | F71: 45368 | G71: Chase | H71: 1 | I71: Prior to Start | J71: Prior to Start | N71: 76 | O71: 76 | P71: 0 | Q71: 0 | R71: Observed | T71: =IF(R71<>"Observed","",SUMIFS($O$3:O71,$C$3:C71,C71,$R$3:R71,"Observed")) -> 76 | U71: =IF(R71<>"Observed","",SUMIFS($Q$3:Q71,$C$3:C71,C71,$R$3:R71,"Observed")) -> 0 | V71: =IF(R71<>"Observed","",T71-U71) -> 76
A72: 2022-2026-Copalis-Mocrocks.pdf | B72: 5 | C72: P05 | D72: Mocrocks | E72: Roosevelt App. South | F72: 45368 | G72: Chase | H72: 2 | I72: 15-minute interval | J72: 1023 | K72: 1038 | L72: 3:00 | M72: 2:45 | N72: 17 | O72: 17 | P72: 2 | Q72: 2 | R72: Observed | T72: =IF(R72<>"Observed","",SUMIFS($O$3:O72,$C$3:C72,C72,$R$3:R72,"Observed")) -> 93 | U72: =IF(R72<>"Observed","",SUMIFS($Q$3:Q72,$C$3:C72,C72,$R$3:R72,"Observed")) -> 2 | V72: =IF(R72<>"Observed","",T72-U72) -> 91
A73: 2022-2026-Copalis-Mocrocks.pdf | B73: 5 | C73: P05 | D73: Mocrocks | E73: Roosevelt App. South | F73: 45368 | G73: Chase | H73: 3 | I73: 15-minute interval | J73: 1038 | K73: 1053 | L73: 2:45 | M73: 2:30 | N73: 33 | O73: 33 | P73: 7 | Q73: 7 | R73: Observed | T73: =IF(R73<>"Observed","",SUMIFS($O$3:O73,$C$3:C73,C73,$R$3:R73,"Observed")) -> 126 | U73: =IF(R73<>"Observed","",SUMIFS($Q$3:Q73,$C$3:C73,C73,$R$3:R73,"Observed")) -> 9 | V73: =IF(R73<>"Observed","",T73-U73) -> 117
A74: 2022-2026-Copalis-Mocrocks.pdf | B74: 5 | C74: P05 | D74: Mocrocks | E74: Roosevelt App. South | F74: 45368 | G74: Chase | H74: 4 | I74: 15-minute interval | J74: 1053 | K74: 1108 | L74: 2:30 | M74: 2:15 | N74: 57 | O74: 57 | P74: 7 | Q74: 7 | R74: Observed | T74: =IF(R74<>"Observed","",SUMIFS($O$3:O74,$C$3:C74,C74,$R$3:R74,"Observed")) -> 183 | U74: =IF(R74<>"Observed","",SUMIFS($Q$3:Q74,$C$3:C74,C74,$R$3:R74,"Observed")) -> 16 | V74: =IF(R74<>"Observed","",T74-U74) -> 167
A75: 2022-2026-Copalis-Mocrocks.pdf | B75: 5 | C75: P05 | D75: Mocrocks | E75: Roosevelt App. South | F75: 45368 | G75: Chase | H75: 5 | I75: 15-minute interval | J75: 1108 | K75: 1123 | L75: 2:15 | M75: 2:00 | N75: 38 | O75: 38 | P75: 16 | Q75: 16 | R75: Observed | T75: =IF(R75<>"Observed","",SUMIFS($O$3:O75,$C$3:C75,C75,$R$3:R75,"Observed")) -> 221 | U75: =IF(R75<>"Observed","",SUMIFS($Q$3:Q75,$C$3:C75,C75,$R$3:R75,"Observed")) -> 32 | V75: =IF(R75<>"Observed","",T75-U75) -> 189
A76: 2022-2026-Copalis-Mocrocks.pdf | B76: 5 | C76: P05 | D76: Mocrocks | E76: Roosevelt App. South | F76: 45368 | G76: Chase | H76: 6 | I76: 15-minute interval | J76: 1123 | K76: 1138 | L76: 2:00 | M76: 1:45 | N76: 65 | O76: 65 | P76: 11 | Q76: 11 | R76: Observed | T76: =IF(R76<>"Observed","",SUMIFS($O$3:O76,$C$3:C76,C76,$R$3:R76,"Observed")) -> 286 | U76: =IF(R76<>"Observed","",SUMIFS($Q$3:Q76,$C$3:C76,C76,$R$3:R76,"Observed")) -> 43 | V76: =IF(R76<>"Observed","",T76-U76) -> 243
A77: 2022-2026-Copalis-Mocrocks.pdf | B77: 5 | C77: P05 | D77: Mocrocks | E77: Roosevelt App. South | F77: 45368 | G77: Chase | H77: 7 | I77: 15-minute interval | J77: 1138 | K77: 1153 | L77: 1:45 | M77: 1:30 | N77: 54 | O77: 54 | P77: 9 | Q77: 9 | R77: Observed | T77: =IF(R77<>"Observed","",SUMIFS($O$3:O77,$C$3:C77,C77,$R$3:R77,"Observed")) -> 340 | U77: =IF(R77<>"Observed","",SUMIFS($Q$3:Q77,$C$3:C77,C77,$R$3:R77,"Observed")) -> 52 | V77: =IF(R77<>"Observed","",T77-U77) -> 288
A78: 2022-2026-Copalis-Mocrocks.pdf | B78: 5 | C78: P05 | D78: Mocrocks | E78: Roosevelt App. South | F78: 45368 | G78: Chase | H78: 8 | I78: 15-minute interval | J78: 1153 | K78: 1208 | L78: 1:30 | M78: 1:15 | N78: 71 | O78: 71 | P78: 26 | Q78: 26 | R78: Observed | T78: =IF(R78<>"Observed","",SUMIFS($O$3:O78,$C$3:C78,C78,$R$3:R78,"Observed")) -> 411 | U78: =IF(R78<>"Observed","",SUMIFS($Q$3:Q78,$C$3:C78,C78,$R$3:R78,"Observed")) -> 78 | V78: =IF(R78<>"Observed","",T78-U78) -> 333
A79: 2022-2026-Copalis-Mocrocks.pdf | B79: 5 | C79: P05 | D79: Mocrocks | E79: Roosevelt App. South | F79: 45368 | G79: Chase | H79: 9 | I79: 15-minute interval | J79: 1208 | K79: 1223 | L79: 1:15 | M79: 1:00 | N79: 52 | O79: 52 | P79: 15 | Q79: 15 | R79: Observed | T79: =IF(R79<>"Observed","",SUMIFS($O$3:O79,$C$3:C79,C79,$R$3:R79,"Observed")) -> 463 | U79: =IF(R79<>"Observed","",SUMIFS($Q$3:Q79,$C$3:C79,C79,$R$3:R79,"Observed")) -> 93 | V79: =IF(R79<>"Observed","",T79-U79) -> 370
A80: 2022-2026-Copalis-Mocrocks.pdf | B80: 5 | C80: P05 | D80: Mocrocks | E80: Roosevelt App. South | F80: 45368 | G80: Chase | H80: 10 | I80: 15-minute interval | J80: 1223 | K80: 1238 | L80: 1:00 | M80: 0:45 | N80: 63 | O80: 63 | P80: 22 | Q80: 22 | R80: Observed | T80: =IF(R80<>"Observed","",SUMIFS($O$3:O80,$C$3:C80,C80,$R$3:R80,"Observed")) -> 526 | U80: =IF(R80<>"Observed","",SUMIFS($Q$3:Q80,$C$3:C80,C80,$R$3:R80,"Observed")) -> 115 | V80: =IF(R80<>"Observed","",T80-U80) -> 411
A81: 2022-2026-Copalis-Mocrocks.pdf | B81: 5 | C81: P05 | D81: Mocrocks | E81: Roosevelt App. South | F81: 45368 | G81: Chase | H81: 11 | I81: 15-minute interval | J81: 1238 | K81: 1253 | L81: 0:45 | M81: 0:30 | N81: 34 | O81: 34 | P81: 18 | Q81: 18 | R81: Observed | T81: =IF(R81<>"Observed","",SUMIFS($O$3:O81,$C$3:C81,C81,$R$3:R81,"Observed")) -> 560 | U81: =IF(R81<>"Observed","",SUMIFS($Q$3:Q81,$C$3:C81,C81,$R$3:R81,"Observed")) -> 133 | V81: =IF(R81<>"Observed","",T81-U81) -> 427
A82: 2022-2026-Copalis-Mocrocks.pdf | B82: 5 | C82: P05 | D82: Mocrocks | E82: Roosevelt App. South | F82: 45368 | G82: Chase | H82: 12 | I82: 15-minute interval | J82: 1253 | K82: 1308 | L82: 0:30 | M82: 0:15 | N82: 38 | O82: 38 | P82: 27 | Q82: 27 | R82: Observed | T82: =IF(R82<>"Observed","",SUMIFS($O$3:O82,$C$3:C82,C82,$R$3:R82,"Observed")) -> 598 | U82: =IF(R82<>"Observed","",SUMIFS($Q$3:Q82,$C$3:C82,C82,$R$3:R82,"Observed")) -> 160 | V82: =IF(R82<>"Observed","",T82-U82) -> 438
A83: 2022-2026-Copalis-Mocrocks.pdf | B83: 5 | C83: P05 | D83: Mocrocks | E83: Roosevelt App. South | F83: 45368 | G83: Chase | H83: 13 | I83: 15-minute interval | J83: 1308 | K83: 1323 | L83: 0:15 | M83: 0:00 | N83: 14 | O83: 14 | P83: 62 | Q83: 62 | R83: Observed | T83: =IF(R83<>"Observed","",SUMIFS($O$3:O83,$C$3:C83,C83,$R$3:R83,"Observed")) -> 612 | U83: =IF(R83<>"Observed","",SUMIFS($Q$3:Q83,$C$3:C83,C83,$R$3:R83,"Observed")) -> 222 | V83: =IF(R83<>"Observed","",T83-U83) -> 390
... A87: 2022-2026-Copalis-Mocrocks.pdf | B87: 5 | C87: P05 | D87: Mocrocks | E87: Roosevelt App. South | F87: 45368 | G87: Chase | H87: 17 | I87: 15-minute interval | J87: 1408 | K87: 1423 | L87: 0:45 | M87: 1:00 | N87: 11 | O87: 11 | P87: 59 | Q87: 59 | R87: Observed | T87: =IF(R87<>"Observed","",SUMIFS($O$3:O87,$C$3:C87,C87,$R$3:R87,"Observed")) -> 663 | U87: =IF(R87<>"Observed","",SUMIFS($Q$3:Q87,$C$3:C87,C87,$R$3:R87,"Observed")) -> 445 | V87: =IF(R87<>"Observed","",T87-U87) -> 218
A88: 2022-2026-Copalis-Mocrocks.pdf | B88: 6 | C88: P06 | D88: Copalis Beach | E88: Ocean City North | F88: 45358 | G88: Chase | H88: 1 | I88: Prior to Start | J88: Prior to Start | N88: 11 | O88: 11 | P88: 2 | Q88: 2 | R88: Observed | T88: =IF(R88<>"Observed","",SUMIFS($O$3:O88,$C$3:C88,C88,$R$3:R88,"Observed")) -> 11 | U88: =IF(R88<>"Observed","",SUMIFS($Q$3:Q88,$C$3:C88,C88,$R$3:R88,"Observed")) -> 2 | V88: =IF(R88<>"Observed","",T88-U88) -> 9
A89: 2022-2026-Copalis-Mocrocks.pdf | B89: 6 | C89: P06 | D89: Copalis Beach | E89: Ocean City North | F89: 45358 | G89: Chase | H89: 2 | I89: 15-minute interval | J89: 1315 | K89: 1330 | L89: 3:00 | M89: 2:45 | N89: 14 | O89: 14 | P89: 3 | Q89: 3 | R89: Observed | T89: =IF(R89<>"Observed","",SUMIFS($O$3:O89,$C$3:C89,C89,$R$3:R89,"Observed")) -> 25 | U89: =IF(R89<>"Observed","",SUMIFS($Q$3:Q89,$C$3:C89,C89,$R$3:R89,"Observed")) -> 5 | V89: =IF(R89<>"Observed","",T89-U89) -> 20
A90: 2022-2026-Copalis-Mocrocks.pdf | B90: 6 | C90: P06 | D90: Copalis Beach | E90: Ocean City North | F90: 45358 | G90: Chase | H90: 3 | I90: 15-minute interval | J90: 1330 | K90: 1345 | L90: 2:45 | M90: 2:30 | N90: 19 | O90: 19 | P90: 2 | Q90: 2 | R90: Observed | T90: =IF(R90<>"Observed","",SUMIFS($O$3:O90,$C$3:C90,C90,$R$3:R90,"Observed")) -> 44 | U90: =IF(R90<>"Observed","",SUMIFS($Q$3:Q90,$C$3:C90,C90,$R$3:R90,"Observed")) -> 7 | V90: =IF(R90<>"Observed","",T90-U90) -> 37
A91: 2022-2026-Copalis-Mocrocks.pdf | B91: 6 | C91: P06 | D91: Copalis Beach | E91: Ocean City North | F91: 45358 | G91: Chase | H91: 4 | I91: 15-minute interval | J91: 1345 | K91: 1400 | L91: 2:30 | M91: 2:15 | N91: 26 | O91: 26 | P91: 5 | Q91: 5 | R91: Observed | T91: =IF(R91<>"Observed","",SUMIFS($O$3:O91,$C$3:C91,C91,$R$3:R91,"Observed")) -> 70 | U91: =IF(R91<>"Observed","",SUMIFS($Q$3:Q91,$C$3:C91,C91,$R$3:R91,"Observed")) -> 12 | V91: =IF(R91<>"Observed","",T91-U91) -> 58
A92: 2022-2026-Copalis-Mocrocks.pdf | B92: 6 | C92: P06 | D92: Copalis Beach | E92: Ocean City North | F92: 45358 | G92: Chase | H92: 5 | I92: 15-minute interval | J92: 1400 | K92: 1415 | L92: 2:15 | M92: 2:00 | N92: 33 | O92: 33 | P92: 3 | Q92: 3 | R92: Observed | T92: =IF(R92<>"Observed","",SUMIFS($O$3:O92,$C$3:C92,C92,$R$3:R92,"Observed")) -> 103 | U92: =IF(R92<>"Observed","",SUMIFS($Q$3:Q92,$C$3:C92,C92,$R$3:R92,"Observed")) -> 15 | V92: =IF(R92<>"Observed","",T92-U92) -> 88
A93: 2022-2026-Copalis-Mocrocks.pdf | B93: 6 | C93: P06 | D93: Copalis Beach | E93: Ocean City North | F93: 45358 | G93: Chase | H93: 6 | I93: 15-minute interval | J93: 1415 | K93: 1430 | L93: 2:00 | M93: 1:45 | N93: 31 | O93: 31 | P93: 3 | Q93: 3 | R93: Observed | T93: =IF(R93<>"Observed","",SUMIFS($O$3:O93,$C$3:C93,C93,$R$3:R93,"Observed")) -> 134 | U93: =IF(R93<>"Observed","",SUMIFS($Q$3:Q93,$C$3:C93,C93,$R$3:R93,"Observed")) -> 18 | V93: =IF(R93<>"Observed","",T93-U93) -> 116
A94: 2022-2026-Copalis-Mocrocks.pdf | B94: 6 | C94: P06 | D94: Copalis Beach | E94: Ocean City North | F94: 45358 | G94: Chase | H94: 7 | I94: 15-minute interval | J94: 1430 | K94: 1445 | L94: 1:45 | M94: 1:30 | N94: 30 | O94: 30 | P94: 7 | Q94: 7 | R94: Observed | T94: =IF(R94<>"Observed","",SUMIFS($O$3:O94,$C$3:C94,C94,$R$3:R94,"Observed")) -> 164 | U94: =IF(R94<>"Observed","",SUMIFS($Q$3:Q94,$C$3:C94,C94,$R$3:R94,"Observed")) -> 25 | V94: =IF(R94<>"Observed","",T94-U94) -> 139
A95: 2022-2026-Copalis-Mocrocks.pdf | B95: 6 | C95: P06 | D95: Copalis Beach | E95: Ocean City North | F95: 45358 | G95: Chase | H95: 8 | I95: 15-minute interval | J95: 1445 | K95: 1500 | L95: 1:30 | M95: 1:15 | N95: 32 | O95: 32 | P95: 8 | Q95: 8 | R95: Observed | T95: =IF(R95<>"Observed","",SUMIFS($O$3:O95,$C$3:C95,C95,$R$3:R95,"Observed")) -> 196 | U95: =IF(R95<>"Observed","",SUMIFS($Q$3:Q95,$C$3:C95,C95,$R$3:R95,"Observed")) -> 33 | V95: =IF(R95<>"Observed","",T95-U95) -> 163
A96: 2022-2026-Copalis-Mocrocks.pdf | B96: 6 | C96: P06 | D96: Copalis Beach | E96: Ocean City North | F96: 45358 | G96: Chase | H96: 9 | I96: 15-minute interval | J96: 1500 | K96: 1515 | L96: 1:15 | M96: 1:00 | N96: 23 | O96: 23 | P96: 16 | Q96: 16 | R96: Observed | T96: =IF(R96<>"Observed","",SUMIFS($O$3:O96,$C$3:C96,C96,$R$3:R96,"Observed")) -> 219 | U96: =IF(R96<>"Observed","",SUMIFS($Q$3:Q96,$C$3:C96,C96,$R$3:R96,"Observed")) -> 49 | V96: =IF(R96<>"Observed","",T96-U96) -> 170
A97: 2022-2026-Copalis-Mocrocks.pdf | B97: 6 | C97: P06 | D97: Copalis Beach | E97: Ocean City North | F97: 45358 | G97: Chase | H97: 10 | I97: 15-minute interval | J97: 1515 | K97: 1530 | L97: 1:00 | M97: 0:45 | N97: 16 | O97: 16 | P97: 23 | Q97: 23 | R97: Observed | T97: =IF(R97<>"Observed","",SUMIFS($O$3:O97,$C$3:C97,C97,$R$3:R97,"Observed")) -> 235 | U97: =IF(R97<>"Observed","",SUMIFS($Q$3:Q97,$C$3:C97,C97,$R$3:R97,"Observed")) -> 72 | V97: =IF(R97<>"Observed","",T97-U97) -> 163
A98: 2022-2026-Copalis-Mocrocks.pdf | B98: 6 | C98: P06 | D98: Copalis Beach | E98: Ocean City North | F98: 45358 | G98: Chase | H98: 11 | I98: 15-minute interval | J98: 1530 | K98: 1545 | L98: 0:45 | M98: 0:30 | N98: 14 | O98: 14 | P98: 46 | Q98: 46 | R98: Observed | T98: =IF(R98<>"Observed","",SUMIFS($O$3:O98,$C$3:C98,C98,$R$3:R98,"Observed")) -> 249 | U98: =IF(R98<>"Observed","",SUMIFS($Q$3:Q98,$C$3:C98,C98,$R$3:R98,"Observed")) -> 118 | V98: =IF(R98<>"Observed","",T98-U98) -> 131
A99: 2022-2026-Copalis-Mocrocks.pdf | B99: 6 | C99: P06 | D99: Copalis Beach | E99: Ocean City North | F99: 45358 | G99: Chase | H99: 12 | I99: 15-minute interval | J99: 1545 | K99: 1600 | L99: 0:30 | M99: 0:15 | N99: 14 | O99: 14 | P99: 29 | Q99: 29 | R99: Observed | T99: =IF(R99<>"Observed","",SUMIFS($O$3:O99,$C$3:C99,C99,$R$3:R99,"Observed")) -> 263 | U99: =IF(R99<>"Observed","",SUMIFS($Q$3:Q99,$C$3:C99,C99,$R$3:R99,"Observed")) -> 147 | V99: =IF(R99<>"Observed","",T99-U99) -> 116
A100: 2022-2026-Copalis-Mocrocks.pdf | B100: 6 | C100: P06 | D100: Copalis Beach | E100: Ocean City North | F100: 45358 | G100: Chase | H100: 13 | I100: 15-minute interval | J100: 1600 | K100: 1615 | L100: 0:15 | M100: 0:00 | N100: 10 | O100: 10 | P100: 36 | Q100: 36 | R100: Observed | T100: =IF(R100<>"Observed","",SUMIFS($O$3:O100,$C$3:C100,C100,$R$3:R100,"Observed")) -> 273 | U100: =IF(R100<>"Observed","",SUMIFS($Q$3:Q100,$C$3:C100,C100,$R$3:R100,"Observed")) -> 183 | V100: =IF(R100<>"Observed","",T100-U100) -> 90
... A104: 2022-2026-Copalis-Mocrocks.pdf | B104: 6 | C104: P06 | D104: Copalis Beach | E104: Ocean City North | F104: 45358 | G104: Chase | H104: 17 | I104: 15-minute interval | J104: 1700 | K104: 1715 | L104: 0:45 | M104: 1:00 | N104: 0 | O104: 0 | P104: 12 | Q104: 12 | R104: Observed | T104: =IF(R104<>"Observed","",SUMIFS($O$3:O104,$C$3:C104,C104,$R$3:R104,"Observed")) -> 289 | U104: =IF(R104<>"Observed","",SUMIFS($Q$3:Q104,$C$3:C104,C104,$R$3:R104,"Observed")) -> 271 | V104: =IF(R104<>"Observed","",T104-U104) -> 18
A105: 2022-2026-Copalis-Mocrocks.pdf | B105: 7 | C105: P07 | D105: Mocrocks | E105: Roosevelt App. South | F105: 45359 | G105: M. Joseph | H105: 1 | I105: Prior to Start | J105: Prior to Start | N105: 17 | O105: 17 | Q105: 0 | R105: Observed | S105: Cars Off source cell blank; treated as 0. | T105: =IF(R105<>"Observed","",SUMIFS($O$3:O105,$C$3:C105,C105,$R$3:R105,"Observed")) -> 17 | U105: =IF(R105<>"Observed","",SUMIFS($Q$3:Q105,$C$3:C105,C105,$R$3:R105,"Observed")) -> 0 | V105: =IF(R105<>"Observed","",T105-U105) -> 17
A106: 2022-2026-Copalis-Mocrocks.pdf | B106: 7 | C106: P07 | D106: Mocrocks | E106: Roosevelt App. South | F106: 45359 | G106: M. Joseph | H106: 2 | I106: 15-minute interval | J106: 1400 | K106: 1415 | L106: 3:00 | M106: 2:45 | N106: 6 | O106: 6 | P106: 1 | Q106: 1 | R106: Observed | T106: =IF(R106<>"Observed","",SUMIFS($O$3:O106,$C$3:C106,C106,$R$3:R106,"Observed")) -> 23 | U106: =IF(R106<>"Observed","",SUMIFS($Q$3:Q106,$C$3:C106,C106,$R$3:R106,"Observed")) -> 1 | V106: =IF(R106<>"Observed","",T106-U106) -> 22
A107: 2022-2026-Copalis-Mocrocks.pdf | B107: 7 | C107: P07 | D107: Mocrocks | E107: Roosevelt App. South | F107: 45359 | G107: M. Joseph | H107: 3 | I107: 15-minute interval | J107: 1415 | K107: 1430 | L107: 2:45 | M107: 2:30 | N107: 17 | O107: 17 | P107: 2 | Q107: 2 | R107: Observed | T107: =IF(R107<>"Observed","",SUMIFS($O$3:O107,$C$3:C107,C107,$R$3:R107,"Observed")) -> 40 | U107: =IF(R107<>"Observed","",SUMIFS($Q$3:Q107,$C$3:C107,C107,$R$3:R107,"Observed")) -> 3 | V107: =IF(R107<>"Observed","",T107-U107) -> 37
A108: 2022-2026-Copalis-Mocrocks.pdf | B108: 7 | C108: P07 | D108: Mocrocks | E108: Roosevelt App. South | F108: 45359 | G108: M. Joseph | H108: 4 | I108: 15-minute interval | J108: 1430 | K108: 1445 | L108: 2:30 | M108: 2:15 | N108: 23 | O108: 23 | P108: 1 | Q108: 1 | R108: Observed | T108: =IF(R108<>"Observed","",SUMIFS($O$3:O108,$C$3:C108,C108,$R$3:R108,"Observed")) -> 63 | U108: =IF(R108<>"Observed","",SUMIFS($Q$3:Q108,$C$3:C108,C108,$R$3:R108,"Observed")) -> 4 | V108: =IF(R108<>"Observed","",T108-U108) -> 59
A109: 2022-2026-Copalis-Mocrocks.pdf | B109: 7 | C109: P07 | D109: Mocrocks | E109: Roosevelt App. South | F109: 45359 | G109: M. Joseph | H109: 5 | I109: 15-minute interval | J109: 1445 | K109: 1500 | L109: 2:15 | M109: 2:00 | N109: 26 | O109: 26 | P109: 0 | Q109: 0 | R109: Observed | T109: =IF(R109<>"Observed","",SUMIFS($O$3:O109,$C$3:C109,C109,$R$3:R109,"Observed")) -> 89 | U109: =IF(R109<>"Observed","",SUMIFS($Q$3:Q109,$C$3:C109,C109,$R$3:R109,"Observed")) -> 4 | V109: =IF(R109<>"Observed","",T109-U109) -> 85
A110: 2022-2026-Copalis-Mocrocks.pdf | B110: 7 | C110: P07 | D110: Mocrocks | E110: Roosevelt App. South | F110: 45359 | G110: M. Joseph | H110: 6 | I110: 15-minute interval | J110: 1500 | K110: 1515 | L110: 2:00 | M110: 1:45 | N110: 29 | O110: 29 | P110: 4 | Q110: 4 | R110: Observed | T110: =IF(R110<>"Observed","",SUMIFS($O$3:O110,$C$3:C110,C110,$R$3:R110,"Observed")) -> 118 | U110: =IF(R110<>"Observed","",SUMIFS($Q$3:Q110,$C$3:C110,C110,$R$3:R110,"Observed")) -> 8 | V110: =IF(R110<>"Observed","",T110-U110) -> 110
A111: 2022-2026-Copalis-Mocrocks.pdf | B111: 7 | C111: P07 | D111: Mocrocks | E111: Roosevelt App. South | F111: 45359 | G111: M. Joseph | H111: 7 | I111: 15-minute interval | J111: 1515 | K111: 1530 | L111: 1:45 | M111: 1:30 | N111: 34 | O111: 34 | P111: 2 | Q111: 2 | R111: Observed | T111: =IF(R111<>"Observed","",SUMIFS($O$3:O111,$C$3:C111,C111,$R$3:R111,"Observed")) -> 152 | U111: =IF(R111<>"Observed","",SUMIFS($Q$3:Q111,$C$3:C111,C111,$R$3:R111,"Observed")) -> 10 | V111: =IF(R111<>"Observed","",T111-U111) -> 142
...

Sheet Datasheet Metadata
A1: Datasheet Metadata and Balance Check
A2: Source File | B2: PDF Page | C2: Datasheet ID | D2: Beach | E2: Access Point | F2: Date | G2: Sampler | H2: Tide Height | I2: Tide Unit | J2: Tide Time (as written) | K2: Solar Event | L2: Solar Time (as written) | M2: Weather / Wind / Surf | N2: Count Left Raw | O2: Discrepancy Raw | P2: Count Left Interpreted | Q2: Page Notes | R2: Total Cars On | S2: Total Cars Off | T2: Calculated Balance | U2: Calculated Absolute Discrepancy | V2: Review
A3: 2022-2026-Copalis-Mocrocks.pdf | B3: 1 | C3: P01 | D3: Copalis Beach | E3: Ocean City North | F3: 44653 | G3: Bryce | H3: 0 | I3: ft | J3: 8:07 AM | K3: Sunrise | L3: 6:51 AM | N3: 132 | P3: 132 | R3: =SUMIF(Observations!$C:$C,$C3,Observations!$O:$O) -> 426 | S3: =SUMIF(Observations!$C:$C,$C3,Observations!$Q:$Q) -> 301 | T3: =R3-S3 -> 125 | U3: =IF(P3="","",ABS(T3-P3)) -> 7 | V3: =IF(P3="","No reported count",IF(U3=0,"Balance matches","Review difference")) -> Review difference
A4: 2022-2026-Copalis-Mocrocks.pdf | B4: 2 | C4: P02 | D4: Mocrocks | E4: Roosevelt App. South | F4: 44654 | G4: Clayton | H4: -0.1 | I4: ft | J4: 8:45 AM (printed 8:07 AM crossed out) | K4: Sunrise | L4: 6:49 AM | N4: 43 | O4: 2 | P4: 43 | R4: =SUMIF(Observations!$C:$C,$C4,Observations!$O:$O) -> 239 | S4: =SUMIF(Observations!$C:$C,$C4,Observations!$Q:$Q) -> 198 | T4: =R4-S4 -> 41 | U4: =IF(P4="","",ABS(T4-P4)) -> 2 | V4: =IF(P4="","No reported count",IF(U4=0,"Balance matches","Review difference")) -> Review difference
A5: 2022-2026-Copalis-Mocrocks.pdf | B5: 3 | C5: P03 | D5: Copalis Beach | E5: Ocean City North | F5: 45040 | G5: Bryce | H5: -0.4 | I5: ft | J5: 10:14 AM | K5: Sunrise | L5: 6:13 AM | N5: 51 | P5: 51 | Q5: Handwritten page note: "Dan? Hymer (360) 581-9796" (name uncertain). | R5: =SUMIF(Observations!$C:$C,$C5,Observations!$O:$O) -> 212 | S5: =SUMIF(Observations!$C:$C,$C5,Observations!$Q:$Q) -> 171 | T5: =R5-S5 -> 41 | U5: =IF(P5="","",ABS(T5-P5)) -> 10 | V5: =IF(P5="","No reported count",IF(U5=0,"Balance matches","Review difference")) -> Review difference
A6: 2022-2026-Copalis-Mocrocks.pdf | B6: 4 | C6: P04 | D6: Mocrocks | E6: Roosevelt App. South | F6: 45041 | G6: JG | H6: 0.1 | I6: ft | J6: 11:01 AM | K6: Sunrise | L6: 6:11 AM | M6: Sunny, low+ surf, northern wind 0-5 mph. Sunny changed to cloudy at low tide. | N6: 34 | O6: 3 | P6: 34 | Q6: Margin notes: "Plane"; "Few people came up & distracted me. I believe the 3 missing cars belong here." Total Cars On "219" written below table. | R6: =SUMIF(Observations!$C:$C,$C6,Observations!$O:$O) -> 219 | S6: =SUMIF(Observations!$C:$C,$C6,Observations!$Q:$Q) -> 182 | T6: =R6-S6 -> 37 | U6: =IF(P6="","",ABS(T6-P6)) -> 3 | V6: =IF(P6="","No reported count",IF(U6=0,"Balance matches","Review difference")) -> Review difference
A7: 2022-2026-Copalis-Mocrocks.pdf | B7: 5 | C7: P05 | D7: Mocrocks | E7: Roosevelt App. South | F7: 45368 | G7: Chase | H7: 0.9 | I7: ft | J7: 1:23 PM (1323) | K7: Sunrise | L7: 7:23 AM | M7: Overcast, 49°F, 7 mph NW, low+ to moderate surf conditions. | N7: 303 | P7: 303 | Q7: Notes: "@1010" at left; "5 planes @1434" below table. | R7: =SUMIF(Observations!$C:$C,$C7,Observations!$O:$O) -> 663 | S7: =SUMIF(Observations!$C:$C,$C7,Observations!$Q:$Q) -> 445 | T7: =R7-S7 -> 218 | U7: =IF(P7="","",ABS(T7-P7)) -> 85 | V7: =IF(P7="","No reported count",IF(U7=0,"Balance matches","Review difference")) -> Review difference
A8: 2022-2026-Copalis-Mocrocks.pdf | B8: 6 | C8: P06 | D8: Copalis Beach | E8: Ocean City North | F8: 45358 | G8: Chase | H8: -0.5 | I8: ft | J8: 4:15 PM (1615) | K8: Sunset | L8: 6:11 PM | M8: 47°F, high 48°F, low 41°F; mostly sunny, precipitation 0%; humidity 58%; wind 7 mph from south; 3-4 ft surf. | N8: 36 | P8: 36 | R8: =SUMIF(Observations!$C:$C,$C8,Observations!$O:$O) -> 289 | S8: =SUMIF(Observations!$C:$C,$C8,Observations!$Q:$Q) -> 271 | T8: =R8-S8 -> 18 | U8: =IF(P8="","",ABS(T8-P8)) -> 18 | V8: =IF(P8="","No reported count",IF(U8=0,"Balance matches","Review difference")) -> Review difference
A9: 2022-2026-Copalis-Mocrocks.pdf | B9: 7 | C9: P07 | D9: Mocrocks | E9: Roosevelt App. South | F9: 45359 | G9: M. Joseph | H9: -0.8 | I9: ft | J9: 5:00 PM (1700) | K9: Sunset | L9: 6:12 PM | M9: Overcast, moderately low surf, west wind 10-15 knots, about 50°F. | O9: 73 | P9: 73 | Q9: Handwritten note above table appears to read "leave @ 1845" (uncertain). The value 73 was entered on the discrepancy line; interpreted as count of cars left because the count line is blank. | R9: =SUMIF(Observations!$C:$C,$C9,Observations!$O:$O) -> 307 | S9: =SUMIF(Observations!$C:$C,$C9,Observations!$Q:$Q) -> 227 | T9: =R9-S9 -> 80 | U9: =IF(P9="","",ABS(T9-P9)) -> 7 | V9: =IF(P9="","No reported count",IF(U9=0,"Balance matches","Review difference")) -> Review difference
A10: 2022-2026-Copalis-Mocrocks.pdf | B10: 8 | C10: P08 | D10: Copalis Beach | E10: Ocean City North | F10: 45366 | G10: BB/CF | H10: 0.1 | I10: ft | J10: 11:08 AM (1108) | K10: Sunrise | L10: 7:27 AM | N10: 149 | P10: 149 | R10: =SUMIF(Observations!$C:$C,$C10,Observations!$O:$O) -> 375 | S10: =SUMIF(Observations!$C:$C,$C10,Observations!$Q:$Q) -> 246 | T10: =R10-S10 -> 129 | U10: =IF(P10="","",ABS(T10-P10)) -> 20 | V10: =IF(P10="","No reported count",IF(U10=0,"Balance matches","Review difference")) -> Review difference
A11: 2022-2026-Copalis-Mocrocks.pdf | B11: 9 | C11: P09 | D11: Copalis Beach | E11: Ocean City North | F11: 45582 | G11: Clayton | H11: -1.3 | I11: ft | J11: 7:03 PM (1903) | K11: Sunset | L11: 6:24 PM (1824) | N11: 23 | P11: 23 | Q11: Note below table: "@1920". | R11: =SUMIF(Observations!$C:$C,$C11,Observations!$O:$O) -> 291 | S11: =SUMIF(Observations!$C:$C,$C11,Observations!$Q:$Q) -> 266 | T11: =R11-S11 -> 25 | U11: =IF(P11="","",ABS(T11-P11)) -> 2 | V11: =IF(P11="","No reported count",IF(U11=0,"Balance matches","Review difference")) -> Review difference
A12: 2022-2026-Copalis-Mocrocks.pdf | B12: 10 | C12: P10 | D12: Mocrocks Beach | E12: Roosevelt Beach Rd. South | F12: 45597 | G12: Bryce | H12: -0.2 | I12: ft | J12: 7:15 PM (1915) | K12: Sunset | L12: 5:59 PM (1759) | N12: 12 | P12: 12 | R12: =SUMIF(Observations!$C:$C,$C12,Observations!$O:$O) -> 107 | S12: =SUMIF(Observations!$C:$C,$C12,Observations!$Q:$Q) -> 91 | T12: =R12-S12 -> 16 | U12: =IF(P12="","",ABS(T12-P12)) -> 4 | V12: =IF(P12="","No reported count",IF(U12=0,"Balance matches","Review difference")) -> Review difference
A13: 2022-2026-Copalis-Mocrocks.pdf | B13: 11 | C13: P11 | D13: Mocrocks Beach | E13: Roosevelt Beach Rd. South | F13: 45716 | G13: Bryce B. | H13: -0.6 | I13: ft | J13: 6:39 PM (1839) | K13: Sunset | L13: 6:00 PM (1800) | M13: 6 ft W swell, 5 kt E wind, overcast and foggy but still visible. | N13: 14 | P13: 14 | R13: =SUMIF(Observations!$C:$C,$C13,Observations!$O:$O) -> 235 | S13: =SUMIF(Observations!$C:$C,$C13,Observations!$Q:$Q) -> 219 | T13: =R13-S13 -> 16 | U13: =IF(P13="","",ABS(T13-P13)) -> 2 | V13: =IF(P13="","No reported count",IF(U13=0,"Balance matches","Review difference")) -> Review difference
A14: 2022-2026-Copalis-Mocrocks.pdf | B14: 12 | C14: P12 | D14: Copalis Beach | E14: Ocean City North | F14: 45730 | G14: Chase | H14: 0.4 | I14: ft | J14: 7:30 PM (1930) | K14: Sunset | L14: 7:21 PM (1921) | M14: 45°F, partly cloudy with rain; high 47°F, low 39°F; 15 mph SE; surf 4-5 ft, low+ to moderate swell. | N14: 19 | P14: 19 | Q14: Note below table: "@1945-2000". | R14: =SUMIF(Observations!$C:$C,$C14,Observations!$O:$O) -> 59 | S14: =SUMIF(Observations!$C:$C,$C14,Observations!$Q:$Q) -> 44 | T14: =R14-S14 -> 15 | U14: =IF(P14="","",ABS(T14-P14)) -> 4 | V14: =IF(P14="","No reported count",IF(U14=0,"Balance matches","Review difference")) -> Review difference
A15: 2022-2026-Copalis-Mocrocks.pdf | B15: 13 | C15: P13 | D15: Copalis Beach | E15: Ocean City North | F15: 46038 | G15: BB DW | H15: 0 | I15: ft | J15: 5:14 PM (1714) | K15: Sunset | L15: 4:56 PM (1656) | M15: 5 kt E, 4 ft W, clear and sunny. | N15: 28 | P15: 28 | Q15: Two middle interval end times appear malformed on source; normalized to the expected 15-minute sequence. | R15: =SUMIF(Observations!$C:$C,$C15,Observations!$O:$O) -> 186 | S15: =SUMIF(Observations!$C:$C,$C15,Observations!$Q:$Q) -> 164 | T15: =R15-S15 -> 22 | U15: =IF(P15="","",ABS(T15-P15)) -> 6 | V15: =IF(P15="","No reported count",IF(U15=0,"Balance matches","Review difference")) -> Review difference
A16: 2022-2026-Copalis-Mocrocks.pdf | B16: 14 | C16: P14 | D16: Copalis Beach | E16: Ocean City North | F16: 46102 | G16: BB | H16: 0 | I16: ft | J16: 8:43 AM (0843) | K16: Sunrise | L16: 7:15 AM (0715) | M16: 7 ft W, 10-second period swell; 5-10 kt WNW; partly cloudy/sunny. | N16: 129 | P16: 129 | Q16: Notes: "@954" below table; right-margin notation appears to read "342/11" (uncertain). | R16: =SUMIF(Observations!$C:$C,$C16,Observations!$O:$O) -> 368 | S16: =SUMIF(Observations!$C:$C,$C16,Observations!$Q:$Q) -> 241 | T16: =R16-S16 -> 127 | U16: =IF(P16="","",ABS(T16-P16)) -> 2 | V16: =IF(P16="","No reported count",IF(U16=0,"Balance matches","Review difference")) -> Review difference
A17: 2022-2026-Copalis-Mocrocks.pdf | B17: 15 | C17: P15 | D17: Mocrocks Beach | E17: Roosevelt Beach Rd. South | F17: 46145 | G17: Bryce | H17: -0.8 | I17: ft | J17: 8:08 PM (0808) [AM/PM conflicts with 24-hour time and morning intervals] | K17: Sunrise | L17: 5:57 AM (0557) | M17: 5-10 kt NE, 5 ft W, sunny and clear. | N17: 176 | P17: 176 | Q17: Tide time contains a source inconsistency: printed PM, but 24-hour value 0808 and intervals indicate morning. | R17: =SUMIF(Observations!$C:$C,$C17,Observations!$O:$O) -> 327 | S17: =SUMIF(Observations!$C:$C,$C17,Observations!$Q:$Q) -> 156 | T17: =R17-S17 -> 171 | U17: =IF(P17="","",ABS(T17-P17)) -> 5 | V17: =IF(P17="","No reported count",IF(U17=0,"Balance matches","Review difference")) -> Review difference

Sheet Data Dictionary
A1: Transcription Conventions and Review Notes
A3: Field / Topic | B3: Meaning | C3: Convention Used | D3: Review Guidance
A4: Raw count fields | B4: Exactly what appears in the handwritten count cell. | C4: Numbers, blanks, dashes, X marks, and overwritten values are retained as text. | D4: Use these fields when auditing against the PDF.
A5: Parsed count fields | B5: Numeric values used for calculations. | C5: Clear numbers are numeric. Blank cells that clearly represented zero are parsed as 0 and noted. Crossed-out or unobserved rows remain blank. | D5: Filter Entry Status and Transcription Note before analysis.
A6: Entry Status | B6: Whether the interval was usable. | C6: Observed, Not recorded, or Crossed out. | D6: Only Observed rows contribute to calculated totals.
A7: Cumulative columns | B7: Running ingress, egress, and vehicle balance. | C7: Formula-driven and reset by Datasheet ID. | D7: These are calculated fields, not handwritten values.
A8: Calculated discrepancy | B8: Absolute difference between calculated balance and interpreted final count. | C8: Formula-driven in Datasheet Metadata. | D8: A nonzero result may reflect counting error, late start, early stop, or an unrecorded interval.
A9: Page 6 overwrite | B9: Cars On for 1545-1600. | C9: Transcribed as 32 from the visible correction and exact balance check. | D9: Review PDF page 6 if a different interpretation is preferred.
A10: Page 7 final count | B10: The number 73 is written on the discrepancy line while the count line is blank. | C10: Count Left Interpreted is 73; raw fields preserve the original placement. | D10: Review PDF page 7.
A11: Page 13 times | B11: Two printed/handwritten interval end times appear malformed. | C11: Normalized to the expected 15-minute sequence: 1729-1744 and 1744-1759. | D11: Source wording is retained in row notes.
A12: Page 15 tide time | B12: Printed AM/PM conflicts with the 24-hour value and morning intervals. | C12: Tide time is retained exactly as written, with the conflict noted. | D12: Treat the event as 0808 unless source documentation says otherwise.
A13: Source | B13: Original scanned datasheets. | C13: 2022-2026-Copalis-Mocrocks.pdf, pages 1-15. | D13: PDF page number is included on every record.
